:020000022000DC
:1070000080F00020391E0300AD980500251E030006
:10701000251E0300251E0300251E0300000000009E
:10702000000000000000000000000000551F0300E9
:10703000251E030000000000B91E0300251E0300EA
:10704000E9210300A17B0400E9210300E9210300F9
:10705000E9210300E9210300E9210300E9210300FC
:10706000E9210300E9210300E9210300E9210300EC
:10707000E9210300E9210300E9210300E9210300DC
:10708000E9210300E9210300E9210300E9210300CC
:10709000E9210300E9210300E9210300E9210300BC
:1070A000E9210300E9210300E9210300E9210300AC
:1070B000E9210300E9210300E9210300E92103009C
:1070C000E9210300E9210300E9210300E92103008C
:1070D000E9210300E9210300E9210300E92103007C
:1070E000E9210300E9210300E9210300E92103006C
:1070F000E9210300E9210300E9210300E92103005C
:107100004FEA4102B2F1E04324BFB3F5001CDCF1C9
:10711000FE5C0DD901F0004C4FEAC0024CEA507001
:10712000B2F1004F40EB830008BF20F00100704730
:1071300011F0804F21D113F13872BCBF01F0004033
:10714000704741F480114FEA5252C2F11802C2F165
:10715000200C10FA0CF320FA02F018BF40F00100E6
:107160004FEAC1234FEAD32303FA0CFC40EA0C0098
:1071700023FA02F34FEA4303CCE77FEA625307D1D5
:1071800050EA01331EBF4FF0FE4040F4400070470C
:1071900001F0004040F0FE4040F40000704700BFA6
:1071A00053B94AB9002908BF00281CBF4FF0FF316E
:1071B0004FF0FF3000F00CB8ADF1080C6DE904CED3
:1071C00000F022F8DDF804E0DDE9022304B07047A6
:1071D000704700BF10F8012B11F8013B012A28BFAE
:1071E0009A42F7D0D01A7047034611F8012B03F8E2
:1071F000012B002AF9D17047034613F8012B002A0E
:10720000FBD1181A013870472DE9F04786468C46A5
:107210000846089E154674461946002B40F0C28069
:107220008542B2FA82F245D94AB1C2F1200300FA8E
:1072300002FC2EFA03F3954043EA0C0C94404FEA0B
:10724000154EA8B2BCFBFEF8230C0EFB18CC08FBB5
:1072500000F943EA0C43994528D9EB1808F1FF37A8
:1072600004D2994502D9A8F102072B44A3EB0903E4
:10727000A4B2B3FBFEFC0EFB1C330CFB00F044EA93
:107280000344A04214D92C190CF1FF3304D2A042BC
:1072900002D9ACF102032C44241A43EA07401EB180
:1072A000D440002334607360BDE8F0874746DDE7D3
:1072B0006346F1E792BB431B01214FEA154EAFB283
:1072C000B3FBFEFC200C0EFB1C330CFB07F840EA62
:1072D0000343984562D9EB180CF1FF3004D298456E
:1072E00002D9ACF102002B44A3EB0803A4B2B3FB18
:1072F000FEFC0EFB1C330CFB07F744EA0344A742D9
:107300004ED92C190CF1FF3304D2A74202D9ACF1AB
:1073100002032C44E41B43EA0040C0E7C2F120030F
:1073200020FA03F1954090402EFA03F303434FEA0D
:10733000154EAFB2B1FBFEFC0EFB1C10190C0CFB82
:1073400007F841EA0041884504FA02F422D9691895
:107350000CF1FF3004D2884502D9ACF10200294477
:10736000A1EB08019BB2B1FBFEFC0EFB1C110CFB58
:1073700007F743EA01439F420ED9EB180CF1FF31A6
:1073800004D29F4202D9ACF102012B44DB1B41EA3B
:10739000004192E76046E3E76146F7E76046A3E70E
:1073A0006346B7E7834206D916B9002108467BE752
:1073B000C6E900E0F9E7B3FA83F78FB9834201D356
:1073C000724508D8BEEB020460EB030301209C4623
:1073D0001EB9002168E73846FAE7C6E9004CF8E72D
:1073E000C7F1200CBB4022FA0CF41C432EFA0CF11E
:1073F00020FA0CF3B84001434FEA14490EFA07F59E
:10740000B3FBF9F81FFA84FE09FB18300B0C08FBDC
:107410000EFA43EA00439A4502FA07F240D9E3180C
:1074200008F1FF3004D29A4502D9A8F102002344A2
:10743000A3EB0A0389B2B3FBF9F809FB183308FB85
:107440000EFE41EA03418E452CD9611808F1FF3345
:1074500004D28E4502D9A8F10203214443EA004038
:10746000A0FB0298A1EB0E014145CE46434602D354
:1074700006D14D4504D2B9EB020E68EB0403013886
:10748000002EA6D0B5EB0E0261EB030101FA0CFC55
:1074900022FA07F34CEA0303F940C6E9003198E702
:1074A0004046C5E74346D9E7F7B5002101AA40F6B3
:1074B00003400CF06DF8044600286CD1019CE36891
:1074C0001B789BB90DF0E0FABFF35B8FA54B1A68F0
:1074D000BFF35B8F02F00902BFF35B8F53E8001F1D
:1074E00043E800200028F9D1BFF35B8F20460BF062
:1074F00011F901AA002141F203000CF049F80446F9
:10750000002848D1019A984DD168D1F80100D1F8EE
:10751000051005F1780303C310460BF0FBF8214674
:1075200001AA41F201000CF033F8044698BB01981F
:10753000C3685A7885F870205A88A5F872201A799D
:1075400085F87120B3F80720A5F87420B3F805304A
:10755000A5F876300BF0DEF8214601AA41F20200D0
:107560000CF016F80446B0B9019FFA6805F18006E0
:10757000531C413218685968344603C40833934297
:107580002646F7D138460BF0C5F895F87C305F06F3
:1075900004D46FF01204204603B0F0BD01AA00210C
:1075A00042F203000BF0F4FF04460028F3D1019BE4
:1075B0006E4EDA68D2F80100D2F8051003C61846FC
:1075C0000BF0A8F8214601AA42F202000BF0E0FFFE
:1075D00004460028DFD1019CE368B3F8012091B292
:1075E00049B1D97839B1A5F80421DA78114606F104
:1075F00028003AF0ADFA20460BF08CF895F87C6044
:107600001F2316F02006A5F8203118D1022140F6DC
:107610006D400BF017FE0446002800F09A8002210E
:107620000C3032F0F9F901230370467021463246DE
:1076300040F66D400BF0ACFF04460028ABD195F846
:107640009C301E0712D501AA002142F21C000BF04B
:107650009FFF044600289ED10198C368D3F80120FB
:10766000D3F80530C5E938230BF054F895F8D83035
:107670005C060FD501AA002142F22A000BF088FF18
:107680000446002887D10198C3685B7885F82231C9
:107690000BF040F8082142F201000BF0D3FD044644
:1076A000002856D008210C3032F0B6F995F8D810E1
:1076B00011F0400F024640F2022308BF032388075F
:1076C0004CBF43F02C0043F00C0095F8D9308F06E6
:1076D00048BF40F0400013F0090F18BF40F40060AD
:1076E000CE0748BF40F01000002132F043FC214695
:1076F000002242F201000BF04BFF044600287FF409
:107700004AAF95F87C30B5F80411980624D4C9B96D
:1077100001AA41F205000BF03BFF044600287FF46C
:107720003AAFB5F80431019C4BB9E368B3F80120D6
:10773000A5F804219A880E4811463AF009FA204625
:107740000AF0E8FF082140F601400BF07BFD0446FB
:1077500080B96FF068041EE70029F3D16FF00404CC
:1077600019E700BF2401002050000020280100205C
:107770005801002008210C3032F04EF995F8D8302D
:10778000D907024653BF4FF000512DA1D1E90001A6
:10779000294832F0EFFB2146002240F601400BF071
:1077A000F7FE044600287FF4F6AE014601AA4FF624
:1077B00001400BF0EDFE044620BB01980AF0AAFF41
:1077C000214601AA4FF602400BF0E2FE0446C8B97A
:1077D0000198C368B3F80130A5F8C1300AF09AFFE8
:1077E00095F8C1305B070DD501AA21464FF603403D
:1077F0000BF0CEFE30B90198C3685B7885F8C030D5
:107800000AF088FF32F0C6FF044600287FF4C3AEBA
:107810000EF08AFC044600287FF4BDAEEB79002B05
:107820003FF4B9AE0821054832F002FB0BF0FAFD37
:10783000B1E600BFAFF300801088000224010020F1
:1078400090880002008000202DE9F843D0E9073835
:10785000856903EB08042F34A5420F46164619D854
:10786000DFF87080A3FB080117A3D3E90023FFF71B
:1078700097FC0346601BA0FB080123F07F4412A382
:10788000D3E90023FFF78CFC20F07F403C603060A0
:10789000BDE8F883DFF83C900BA3D3E90023A5FBF8
:1078A0000901FFF77DFC20F07F4409480A2106A367
:1078B000D3E90023E8FB0901FFF772FC20F07F40C9
:1078C0003C603060BDE8F8838D49FD1A0700000078
:1078D00000166BF100CA9A3B9FED0D7B124B134AC9
:1078E0001348144910B483ED007B9FED0B7B82EDB0
:1078F000007B9FED0B7B104B4FF0FF34002281ED9E
:10790000007B04601A605DF8044B15F079BF00BF7E
:10791000FFFFFFFFFF1F000000000000000000004D
:107920001F00000000000000E801002018370020C0
:10793000787E0020E0010020707E00200000000022
:10794000002800F05F812DE9F04FB54C94F86A20D3
:1079500012F001058DB040F0A78194F82500FF23B7
:1079600000F0030084F826301FF0E0FB94F86A0072
:10797000420727D494F8292094F8353004EB82028A
:1079800004EB8303D66AD3F8388086B1A448314625
:1079900017F0E2FE33785B0605D5062112F05EFD96
:1079A000002800F083819E48414617F0D5FE3378C9
:1079B00013F00E0F40F0B780236A93B10C200DB086
:1079C000BDE8F08F2A4604F16B01C0F3C0001FF040
:1079D00051FDFF2884F82600CCD028461FF0ECFB90
:1079E000C8E715F0DFF98146002800F0718115F035
:1079F000E5F98246002800F0688118F0F7FA05469C
:107A0000002800F06781D0F894004FF6FF732B86B2
:107A100005F11C0B002800F04F8105F1840105F1F0
:107A2000880212F027FDB5F882307E4A23F4EF6316
:107A300023F0070343F48C7343F00103A5F882306D
:107A40001346D2F80120C5F8AB21C5F8B12113F8CF
:107A5000012B9B88A5F8AF31A5F8B53195F8AA316F
:107A600002F0010262F3000362F3410385F8AA31D8
:107A700095F8433003F03F0363F07F0385F843300C
:107A800095F89A3023F0070385F89A3095F8483036
:107A900023F00F03002785F848304FF4C023C5F8C2
:107AA00098312846C5E91577C5F89470A5F89870FF
:107AB00085F84570EF86C5F83A70EF65A5F89E71B8
:107AC000A5F894711BF078F885F86071C5F8649199
:107AD00018F05AFD95F8A43160F3020385F8A4313B
:107AE00018F058FD95F8A43160F3C50385F8A4316A
:107AF00095F8903167F3410385F8903101212846CC
:107B000019F0A2F905F1E0001AF0FEFDC4E9189A97
:107B1000C4F820B0C5E905772F70ED6120F082FE32
:107B2000002840F0C58094F824300121C3F34203BB
:107B30000DF12B008DF82B3012F03AFE0246002892
:107B400062D098F80110304617F0C0FB3123364957
:107B5000A360364BB4F86870A0FB01010025C01883
:107B600041F107012CA3D3E90023C4E90555257091
:107B70006560E560FFF714FB206114F0FBF900F18C
:107B800009083FB9357805F00F05A5F10105B5FAEB
:107B900085F56D0994F82400236965F3000010F061
:107BA000010584F824004BD0214A0992002010607E
:107BB0000225204A204F04930BAE01930592032126
:107BC000CDE90200069443460090089607972A469E
:107BD0000B9514F06DF8314615F0A6F9A0B91749C8
:107BE00005914AF2D8330093CDE90300CDE90100B5
:107BF0000797089606944346012203210B9514F03B
:107C000023F843E017F0AEBA236A002B3FF4D6AE58
:107C100017F064FAD2E600BF8D49FD1A0700000094
:107C2000307F00209C91060000CA9A3B8C49FD1AC7
:107C3000247F002049F3030015C1030025EE030053
:107C40002B4A2C48049303F2471306940295912182
:107C50001360A7FB000301FB0731274B0793274B5A
:107C600005934FF6FF730992022703930BAE1EA3F1
:107C7000D3E900230B970896FFF792FA4346CDE924
:107C800000503A462846032114F012F8314615F008
:107C90004BF90028B8D194F86A3043F0010384F816
:107CA0006A3017F083FF60B1002088E6122086E674
:107CB00017F014FA032082E605F18C00C5F8940051
:107CC000ABE601201FF014FAEEE7484615F070F815
:107CD000072074E6504615F077F8484615F068F826
:107CE000F6E700BFAFF300808D49FD1A07000000E2
:107CF000247F0020002AE78415C1030049F3030014
:107D000070B590F824308AB0C3F342030D460446A0
:107D100001210DF1230016468DF8233012F048FDA5
:107D200071780246284617F0D1FA1F491F4AA0FB76
:107D30000131981841F1070119A3D3E90023FFF796
:107D40002FFA23699842054621D21B1A002201927C
:107D5000174A0293174BA21AA3FB0232022192097F
:107D600000230A4409AE099113490591CDE9033373
:107D70000321D2B206960093184613F0F9FF31465C
:107D800015F0D2F838B9256100200AB070BDFBD9D2
:107D9000C21A0023DBE70C200AB070BDAFF30080ED
:107DA0008D49FD1A0700000000CA9A3B8C49FD1A54
:107DB000307F00208988888815C1030000000000FA
:107DC00038B5194C9DF810E094F848C01CF0010536
:107DD00023D163F3420C400194F83230A1874FEA7B
:107DE000CE0E0EF0180E00F0200040EA0E0023F038
:107DF000380303430D4884F832309121A2FB00037D
:107E000084F848C001FB023105A3D3E90023FFF742
:107E1000C7F9C4E91000284638BD0C25284638BDEE
:107E20008D49FD1A0700000020370020002AE78452
:107E300010B504469DF8080022844FEA411CC0009A
:107E4000A17D00F018000CF0200C4CEA000C0C484E
:107E500021F038014CEA010CA3FB0002912184F8C7
:107E600016C001FB032104A3D3E90023FFF798F90F
:107E7000606210BDAFF300808D49FD1A070000005D
:107E8000002AE784000000002DE9F047044600F1D5
:107E9000350190F8480094F832305B4DDFF880816E
:107EA000C0F3400060F386138CB084F8323014F0D5
:107EB000B5F894F83220A38F5448E46102F07902B7
:107EC000002784F832209121A3FB0002C4E9057742
:107ED000277001FB03214AA3D3E90023FFF760F9D0
:107EE000651B626C4A4B6760AD08A3FB053502F168
:107EF0000903984298BF3A46C5F3470522644FF0FC
:107F000031028CBF19460146A26005EB4502E760CD
:107F1000216148F82210064614F02CF8236A00F17B
:107F200009074FEA450A002B4AD00DF12C09AA4453
:107F300008EB8A030993CDF820900694A38F334869
:107F40004FF00008A3FB0002CDF80C80912101FB4B
:107F50000321236904932F4B07932F4B05934FF075
:107F6000020A27A3D3E90023CDF82CA0FFF718F9C4
:107F7000104619464FF47A720023FFF711F90435C1
:107F8000EDB2CDE9016003213B462A46CDF80080E1
:107F9000404613F08DFE494614F0C6FF60B994F8D0
:107FA000483043F0010384F8483017F0ABFB08B3C6
:107FB00000200CB0BDE8F0870C200CB0BDE8F087C5
:107FC0000DF12C09CDE90A3321694B460AAA032099
:107FD00001F02AFA0028AAD10B99104808A3D3E986
:107FE0000023A1FB0001FFF7DBF80A9B20F07F478D
:107FF0001F449CE750461FF07BF8D9E7AFF30080A1
:108000008D49FD1A0700000020370020002AE78470
:10801000BD86F21A15C1030081F9030000CA9A3B1C
:10802000C07F0020000000002DE9F04F05468BB016
:108030008B46012002219946144622F07BFF002244
:1080400002218246012012F065FA3F494FF4DC72AA
:10805000284612F0EFF9461D3C4B0093F6B201950D
:108060004B4632460121002013F0DCFE10F0FD0FDC
:108070000ED0374A3749384840F68F0330F009FCB4
:10808000002383F31188BFF36F8F0323184602DFA9
:10809000324BA4FB0348204629A3D3E900234146E1
:1080A000FFF77EF82E4B20F07F47A7FB0331072216
:1080B000E01A02FB071168EB01014FF47A7200230A
:1080C000FFF76EF8CDE90170CDF800B00895069580
:1080D000296995F9434023480491234931EA240151
:1080E00028BF01460591214C07944FF6FE7103917C
:1080F0004B4632460121002013F0A6FD10F0FD0F83
:108100000ED0134A1349144840F6A40330F0C1FBC3
:10811000002383F31188BFF36F8F0323184602DF18
:10812000BAF1000F02D10BB0BDE8F08F012202219D
:1081300010460BB0BDE8F04F12F0ECB9AFF3008081
:108140008D49FD1A07000000703700208DFF0300E5
:1081500010690600D46906003C63060000CA9A3B19
:108160008D49FD1A19620400CD6304002DFF030040
:108170002DE9F0418468228E4FF6FF739A428CB04D
:1081800045D0054620461BF009F82B7D012B00F059
:108190002281022B00F01581002B00F0F48094F86E
:1081A0006061002E40F010812B8A678F94F9432084
:1081B000CDE90A6673B3002AC0F25A810023A4F8FD
:1081C0009A31AA7C238FFD1802F003030135012B9D
:1081D000ADB23BD0B4F89E31002B00F005819D423A
:1081E00080F059815B1B9BB20022062BA4F89E31C4
:1081F000628740F2F68094F943309342C0F2508196
:10820000002326E09DF82710204618F0E1FA0CB074
:10821000BDE8F081002AB8BF84F88561238FAA7C6D
:10822000FD1802F003030135012BADB20ED0B4F8F6
:108230009A31002BCED0AB4240F23C815B1BA4F8BC
:108240009A31B4F89E31002BC9D102E00023A4F882
:108250009E3194F8482063F3820284F8482029462E
:108260000DF1270220461AF0E3FC7430CAD0B4F8AE
:1082700098312BB1AB4240F2EC805B1BA4F89831F3
:10828000B4F894312BB1AB4240F2DA805B1BA4F816
:108290009431658F16B9AF4200F0C9800135ADB297
:1082A00094F8DD3013F0010731D1DDE90A130A46F5
:1082B000002B40F0CC80002900F0BB801F46184600
:1082C000228EE4690694CDE9035605329A4D029058
:1082D000CDE90017D2B201210020059513F048FD29
:1082E00010F0FD0F93D014F049FE84428FD0934AD2
:1082F000934994484FF4AE6330F0CBFA002383F3F4
:108300001188BFF36F8F0323184602DF7FE794F9CC
:1083100043206FF30003002A84F8DD307FDB94F8FC
:108320008200C0F3C00100F0070020F093F8B4F819
:108330007A20B4F878301344628D03F23F1313446B
:108340000344814A81480721E3FB0021104678A3BA
:10835000D3E90023FEF724FFDDE90A1320F07F4272
:1083600020692261904235BF171A801A0020002729
:108370000A46002BA4D157EA010CA1D1002858D0FD
:1083800019461F469CE794F89A3003F01803182BFF
:108390007FF405AFA18EB4F896218B1D9A42C4BF1D
:1083A000931F5B1AB4F89211CCBF9BB2134699424B
:1083B00000F09C80A4F89231A4F89431A4F898219C
:1083C000EDE63D2684F86061314620460CB0BDE8FC
:1083D000F04118F0FDB90023A4F89831A4F89431C5
:1083E000DDE60126334634E7628E052A97BF013267
:1083F00040F2E2434FF4FA7392B203FB02F2B4F894
:108400009C3142F2107101FB0323013BB3FBF2F3F9
:108410009BB2A4F89E31002B7FF4E1AE19E794F8EB
:108420008300012100F0070020F016F87FE73546B1
:1084300036E7002D43D00027114638463B463FE73C
:108440000023A4F8943120461AF094FC21E7384622
:1084500036E714F0FBFC0146A0B30023A4F89831E2
:10846000238EC3801B230371006814F0BFFC07E751
:1084700094F885316BB3013B84F8853104F1E00851
:1084800040461AF083F9B8B340461AF07FF9B8B302
:108490000023638792E60821204618F099F9B6E692
:1084A000A7B9D4F888315A0813F0010336D1C4F8BB
:1084B0008821A5E63E21204618F08AF9A7E6002E7D
:1084C000B9D1A4E60123A4F89831D9E613460126D0
:1084D000BFE60AAA0BA92846FFF7B6F9DDE90A2389
:1084E0001343CBD0237884F88531C7E7B4F89811CB
:1084F00000297FF454AE5FE7FF2018F025F9C3E7A9
:108500000246D4E9210111F0CDFF0028C0D194F832
:1085100048301B0744BFA38E63874FE642F00042FA
:108520001E46C4F888213B4693E600BFAFF30080A7
:108530008D49FD1A07000000E9FE030010690600DE
:10854000206A06003C6306008C49FD1A00CA9A3B6B
:108550002DE9F04F87B0CDE90432BDF8442003780F
:108560000292BDF84820BDF840A0BDF84C90878F1E
:10857000019104460392002B00F0FC80013FBFB242
:10858000A368D4F81CB1A7EB090292B2002B0092A9
:108590000ADAE168626823F0004391422CBF8B4401
:1085A0009344A360ABEB030B94F88200C0F3C001CB
:1085B00000F007001FF04EFF658E052D40F2E180B0
:1085C000009BBAF1050F15FB03F5ADB240F2E2488E
:1085D00040F2E280B4F87A20B4F87830134403F221
:1085E000D51303447C4A7D480721E3FB00214FF06B
:1085F0009613A36296231046A38575A3D3E900239F
:10860000FEF7CEFD564620F07F4040F2E24308FBE5
:1086100005F103FB06F6B1FBF6F81FFA88F52061B9
:1086200006FB05F08142A84680F09680401A6B490F
:1086300067A3D3E90023A0FB0101FEF7B1FD20F001
:108640007F408344E38EB4F824211344994494F882
:108650004330A9EB0709C844DB09A4F8368000F0D1
:10866000A780E26C0099636D02FB1133636520F013
:108670002BF9074694F88401C0F3420020F026F954
:10868000074406FB07F7564B07F5742707F23F2709
:10869000A3FB0737BF0C636DE76405FB07F07208A7
:1086A0000344963A934228BF1346C4E91423059B1A
:1086B0004A4D40F2E24808FB03F3E3650023A0FBC8
:1086C0000501C4F88C3142A3D3E90023FEF768FD0D
:1086D000049BABEB000B4348A0FB0330800A08FB74
:1086E00000F0A0FB05013AA3D3E90023FEF758FDF3
:1086F000F71B20F07F45029BA386039BA4F89C31C7
:1087000031462046A4F832A01AF0CEFA364BA18E9C
:108710003344881DB3FBF6F39AB29042A4F8962135
:1087200004D2C1F57F41FA310A4492B2019BA4F808
:10873000922113B10023A4F89E315B463A462946A4
:108740002046FFF771FC94F8903143F0010384F860
:10875000903107B0BDE8F08F091A20481CA3D3E977
:108760000023A1FB0001FEF71BFD20F07F40ABEBD7
:10877000000B67E7C38E1F44B0F824311F44BFB21B
:10878000FEE6009B013515FB03F5BAF1050FADB20E
:108790004FF4FA783FF61EAF4FF096130AF1010638
:1087A000A3629623A385B6B20A204FF4FA732EE78C
:1087B000049B0A48A3FB000105A3D3E90023FEF7AD
:1087C000EFFC20F07F453746013594E7AFF300809A
:1087D0008D49FD1A070000008C49FD1A00CA9A3B1A
:1087E00083DE1B435917B7D17FC3C90100000000C6
:1087F0002DE9F04F04460B68077F1668D3F800A0F8
:10880000638CD0F81E0095B015464A7CADF84C300C
:10881000FF2AC7F3801388460D9212908DF83F30DF
:1088200076D199461A4612AB93E803000DF1400B3E
:108830001090ADF84410F8090AF1710127680A9107
:108840005B460C900B9717F0ABFE0A99002847D1B6
:1088500096F8AA310C9A0A9069F3410362F3000377
:1088600086F8AA311098BBF80430C6F8B101A6F812
:10887000B531DAF87130C6F8AB318B88A6F8AF3174
:10888000E38D94F83010A9722B81D4F82A306B60F4
:10889000D4F83A30C5F8223005F1220094F83E3081
:1088A0000371052111F084FF95F8273000F03F0097
:1088B00060F3050385F8273094F83F30C3F30401D3
:1088C00085F82810A18EE982012803F01F0389B2E0
:1088D00006D91B3303F01F030B2B01D80A9A59BB8F
:1088E0000022CAF8142095F82C300B9862F300038C
:1088F00085F82C30E56801262146267114F06AFAC5
:1089000028682E71294614F071FA15B0BDE8F08F71
:108910000DF1400B10460DF13F015A461EF058F97B
:108920009DF83F90277F09F102095FFA89F98DF8D8
:108930003F9009F001027EE7D8F800305A60E38EDC
:108940002B83EB8A40F2E24909FB03F71146638E61
:108950000A9330461AF0BCF994F83F3096F8842117
:108960005B0963F3430286F884211FF0ADFF0C908E
:1089700096F88401C0F342001FF0A8FF0C9BC04A88
:10898000034407FB03F303F5742303F23F23A2FB25
:1089900003239B0C2B637B08963B6B6394F831306D
:1089A00009FB03F36B64238FA6F89C3139463046EC
:1089B0001AF07AF9B34BB44AC6F8A0213B44B3FB92
:1089C000F7F39AB2A6F89621298B881D824204DD1E
:1089D000C1F57F41FA310A4492B2A6F892216B6840
:1089E000C6F88831234613F81C2FC2F34019DA0762
:1089F00000F103814FF48073A3839AF826001EF0E0
:108A000051FE04F12B03002800F0F380626AC4F8E1
:108A10002B20228D9A800D9BFF2B00F02681BDF824
:108A20004C301298A4F82930C4F82500BBF8043063
:108A3000A4F8233010989DF83F30C4F81F00A377A6
:108A4000EB8A63862B8BA386B6F89C31E38696F877
:108A50008431C3F3420384F83830304617F0D2FA39
:108A6000A882E08021460B98D8F8044014F0B2F9AF
:108A7000AB8AE3801C23D4F800B02371B9F1000F56
:108A800040F0D28084F81C902146584614F0AEF98C
:108A900095F86700B5F85C90B5F85E40012100F0EC
:108AA00007001FF0D9FC4C4404F2D514DFF8E49120
:108AB0000444834675484FF096130721C5E90333F4
:108AC000E4FB090131230024B36074606AA3D3E995
:108AD0000023F460FEF764FB20F07F4030612D6BD3
:108AE0000A9A7D1BD8F80C7040F2E24303FB027730
:108AF00002212246012011F00DFD504616F0E8FD3E
:108B000007F2B3470246A7EB0B07A7FB090117467D
:108B100059A3D3E90023FEF743FBCDF804A0D8F80E
:108B200008305B49009120F07F49BA1C3A3BD2B231
:108B30004B440121204613F075F9012800F0818093
:108B40009AF82430DB0767D4304617F05BFA514BB4
:108B5000A5FB035A044648A3D3E9002328465146FF
:108B6000FEF71EFBD8F808304B4A0792A3F13A08EB
:108B70004A4B069620F07F47A7FB0331E81A484B83
:108B800005934FF4F573089333694FF0000BCDE96B
:108B900003B34FF0070303FB07116AEB01014FF426
:108BA0007A720023FEF7FCFA0534E4B2CDE90170D5
:108BB000CDF80090434622460121584613F044F870
:108BC00010F0FD0F0DD0374A3749384840F2EB130B
:108BD0002FF05FFE8BF31188BFF36F8F03231846CE
:108BE00002DF01220221104611F094FC15B0BDE80D
:108BF000F08FC4F82B0098800DE72A4A2C492B48A7
:108C0000FD232FF046FE002383F31188BFF36F8FFF
:108C10000323184602DFEDE60023012200931846E5
:108C2000114613F0BDF88FE795F8273043F0400365
:108C300085F82730281D1DF0C3FD4FF00109288558
:108C400020E714F09BF982453FF47AAF154A1949A1
:108C5000164840F292232FF01CFE84F31188BFF3D4
:108C60006F8F0323184602DF6AE70022C4F825202D
:108C7000A4F82920DAE600BF8D49FD1A070000009C
:108C800083DE1B437FC3C901404B4C008C49FD1A56
:108C9000D961040000CA9A3BA56104008D49FD1A00
:108CA00019620400186F0600D46906003C630600D0
:108CB00058660600746F06002DE9F04F8DB09B4694
:108CC000BDF860300693CDE90401BDF868309DF829
:108CD0005C90BDF864A003930020164616F074FF64
:108CE000002800F06C8109F001070446384613F0B3
:108CF00085F90290002F71D1169B02995A46384689
:108D000017F04EFC002840F06B81236A089304F1B1
:108D10001C020792002B68D0D4F82080D8F80050AD
:108D20000BF0010A98F86600C0F3C00100F00700DC
:108D30001FF090FBB8F85E30B8F85C201A44B8F821
:108D40000E3000F23F1003441344CF48CF4A0721AE
:108D5000E3FB00211046CAA3D3E90023FEF720FA63
:108D600020F07F40286130461EF002FA94F833303C
:108D70006FF3410384F83330FF2384F83430002E3E
:108D800000F02181A9F10203012B40F22D8194F81A
:108D90004810079869F3420184F8481094F833109A
:108DA0006AF30001DDE9042384F833101699096899
:108DB0006162169989882185039921860096002190
:108DC000FFF736F860641FF02DFD002840F0178192
:108DD0002046FFF759F80DB0BDE8F08F062111F0DD
:108DE0003DFB002888D11220F5E713F0DBFF099046
:108DF000002800F07A8117F0F9F80546002800F005
:108E00007181203011F0E8FC05F11C08002840F0C9
:108E10002381032105F124001FF0CEF9069BD5F82C
:108E200094006B864FF6FF73A5F834A02B860028BC
:108E300000F0218105F1880205F1840111F01AFB8F
:108E4000B5F8823023F4EF6323F0070343F48C7307
:108E500043F00103A5F8823095F89A304FF0000AEC
:108E600023F0070385F89A300121C5F894A0A5F8EE
:108E700098A0284617F0E8FFA5F836A0C5F83AA054
:108E800005F13E001DF046FC95F8433060F3050304
:108E9000012185F843300DF12F001FF08DF9039B60
:108EA0009DF82F20A5F89C31794B85F845A0A3FBB0
:108EB0000213DB0803EB4303A2EB830295F8433074
:108EC000A98EA5F89EA103F03F0385F8433095F8DD
:108ED0004830A5F894A1053223F0070385F8442013
:108EE000069A85F8483040F2E24A6A4B0AFB02FAD9
:108EF0004FF4C0225344C5F89821881DB3FBFAF300
:108F00009AB28242A5F8962102DD063A521A92B22E
:108F1000A5F89221284619F04FFE5146284619F02F
:108F2000C3FE0021099B85F86011C5F8643117F074
:108F30002BFB95F8A43160F3020385F8A43117F0F8
:108F400029FB95F8A43160F3C50385F8A43195F8A1
:108F50009031002161F3410385F8903105F1E00083
:108F600019F0D2FB95F8AA31169A0BF0010A6AF3B0
:108F7000410385F8AA314FF09613C5E90A3331232E
:108F8000AB600021169B6960E9601B68C5F8B131D0
:108F900095F8AA319288A5F8B52169F30003029AE1
:108FA00085F8AA311368C5F8AB319388A5F8AF31BD
:108FB000C4F82080C5E905112970ED61B2E60C20E6
:108FC0000DB0BDE8F08F1EF02DFD00283FF4DAAEA5
:108FD0001699584632461EF04DFA84F83400D1E610
:108FE0000B200DB0BDE8F08F00201EF0E5F894F8DE
:108FF000333043F00203B94684F83330C7E6256ABC
:10900000AB6F73B1244A2549254840F229432FF01C
:1090100040FC002383F31188BFF36F8F03231846AE
:1090200002DF05F16C0105F1680011F027FA064630
:10903000002839D02F68AE67D7F86451002D42D090
:10904000284613F0B5FE384616F0D6FF002303205D
:1090500023620DB0BDE8F08F0F4A12491048C123BA
:109060002FF017FC089B83F31188BFF36F8F032346
:10907000184602DFCDE605F18C00C5F89400D9E66C
:109080008D49FD1A0700000000CA9A3B8C49FD1A61
:10909000ABAAAAAA7FC3C901A46F0600EC670600A9
:1090A0003C630600F0630600114A1249124840F280
:1090B0002B432FF0EEFB86F31188BFF36F8F032352
:1090C000184602DFB6E70A4A0A490B4840F2324323
:1090D0002FF0DFFB85F31188BFF36F8F0323184652
:1090E00002DFADE7099813F063FE072073E600BFC7
:1090F000A46F0600606906003C63060000000000E3
:109100002DE9F04F04468DB090F81C80238D406A05
:10911000ADF82C30E307C8F3C0170E461546C8F368
:1091200040180A9000F110810023A383B37C707C67
:1091300013F001031CBFD4F81E30C4F82B3004F127
:109140002B0214BF638CC4F82B30FF28938004F1EA
:10915000250904F11F0200F0EA8004F11E011DF050
:1091600037FDA37FBDF82C200A98C4F825000233F0
:10917000A377A9F804203368D3F80090EB8A6386BC
:109180002B8BA386B9F83030E3861FF09BFB84F865
:1091900038002F68384616F035FF0021A882E0809D
:1091A000384619F095FDD6F804A02068214613F042
:1091B00011FEAB8AAAF806301C23DAF800408AF8C0
:1091C0000430B8F1000F40F0CF808AF81C8051467F
:1091D000204613F00BFEBB687A6895F86600B5F878
:1091E0001680F5686A4C934238BF1346C0F3C0013D
:1091F00003F1090A00F0070040F2E24303FB08F81C
:109200001FF028F9002202212D1A012011F082F905
:10921000484616F0AFFCA5FB04455BA3D3E9002349
:10922000834629462046FDF7BBFFCDF80490B3687E
:109230005849009120F07F490BF10402A3EB0A0387
:10924000D2B24B440121002012F0ECFD10F0FD0FD2
:109250000ED0514A5149524840F249332FF019FB80
:10926000002383F31188BFF36F8F0323184602DFB7
:109270004FF0000B5B4603220121CDF800B05846A9
:1092800012F08EFD384616F0BDFEB3680646404823
:10929000A3EB0A0AA8FB00013BA3D3E90023FDF7D7
:1092A0007FFF19463F4B08933F4B069340F27933BB
:1092B000079709933B698046CDE904B31046002324
:1092C0004FF47A72FDF76CFF384B0722A9FB03318C
:1092D000CDE9028002FB0911E01A65EB01014FF4B0
:1092E0007A720023FDF75CFF0536F6B2CDE90090F7
:1092F000534632460121584612F0C2FC10F0FD0FD1
:109300000DD0254A2549264840F27A332FF0C1FA7C
:109310008BF31188BFF36F8F0323184602DF0122FE
:10932000022110460DB0BDE8F04F11F0F3B8002354
:10933000BDF82C100A98C4F82530A9F80430A77796
:10934000C4F81F00918016E7134A194914484FF4D6
:1093500031732FF09EFA002383F31188BFF36F8FD0
:109360000323184602DFDFE695F8273043F0400379
:1093700085F82730281D1DF023FA4FF001082885B5
:1093800023E700BFAFF300808D49FD1A07000000FE
:1093900000CA9A3B95630400A46F0600D4690600D6
:1093A0003C63060099630400CD6304008D49FD1AF7
:1093B00058660600000000000538C3B2052B0CD823
:1093C00070B580B20D4616F025FE044618B190F92E
:1093D0004330002B03DA002070BD0020704790F866
:1093E00082000F4EC0F3C00100F007001FF032F8FA
:1093F0000C4A00F2B5500721E0FB0621104606A3F7
:10940000D3E90023FDF7CCFE20F07F402860204602
:1094100070BD00BFAFF300808D49FD1A070000004A
:1094200000CA9A3B8C49FD1A2DE9F04F93B0FF27F3
:109430000B930B1D0A930023CDE90E330546164608
:109440008DF837709B463C4698469A46994610AB35
:109450000693594B0593594B03930FAB01930EABF6
:1094600000200093022310930490029033460DF1E4
:109470003702294612F01AFD022812D0109BB3B908
:10948000FF2C25D03368434522D0002F42D0013F26
:10949000FF24FFB28DF83740D9E72946002012F0AB
:1094A00051FD109B022BF8D0109B002BE8D0444AB2
:1094B000444945484FF4EE732FF0EBF9002383F352
:1094C0001188BFF36F8F0323184602DFFF2CD9D119
:1094D0009DF83700FF282CD011A9FFF76DFF002859
:1094E000B5D0FF2CDDF83880119B0AD049464046A4
:1094F000099312F041FD0A9B03EB0A029042099B7B
:1095000019D8C1469DF83740D6F80080DDF83CB048
:109510009A469CE72D492A4A2B484FF4F2732FF0C4
:10952000B8F987F31188BFF36F8F0323184602DF62
:10953000ADE7FF2C34D026480721AAFB000301FB2E
:109540000A311BA3D3E90023FDF72AFE044600B12C
:109550003E34204AABF57423A3F51073934216D81A
:109560001B480721A9FB000301FB093110A3D3E924
:109570000023FDF715FE184BA3FB0B2304EB9344CC
:109580000B9B044400201C6013B0BDE8F08F0BF16E
:10959000E87B0BF5D43B09F1FF390BF5A57BDFE741
:1095A0006FF0090013B0BDE8F08F00BFAFF300808B
:1095B00000CA9A3B00000000B5660400B9660400CA
:1095C000F06F0600347006003C6306003C70060035
:1095D0008D49FD1ABFBDF07F83DE1B4300000000F4
:1095E0002DE9F043C668476873683D491A68D0F8AA
:1095F0000090A7F57423A3F510738B4283B08046C7
:1096000007D907F1E87707F5D43709F1FF3907F5EE
:10961000A57773681169DD8ACDF8049006F110030F
:1096200001AA0220FFF700FF00284ED10199A1EB0B
:1096300009031B0237D40846494612F09DFC034635
:1096400028480721A3FB000201FB032122A3D3E941
:109650000023FDF7A5FD34690444002C346109DBC7
:1096600040F2E24305FB03F3A3422FD2E41AA342E4
:10967000FCD33461D8F800301A48A3EB0903A3FBEC
:109680000002072101FB032113A3D3E90023FDF707
:1096900087FD154BA3FB0737A0EB974020443061B3
:1096A00003B0BDE8F083484612F066FC03460D485F
:1096B0000721A3FB000201FB032107A3D3E9002339
:1096C000FDF76EFD3469241AC7E73469002CD1D147
:1096D00003B0BDE8F08300BF00CA9A3B0000000061
:1096E000BFBDF07F8D49FD1A83DE1B4300000000E3
:1096F00010B5334C3349002304F1FF3C14F83320F8
:10970000072A02EB820E05D811F83E206FF34512AE
:1097100001F83E201CF833206FF300020CF83320D0
:109720000133082BEAD1284A284C002313700A7809
:1097300063F300020A7091F8282063F3000281F8B5
:10974000282091F8502063F3000281F8502091F80E
:10975000782063F3000281F8782091F8A02063F369
:10976000000281F8A02091F8C82063F3000281F87C
:10977000C82091F8F02063F3000281F8F02091F8FE
:10978000182163F3000281F81821114A9FED0A7B2A
:109790001370104B83ED007B0F4B236028B1BDE8A5
:1097A00010400E490E4838F0B2BABDE810400C48DF
:1097B00038F0BBBAAFF30080FFFFFFFFFFFFFFFFF2
:1097C000918C0020508B00209FA80020608A0020F0
:1097D0009EA80020F0410020A0BB0D00AD73040046
:1097E000C0410020000000002DE9F04F8FB00DF1C6
:1097F00037010446DFF8E0A0DFF8E0800DF1360025
:1098000013F06AFB9DF836309DF837B00B9312F0D9
:10981000B1FBDAF80060A6FB085629A3D3E90023C0
:109820000027814631462846FDF7BAFCCDE9077787
:10983000069420F07F44DAF80400234B0593A0FB44
:1098400008011FA3D3E90023FDF7AAFC1F4B20F05A
:109850007F40A4FB0331072202FB0411CDE9037012
:10986000E81A66EB01014FF47A720023FDF798FCC9
:109870000097CDE901404B460B985A46032112F060
:10988000E3F910F0FD0404D06FF08B000FB0BDE8D9
:10989000F08F0F480F4A00232AF0FEFD20B9DAF8B6
:1098A0000C000FB0BDE8F08F9DF837209DF8360012
:1098B00000942346032112F073FA6FF07300E5E77A
:1098C0008D49FD1A07000000297B04008D49FD1A0F
:1098D000048D0020447B0B001C8D002000CA9A3BA5
:1098E00038B50F4D044612F045FBA96812F044FB51
:1098F000696803460B48B3FBF4F4A1FB00011C4468
:1099000005A3D3E90023FDF74BFC20F07F40844200
:1099100094BF0020012038BD8D49FD1A07000000CA
:109920001C8D002000CA9A3BF0B5C468636883B000
:109930000546002B64D120F035FE082020F058FEAB
:109940000021084620F046FE00222521082020F0B4
:1099500083FE474B019301A820F06AFE454940F27F
:109960005B6020F021FF237AC3F3420262F3061307
:10997000204623721FF0C6F91EF054F858BB637AD4
:109980009B071FD127682E6838461EF0FFFC06444F
:109990006A6806F10901012021F060F821F04EF912
:1099A000204615F0A1FE811C3246C9B238461EF091
:1099B000FBFC054678BB20461EF082FC88B90020DF
:1099C00003B0F0BD01201DF087FB4178821C0078B8
:1099D00020F0E4FFD6E7607A10F0030018BF012002
:1099E000F1E7254A2549264840F229432EF051FF48
:1099F00085F31188BFF36F8F0323184602DFDEE77C
:109A000093F82C309A0796D01E48214620F088FD06
:109A100020F074FED3E7184A1B49194840F211435D
:109A20002EF037FF194B0721A5FB030301FB05317E
:109A30000DA3D3E90023FDF7B3FB154902461548F2
:109A40002EF027FF002585F31188BFF36F8F0323C6
:109A5000184602DF1048214620F062FD20F04EFE3D
:109A60006FF08B00ACE700BF00CA9A3B000000001B
:109A7000D6BE898E55555500107406001065060037
:109A80003C63060039850400146406008D49FD1A04
:109A9000C074060094740600D98804000000000019
:109AA0002DE9F041C46894F91630002B8CB0C0F257
:109AB0000581636805460E46002B40F0F480A37DC7
:109AC0006FF30003A37520F06DFD082020F090FDDA
:109AD0000021084620F07EFD00222521082020F0EC
:109AE000BBFD012013F0FEFA0746002800F0CC80F1
:109AF00007F11C0020F0DAFD8B4B0B930BA820F034
:109B000097FD8A4940F25B6020F04EFEA07DC0F3D5
:109B1000410025301EF05AFC8548214620F000FD0A
:109B2000A37D9B0603D46368002B00F0AA809620D7
:109B300020F088FF00231A461946184620F09AFEA6
:109B40001DF070FF002838D1A37D13F0180F5BD1F2
:109B5000D4F800802F6840461EF018FC07446A685D
:109B600007F10901002020F079FF21F067F820F0CB
:109B7000F1FE204616F00CF8011DC9B240463A46E7
:109B80001EF012FC8046002840F09F8016B9636AE0
:109B9000002B52D1636843B1664B012202210020A1
:109BA0009D6010F0EDFC002837D120461EF088FBA8
:109BB000D0B900200CB0BDE8F081A07DC0F3C0009A
:109BC0001DF08AFA07460DF12B001DF093FD797800
:109BD0008046BA1C387820F0E1FE9DF82B00002268
:109BE000414621F0F9F8B3E7534A5449544840F24A
:109BF0000B232EF04EFE002383F31188BFF36F8FEB
:109C00000323184602DFD4E701201DF065FA4178EE
:109C1000821C007820F0C2FE9AE7474A494948482A
:109C200040F206232EF035FE002383F31188BFF3A4
:109C30006F8F0323184602DFB7E7434A0792434A70
:109C4000059240F2F31200930892CDE90366CDE944
:109C5000016606943B460322314611F0F5FF10F0F1
:109C6000FD0F97D0344A3A4935484FF4FA732EF035
:109C700010FE86F31188BFF36F8F0323184602DFAF
:109C800088E720F057FE5BE72B4A32492C484FF417
:109C9000C5732EF0FEFD87F31188BFF36F8F03238A
:109CA000184602DF24E7636893F82C30D90705D4FF
:109CB000636893F82C309A077FF501AF2648214658
:109CC00020F02EFC20F01AFD73E71B4A23491C48A4
:109CD00040F2E5132EF0DDFD214B0721A8FB030325
:109CE00001FB08310EA3D3E90023FDF759FA1D4902
:109CF00002461D482EF0CDFD002585F31188BFF3E7
:109D00006F8F0323184602DF1848214620F008FC15
:109D100020F0F4FC6FF08B004CE700BFAFF3008045
:109D200000CA9A3B00000000D6BE898E55555500EA
:109D3000119E0200B80A0020CC74060010650600CF
:109D40003C63060028640600759404001D95040019
:109D5000386706005C740600398504001464060048
:109D60008D49FD1A18750600947406004D93040081
:109D700038B504461FF098FAA37DA27DC3F34103D2
:109D8000013303F00303032B08BF002363F34202F4
:109D900014BF03F125002520A2751EF017FB636890
:109DA0000BB123694BB912F0E5F8C11C002020F07B
:109DB000C9FEBDE8384020F041BF20F0F1FE054665
:109DC00012F0D8F8C11C002020F0BCFE20F036FFB5
:109DD00020F0E6FE294612F0CFF80B4A0346072191
:109DE000A0FB020201FB032105A3D3E90023FDF739
:109DF000D7F923691B1A236138BD00BFAFF3008078
:109E000000CA9A3B000000008D49FD1A00000000C6
:109E10002DE9F0478AB0044620F0B0FCC0B250B93A
:109E20001EF02EFBC648214620F07AFB0AB0BDE8A2
:109E3000F04720F063BC20F0C3FC054620F0E2FDB3
:109E4000074620F0E9FD814621F020F8064620F083
:109E5000FFFF824620F098FDEDB2804620F078FDAD
:109E60001EF00EFB002DDDD0012013F03BF905465E
:109E7000002800F0528117F0FF07F6B240F0E880AA
:109E8000002E40F0DF804FF0FF093A464B46314646
:109E900020461FF03FFC0028C4D02A7F61680023C1
:109EA0008DF823305FFA88F702F00F03002900F0E5
:109EB000F180616891F82C10880700F1EB80072B86
:109EC000B0D0A17D090740F14781002B40F0C98047
:109ED0006B7F063B1F2BA5D8042013F003F9002845
:109EE000A0D020F0B3FE636A074643B9238C40F24A
:109EF000712202FB03F3B0FBF3F203FB12072368AA
:109F00001A69904B0721A2FB030301FB02318AA3CC
:109F1000D3E90023FDF744F96FF4427C00EB0C0316
:109F20001F3B62EB0202BB4272F10002FFF47AAF08
:109F300020F000FD484663681DF0C2FBE37D9907F1
:109F4000804640F1E481002800F0E181824601274B
:109F500020F044FCCDE9027A09AB049305F11E031D
:109F600001932B7FC3F38013014607460093002221
:109F7000012320461FF0E8FB384620F09DFB20F02F
:109F8000E9FB002840F0C9816F48214620F0C8FA5B
:109F9000626892F82C3043F0010382F82C30A37DE4
:109FA00043F08003A37513F0B7F8172202714FF640
:109FB000FF72C28095F81CC082463B46CCF3401C21
:109FC00000F11C0207F1200E1D6858689968DF68CF
:109FD000D7601033734515605060916002F1100234
:109FE000F2D11B6813609AF81C30CAF808406CF371
:109FF00045138AF81C3020F0D3FD002ECAF810005B
:10A00000099BCAF8143008BF4FF0FF098AF819906D
:10A01000E37D13F0020303D0B8F1000318BF01235E
:10A020009AF81A2063F300028AF81A2013F074F8E1
:10A03000CAF80C00DAF8000051460AB0BDE8F04753
:10A0400013F094B85FFA8AF01DF0D0FB81461CE74C
:10A05000A07D5FFA89F1C0F3C0001DF055FB814679
:10A0600013E7012B40F088806A7F0C2A7FF4DAAE78
:10A070002A7FCDF80090194600230193D20905F1FB
:10A08000240320461FF094FA00287FF425AF2B7F8D
:10A0900003F00F03002B6FD16B7F052B7FF6C2AE51
:10A0A000252B3FF6BFAEA27D02F02102202A09D166
:10A0B0006268002A00F0C080052B7FF6B3AE252B26
:10A0C0003FF6B0AE63682BB12B7F03F00F03072B75
:10A0D0007FF4A8AE03209DF8238013F003F8054613
:10A0E00000283FF49FAE13F017F84FF6FF73EB8094
:10A0F00005232B71002F3BD17F20AB7E2876002ECD
:10A1000008BF4FF0FF0968F34103286885F81990EC
:10A11000AB76294613F02AF884E60C4A0C490D4820
:10A1200040F2C7232EF0B5FB85F31188BFF36F8F84
:10A130000323184602DF9EE600CA9A3B0000000097
:10A14000659304008D49FD1A65950400CC740600E2
:10A150005C7406003C630600B9F1FF0F8DF8249093
:10A16000C2F380184BD0227E91453FF4AEAE91E70A
:10A1700020F0FAFBC0B2C0E7062B8DD04521D940B4
:10A1800011F0010139D1012B10D16B7F0C2B7FF421
:10A1900049AE2A7FCDF800900DF123030193D20937
:10A1A00005F1240320461FF003FA08BB2B7F03F0C0
:10A1B0000F03042B7FF436AE6B7F063B1F2B3FF65D
:10A1C00031AEA37DDB077FF52DAE20F007FB2B7FA3
:10A1D0000278C3F38013B3EBD21F7FF423AE0830B1
:10A1E000062205F11E0138F09DF900287FF41AAE11
:10A1F0006B7F002B7FF466AF14E66B7F5CE705F1A5
:10A200001E0A09AA514640461DF0AEFB00283FF445
:10A210003EAFE37D03F0010343457FF438AF514681
:10A22000062204F1080038F07DF900287FF42FAFF2
:10A230002B7F03F00F0348E69620079220F002FCE4
:10A24000079A104620F0CEFA032012F04BFF80460A
:10A2500000283FF4E7AD12F05FFF4FF6FF73A8F858
:10A260000630052388F80430002F66D17F23002EA6
:10A2700088F8183014BF4B46FF2388F8193098F837
:10A280001A30D8F800006FF3410388F81A304146BD
:10A2900012F06CFF20F0A2FA06460322337862F334
:10A2A000030333702B7F3278C3F3801363F3C71239
:10A2B0000C233270484673701DF002FAE27D92075B
:10A2C0003FD500283DD03178324641F0400102F8B8
:10A2D000021B0168C6F8021083889380D5F81E30EF
:10A2E000B3606B8CB381304620F0E6F920F032FA8F
:10A2F000002837D120F0A2FCA37D224843F00103BF
:10A300002146A3750AB0BDE8F04720F009B9A77D42
:10A3100004F1190AC7F380171AE61B4A1B491C48A7
:10A3200040F2AF432EF0B5FA002383F31188BFF358
:10A330006F8F0323184602DF26E620F015FBC3B219
:10A3400095E7A37D3278C3F3801363F38612334617
:10A3500003F8022BD4F81920C6F80220B4F81D2007
:10A360009A80BBE7084A0949094840F233532EF066
:10A3700090FA002383F31188BFF36F8F03231846ED
:10A3800002DFB7E779930400CC740600647406001A
:10A390003C630600000000002DE9F041C468A28A79
:10A3A0004FF6FF739A4282B000F0DF8005461FF03F
:10A3B000DFFA2B89628B208CA3831A4492B210445B
:10A3C00094F82730E28380B2411C21845E064FF06E
:10A3D0000001618304F1220100F1A18003F03F003C
:10A3E0000B4694F82810009004F129001CF0A0F905
:10A3F0000646D4E90C31A28B02FB0333A26B134453
:10A40000E26B8B4294BFD21852188A4228BF0A4688
:10A41000E263616C226C94F867301144616494F8D3
:10A420007E2094F82C10C3F3020363F3061112F09C
:10A4300004024FF0000384F82C10A363236478D047
:10A4400020F0B0F8082020F0D3F8201D20F0F0F81C
:10A450002389A17A40F25B6043EA014120F0A4F92C
:10A4600030461DF0B3FF2146594820F059F8A08925
:10A4700020F0E8FA94F8662094F86700C2F3C0036D
:10A48000002102F0070200F0070020F0F3F9204657
:10A490001FF02EFB27682E6838461DF077FF064414
:10A4A0006A6806F10901002020F0D8FA804620F001
:10A4B00099FB002020F0B0FBE36B94F8670003F1F8
:10A4C0002F02636C00F00700012103EB420520F02E
:10A4D00001F94544054494F8670000F0070002289C
:10A4E00025D004280CBF4FF4BC73282301211D4440
:10A4F00020F0F2F8284420F067FBA18A05313246AB
:10A50000C9B238461DF050FF0546002834D1204618
:10A510001DF0D6FED0B9002002B0BDE8F0810A4699
:10A5200003F03F03218D1CF04FF9064661E7182325
:10A53000DCE7D4E91A010FF0B5FF002880D194F8C8
:10A540007E3043F0040384F87E3079E7214A2249C3
:10A5500022484FF4B0732EF09CF985F31188BFF3B5
:10A560006F8F0323184602DFD5E71D4821461FF0F1
:10A57000D7FF20F0C3F8CEE7164A1A4917484FF420
:10A58000AB732EF086F9184B0721A5FB030301FBE3
:10A5900005310DA3D3E90023FCF702FE134902465F
:10A5A00013482EF076F9002585F31188BFF36F8FDD
:10A5B0000323184602DF0F4821461FF0B1FF20F0A9
:10A5C0009DF86FF08B00A7E700CA9A3B00000000DF
:10A5D000699D0400AC750600106506003C6306002A
:10A5E00039850400146406008D49FD1A00760600C2
:10A5F0009474060015850400F0B5C468A28A4FF66D
:10A60000FF739A4285B000F08F8005461FF0B0F9C5
:10A610002B89628B208CA3831A4492B2104494F845
:10A620002730E28380B2411C21845E064FF0000196
:10A63000618304F1220160D403F03F000B4694F8DB
:10A640002810009004F129001CF072F806462046FC
:10A6500003A91FF02BFB039B94F87E101A7861F37B
:10A66000C3021A70039A94F87E301178C3F3400342
:10A6700063F3820111701FF095FF08201FF0B8FFEF
:10A68000201D1FF0D5FF2389A17A40F25B6043EAC9
:10A69000014120F089F830461DF098FE03992046CC
:10A6A0001FF0D8FA21463A481FF03AFFE08920F01F
:10A6B000C9F994F8670000F0070020F093F82768C4
:10A6C0002E6838461DF062FE06446A6806F10901EC
:10A6D000012020F0C3F920F0B1FAA18A05313246F9
:10A6E000C9B238461DF060FE054620BB20461DF06D
:10A6F000E7FD50B9002005B0F0BD0A4603F03F0366
:10A70000218D1CF061F80646A1E7224A2249234820
:10A710004FF482732EF0BDF885F31188BFF36F8F6D
:10A720000323184602DFE5E71D4821461FF0F8FE27
:10A730001FF0E4FFDEE7174A1A491848FA232EF003
:10A74000A8F8194B0721A5FB030301FB05310EA354
:10A75000D3E90023FCF724FD1449024614482EF0E7
:10A7600098F8002585F31188BFF36F8F03231846EF
:10A7700002DF104821461FF0D3FE1FF0BFFF6FF02D
:10A780008B00B8E7AFF3008000CA9A3B00000000DE
:10A79000899B04000C760600106506003C630600E9
:10A7A00039850400146406008D49FD1A5C760600A4
:10A7B0009474060015850400F8B510EE904A34F044
:10A7C00000472DED048B10EE103AB0EE609A0DD1DB
:10A7D00083F480035B0013F5000F40F2098230EE32
:10A7E000098AB0EE480ABDEC048BF8BD23F00040A6
:10A7F000B0F1FF4F02D8B7F1FF4F08D9B3F17E5F38
:10A80000EDD184F48004640014F5000FE5E7002B1B
:10A8100001462DDAB7F1974F0CD3B7F1FF4F2AD08D
:10A820000225B4F17C5F41D1002BC0F28F80B1EEE4
:10A83000C08AD6E7B7F17E5F31D3FA15C2F196022E
:10A8400047FA02F505FA02F2BA423DD1B7F17E5F4E
:10A850004AD1002C80F2D281B5EE400AF1EE10FA16
:10A8600050D1D80FBDEC048BBDE8F8402CF0F0B906
:10A87000B7F1FF4F3DD1B0F17E5F00F0B98108D94B
:10A88000DFED977A002CB4BFB0EE678AB0EE498A4C
:10A89000A7E7002C80F2AF81B1EE498AA1E7B4F1BD
:10A8A000804F34D0B4F17C5F5CD0002523F040426F
:10A8B000B2F17E5FB0EEC08A3FD1002CBCBFB7EED4
:10A8C000007A87EE088A29E0B7F17E5FC1D00025C3
:10A8D000B4F1804FEAD1B0F1BF4F1AD2B0F1D05FDE
:10A8E00029D920EE008A7CE705F00105C5F10205B3
:10A8F000EEE7B7F17E5FACD0B4F1804F4FF00005CA
:10A90000E9D08EE7B7EE007A87EE008A69E7002586
:10A91000E1E7B0F1FF4FB0EEC08A35D1002BBFF6B2
:10A9200060AFA0F17E50284316D1BDEC048BBDE88A
:10A93000F8402CF09DB9B0EEC08A28BB002C1EDA7E
:10A94000002B8FDA6B1E584258418BE7B0F1FF4F56
:10A95000B0EEC08A40F05581012D7FF442AFB1EED8
:10A96000488A3EE7B0F1FF4FB0EEC08A3FF439AFFE
:10A97000B0F17E5FD9D000283FF433AFD5E7012D89
:10A9800008BFB0EE408A2CE7DE0F013E55EA060212
:10A99000CBD0B7F19A4F40F24081524B984208D841
:10A9A000002C0BDA0020BDEC048BBDE8F8402CF045
:10A9B0003FB94D4B984208D9002CF3DC0020BDEC88
:10A9C000048BBDE8F8402CF023B9B7EE007A38EEDE
:10A9D000478ADFED467ADFED469A3FA1D1E90001D3
:10A9E00068EE278AFCF78CFB07EE900AB5EE007A3A
:10A9F00048EE477AB6EE007A07EEC87A68EE087A33
:10AA0000DFED3C6A27EE277AF0EE687A47EE667A49
:10AA100068EE299A39EEA77A17EE103A23F47F638D
:10AA200023F00F0307EE103A77EE699A77EEE97A92
:10AA3000013D24F47F643543B7EE007A24F00F041F
:10AA4000BFEE008A18BFB0EE478A07EE104A67EEE5
:10AA5000890A39EE477A07EE903A47EE270A07EE61
:10AA6000104A67EE877A30EEA77A17EE101A00299F
:10AA700021F000431ADDB3F1864F09D9B5EEC08A43
:10AA8000F1EE10FA4CBF012000208CE70120E5E038
:10AA900036D1DFED196A37EE677A70EEA66AF4EE0A
:10AAA000C76AF1EE10FAE9DC86232DE0134A9342DF
:10AAB00007D9B5EEC08AF1EE10FA4CBF0120002094
:10AAC0007DE71DD137EE677AB4EEE07AF1EE10FA49
:10AAD000EADBEEE7AFF30080E13D55555555D53F34
:10AAE00000000000F3FF7F3F0700803F70A5EC36B9
:10AAF00000AAB83F3BAAB83F3CAA3833000016432F
:10AB0000B3F17C5F6FD9DB157E3B4FF40000184139
:10AB10000844C0F3C753A04A7F3B1A41024007EEE6
:10AB2000102AC0F3160040F40000C3F117031841C7
:10AB3000002977EEC77AB8BF404237EEA07ADFED42
:10AB4000976ADFED975A9FED976A17EE103A23F454
:10AB50007F6323F00F0307EE103A77EE677A67EE14
:10AB6000266A70EEE70ADFED907A67EE277A9FEDAE
:10AB70008F7A40EE877AB7EE000A36EEA77A77EE44
:10AB8000666A77EEE67A67EE076A47EE277A16EE90
:10AB9000A56ADFED875A46EE265A9FED866A15EEC6
:10ABA000A66ADFED855A46EE265AB0EE476A05EEF4
:10ABB000E66AF0EE006A67EE065A36EE666AC5EEA1
:10ABC000866A76EEE77A77EEC77A30EE670A10EE9D
:10ABD000103A03EBC053B3F5000F06DA2BF0D2FFA7
:10ABE00020EE088AFDE50020A7E700EE103AF7E71F
:10ABF000B7EE008AF5E59FED718AF2E5B0EE408A86
:10AC0000EFE5B0F17E5F3FF48CAE00283FF4B7AEC5
:10AC1000002D3FF48AAE0225002613F0FF4F08BF37
:10AC20009FED677A674802BF68EE077A6FF01703F7
:10AC300017EE901A4FEAE15218BF00237F3A1A44E8
:10AC4000C1F31603834243F07E5106DD5E48834222
:10AC50007FF71CAF0132A1F5000100205B4B03EB35
:10AC60008003D3ED005A5A4B06EE101A75EE867A21
:10AC7000F7EE006AC6EEA74A491041F0005101F50F
:10AC8000802101EB405136EE657A07EE901A27EEEF
:10AC9000245A15EE107A1F4006EE907A06EEE77AF7
:10ACA00077EEE57ADFED4B5A36EE676A65EE057AA8
:10ACB00006EE667A9FED486A47EE865A9FED476A30
:10ACC00005EEA76ADFED465A46EE275A9FED456A24
:10ACD00005EEA76ADFED445A46EE275A27EE247A9E
:10ACE00036EE856A67EEA77A26EE076A05EEA76A52
:10ACF00066EEA64AF0EE085A74EEA57A77EE867AEA
:10AD000017EE901A194007EE901A77EEE55A27EEE3
:10AD1000277A75EEE45A66EEA76A36EE656A06EEA5
:10AD2000057A9FED326A76EE877A17EE901A19400F
:10AD300007EE901A77EEE66A27EE866A37EE667AB5
:10AD4000DFED2B6A2B4967EEA67ADFED2B6A47EE23
:10AD5000267A01EB800191ED007A77EE877A07EE93
:10AD6000102A264A02EB8002D2ED005A76EE276ABC
:10AD7000B8EEC77A76EEA56A76EE876A16EE902A66
:10AD8000134006EE903A36EEC77A37EE657A37EE24
:10AD9000467A77EEC77A4BE6000080FF0072313FBB
:10ADA0004CBB31330EEADD358CBEBF351872313FF6
:10ADB00055B38A38610B363BABAA2A3E000000002F
:10ADC0000000804B71C41C00D6B35D0040850600B6
:10ADD00000F0FFFF55326C3E42F1533E05A38B3E1F
:10ADE000ABAAAA3EB76DDB3E9A99193F0038763F71
:10ADF000A0C39D36308506004F38763F3885060063
:10AE0000014833F039BA00BF3C2F0600012B07B5CB
:10AE10000FD112780848012A14BF002257228DF85A
:10AE2000072000210DF1070233F099F903B05DF816
:10AE300004FB6FF08500F9E73C2F0600012B13B5EA
:10AE4000144611D10A480DF10702002133F0ACF984
:10AE5000002807DB9DF80730A3F157025342534106
:10AE60002370002002B010BD6FF08500FAE700BF2C
:10AE70003C2F0600014829F0E9BC00BF0803002070
:10AE8000014829F0E3BC00BFF802002007B537F005
:10AE9000CBF84FF47A72A0FB020302FB0131C00B26
:10AEA000074A40EA4140106000234FF40042054841
:10AEB000CDE900232AF092FB002003B05DF804FBEB
:10AEC000A0470020800E0020014B187800F01CBB2A
:10AED0005CA60020044B1A78824202D01870FFF75B
:10AEE000F3BF0020704700BF5CA6002008B537F014
:10AEF0009BF84FF47A72A0FB020302FB0131114A66
:10AF0000C30B126843EA41439B1A0F4A934214DD74
:10AF100004F00EF820B1BDE808400120FFF7DABFC9
:10AF20000220FFF7D7FF00F0A1FA002803DABDE8FE
:10AF3000084000F0D3BA2DF0B9FC47F230529342EA
:10AF4000E9DC08BDA047002040771B0008B537F0BA
:10AF50006BF84FF47A72A0FB020302FB0131C00BC5
:10AF6000044A40EA41401060BDE808400020FFF775
:10AF7000B1BF00BFA0470020014B1878704700BF49
:10AF80005CA60020F0B5174C174E184D184F91B025
:10AF9000B44202D3002011B0F0BDA388FBB92068F1
:10AFA000E8B10368DBB136F0E0FBC0B12A880132BA
:10AFB00092B2A280394668462A802AF0C3FB2368F1
:10AFC0000C4A1B6820210DEB01002AF08FFB08A81A
:10AFD000FCF712F908A90246684606F069FB083436
:10AFE000D6E700BFB41300204C14002054A5002065
:10AFF00007890600039206002DE9F04F83B000AFE9
:10B000000D46164620493A469A462EF00BFB80B173
:10B01000386870B10A22391D2AF032FC7B6893F837
:10B0200000B0E8460446BBF1000F06D06FF01500F3
:10B03000C5460C37BD46BDE8F08F3F2DF6D805F16B
:10B04000080323F00703ADEB030D2A46694650467B
:10B05000B0470028E946EBDD0DF805B00B4E0C4D6E
:10B06000B542E3D22B6848461968FCF7B3F840B9FB
:10B07000084BA2B21C88AA80944238BF14461C8098
:10B08000D6E70835ECE700BF1C8906004C14002009
:10B09000B413002054A50020F8B5044610B90025CB
:10B0A0002846F8BD0378002BF9D00F4E0F4FBE4253
:10B0B0000FD30D4EBE42F2D2306836F056FB30B19F
:10B0C000356821462868FCF785F80028E8D008365E
:10B0D000F0E7306836F049FB18B135682B68A342B9
:10B0E000DED00836E3E700BF18AE0600B0AE0600BB
:10B0F00070B5054698B94FF6FF7070BD0834B4427C
:10B10000F9D2206836F031FB0028F7D023682946B1
:10B110001868FCF75FF80028F0D1A088EDE7014C33
:10B12000014EECE7B41300204C14002070B5094C1C
:10B13000094E0546B44201D3002008E0206836F0ED
:10B1400014FB28B1A388AB4202D12368186870BDF4
:10B150000834EFE7B41300204C14002070B5194CEC
:10B16000194D8CB00022002303A9204628F0FEFFD1
:10B1700008B10CB070BD2B68059E5868DDE903125C
:10B180002BF032FF0028EDDBFF238DF81830B6FAE4
:10B1900086F35B0907908DF8203036F045FF4FF4B9
:10B1A0007A72A0FB020302FB0131C00B40EA41406E
:10B1B000C90B8DE8030006ABCDE90A010FCB00F007
:10B1C000BDF9CFE7FC0F0020544800201FB50A4C02
:10B1D0002468A46884420DD183F00103CDE90112F3
:10B1E000039306480022002301A928F061FF0448C8
:10B1F00029F02CFB04B010BD54480020FC0F0020A7
:10B20000444800201FB50023CDE90233044B8DF8DC
:10B210000C0001A801932BF010FF05B05DF804FBB2
:10B22000F43806000268034B9A420CBF0830002035
:10B23000704700BFF4380600014B036001207047DF
:10B24000D8380600014B036028207047A44700202F
:10B25000044B1A68044B9A4214BF6FF0120000208E
:10B26000704700BF54480020DC38060008B5074B83
:10B2700093F90010002906DBFFF7EAFFC0B2401A7D
:10B2800018BF012008BD0020FCE700BFE10D002031
:10B2900007B5FFF7DDFF0DF107018DF8070001226B
:10B2A000024806F005FA03B05DF804FB2E8906009B
:10B2B00038B5044600282FD0194D2B68834229D079
:10B2C00053B1986840B183685B6803B198472B68B5
:10B2D0000021986805F092FA1249134B8C4214BF72
:10B2E000ED210021282200202BF098FE002812DBFF
:10B2F000A0682C6070B1012105F080FA2B68986875
:10B3000083680A491B6898472B68986883689B681C
:10B3100003B19847002038BD6FF01200FBE700BF73
:10B3200054480020DC380600A4470020CDB10200BC
:10B3300038B5054648B90648FFF7BAFF041E02DBD8
:10B340002846FFF75FFF204638BD6FF01504FAE787
:10B35000DC380600F7B50C4615460D4901AA1E4615
:10B360002EF060F968B1019B6BB9012C0DD1094F2A
:10B37000224639463046A847002802DD3878FFF7D4
:10B38000D7FF03B0F0BD0020FBE76FF01500F8E732
:10B390003F890600E10D00200148FFF789BF00BF8B
:10B3A000DC38060008B50B480B4936F054FC0B4856
:10B3B0002EF051F818B1094801212EF020F8084A62
:10B3C000002342F8043B0133282BFAD1BDE80840A2
:10B3D000FFF7E2BF444800205DB102006C2F060079
:10B3E000A4470020F8B50F4D0F4E761B07460C46BC
:10B3F00005EBC105C6F3C706A64201DC00200CE040
:10B400002A683B689A4209D13C716B6838461B68D0
:10B41000984718B1431E012BF0D9F8BD0134083507
:10B42000EAE700BF18990600A89906000D4B0E4ADE
:10B43000D21A70B4C2F3C7020024944203DB6FF047
:10B44000150070BC70471E680568AE4206D15D6885
:10B450008D4203D1E1B270BCFFF7C4BF01340833A1
:10B46000EBE700BF18990600A899060037B501A8B8
:10B4700028F062FC174D019C00232B6018235843D1
:10B4800018380444019B9C4202D2002003B030BD16
:10B49000204636F06AF9D0B120462DF088FFB0B9C9
:10B4A00020462DF0CEFF014688B9204605F0A6F9CA
:10B4B00020F0200378330AD010F1860F07D000283F
:10B4C000E4DB2B68044A42F8234001332B60183C2C
:10B4D000D8E700BF58480020790E002070B5084D0D
:10B4E000084E2C68013C002C02DA00232B6070BD52
:10B4F00056F82400012105F081F9013CF3E700BF73
:10B5000058480020790E00201FB50023CDE90233F2
:10B51000044B8DF80C0001A801932BF08EFD05B0B3
:10B520005DF804FBF83806000268034B9A420CBF32
:10B5300008300020704700BFF838060084B030B5EE
:10B5400089B00CAC84E80F00002301930CAD084BCC
:10B5500000930FCD02AC0FC495E8030084E803000C
:10B5600068462BF06AFD09B0BDE8304004B0704772
:10B57000FC3806000268034B9A420CBF08300020DA
:10B58000704700BFFC38060084B030B58BB00EACFD
:10B5900084E80F00002301930EAD084B00930FCDFC
:10B5A00002AC0FC495E80F0084E80F0068462BF04A
:10B5B00044FD0BB0BDE8304004B0704700390600D0
:10B5C0001FB50023CDE90233044B8DF80C0001A810
:10B5D00001932BF032FD05B05DF804FB0439060041
:10B5E00082B038B504A981E80C000546114828F05E
:10B5F000AFFB0446A0B1AB68012B0CD0022B05D0E9
:10B60000A3B9BDE8384002B02BF049BD2BF04EFD88
:10B6100000282046F5DCBDE8384002B02BF038BDEC
:10B620006FF00400BDE8384002B070476FF085004D
:10B63000F8E700BF0E8A060082B010B502A981E8C3
:10B640000C0004460B4828F083FB78B1A368022B5A
:10B6500004D00020BDE8104002B070472BF026FD5A
:10B660000028CCBF00200120A060F2E76FF00400AA
:10B67000F0E700BF0E8A06000246024902482BF09E
:10B680006DBD00BF30030020A83906000246024904
:10B6900002482BF063BD00BF180300207839060074
:10B6A0000246024902482BF059BD00BF8C480020D9
:10B6B000683906000246024902482BF04FBD00BF20
:10B6C00074480020583906000246024902482BF00F
:10B6D00045BD00BF5C48002048390600F0B585B084
:10B6E000F8B901290DD1104C002B0DBF16460026CC
:10B6F00015460025274634F802CB66450DD127F8BC
:10B7000010509DF82800009000240025CDE9024546
:10B7100006481FF0D1FD05B0F0BD01300528EAD183
:10B72000EFE76FF01200F6E766A50020542F060041
:10B730002DE97F4300264FF000084FF00009F8B9CB
:10B74000124D0524324635F8023B63B13AB1CDE9DA
:10B7500002890F480096002301211FF0ADFD35F846
:10B76000022C25F8026C013CEDD14AB100200021E9
:10B77000CDE9020101210648009123461FF09CFDFE
:10B780006FF0120004B0BDE8708300BF66A5002012
:10B79000542F06000D4A52F82030013342F8203071
:10B7A0000B4A0123117883400B430A490978DBB225
:10B7B000137023EA01030849084A097850780B43BB
:10B7C000181A537018BF0120704700BFB8480020F6
:10B7D00060A600205EA600205FA60020F90D0020D4
:10B7E00010B5114A52F82030002B19DD013B42F808
:10B7F00020300E4A2BB913780121814023EA01033E
:10B8000013700B480B4B047810780B4A5978127858
:10B8100020EA040010435870401A18BF012010BDE0
:10B820006FF01500FBE700BFB848002060A60020BD
:10B830005EA60020F90D00205FA60020044A012327
:10B8400012788340D8B213401B1A584258417047AF
:10B8500060A6002010B5084B084A1870084B5178B4
:10B860001C78084B1B7823EA040318435070401AD5
:10B8700018BF012010BD00BF5FA60020F90D0020F9
:10B880005EA6002060A60020074B00221A70074B1E
:10B89000074A1978074B50781B7823EA0103181AD6
:10B8A000537018BF012070475FA600205EA60020DD
:10B8B000F90D002060A60020A0F1E003072B03D8BB
:10B8C0002030C0B2FFF766BF064B062213F8011FF7
:10B8D00019B1013AFAD10020704718700028F8D049
:10B8E000F9E700BFFB0D0020A0F1E003072B10B427
:10B8F00005D820305DF8044BC0B2FFF771BF0023BC
:10B90000064A194612F8014F0133A04208BF1170D0
:10B91000062BF7D100205DF8044B7047FB0D00208B
:10B92000A0F1E003072B03D82030C0B2FFF786BF99
:10B93000064A002312F8011F884204D00133062B67
:10B94000F8D1002070470120704700BFFB0D002098
:10B95000024B00221A605A60704700BFFA0D0020A7
:10B96000B0F5805F10B510D20949002301EB430206
:10B97000B2F8014024B10133062BF7D1002010BDED
:10B98000A2F801000028F6D0F8E76FF08500F6E78E
:10B99000EC0D002030B50023074C194604EB4302A0
:10B9A0000133B2F80150854204BF51709170062BEB
:10B9B000F4D1002030BD00BFEC0D0020024B00226E
:10B9C0001A605A609A607047ED0D0020074A002304
:10B9D00002EB4301B1F80110814204D00133062B80
:10B9E000F6D1002070470120704700BFEC0D002009
:10B9F000042810D8094A52F82030013342F8203088
:10BA0000074A0123117883400B43DBB21370054AC8
:10BA10000020537070476FF015007047A448002055
:10BA20005DA60020E20D0020042814D80B4A52F82D
:10BA30002030002B0FDD013B42F82030084A2BB9A3
:10BA400013780121814023EA01031370054B12781A
:10BA50005A70002070476FF015007047A44800200E
:10BA60005DA60020E20D0020014B588099807047B0
:10BA7000E20D0020014B1881D9807047E20D0020B3
:10BA8000024B00221A605A601A727047E30D0020C0
:10BA900000487047F90D002000487047EC0D002069
:10BAA00000487047E20D00202DE9F0410B4E33783D
:10BAB00083B10B4CDFF82C80002542F20F77204633
:10BAC0004146013536F023F90A2D44F8207C04F173
:10BAD0005804F4D100203070BDE8F081020E00203F
:10BAE000D01A0020337705002DE9F041C269037EAA
:10BAF000D17D90B0044609B1032B3DD0023B012B10
:10BB0000517D07D8002937D1204610B0BDE8F0415B
:10BB10002BF0E5BD21B1937D13B920462BF07DFDBF
:10BB20000AAD18220021284636F072FBD4E90467DA
:10BB3000D4F8008023798DF838301022002106A82F
:10BB4000CDE90C67CDF82C8036F062FBE3699B6889
:10BB50000793E36808930A4BC3E90267C3F80080C0
:10BB60000123049310AB13E90F008DE80F0006A822
:10BB700095E80C002BF02DF910B0BDE8F08100BF66
:10BB8000000000200B4A30B500230446282000FBAB
:10BB900003F18D18515C41B90FCC0FC50FCC0FC507
:10BBA00094E8030085E8030030BD0133282BEED173
:10BBB000FAE700BF701400202DE9F843027E034627
:10BBC000002A6ED13B4D2A6882426AD1D269547DE7
:10BBD00024B119B9BDE8F8432BF081BD107D0328CD
:10BBE00028D8DFE800F0020E1F600139042921D8AF
:10BBF000DFE801F01E0320051E00022119E00321E9
:10BC000017E00139042915D801A050F821F000BF30
:10BC100031BC020035BC0200FBBB0200FFBB0200CE
:10BC200031BC02000429EAD001F0FB01012901D155
:10BC300001211976197EA1B3D06900280DDD5C6D54
:10BC4000611C0AD01C32002152F8046FA64204D0B5
:10BC500001318842F8D101221A76002218462A6062
:10BC6000FFF742FF2C68E4B9134EDFF85080A1467D
:10BC700016F8087CAFB12B6806F8089C23B14FF486
:10BC8000A470002136F057F9012F01D0022F03D103
:10BC900041463046FFF7CAFB0134282C06F128063E
:10BCA000E6D1BDE8F8830229A7D0BFD9043901291C
:10BCB000BED9BFE70849002078140020243B0600C5
:10BCC00082B02DE9F0412F4E06A981E80C00002436
:10BCD000582202FB04F0851931588B424AD120309A
:10BCE000304436F022F8EB691968D5E904238A1844
:10BCF00043EBE17308998A42099A9341804603DA3B
:10BD000004212846FFF758FF582707FB0467012145
:10BD10002846FFF751FFFB69DB7D53B13B7E032BC8
:10BD200007D128462BF0A3FC012328463B76FFF7DA
:10BD3000DBFE28462BF09BFC582303FB0463DB69E6
:10BD40005A7D22B19B7D13B128462BF066FC18F179
:10BD5000770F4FF058031DBF5C4342F20F72331947
:10BD600003FB046317BF3251012200221A7683F8C5
:10BD7000502002E001340A2CABD1BDE8F041002094
:10BD800002B07047B01A002082B02DE9F047044697
:10BD900008A9406881E80C002AF0C5FF3B4B1D68EC
:10BDA0007DB9D4E902C23A4F4FF0580E42F20F78F3
:10BDB0000EFB05F6F419B959414507D001350A2D96
:10BDC000F6D1BDE8F047002002B07047D0F80480FB
:10BDD0009DF83010DDF82490DFF8B8E02171C4E957
:10BDE00002C2DDE90AC0C4E904C000214FF0FF32FD
:10BDF00047F8069021766265C4F81C80DEE90221CE
:10BE00001C60D8F8103013EB020A41EBE373D44501
:10BE100070EB03030CDBDEF8003099450CD1D8F849
:10BE20000C309A1841EBE371944570EB010103DA91
:10BE300005212046FFF7C0FE20460021FFF7BCFE8B
:10BE4000582303FB0575D8F8004029690C4436F0E7
:10BE5000EBF84FF47A72A0FB020302FB0131C30B33
:10BE600043EA4143E11A21EAE17140F2E7304FF43D
:10BE70007A72002300EBC1304914FBF791F92036A8
:10BE800002460B46B81928F04FFD9AE708490020F2
:10BE9000B01A0020000000202DE9F0418AB00446CD
:10BEA000FFF768FB00286CD02046FFF763FB524D7C
:10BEB00047680446002642F20F782B689F420CD058
:10BEC00043450AD0EB69DB7D3BB12B7E032B04D1CC
:10BED00002232B762846FFF707FE01360A2E05F1CE
:10BEE0005805EAD1454D286808B900202CE0C369FF
:10BEF000227A197E914204D0426D013204BF6268F9
:10BF00004265016862689142EFD01968D0E9042364
:10BF10008A1843EBE173D4E90461B2428B4116DB2A
:10BF2000237ADBB10123214602A88DF800302BF0E3
:10BF30008CF86846FFF726FE217A2868C1F10301D4
:10BF4000C9B2FFF739FE02200AB0BDE8F081042132
:10BF5000FFF732FE2B68002BC7D0E1E76068284A64
:10BF600011780029C1D0012905D15169884202D137
:10BF7000117E0029D6D10133282B02F12802EFD1FE
:10BF8000B3E7204601F006FB0028DDD0204601F093
:10BF900001FB837A01469BB14368E03B072B02D843
:10BFA0000378072B0CD0174BD1E90402D3E90254D4
:10BFB00085429441BEBFC3E902024FF000441C60B9
:10BFC0000E4B18680028BFD04B68E03B072B8CD87D
:10BFD0000B78072B89D1C3695B7D13B1007E0028E4
:10BFE000B2D002A802248DF800402BF062FF684610
:10BFF000FFF7C8FDA7E700BFB01A002008490020DE
:10C00000701400200000002070B54D6804460E46F4
:10C0100028462349FBF7DEF810B92072012070BDD5
:10C0200020492846FBF7D6F810B901232372F5E71B
:10C030001D492846FBF7CEF808B90223F6E71B494D
:10C040002846FBF7C7F810B9B3686360E6E71849FC
:10C050002846FBF7BFF810B9B3682360DEE715493F
:10C060002846FBF7B7F810B90123A373D6E71249A6
:10C070002846FBF7AFF810B90123E373CEE70F4969
:10C080002846FBF7A7F808B90223EEE70C49284633
:10C09000FBF7A0F808B90223EFE70020BFE700BFD5
:10C0A000E78A0600F18A0600FD8A06000B8B06006F
:10C0B0001A8B06002A8B06003B8B06004C8B060071
:10C0C0005D8B06002DE9F047D0F804900469D9F89B
:10C0D0000830DFF84CA0236200256381A58109F1B7
:10C0E0000C07D9F80830AB4212D939462046FFF781
:10C0F0008BFF6E1C804680B978685146FBF76AF862
:10C1000048B9B6B26681D9F8083025629B1BA38175
:10C110000020BDE8F087A4F80E8035461037E0E730
:10C120006E8B060082B0F8B50E9D406806A981E8C6
:10C130000C0014462AF0F7FD079B296806696F6812
:10C14000283BDB0021B31A1956F8320006EBC20275
:10C1500001445068124A384480EAE075A5EBE07566
:10C160009542C1BF0F4D90FBF5F2891805FB1200F7
:10C170000C9A4FF4B4751288B5FBF2F51A1991FBBD
:10C18000F5F705FB171146F8321006EBC2025060B6
:10C190002344002046F82370BDE8F84002B0704701
:10C1A0003F420F0040420F0008B5034600690349B3
:10C1B000036335F0ACFD002008BD00BF91C2020052
:10C1C000F8B52DED028B0C46B1F90410054631B9D6
:10C1D0009FED2D0A84ED000ABDEC028BF8BDD4E979
:10C1E000027657EA06004CD0A888C01946F100062E
:10C1F000121A63EB0603012A73F1000041DB4FF4CE
:10C200007A7607EE901AA2FB062106FB0311E88856
:10C21000D30B43EA414398424FEAE1314FF0000229
:10C220008A41B8EEE78A14DB98B16A7A8AB107EEE0
:10C23000100A07EE903AB8EEC70AF8EEE77A07EE72
:10C24000102A87EE800AF8EE470AFEF7B5FA28EEC4
:10C25000008A2B7ADFED0D6A07EE103AB8EEC77A46
:10C2600027EE087AC7EE267A94ED007A77EE877A81
:10C27000BDEEE70AB8EEC00A77EEC07AC4ED007AE8
:10C28000AAE7DFED017AEFE70000000000007A4442
:10C290002DE9F0412DED028B076B84B07E680446DA
:10C2A00035F0C2FE0D4602460B46804604F13801C9
:10C2B0003046FFF785FF2B46424604F148013046E1
:10C2C000F0EE408AFFF77CFFFDEEE87AB0EE408AA0
:10C2D00017EE903AFDEEC07A1BB217EE902A15B217
:10C2E000EBB1DFED2F7A3288F4EEE78AF1EE10FA47
:10C2F0004CD9DFED2C7AF4EEE78AF1EE10FA47F62E
:10C30000FF7158BF0B4600200021CDE90201B5FAAC
:10C3100085F149090091384602211EF0CDFFDDB1BB
:10C32000DFED1F7A7288B4EEE78AF1EE10FA2FD9AA
:10C33000DFED1C7AB4EEE78AF1EE10FA47F6FF73F0
:10C3400048BF2B4600200021CDE9020101210091C8
:10C35000384602211EF0B0FFB4F93C3013B9B4F9ED
:10C360004C30BBB1307AC0034FF47A72002300F234
:10C37000E7300021FAF714FF02460B46204604B0CE
:10C38000BDEC028BBDE8F04128F0CEBA064BBAE70F
:10C39000054BD7E704B0BDEC028BBDE8F08100BFD0
:10C3A000000000C700FEFF460080FFFF70B50C4A8A
:10C3B0000C4CD2E906350646206813F1320245F1ED
:10C3C000000510F0010009D09642A941A1BF2368E1
:10C3D00023F0010323600020B8BF012070BD00BF1F
:10C3E00028200020D049002070B5094B094D1E7847
:10C3F00000241C702EB128462AF022FE0134B442DB
:10C4000001DB304670BD203528462AF016FEF5E7E0
:10C4100062A600202820002008B50C4B0C490D48CE
:10C420004FF6FF721A80A3F84820A3F89020A3F8D3
:10C43000D82035F06CFC084B9A6F42F001029A67E5
:10C44000DA6F42F00102DA67002008BD081F002001
:10C450007DC60200D81E0020304900202DE9F04F93
:10C4600043488FB035F061FC424B00261E60424BC2
:10C47000B3F900A047F6FF739A4564D03F4F4823B5
:10C480004FF6FF7203FB06F0C419395A914251D19D
:10C490003B49DFF8FCB00A789BF8009001320A7043
:10C4A00038491FFA8AF328223B5202FB0313083053
:10C4B000B3F908803449C845A8BFC84628EAE872DD
:10C4C0005201384435F07CFE4FEA4813DFF8B8C01B
:10C4D000A4F80280C6460793CE4539DB482303FB08
:10C4E000067708ADA9EB08091822002128463C6A06
:10C4F0008BF8009035F08CFE0AF128030993FF2396
:10C500008DF83030214BE217C3E90042CDE90A42F1
:10C510001C4A28230AFB032A012304930EAB13E9C8
:10C520000F008DE80F000AF1140095E80C002AF0C6
:10C5300050FC04E00136042EA4D1FFF755FF0E4A4B
:10C5400047F6FF7313800FB0BDE8F04FFFF74CBF05
:10C55000079B0CEB03050FCD64460FC495E80F0055
:10C560000EF1010E84E80F000CF1200CB4E700BFBF
:10C57000D81E0020D0490020DC0D0020081F00201C
:10C5800061A60020043D06002820002010000020A5
:10C5900062A60020F8B53449344E0C78D6E9003252
:10C5A000002C3ED103F100430133134335D06FF02B
:10C5B000004535F039FD4FF47A77A0FB070307FB00
:10C5C0000131C30B43EA4143AB424FEAD131A141B0
:10C5D00024DA35F029FDA0FB070307FB0131C00B6E
:10C5E00040EA4140281A64EBD131C90341EA504185
:10C5F00040F2E733C003C0184FF47A724FF00003E3
:10C6000041F10001FAF7CCFD02460B46184828F02C
:10C610008BF9002801DBC6E90054F8BD002213465F
:10C62000F4E714491448096811F0010FD0E9061421
:10C6300014BF32256FF000456D1844F10004944298
:10C6400008BF9D42E9D06FF000439C4208BFB5F19E
:10C65000FF3FAED100230022C6E900230448BDE815
:10C66000F84035F062BB00BF62A60020D01E00205B
:10C67000D81E0020D04900202820002038B5114CB9
:10C68000D4E9003213431CD035F0CEFC03460D46EE
:10C69000D4E900014FF47A74A3FB043204FB0522B1
:10C6A000DB0B43EA424383424FEAD2328A4108DB42
:10C6B000FFF77CFE08B9FFF7D1FEBDE83840FFF771
:10C6C00069BF38BDD01E00202DE9F04F9DB0044653
:10C6D000FEF750FF002800F035812046FEF74AFFA4
:10C6E0000446002800F04981067A002E00F085807B
:10C6F000A34EDFF8B0923578D0E9048785BBD0F837
:10C7000004A000F079FC9F4ADFF87CE2D2E9001235
:10C71000013909EB8A0C42F1FF322B467BB1002D27
:10C7200000F02B813378022B42D1FFF733FF002436
:10C73000954B1B68DB0754D46FF0150459E0DCF807
:10C74000003013F00103EAD0884577EB0200E6DB06
:10C75000DEF8000040F00100CEF800000135DDE712
:10C7600039464046FFF722FE874B6268377859F812
:10C7700022501A6815401D603B463DB9022F17D163
:10C78000FFF708FF2C46FFF769FE32E06A1E1540EE
:10C7900006D1022F0BD12C46FFF7FCFE0125C7E77F
:10C7A000022F1CD1FFF7F6FE00243D46C0E701250D
:10C7B000764F07EB43175A1C21460CA83C460CAF9A
:10C7C00032702AF042FC0FCF0FC497E80F0084E8C4
:10C7D0000F00FFF7DFFE0224002DA9D1D3E70225C9
:10C7E000E6E73378022B04D1694B0022012D1A8031
:10C7F000C9D020461DB0BDE8F08FFFF72FFE63685B
:10C80000099323690793634B634F1B7808900B933D
:10C81000B9460B9B9E420CDB089B012B40F3AD807D
:10C82000214614A82AF011FC14A82AF006FC0224C0
:10C83000DFE77B88B7F800800693584B282202FB7D
:10C8400008334FF0000CB3F908300A93BE46E246B5
:10C850000125069B534513DC4837BCF1000F6FD010
:10C86000069A482303FB0693013A5A804B4B282231
:10C8700002FB083393F82430FBB115BB0124B8E761
:10C88000BCF1000F10D00EF1080BBBE80F00AEF1A9
:10C8900018050FC59BE80F0085E80F0000250AF179
:10C8A000010A0EF1200ED4E7DEF81430099A9A42FC
:10C8B00014BF00254FF0010CF1E7069B0A9A934242
:10C8C00020D114AC18220021204635F0A1FC08F13B
:10C8D00028031593079B079ADB17CDE916232F4AE8
:10C8E000FF238DF86030282303FB082800230493DE
:10C8F00016AB0FCB8DE80F0008F1140094E80C0084
:10C900002AF067FA002DB9D0224B1C78013CE4B222
:10C91000A6421C7008D004EBC401482209EBC101F7
:10C9200002FB069035F04CFC48225443002109EBF1
:10C93000040035F06DFC4FF6FF7329F804309DE7D5
:10C94000013666E7204600F025FEB0B1204600F033
:10C9500021FE837A8BB14368E03B072B02D8037832
:10C96000072B0AD00E4BD0E90412D3E9000388420A
:10C970009341BCBF034BC3E90012002439E700BF59
:10C9800062A6002018000020D049002028200020A6
:10C99000DC0D002061A60020081F0020043D0600D9
:10C9A000100000203049002030B595B01C22002135
:10C9B0000DA835F02DFC254D06AC00220DA9002355
:10C9C000284627F0D3FB014600283DD118222046F7
:10C9D00035F01EFC0D9B079335F026FB4FF47A7261
:10C9E000A0FB020302FB01319DF838308DF828309E
:10C9F000C00B9DF84C3040EA4140C90B13F00102D6
:10CA0000CDE9080118BF0122049208AB0FCB8DE8D5
:10CA10000F000FA894E80C002AF0DBF9139B012B00
:10CA2000CBD9C3F35E044FF4004540F2E730002158
:10CA30004FF47A720023E5FB0401FAF7B1FB0246DA
:10CA40000B46034827F070FF15B030BD2C100020B6
:10CA50002000002084B030B589B00DAC84E80E0011
:10CA600043680193037C8DF8083094E80F0003AD10
:10CA700085E80F009DF84430129A43EA4203079379
:10CA80000A480022002301A927F012FB002804DB3A
:10CA9000074835F048F928B1002009B0BDE830401A
:10CAA00004B070470248FFF77FFFF5E72C10002025
:10CAB0002000002070B500250646056000F01CFF30
:10CAC000044678B102F068FA30B900F0E7FF0123BC
:10CAD00070603370304670BD064B1B78012BF4D06C
:10CAE0002846F5E702F058FA0028EED02346204603
:10CAF000EEE700BF63A6002008B5094B1B7823B101
:10CB0000012B06D06FF0850008BDBDE808402BF072
:10CB100099BBFEF7BDFFBDE80840013001F030B918
:10CB2000D449002008B5094B1B7823B1012B06D04E
:10CB30006FF0850008BDBDE808402BF08BBBFEF709
:10CB4000ABFFBDE80840013001F040B9D4490020F6
:10CB500037B508490848094D6C4635F0D8F82046E5
:10CB6000FFF7A8FF94E8030085E80300002003B066
:10CB700030BD00BF81CB020068200020D4490020D6
:10CB800002490348012204F093BD00BF63A60020C0
:10CB90005A8C060082B00DF1080C0CE9030019460E
:10CBA0009DF8003010461BB1012B05D0054A00E06E
:10CBB000054A02B028F09ABD019B044A02B028F051
:10CBC00095BD00BF798C06006E8C0600728C060045
:10CBD000034A034692E8030083E8030018467047BF
:10CBE000D449002008B5094B1B7823B1012B06D08E
:10CBF0006FF0850008BDBDE808402BF033BBFEF7A1
:10CC00004FFFBDE80840013001F008B9D4490020C9
:10CC100030B589B001AD0F4C2846FFF74BFF94E8C3
:10CC20000C0095E803002BF066F880B92BF08AF829
:10CC300095E803000A2305AA84E80300FFF7AAFF8A
:10CC400094E8030003AB83E8030000F023F809B085
:10CC500030BD00BFD449002070B50C4615460B49C5
:10CC600000221E462CF0DEFC08B9002070BD012C0D
:10CC700008D1074922463046A8470028F6DDFFF7CD
:10CC8000C7FFF2E76FF01500F0E700BF648C060005
:10CC900063A600207FB56B4683E8030093E803009A
:10CCA000002206AB03E90300039202A8034A0292A2
:10CCB0002AF0C3F907B05DF804FB00BF303D060061
:10CCC0000268034B9A420CBF08300020704700BF37
:10CCD000303D06000D4A0E4B0021117019700121E4
:10CCE000517059700221917099700321D170D970DF
:10CCF0000421117119710521517159710621917128
:10CD000099710721D171D971704700BF34A70020F4
:10CD100064A6002008B5034903484FF4A05235F03B
:10CD20004FFA08BD3C3D0600E0490020F0B5072859
:10CD300085B05BD898B911B9002005B0F0BD2D4C75
:10CD40002D4B26681D6846F001032360002A4BD155
:10CD50009E4214D1284B1B68AB4210D1ECE7264B06
:10CD60001D687ABB39BBC540EB07E5D4214D0123D3
:10CD70002C68834024EA03061C422E60DCD08DF828
:10CD800000008DF801108DF8022035F04DF94FF4B8
:10CD90007A72A0FB020302FB0131C00B40EA414062
:10CDA000C90BCDE9020104AB13E90F0005B0BDE8E2
:10CDB000F04000F0BDBB0F4C012326688340334395
:10CDC0002360C5E70B4F01243E68844021B146EA49
:10CDD00004033B602C4304E026EA04033B6025EA9D
:10CDE0000404054F3C60B3E70124F3E76FF015003E
:10CDF000A3E700BF805E0020845E002013B51649C3
:10CE00006A462CF00FFC08B1009810B9002002B05F
:10CE100010BD0A2201A928F033FD044601980378C9
:10CE20002F2B16D10A2201A9013028F029FD019BE0
:10CE30001B78C2B26BB90499E3B203EB83031944C4
:10CE4000D20800F0070001238340885C03438B5421
:10CE5000DCE76FF01500DAE7A88F0600F8B50B4E97
:10CE6000002734462825208820B1636813B9FEF7CF
:10CE70005DF96060013D04F11004F4D10137082F21
:10CE800006F52076EDD12846F8BD00BFE049002028
:10CE90002DE9F04186B00D461746414901AA0446E6
:10CEA00098462CF0BFFBE0B10198D0B10A2203A94B
:10CEB00028F0E6FC039B1E78002E55D1394CC0B2F9
:10CEC000142303FB0044132D2A46214628BF1322B6
:10CED0004046B847002801DD2654002006B0BDE8D2
:10CEE000F081314901AA20462CF09CFB00283ED05D
:10CEF000019800283BD00A2202A928F0C1FC06466E
:10CF0000029803782F2B2FD10A2202A9013028F092
:10CF1000B7FC029B1A783ABB0A2D25D8F6B2072E29
:10CF200022D8C4B2272C1FD8CDE90322ADF8142093
:10CF300003A92A464046B8470028CFDDBDF80C00BB
:10CF4000FEF7F4F8194ADDF80E50DDF81210282328
:10CF500003FB06431C0102EB0313BDF80C601653E0
:10CF6000C3E90105D960B8E76FF01500B6E71049CD
:10CF700001AA20462CF056FB0028AED0019B002BC6
:10CF8000ABD1082D28BF08250A492A464046B84794
:10CF90000028A3DD074908482A4635F011F99CE727
:10CFA000A08C060094A60020A88F0600E04900206F
:10CFB000BA8C060064A6002034A70020064A00238D
:10CFC00012F8011B814204D00133082BF8D1FF2055
:10CFD0007047D8B2704700BF34A7002007289ABF17
:10CFE000014B185CFF20704734A70020014B1968E3
:10CFF0002AF00ABF805E0020F8B50020FFF7DEFFB0
:10D000000A4F04460725AC4201DD2046F8BD7E5D8F
:10D01000FF2E08D03046FFF7E9FF20B13046BDE8CB
:10D02000F840FFF7CBBF013DEDE700BF34A700207C
:10D0300007289DBF034B00EB800003EB800000201E
:10D04000704700BF94A60020272937B505460C4637
:10D0500002D9002003B030BD0728FAD801A8FEF796
:10D06000F1F80028F5DB8442F3DA019B53F8242021
:10D07000272AEED80348282313FB052300EB0310CF
:10D08000E8E700BFE049002082B073B50C46272CCA
:10D0900006A981E80C00064606D96FF0150002B01B
:10D0A000BDE8704002B070470728F6D801A8FEF727
:10D0B000C9F80028F3DB8442EFDA019B53F82450CF
:10D0C000272DEAD80F4C282313FB065304EB031437
:10D0D000102206A9204635F025FA08B90020DEE71F
:10D0E000EB08052212FB0632074905F00705885CAC
:10D0F0000123AB4003438B5406AB0FCB84E80F00F6
:10D10000ECE700BFE04900206CA6002040EA0103E4
:10D11000072B70B50C4613D888420FD00A4D2CBF90
:10D120004B1C411C2E5C29BF421A221A6918E818B0
:10D130003CBF4919401935F051F82E55002070BDFB
:10D140006FF01500FBE700BF34A700200F49002057
:10D1500070B502460C46012511F8013BFF2B0CD19E
:10D1600012F0010307D000230133082B08D022FA64
:10D1700003F6F607F8D4235470BD05FA03F31A43F7
:10D1800001300828E8D16FF01B00F5E734A7002034
:10D19000072810B50FD8094C235CFF2B0BD0C0F12A
:10D1A0000702411CD2B22144204435F017F8FF2376
:10D1B000E371002010BD6FF01500FBE734A70020DD
:10D1C000072970B505460C4610D8072811D8C1F1BB
:10D1D0000702094ED2B2C2F10701C2F10800314480
:10D1E000304434F0FBFF3555002070BD6FF0150062
:10D1F000FBE76FF01200F8E734A70020072870B5AE
:10D20000044615461AD8132A1BD80F4E00EB80008F
:10D21000142206EB800029F06CFD132D1CBF142393
:10D2200003FB0466094A18BF0023116818BF735531
:10D230000123A3400B431360002070BD6FF0150065
:10D24000FBE76FF01B00F8E794A60020DC49002004
:10D2500070B5114A114C124D0021137813F00103DF
:10D2600017D10133282B0CD114F8010B15F8013B11
:10D2700098420ED10131082902F10502EDD10020BA
:10D2800070BDD81003F00706105CF04010F0010FDD
:10D29000E6E70120F4E700BF6CA6002064A60020AA
:10D2A00034A700202DE9F04F3C4F3D4E89B00024BB
:10D2B0003D464FF0000B4FEAEB020BF00709B25C62
:10D2C00022FA09F2D20706EBEB0828D56868FDF7C9
:10D2D0000FFFE968AA68ADF80000CDF80220CDF88C
:10D2E0000610002957D1002A0CBF4FF0020A4FF058
:10D2F000060A2C495B46224603A828F023FA524628
:10D30000694603A804F0D4F9002841DB98F800200E
:10D31000012101FA09F122EA010288F800200BF14B
:10D32000010BBBF1280F05F11005C4D10134082C05
:10D3300007F5207706F10506BAD11B4D1B4822469A
:10D34000294604F0B5F9002822DB194A2B6813603E
:10D35000184E6B68184F194D536000243368E34032
:10D36000DB070ED52246394603A828F0EBF92846FC
:10D37000F9F742FF2946024603A804F099F900286C
:10D3800006DB0134082C05F11405E7D100203060DC
:10D3900009B0BDE8F08F4FF00A0AAAE7E049002083
:10D3A0006CA60020A48C060034A70020B38C0600D5
:10D3B00064A60020DC490020C68C060094A600204C
:10D3C00008B5FFF787FCFFF7A5FC094804F0AAF9A8
:10D3D00000280BDB074A00231360074A1946013374
:10D3E000082B1160117102F10502F8D108BD00BFD0
:10D3F000D48C0600DC4900206CA600202DE9F04FFB
:10D400002448DFF89CA0DFF89C80DFF89C9095B062
:10D410002CF001F9204921480AAA04F0A9F90AAD23
:10D4200000242246514601A828F08CF901A82CF0CE
:10D43000F2F84FF42077DFF874B0674300260A2231
:10D4400008EB070109EB070035F06CF878B1F31031
:10D4500006F00702EB5CD340DB0708D533462246D3
:10D46000594605A828F06EF905A82CF0D4F8013625
:10D47000282E07F11007E2D10134082C05F105052B
:10D48000CFD1FFF727FCFFF745FC002015B0BDE822
:10D49000F08F00BFB38C0600FDCD0200D48C0600D7
:10D4A000C68C06003C3D0600E0490020A48C060026
:10D4B0002DE9F0472DED028B82B09DED0C8B0746D8
:10D4C0000C46164622B1174B1A68174B43F8212019
:10D4D000DFF85880DFF85090072505E018F805A020
:10D4E000BAF1FF0F08D1013D0020FFF767FD85422B
:10D4F000F4DA6FF0850010E059F8241050462AF055
:10D5000083FC0028EFD08DED008B33462246514638
:10D5100038462AF09BFC0028E5DC02B0BDEC028B0B
:10D52000BDE8F087805E0020E05D002034A7002089
:10D5300010B58AB06C4684E80F0000230593064BB3
:10D54000049394E80F000AAC04E90F0004A829F042
:10D5500074FD0AB010BD00BF3C51060084B030B568
:10D5600089B00CAC84E80F00002301930CAD084B8C
:10D5700000930FCD02AC0FC495E8030084E80300CC
:10D58000684629F05AFD09B0BDE8304004B0704744
:10D59000445106000268034B9A420CBF0830002039
:10D5A000704700BF445106007FB56B4683E8030017
:10D5B00093E80300002206AB03E90300039202A8EC
:10D5C000034A029229F039FD07B05DF804FB00BF61
:10D5D00048510600074B1A78074B82B0162102FB10
:10D5E000013301938DF8002002AB13E9030002B070
:10D5F000FFF7DABF43A7002044A7002002490348F1
:10D60000012204F055B800BF43A70020C68D0600D4
:10D6100008B5002006F080F8002802DA10F1780F33
:10D6200007D104482BF0FBFF0348044934F06FFB9B
:10D63000002008BD1004002098200020FDD5020025
:10D6400070B503788AB004460E4607AD032B20D888
:10D65000DFE803F002191B1D11492846F9F7C4FD44
:10D66000059563780493A3780393E3780293237971
:10D67000019363790093A3790A4A1E21304628F06A
:10D6800035F80AB070BD0849E7E70849E5E70849F9
:10D69000E3E7084A0A21284628F028F8E0E700BF17
:10D6A000D98D0600028E0600E08D0600E78D06008B
:10D6B000F18D0600FB8D060010B592B004462DF0EA
:10D6C00012FC6946FFF7BCFF08A9204608F078FB6A
:10D6D0009DF82130012B13D10A4827F0B7F82046D6
:10D6E0002DF001FC084B19780F22162313FB0123A0
:10D6F000064919442AF022FC10B9054827F0A6F87B
:10D7000012B010BD2C04002043A7002044A7002025
:10D710003C0400202DE9F0418AB00D461646284908
:10D720006A4604461F462BF07DFFF8B10098E8B129
:10D730000A2201A928F0A4F8019B1B7803BB162D2F
:10D740001ED1C4B2042C1BD8DFF888806C432A4653
:10D7500008EB04013846B047002813DD04F10F0040
:10D7600002A94044FFF76CFF00200BE015496A4610
:10D7700020462BF057FF78B1009B6BB9012D04D0E8
:10D780006FF015000AB0BDE8F0810F492A4638460F
:10D79000B04700EAE070F5E70C496A4620462BF0F6
:10D7A00041FF0028E0D000980028DDD0072DE7D108
:10D7B00034F0B4FE0028D7D105492A46E7E700BF78
:10D7C000258E0600CA8D060043A700202E8E060077
:10D7D0003CA7002044A70020042808B50CD80F223D
:10D7E000162313FB00230548054918442AF0A6FB1D
:10D7F000B0FA80F0400908BD0020FCE744A70020F3
:10D80000A3910600014B1878FFF7E6BF43A700205D
:10D810002DE9F0410C468EB005464FF0160806A9DA
:10D82000204615FB08F7FFF70BFF0D4E216807F1A7
:10D830000F029319B150A2889A80A2799A7109496E
:10D840002A4601A827F07EFF4246F11901A803F0FD
:10D850002FFF054826F0FAFF0EB0BDE8F08100BFAB
:10D8600044A70020438E06003C04002038B50F2357
:10D87000162414FB0034094B09491C440546204674
:10D880002AF05CFB48B12146002005F021FD284626
:10D890000349BDE83840FFF7BBBF38BD44A70020AF
:10D8A000A391060010B504288AB002D900200AB05E
:10D8B00010BD0F23162414FB00340D4B0D491C44DE
:10D8C00020462AF03BFB0028F0D02146002008F03B
:10D8D000F9F904460028E9D0694608F071FA2046B3
:10D8E00007F050FE9DF82400831E58425841DEE7A1
:10D8F00044A70020A3910600014B1878FFF7D2BF80
:10D9000043A70020F0B58DB0FFF77CFF98B9FFF773
:10D91000F3FF80F001035B00DBB2214D2A7803EBBB
:10D920000213112B09DC022B2DD0102B23D0002445
:10D9300020460DB0F0BD0223EFE7202B1BD0122BA9
:10D94000F5D106F0D7FE00232B7004460028EFD156
:10D95000144F0FCF02AE0FC63B681349336003224A
:10D960000094234602A806F093FE04460028DFD167
:10D9700002232B70DBE706F0BDFE00232B7004466C
:10D980000028D4D0D4E7074E0FCE07AC0FC43368BD
:10D990002360002304490093032207A8E3E700BFA4
:10D9A000B2A70020203406004C04002030B593B00C
:10D9B00005462DF098FA69460446FFF741FE08A98E
:10D9C000284608F0FDF99DF82130012B05D1FFF71D
:10D9D00019FF214618B905F07BFC13B030BD034B8D
:10D9E0001878FFF715FFFFF78DFFF6E743A7002034
:10D9F00030B593B00D4608A9044608F0E1F99DF84A
:10DA00002130012B0BD120462DF06DFA6946FFF72E
:10DA100017FE0E4B00221A701DB1FFF773FF13B0F3
:10DA200030BDFFF76FFF20462DF05DFA084B1978E7
:10DA30000F22162313FB0123064919442AF07EFA0C
:10DA40000028ECD1044826F001FFE8E7B2A7002047
:10DA500043A7002044A700203C04002008B5064846
:10DA600008F0F0F8054808F02DFB054808F044FBE5
:10DA7000FFF748FF002008BDE8030020CC0300208A
:10DA8000BC03002008B5044B1878FFF7EFFEBDE893
:10DA90000840FFF737BF00BF43A70020014B1878AD
:10DAA000704700BF43A70020042808B510D80A4BD0
:10DAB0001A7882420AD018704FF4F01200230748F7
:10DAC00026F066FFFFF71EFFFFF784FD002008BD6C
:10DAD0006FF02100FBE700BF43A700209820002043
:10DAE000054B187805230130B0FBF3F303EB8303F8
:10DAF000C01AC0B2FFF7D8BF43A70020054B187863
:10DB000005230430B0FBF3F303EB8303C01AC0B268
:10DB1000FFF7CABF43A70020042838B51DD80F233C
:10DB2000162414FB00340E4B0E491C4420462AF0E8
:10DB300005FA18B96FF01204204638BD21460020BE
:10DB400008F0C0F805460028F4D013212DF0A2F803
:10DB50000446284607F016FDEEE76FF02104EBE7D8
:10DB600044A70020A391060010B50A4B0A491A7871
:10DB700016240F2314FB0234084B1C4420462AF0C1
:10DB8000DDF928B121460020BDE8104008F09AB820
:10DB900010BD00BF43A70020A391060044A70020AA
:10DBA00070B5164D90B00446014628462AF0C6F9D5
:10DBB000E8B108A92846FFF743FD114928462AF095
:10DBC000BDF90646B0B969462046FFF739FD23681E
:10DBD0002B60A388AB80A3790A49AB71324608A8B1
:10DBE00027F0B0FD0722214608A803F061FD0020C0
:10DBF00010B070BD6FF00B00FAE700BF3CA700202B
:10DC0000A3910600538E06001FB5B0240294044C65
:10DC10000194BDF8184000942EF0BFFD04B010BD73
:10DC20008B8E060007B5064B009306490648052370
:10DC30004FF4407226F010FE002003B05DF804FBA4
:10DC40000452060000A90020C8200020F0B5164E9E
:10DC5000164F89B0002200236946304626F086FA26
:10DC6000054608B109B0F0BDFFF77EFF0446002865
:10DC7000F8D01822294602A834F0CAFA08230DEB7E
:10DC8000030120460397CDF810D0ADF814300AF008
:10DC900031FA013003D1022120462DF0E5F820466B
:10DCA00007F070FCD6E700BF8C1000207052060011
:10DCB0002DE9F041164FDFF85C808AB001AE0022FA
:10DCC00000233146384626F051FA054610B10AB015
:10DCD000BDE8F081FFF748FF04460028F7D018227E
:10DCE000294604A834F094FA0C2304A92046CDE96F
:10DCF0000586ADF81C300AF0FDF9013003D1022190
:10DD000020462DF0B1F8204607F03CFCD7E700BFD5
:10DD10005C100020C05206002DE9F041164FDFF8DC
:10DD20005C808AB001AE002200233146384626F0DE
:10DD30001DFA054610B10AB0BDE8F081FFF714FFE7
:10DD400004460028F7D01822294604A834F060FAC7
:10DD5000092304A92046CDE90586ADF81C300AF058
:10DD6000C9F9013003D1022120462DF07DF820466B
:10DD700007F008FCD7E700BFBC10002010530600D6
:10DD800037B5054640F6CD42014600230C4826F043
:10DD90008FF9044678B110F10B0F09D1002200234E
:10DDA0006946074826F0E2F92846FFF7E9FF0446EE
:10DDB000204603B030BD0349034833F077FFF7E74F
:10DDC0008C10002084040020C820002030B50546B7
:10DDD00085B040F6CD42014600230D4826F068F993
:10DDE000044678B110F10B0F09D10022002301A9DC
:10DDF000074826F0BBF92846FFF7E8FF044620460F
:10DE000005B030BD0349044833F050FFF7E700BFC9
:10DE10005C10002074040020C820002030B50546A6
:10DE200085B040F6CD42014600230D4826F040F96A
:10DE3000044678B110F10B0F09D10022002301A98B
:10DE4000074826F093F92846FFF7E8FF04462046E6
:10DE500005B030BD0349044833F028FFF7E700BFA1
:10DE6000BC10002064040020C82000201FB500233F
:10DE7000CDE90233044B8DF80C0001A8019329F081
:10DE8000DCF805B05DF804FB8C5306007FB5002379
:10DE9000CDE90433044BADF8140003A8039329F033
:10DEA000CCF807B05DF804FB885306000268034B0A
:10DEB0009A420CBF08300020704700BF885306000C
:10DEC00008B501F0DBF8BDE80840014933F0EEBECB
:10DED000A805002007B5084833F047FC48B14FF4C7
:10DEE000F0120023CDE9002304480022002327F08C
:10DEF00075FB03B05DF804FBB42F0600B80E0020DC
:10DF000008B5FDF711FB10B96FF0850008BDFDF7EE
:10DF100033F838B10138C0B20128F5D8034834F0DD
:10DF2000CAF801E0FFF7D6FF0020EFE7B80E0020A7
:10DF300037B5104CA5683021EB6820469847B8B932
:10DF400030212B696A462046984788B90A4C0098C8
:10DF50002378834204D0C0B22070FFF787FF38B91E
:10DF600003F078FB2378984202D0184603F078FB40
:10DF700003B030BDB42F0600B4A7002008B5054893
:10DF800033F0F3FB18B1FFF7A5FF002008BD6FF0D9
:10DF90001200FBE7B42F0600064A1278022A00F1AD
:10DFA000FF3315BFC0F101000023C018037008BF84
:10DFB00001207047885E0020014B186000207047E8
:10DFC0005C5F002007B56846FFF7E6FF88B10128CF
:10DFD00014BF01230223084A1278002062F30700CD
:10DFE000064A127862F30F2063F3174003B05DF81E
:10DFF00004FB0346EFE700BFB5A70020B7A700204A
:10E0000013B50C4B1C6894B1FFF7DCFF8DF80400CE
:10E01000C0F30723C0F307408DF805308DF80600E4
:10E0200001990548234602B0BDE81040184702B0E8
:10E0300010BD00BF5C5F002058AF060013B50E4B4B
:10E0400001221A700D4B1C6894B1FFF7BBFF8DF8CD
:10E050000400C0F30723C0F307408DF805308DF8A6
:10E06000060001990648234602B0BDE81040184753
:10E07000204602B010BD00BFB5A700205C5F0020A5
:10E0800058AF060013B50024084909480094052339
:10E090004FF4007226F0E0FB064807F0D3FD064877
:10E0A0002BF0BDFA204602B010BD00BF80AC0020AE
:10E0B000B0210020E4050020B80500201FB50E4B5C
:10E0C0001878A0B10D4B1878A0B90D4A526872B9F2
:10E0D00001221A700B4A1068516801AB03C39068A3
:10E0E0001860094901A806F019FE00EAE07005B0C1
:10E0F0005DF804FB0020FAE7B7A70020B6A70020D0
:10E10000885E00203434060045EA020008B5FDF7B9
:10E1100089F810B1024826F099FB002008BD00BF25
:10E120000C060020074B186850B19A893AB1DA8979
:10E130002AB193F82400B0FA80F04009704701201A
:10E14000704700BF605F002030B50E4C0E4D87B0A9
:10E150000022002302A9204626F008F808B107B0E3
:10E1600030BDDDF811009DF8153000908DF80430B9
:10E17000DDF80920DDF80D309DF80810284600F084
:10E18000D3FDE5E7CC0F002058AF060070B503784B
:10E190008AB004460E4607AD032B20D8DFE803F013
:10E1A00002191B1D11492846F9F71EF805956378D9
:10E1B0000493A3780393E37802932379019363791B
:10E1C0000093A3790A4A1E21304627F08FFA0AB03D
:10E1D00070BD0849E7E70849E5E70849E3E7084A69
:10E1E0000A21284627F082FAE0E700BFD98D060011
:10E1F000028E0600E08D0600E78D0600F18D060018
:10E20000FB8D060008B5FDF723F8014604480378A6
:10E21000022B04D1BDE80840C9B229F063BF08BD94
:10E22000885E002008B50A4B187018B1BDE8084098
:10E23000FFF744BF074B187006F0C0FD064B1A7875
:10E24000022A03D1586813212CF024FD002008BDB8
:10E25000B7A70020B6A70020885E00202DE9F04176
:10E26000DFF8B8802C4D92B00022002309A9404667
:10E2700025F07CFF044670B99DF82400D42606FBE7
:10E2800000F3EA18EB5C022BEED19DF82570012F0C
:10E2900004D0022F39D012B0BDE8F081B2F8783046
:10E2A000002BE1D0DDF83E308DF810309DF8423083
:10E2B0008DF811309DF84330CDF81B40003B18BF5E
:10E2C00001238DF81230DDF83630CDF813300DF122
:10E2D0002601DDF83A30CDF8173009220DF11B0088
:10E2E000CDF81F408DF8234028F003FD9DF8240051
:10E2F0000097CDE9014406FB00501423B0F87810D4
:10E30000406804AA2EF054FEAEE79DF8261000FBEC
:10E31000065029F0E7FEA7E7885E0020EC100020F9
:10E3200084B030B591B014AC84E80F002146134896
:10E3300040F6CD42002329F0C2FE0446C8B110F1D8
:10E340000B0F10D10022002307A90C4818AD25F0AF
:10E350000DFF0FCD6C460FC42B68238014AB0FCB81
:10E36000FFF7DEFF0446204611B0BDE8304004B0A0
:10E3700070470349034833F099FCF4E7EC100020A0
:10E38000D4050020B0210020054B1A68824205D137
:10E39000002293F824001A60FDF7CAB9704700BF45
:10E3A000605F0020034B5B68834214BF6FF0150071
:10E3B00000207047885E00207FB51AB90A810020CE
:10E3C00004B070BD082BFAD1134B994221D1FFF74D
:10E3D000E9FF02231678B2F80150D2F803408DF815
:10E3E0000130D27991F820308DF800008DF802309C
:10E3F0008DF8032009488DF8046000220023694647
:10E40000ADF80650CDF80A4029F059FE044826F030
:10E410001DFA0120D4E700BF645F0020CC0F00206C
:10E420002C06002008B5FFF7BDFF031EA3BF03485D
:10E43000D42202FB0300002008BD00BF885E00203C
:10E4400010B51446FFF7EEFF50B1B0F8B0303BB155
:10E4500034B9012904D9BDE81040024826F0F6B9C4
:10E4600010BD00BF0C060020F0B5134687B006466D
:10E4700031B91822184633F0CBFE002007B0F0BDAA
:10E48000FFF7D0FF04460028F7D0114B876801AA98
:10E4900003F1100E944618685968154603C50833F1
:10E4A00073452A46F7D11B782B70614638462BF00E
:10E4B000A7FB08B10120E1E7064BE3600323A0605E
:10E4C000237604F10801304609F01EFFD5E700BFAE
:10E4D00040340600D9E402002DE9F043064697B027
:10E4E00017460D46002900F03381C968002900F065
:10E4F0003181FFF797FF044608B397F81080B8F111
:10E50000030F1FD0B8F1060F00F0EC80B4F87810BC
:10E5100049B1218D39B1B4F8B01021B1B4F88410EB
:10E52000003918BF0121934B1B68002B00F00E81AE
:10E53000FFF7F8FD002818BF002181F0010017B097
:10E54000BDE8F0838C4B0F6802AA03F110089646D1
:10E55000186859689446ACE803000833434562469E
:10E56000F6D11B788CF80030714638462BF048FB0A
:10E5700090B904F160032363E38AA38528462EF053
:10E5800029F97E4B236201232085A38604F1200113
:10E59000304629F096FDB9E7794B07AA03F1100838
:10E5A0009646186859689446ACE80300083343451A
:10E5B0006246F6D11B788CF80030714638462BF055
:10E5C0001FFB70B36F4B0CAA03F110089646186836
:10E5D00059689446ACE80300083343456246F6D1D7
:10E5E0001B788CF80030714638462BF009FB10BBC5
:10E5F000A0602B8A0233238228462EF0EBF8A4F881
:10E60000780083E72846FB6087F824303E602EF0D0
:10E61000E1F85D4BB881A3602B8A23820623237621
:10E6200074E7544F3B68002BECD0A0602B8A013379
:10E6300023820323F3E7EB68D3F800C0534B11AAFE
:10E6400003F11008964618685968174603C708333F
:10E6500043453A46F7D11B783B70714660462BF034
:10E66000CFFA40B928462EF0B5F8A4F8B0004848D3
:10E6700026F0ECF84AE7EB68186800238DF80430C0
:10E6800001A942F61923ADF806302BF0B9FA074676
:10E6900000287FF43BAF04F16003C4F88C30E38AB8
:10E6A000A4F8883028462EF095F84FF00108394B31
:10E6B000A4F8840004F17C01E3673046A4F890805C
:10E6C00029F0FFFC344B2846C4E927382EF082F8A5
:10E6D000A4F8A670A4F8A40004F19C0130460AF046
:10E6E000A5F813E78068234F42F602134FF00009A4
:10E6F0000CA98DF83090ADF832302BF081FA78B952
:10E700003B689E421FD1FFF70DFDE0B12B8AFB81D4
:10E71000224BA3602B8A84F8188001332382F5E60C
:10E72000A0688DF8449042F6041311A9ADF8463064
:10E730002BF066FA00287FF4E9AE3B689E4202D1D6
:10E74000FFF7F0FC40B90023A3606FE71946F4E639
:10E750000846F4E60846F2E6EB68DB8887F82430E2
:10E760000F4B7B60391D012330463B8329F0A9FC08
:10E77000E9E700BF605F0020513406005DE8020059
:10E780006234060073340600EE8706008434060007
:10E790000C06002005E80200A5E70200EA87060053
:10E7A000B9E30200F0B585B00646BDF828701D46F5
:10E7B0000C4601BBFFF736FEC8B1CDB1BFB10E228A
:10E7C00068462C7833F024FD3046FFF7EBFD032339
:10E7D0008DF800008DF8013008488DF802400022C5
:10E7E0000023694629F06BFC054826F02FF8012428
:10E7F000204605B0F0BD0020FBE700BFCC0F002095
:10E800002C0600207FB5054614461E46FFF70AFE7B
:10E81000F0B11CB90C81204604B070BDC6B10E2207
:10E8200000216846247833F0F3FC2846FFF7BAFD50
:10E8300003238DF800008DF8013006488DF8024062
:10E8400000220023694629F03AFC034825F0FEFF28
:10E850000120E1E7CC0F00202C0600202DE9F04F2D
:10E8600085B006461446FFF7DDFD00284DD024B9DB
:10E870000C81204605B0BDE8F08F631E00F1B102A7
:10E880000F3413F8011F12F8015F694011741978F1
:10E890001170A342F5D1DFF87890DFF878A000F18D
:10E8A000C20400274FF0010800252378EB40DB0766
:10E8B00023D514F8102C08FA05F31A424FF0000182
:10E8C0004FF00E02684614BF4FF0010B4FF0000BE3
:10E8D00033F09EFC3046FFF765FD7B198DF8000094
:10E8E0008DF8023000220023694648468DF803B0B7
:10E8F00029F0E5FB504625F0A9FF0135082DD4D1BC
:10E900000837802F04F10104CED10120B2E700BF07
:10E91000CC0F00202C0600202DE9F043054685B0E1
:10E9200000283AD11E4C2378BBB3606810B106F0C2
:10E9300029FE656000251B4FDFF86C80DFF86C90C6
:10E94000257000263B78F340DB0710D50E2200210E
:10E95000684633F05DFCAB198DF8023000220023CD
:10E960006946404629F0ABFB484625F06FFF01366B
:10E97000082EE7D10835802D07F10107E1D10948BC
:10E980002022002133F044FC00202085A4F87800E8
:10E99000A4F8B00005B0BDE8F0836FF01500F9E70A
:10E9A000885E00203A5F0020CC0F00202C0600205B
:10E9B00070B5FFF7F5F8041E0ADBD425064E654353
:10E9C000735D2BB9FFF7A8FF01237355204670BD77
:10E9D0006FF00B04FAE700BF885E002070B586B0C8
:10E9E0000646FFF7E5FF041E22DB134B00221A70D8
:10E9F00006F0E4F900281BDB104BD3F86200D3F8D3
:10EA000066106A4603C26C3315460FCB85E80F00CB
:10EA10000B4BD42202FB043329466A46304607F0EA
:10EA200037FA002804DA2046FFF776FFFFF746FBA7
:10EA3000002006B070BD00BFB6A700203434060029
:10EA40008C5E002070B588B01546694604461E46A7
:10EA5000FFF79CFB35B90649224630462BF097F963
:10EA600008B070BD012DFBD12046FFF7B7FFF7E7D7
:10EA700075EA0200F0B50378063B012BA5B0054608
:10EA80000E4602D9012025B0F0BD447814F00F04E1
:10EA9000F8D16B789C42F5DA69681022214401A80C
:10EAA0002BF0DCF870B31A4B06AA03F11007964658
:10EAB000186859689446ACE803000833BB426246C4
:10EAC000F6D11B788CF80030714601A82BF098F82D
:10EAD000D0B1252210A901A804F08AF90BAA0C4B89
:10EAE0009646186859689446ACE803000833BB4260
:10EAF0006246F6D11B788CF8003025221AA97046A0
:10EB000004F076F91034C4E73046FFF767FFBAE740
:10EB10004034060010B58CB004462CF0E4F904A98A
:10EB2000FFF734FB0E220021684633F071FB2046CC
:10EB3000FFF738FC0323002269468DF800008DF8AA
:10EB400001300A48002329F0BAFA094825F07EFE70
:10EB50002046FFF719FC204629F014FB054825F054
:10EB600075FEFFF7ABFA0CB010BD00BFCC0F002054
:10EB70002C0600201C06002008B5FFF713FC002817
:10EB800005DBD4235843024B02221A54002008BD4F
:10EB9000885E002030B59DB004460D462CF0A3F9E8
:10EBA0006946FFF7F3FA08A9204607F009F99DF82E
:10EBB00021302BB920462DB129F0E4FAFFF77EFA77
:10EBC0001DB030BDFFF7D8FF2046FFF72BFC38B152
:10EBD000038D4BB112A9204607F0F2F8FFF76EFA49
:10EBE0000A4825F033FEEBE7094A8260094AC26011
:10EBF000012202824FF6FF72C282037600F1080101
:10EC0000406809F081FB0028E4D0E9E71C060020F9
:10EC1000AA8F060069E4020030B587B0FFF746F915
:10EC2000044688B105787DB929461822684633F034
:10EC3000EFFA074B019301340123694628460294F9
:10EC4000ADF80C3009F056FA002007B030BD00BF17
:10EC5000C853060073B5194C194EB442254602D369
:10EC60006FF0120008E02B68DB68043433B9154CF0
:10EC70002368AB4211D1002002B070BD9847C0F3A9
:10EC800007238DF804008DF80530C0F30743C0B2A8
:10EC90008DF806300028E0D0E9E723B11B689B68B7
:10ECA0000BB1002098472B6825609B68002BE2D0B1
:10ECB000012002B0BDE87040184700BF58AF060001
:10ECC0005CAF0600885F002007B5094B01911B6807
:10ECD000834207D19DF8063033B903B05DF804EBE9
:10ECE000FFF7B8BFFFF7B6FF002003B05DF804FBE5
:10ECF000885F002070B5094C094D0A4EAC4223468E
:10ED000003D3BDE87040FFF7A5BF1B681B6904343F
:10ED1000002BF3D030469847F0E700BF58AF06000D
:10ED20005CAF0600C9EC020082B000B58DB00DF1F9
:10ED3000380C8CE80C00464B1B68834240F0818005
:10ED40009DF83830032B7FD8DFE803F0024A273BD9
:10ED50009DF8393005939DF83A308DF81010003B3E
:10ED600018BF01238DF8183033F05EF94FF47A7232
:10ED7000A0FB020302FB0131C00B40EA414010AB93
:10ED8000C90BCDE9080183E8030004AB0FCB0DB03C
:10ED90005DF804EB02B0FCF7D1BB9DF83A20DDF83A
:10EDA00041309DF83B109DF83900003A18BF012210
:10EDB0001092BDF83D200DB05DF804EB02B0FCF7F9
:10EDC0008DBC9DF839308DF810108DF81130214A26
:10EDD000049853540DB05DF804EB02B0FFF756B839
:10EDE000122200210DF11E0033F012FA01230493C8
:10EDF00033F01AF94FF47A72A0FB020302FB0131DF
:10EE0000C00B40EA4140C90BCDE908019DF84330F1
:10EE1000DDF83900DDF83D108DF8283005AB03C36F
:10EE2000BDF841201A800CAB13E90F008DE80F00EC
:10EE300004AB0FCBFCF7A8FB0DB05DF804EB02B000
:10EE400070476FF01500F7E76FF08500F4E700BF3B
:10EE5000885F0020B9A7002082B0F0B5254D91B0A1
:10EE60000C4616A981E80C002B680646002B3DD005
:10EE70001B68002B3AD01B68002B37D020220021C2
:10EE80000DF11D0033F0C4F901238DF81C30A36887
:10EE9000CDF82D30E368CDF83130179BCDF8353003
:10EEA0009DF8683061688DF8393010229DF8703017
:10EEB0008DF83A300DF11D0027F01BFF2B680AADCD
:10EEC000D3F800C00FCD6C460FC495E8030044F89A
:10EED000040B07AF217097E80E00DCF800403046C5
:10EEE000A04711B0BDE8F04002B070476FF01200CB
:10EEF000F7E700BF885F002018B9034B1B780B7041
:10EF000070476FF015007047B9A7002008B5044896
:10EF100002F0BAF8002818BF6FF0150008BD00BF56
:10EF200059EF0200014B1878704700BF140E002003
:10EF3000084B1B780B2B4FF001000AD8984010F4B7
:10EF4000CD6F05D110F4016F0CBF01200020704778
:10EF500002207047140E00200A2808B5024613D07C
:10EF60000A4B0B491870FFF7E3FF02280AD10B7810
:10EF7000032A08BF43F001030B70BDE808400548B1
:10EF800025F064BC0023F7E708BD00BF140E002085
:10EF9000BAA700209006002008B5FFF7C9FF022895
:10EFA00006BF034B1878002000F0010008BD00BF29
:10EFB000BAA7002010B50948094C24F0C9FE20600A
:10EFC00048B1084B0849B02203F0F8FC20682AF049
:10EFD0008DFD002010BD6FF01500FBE7C88F060007
:10EFE0008C5F00202C540600CE8F060038B50446F6
:10EFF0000D46FFF797FF0B280BD8DFE800F01E1E29
:10F000000A0A1E060A0A0A0A0A1EBDE8384002F069
:10F0100019B84FF476720023094825F03DFA0948E3
:10F020002146006800232A462AF06AFD044610B1F2
:10F03000034825F0F7F9204638BD6FF01204FAE7CF
:10F04000341100208C5F0020014825F0EBB900BF8F
:10F050003411002007B5064B0093064906480A23E1
:10F060004FF4407225F0F8FB002003B05DF804FB7C
:10F070004454060000AF002098220020004870474A
:10F08000982200202DE9F04F2C4F436885B00026D0
:10F09000894690460093344607F1040A7B687A69F2
:10F0A00026489A1AFB699B1AA8EB0402934228BFD0
:10F0B0001346514603AA29F0BDFDA8B323184B44BB
:10F0C0004FF0000B019309EB04015B464FF0AC0ECF
:10F0D00011F801CB039AACF1AB05022D08D83EB96B
:10F0E0005D1CA84202F803E00BF1010B24D92B466A
:10F0F000039A5D1C02F803C0019B8B424FF000068F
:10F1000001D0854216D32A4651460C4829F0B8FD55
:10F110000B4B1B682C44A4EB0B040022D3F808B063
:10F12000009B29463846D8474445B7D3012005B04F
:10F13000BDE8F08F2B46CBE70126E4E7A0060020D0
:10F14000905F00202DE9F74FDFF898A0DFF8988056
:10F150000746894616460024DAF81020DAF8083007
:10F160001E499B1A321B934228BF1346A1F110007F
:10F1700001AA29F05FFD054618B34FF0000B019A74
:10F18000404612F80B1029F07CF828B1019A12F8C9
:10F190000B2009F8042001340BF1010BAB45EED133
:10F1A0000E492A46A1F1100029F06AFDB44298F8F0
:10F1B00000300ED2042BCFD10020B86003B0BDE8E0
:10F1C000F08F4FF0FF324FF0FF33054825F064F920
:10F1D000E6E7042BF0D00120F0E700BFD0060020C6
:10F1E0007C110020C0060020BBA700202DE9F041C3
:10F1F000054686B0214E22484FF0FF334FF0FF32D4
:10F2000025F016F83368002B32D05C680CB1A047AB
:10F2100004461C4B1C48CDE9023400274FF0FF3355
:10F22000CDE904370122AB230DF107018DF807303A
:10F2300029F03CFD33681448D3F808803A46012190
:10F240002346C04711492A4602A830F013FC90B16A
:10F25000AD2301220DF107010B488DF8073029F08D
:10F2600025FD336808489D68012223461146A847BA
:10F27000034825F055F806B0BDE8F081905F002006
:10F28000600F002085F00200A0060020D854060080
:10F290002DE9F041254EDFF8A480A4B0002796E8C0
:10F2A00007006C4618AD85E8070084E807002422B3
:10F2B000002103A832F0ACFF03AA4146204630F0FB
:10F2C000DEFE1B4B1F700028E9D028F0FEFF9DF8E2
:10F2D00010201849184B994210D32E2200210DF10D
:10F2E000320032F095FF0123ADF830300223ADF843
:10F2F0003830ADF83C308DF83E3011E0087A90425D
:10F3000012D10B6803AA28469847039B19930FCD87
:10F310000CAC0FC40FCD0FC495E80F0084E80F00AC
:10F320000CA8FFF763FFBAE70C31D4E7B03406004E
:10F33000BBA700204C1400207014002010550600BC
:10F3400037B56846FDF744FC9DF80050124C134851
:10F350004FF0FF334FF0FF3224F06AFF23683BB1D8
:10F360001A78AA420FD01B6903B198470023236083
:10F370000B4B0C4A934206D21978A94209D123605B
:10F38000DB6803B19847054803B0BDE8304024F07E
:10F39000C7BF1433EEE700BF905F0020600F00206E
:10F3A00044AF060058AF06001C49DFF884C0F8B52A
:10F3B00000201B4E02464FF0FF340F46B1420DD3E2
:10F3C00042B1184B1849DB1BDB08B14288BF002350
:10F3D000013BD380FFF7B4FF0020F8BD0D79134B3C
:10F3E000634509D30023B4F1FF3F0BD198802C462D
:10F3F000013008311A46E1E793F808E0AE45F2D053
:10F400000C33EDE7A542F2D0002AF0D084B204F12B
:10F41000FF3EA2F806E09C80E9E700BFB8AE060018
:10F4200040AF060047AF0600B1AE06004C14002006
:10F43000701400207FB56B4683E80300002205921C
:10F440000392064A029293E80300049002A8ADF8E2
:10F45000141027F0F2FD07B05DF804FB145D060000
:10F46000F0B58FB00446FDF72BFC014620B1FFF745
:10F4700067FF00200FB0F0BD2268174B9A4219D0E9
:10F48000164D174F00908DF804006E46BD422B4676
:10F49000EFD21B68314620469847002805F1040545
:10F4A000F4DB96E80300ADF80C1003990290FFF727
:10F4B000C1FFDEE72E220DF10A0032F0A9FEA0689E
:10F4C00003900223ADF8083002A8A389ADF81030EC
:10F4D000FFF78CFECDE700BF145D0600B0AE06005E
:10F4E000B8AE06002DE9F04104468D881B48C98856
:10F4F0001646A9420ADA2E220021A01C32F088FE0C
:10F500000123238002232381A3811AE010F83570A0
:10F510009F424FEAC5021ED1114FBB1893F80680D7
:10F52000B8F1000F0FD100F045F801280BD02E22C2
:10F530004146A01C32F06CFE02220123238022816E
:10F54000A281A37304E057F835303146204698472E
:10F550002046BDE8F0810135CBE700BFBDAE060017
:10F56000B8AE060000487047C0060020014824F0ED
:10F5700059BF00BF7C11002000487047A006002042
:10F580001FB50023CDE90233044B8DF80C0001A810
:10F59000019327F052FD05B05DF804FB185D0600ED
:10F5A0000268034B9A420CBF08300020704700BF2E
:10F5B000185D0600014B1878704700BF150E00203B
:10F5C000044B1A78012A03D001201870FFF7D8BF26
:10F5D000704700BF150E002010B52E2204460021F2
:10F5E000023032F015FE012323800422A381024B56
:10F5F00022812361204610BDFDF50200F8B50B4CB9
:10F600000B4F05460E46BC4201D3012005E03146B2
:10F61000284630F0CEF808B90020F8BDA188284669
:10F6200030F034F80028F7D00834ECE7B4130020A9
:10F630004C1400202DE9F043DFF848801568DFF80E
:10F64000489085B006460F4600246B68A34201D857
:10F65000012005E03946304630F0ABF818B90020FB
:10F6600005B0BDE8F083AC606A4649463046CDE956
:10F670000085CDE9028530F0C6F80028EFD00134CE
:10F68000E3E700BF8DF60200245706002DE9F04F96
:10F690000F461268DFF8AC9093681268DFF8A8A0F4
:10F6A0000646388A1901012802EB031318BFD3E973
:10F6B00002844FF0000504BF52F801805C6887B0F7
:10F6C000AB46454501D1012038E03946304630F09F
:10F6D00070F8002831D0CDE903BBCDE90194CDF815
:10F6E00014B0237B042B28D8DFE803F01903091D8D
:10F6F00025000323ADF80C306368049306E004236F
:10F70000ADF80C3063680493A368059301AA5146D1
:10F71000304630F078F8103478B10135D1E7022363
:10F72000ADF80C30F2E70523ADF80C3040F6FF736E
:10F730000593FF23E1E70623F2E7002007B0BDE8C9
:10F74000F08F00BFDB82050038560600F7B5CE68A3
:10F750000446B0B2FBF7EAFC014658B92E22A01CC1
:10F7600032F056FD0123238002232381A38120460A
:10F7700003B0F0BDFBF790FC194D1A4B9D4222D30C
:10F7800000256B46002200925A6020B1826897697A
:10F79000F7B11946B847144F019B3B602E22009BDE
:10F7A0007B600021A01C32F033FD01232380042361
:10F7B00023810223A3810D4B2661C4E905350C4B3F
:10F7C000C4E90737D3E72A688242DAD00835D5E79B
:10F7D000D269002ADFD092E8030083E80300DAE769
:10F7E00018AE0600B0AE0600945F00200583050049
:10F7F00035F6020030B585B0044600212E220230D5
:10F800000191039132F004FD01232380A381084B71
:10F810000093084B0293032204AB228113E90F00EB
:10F8200004F1100585E80F00204605B030BD00BF8B
:10F8300091F802007D83050070B5134D134E044608
:10F84000B5422B460CD32E220021A01C32F0E0FC46
:10F8500003220123228104222380A281237410E049
:10F860001B689847002805F10405E9DA2E220021DB
:10F87000A01C32F0CDFC0123238003232381042329
:10F88000A381204670BD00BF40AF060044AF060014
:10F8900010B504462FF08DFF30B120460349BDE876
:10F8A00010400E222FF09FBF10BD00BFE790060052
:10F8B0002DE9F043164FDFF85C80DFF85C9087B0ED
:10F8C00005460E460024E0B2FDF788FBFF288DF8C0
:10F8D000030016D0314628462FF06BFFA8B19DF8E3
:10F8E000033001AACDE9013749460DF1030328464B
:10F8F000CDE9033805932FF086FF30B10134082C91
:10F90000E1D1012007B0BDE8F0830020FAE700BF95
:10F91000BF8305009DF90200145906002DE9F04F40
:10F920008BB0D2F80080DFF870B001910646002558
:10F930004FF00E0AD8F814309D4201D3012028E080
:10F94000D8F8107001990AFB05F9304607EB090455
:10F950002FF02FFFE0B137F909300393B4F90230EB
:10F960000493B4F904300593B4F906300693B4F95E
:10F970000C300793B4F908300893B4F90A300993AE
:10F9800003AA594630462FF03EFF08B10135D1E7B2
:10F9900000200BB0BDE8F08F485806002DE9FF4766
:10F9A0001368DFF85CA093F80090002506460F4628
:10F9B000A846A9B24846FDF747FBCDE90188CDF836
:10F9C0000C80044640B1406830B1FBF791FBA3685E
:10F9D0000293E36801900393394630462FF0E9FE25
:10F9E00058B101AA514630462FF00DFF28B101351C
:10F9F000282DDED104B0BDE8F0870020FAE700BF73
:10FA0000E85806002DE9F041044688B0088B0D4601
:10FA1000FBF78CFBA61C014670B92E22304632F053
:10FA2000F7FB01232380052323810223A381237471
:10FA3000204608B0BDE8F081EB69069300270DF180
:10FA40001008CDE904702B6A0793404627F0ACFA02
:10FA5000B8420CDA2E223946304632F0D9FB012367
:10FA60002380052323810223A3810323DFE708AB3F
:10FA700013E903008DE8030098E80C00298A287B2D
:10FA8000FDF702FB002816DA16304FF02E02394639
:10FA9000304608D132F0BCFB05220123228102222C
:10FAA0002380A281C3E732F0B3FB0123238002232A
:10FAB0002381A381BCE7094B029301258DF80C50EB
:10FAC00018460399FFF7B6FC2E223946304632F02D
:10FAD0009FFB0523238125800223EAE7050001001F
:10FAE00038B50446FBF7B4FB2E2205460021A01CC6
:10FAF00032F08EFB01232380052323810623A3817B
:10FB0000024B25616361204638BD00BF11FB020036
:10FB10002DE9F04F87B0054601A80F46FBF78CFB97
:10FB2000DFF84490DFF844A0DFF844B00646002434
:10FB3000A64201D1012014E0019B3946284653F822
:10FB400024802FF036FE58B102AA59462846CDE946
:10FB50000298CDE904A82FF056FE08B10134E7E77A
:10FB6000002007B0BDE8F08FF38305001DF9020007
:10FB7000845806002DE9F0478AB02022002106466D
:10FB800002A832F045FBFDF7E1FA071E35DBF8B2BB
:10FB9000FDF724FA204D214B039701278DF80470BF
:10FBA00028700199009304461846FFF743FCDFF8DC
:10FBB0007090DFF870A0B8460E220021B01C32F021
:10FBC00027FBCDE9054A0123338005233381ADF8B6
:10FBD000088009238DF8107002ACB3810FCCCDE9F9
:10FBE0000759099506F110050FC594E80F0085E83F
:10FBF0000F0030460AB0BDE8F0871C374FF000090F
:10FC000014BF012302238DF80C304D46CA464C46E2
:10FC10004F464FF00208CFE7BCA7002005000100C7
:10FC20009DF90200BF83050073B50446087BFDF70C
:10FC3000AFFA00284FF0010519DB104B00938DF847
:10FC4000045002AB13E90300FFF7F4FB00262E2259
:10FC50000021A01C32F0DCFA01232380052323813C
:10FC600020460A23A3812582A67402B070BD1630F7
:10FC700014BF2E4602260225E9E700BF0500010059
:10FC80002DE9F0410C4688B018220021064602A852
:10FC900032F0BEFA217C207BFDF792FA00282CDBA3
:10FCA00054F80C3F039301251A4B8DF80450019929
:10FCB00000931846FFF7BEFB174FDFF860802E2237
:10FCC0000021B01C32F0A4FACDE904840123338072
:10FCD0000523CDE90674ADF80850338102AC0B233F
:10FCE000B3810FCC06F110050FC594E8030085E839
:10FCF0000300304608B0BDE8F08116304FF0000731
:10FD000014BF012303238DF80C303C46B84602256E
:10FD1000D5E700BF050001009DF90200BF83050083
:10FD200073B5044627F087F9002804F102050CDAC0
:10FD30002E220021284632F06BFA01232380022371
:10FD40002381A381204602B070BDFDF739FB002856
:10FD5000EEDB0B4B0093002602AB8DF8046013E939
:10FD60000300FFF767FB2E223146284632F050FA97
:10FD70000123052223802281A2812374E2E700BFB0
:10FD800005000100F7B50D46097C0446861C61B9E3
:10FD90002E22304632F03CFA0123238005232381B2
:10FDA0000C23A381204603B0F0BD05F110073846AF
:10FDB000F7F722FA39460246287BFDF71FFA00289A
:10FDC00017DB0E4B009301238DF8043002AB13E9CF
:10FDD0000300FFF72FFB00252E220021304632F0D2
:10FDE00017FA01232380052323810C23A381257483
:10FDF000D8E7163014BF01250225EDE70500010004
:10FE000070B50C4688B014220021054603A832F0D4
:10FE1000FFF9217C207BFDF779F900284FF00104E0
:10FE200023DB154B049304A8ADF80C4028F013FB1A
:10FE3000124B8DF80840029901931846FFF7FAFA21
:10FE40002E220021A81C32F0E3F901232B80052388
:10FE50002B8103AC0823AB810FCC05F110060FC634
:10FE600023683360284608B070BD0223ADF80C301B
:10FE70008DF81040E4E700BFB1F802000500010072
:10FE8000F0B589B0CD680446FBF7E2F90023CDF860
:10FE90000E30CDF812300646ADF8163004A8194BD6
:10FEA00004930127ADF80C7028F0D5FAE8B2B042FF
:10FEB00013D0FBF73DFA0028BCBF0223ADF80C308D
:10FEC000114B01934FF001038DF8083002990E4851
:10FED000B8BF8DF81070FFF7ADFA2E220021A01CDC
:10FEE00032F096F9012323800523238103AE0723F3
:10FEF000A3810FCE04F110050FC533682B60204697
:10FF000009B0F0BDB1F80200050001007FB56D46F3
:10FF100004460D4B009300262846019628F09BFAD4
:10FF200031462E22A01C32F073F9012305222380D2
:10FF30002281A38195E80F0004F1100686E80F00E6
:10FF4000204604B070BD00BFB1F8020073B504468E
:10FF5000FBF79EF9002817DA10F1860F25D01C3028
:10FF60000CBF0325012502262E220021A01C32F001
:10FF70004FF9012323800523238120460423A381F5
:10FF80002682A57402B070BDFDF78CF90028E3DB72
:10FF9000074B009300238DF8043002AB13E90300F4
:10FFA0000126FFF747FA3546DEE70225DBE700BF0B
:10FFB00005000100014B002018707047D8A70020F1
:10FFC0000148002303607047A05F002010B51C4665
:10FFD0001B680B442360084BBFF35B8F1B68BFF3A8
:10FFE0005B8F12B922689A4204D9044824F02EFC8F
:10FFF0000023236010BD00BFA45F0020E0060020A6
:020000023000CC
:1000000038B5FDF7B1FD044628F055FA054614B1A0
:10001000204605F0B7FABFF35B8F054B53E8002F7E
:1000200043E800510029F9D1BFF35B8F38BD00BF11
:10003000A45F002008B5FFF7E3FF024B01221A700E
:10004000002008BDD8A700202DE9F347FDF78CFD5F
:100050000546FFF791FA044645B9C0E90255C0E9E3
:1000600005554560056102B0BDE8F087284628F0D7
:1000700022FA1A2829D8284628F01DFA07462269AC
:10008000A3689A421BD01E480022002324F004FAE1
:100090000028E8DBDFF870A0002604F11009B74261
:1000A00003D9A26821698A4211D1164928468E8255
:1000B00007F002FF002802DA114824F0B3F92846BD
:1000C00002B0BDE8F04705F05DBA1B27D7E7BB1BC0
:1000D000521A934228BF1346494601AA204628F0E7
:1000E000A9FD0199804602460AEB060032F068F845
:1000F0004644424649462046B6B228F0C1FDCEE706
:100100004C110020F0060020BDA700202DE9F74388
:100110001E46174B1B7890464BB1FFF723FA00277A
:10012000044600F10409BE4205D8FFF71FFA304625
:1001300003B0BDE8F083636862699A1AE3699B1AA9
:10014000F21B934228BF1346494601AA204628F0D5
:1001500071FD054630B1024608EB0701019832F007
:100160002FF82F442A464946204628F089FDDAE731
:10017000D8A7002008B5044824F054F9BDE8084089
:10018000024824F063BB00BF4C110020E0060020B1
:1001900010B5094C0A44914200D110BD11F8013B41
:1001A000584003090001E35CC0B2434018091B0139
:1001B000205CDBB25840EEE729910600014B1B683A
:1001C000184700BF5C07002030B585B004460D46D7
:1001D00010220021684632F01BF802238DF802300D
:1001E0002A46044B01932146684625F04BFC05B096
:1001F00030BD00BFBD01030080B505460E46174661
:10020000984624F00DFF034632F0A2FBDFF8189069
:10021000044649F80030424630463946A84754F86B
:10022000090001F033FE00BF0800000008B50446D5
:10023000EFF31183202383F31288BFF36F8F1FF036
:1002400039F9204601F010FE024828F015FB29F08C
:100250003FFBFCE7399106002DE9F047058B04468A
:100260002807904611D4022905F0070540F0CC80FC
:10027000204628F0B9FB78B10138218B042811D829
:10028000DFE800F0C2106D85950001290CBF45F034
:10029000100545F02005258388F31188BFF36F8F83
:1002A000BDE8F08701F0070AAA4500F0A580002705
:1002B000B9463E46A368002B00F0BC8041F008011F
:1002C000218388F31188BFF36F8FA168002900F0A4
:1002D000BA800D68002900F0B680D1F8048033465A
:1002E00052462046C047002D76D02B6829461D4631
:1002F000F0E701F007035A1F012A1BD8002221F062
:100300000701062B276889B2C4E9002209D13B46C0
:1003100003E0628B013262831B68002BF9D141F04C
:1003200002012183204628F05FFB00287AD041F0AB
:10033000200176E0042B0AD121F0070189B2218344
:10034000204628F051FB10B141F020012183218B80
:1003500001F0070AAA454FD00027B946AAE723694A
:1003600021F0070141F00601062DD3F8009021830A
:100370002DD1B9F1000F3FD041F00801218388F35E
:100380001188BFF36F8F3A492046C84729E021F012
:100390000701236941F0040189B2042DD3F80490C8
:1003A0002183E6D000273E464FF0040A82E721F081
:1003B0000701236941F0050189B2052DD3F80890A2
:1003C0002183D6D000273E464FF0050A72E700276A
:1003D0003E464FF0060A6DE72B4687E7B9F1000F5E
:1003E000D1D1EFF31188202383F31288BFF36F8FED
:1003F000238B23F008032383258BEA062ED525F0D3
:100400001003238305F007056669218B002EBFF6D4
:1004100070AF00232768C4E9003321F0070141F0E1
:1004200001012183218B01F0070AAA454FF0000941
:100430007FF440AF002F9CD041F00801218388F366
:100440001188BFF36F8F002FC8D03D6839463346FF
:100450005246204628F0F4FA2F46F4E7AB067FF523
:100460001BAF25F02003238305F0070500E700BF3D
:100470006D8A05002DE9F7430F4606460821C06A3C
:10048000DFF8509028F09BFC3C68241A80463C60C2
:1004900004EA0905AC4203D8002003B0BDE8F083AC
:1004A00008236A462146304628F021FC0028F4D172
:1004B0006946304628F08DFC40B1BDF80230BDF8E9
:1004C00004203C6005EA090513441D44A4EB08041C
:1004D000E0E700BF0000FFFF73B504460821C06AD3
:1004E000124E28F06CFC4FF6FF726368ADF80020E6
:1004F0008DF80620A289191833401344181A0025D4
:1005000060606846ADF80210ADF8045028F04EFC6B
:100510006946204628F01DFD2046211D28F020FCBC
:10052000636828463340A36002B070BD0000FFFF3F
:100530002DE9F047044688B000F11407384631F041
:100540001EFAA06A8368DB689847E06228B96FF0FA
:100550001505284608B0BDE8F087A06A8368DB6807
:1005600098470368013B1F2BF1D8A06A216805AAB0
:100570002DF0FDFF0028EAD1A589002DE7D0069BCC
:10058000B5FBF3F203FB1255002DE0D1E389012BFB
:10059000DDD9E36A009593F805904FF0FF334FF0F3
:1005A000FF32384623F044FEE06A082128F007FCB9
:1005B000A8460646E3891FFA85FA534508D8E38919
:1005C000434523D1384623F0ABFE6FF02C05C0E73E
:1005D000A1892B04891B13FA81F14A46082320467E
:1005E000009128F092FB78B16946204628F0B8FBCC
:1005F00008F10108009908234A4620461FFA88F8A6
:1006000028F083FB0028DAD00135D3E753450BD11E
:10061000009908234A46891B204628F076FB18B922
:100620006946204628F09CFB69462046FFF722FFDA
:10063000054618B1384623F073FE8AE7009B6360D5
:100640004FEA13484FEA0848C4F80880D4E9011378
:1006500099420FD3082301AA204628F048FB0546FB
:100660000028E7D101AB13F8012B914533D10135B7
:10067000082DF8D163681B0C1B04694620460093C3
:1006800028F06EFBA38900994A46204628F03DFBDE
:10069000051ECFDB636876D006EB03084FF6FF79C3
:1006A000A389CDF800801FFA88F29B1B9A422ED3B3
:1006B00000236168002B43D0090C090400912046F7
:1006C000694628F04DFB0099204628F056FB054668
:1006D000002D74D0AEE701A9204628F07AFB6268AD
:1006E00010B9921B6260B1E7BDF80850BDF8061062
:1006F000E06AC4F80880294428F061FB4044904235
:10070000A060EED1002DECD06FF01C0568E008234E
:1007100003AA4146204628F0EAFA0546002889D176
:1007200003A9204628F055FB30B1BDF80C304B45ED
:1007300002D1BDF810300BB1B044B1E70123B8E7E6
:10074000204628F01AFB054600287FF473AF636843
:10075000264AA18913400B44A3EB46036360134070
:10076000A360204628F01DFCB1E75B1A4A462046EC
:1007700028F0CBFA051EFFF65DAF08D0E26AA36849
:1007800012681344A360D4E901318B42EDD861684B
:10079000A38901EB46029A429AD1DFF85080A26801
:1007A00001EA08039A4293D0204628F0E6FA05466B
:1007B00000287FF43FAF636803EA0803A360A389BE
:1007C000A288A3EB46039A4206D0384623F0A8FD40
:1007D000012323740025BCE6204628F0CBFB054608
:1007E000384623F09DFD002DF2D0B2E60000FFFF59
:1007F000014B036000207047705D060070B54469CE
:100800000D46002C3FD0244A2379565CB3423DD09C
:10081000224A525C9A423CD1A3689847002814DAD5
:10082000022D10D0032D0FD110F1860F0BD0BFF386
:100830005B8F54E8003F43F0020344E80032002A93
:10084000F7D1BFF35B8F267170BD022D267101D0E9
:100850000020F9E7BFF35B8F54E8003F23F0040367
:1008600044E80032002AF7D1BFF35B8FBFF35B8F00
:1008700054E8003F23F0020344E80032002AF7D195
:10088000BFF35B8FE4E76FF05700DDE76FF07700B1
:10089000DAE76FF08500D7E76691060062910600FF
:1008A00070B5104B1C680D46B4B10F4B196800238E
:1008B0008B4202DB6FF0010070BD224612F8106B14
:1008C000864202D001331446F2E7E06830F04DFF73
:1008D00028B12C600020EFE76FF00C00ECE76FF020
:1008E0001200E9E760070020705D060010B588B0CF
:1008F000436802938368C068CDE903320A68002325
:10090000CDE906230C4601AA044905932DF033FED8
:10091000079808B9059B236008B010BDB594050081
:10092000F0B40C4B0C4E5F6A0C4BB34203D36FF028
:100930008500F0BC70475D68BD4209D31C693CB1BD
:1009400095F802C00579AC4502D12346F0BC1847A2
:100950002433EAE7A85F0020B4130020901300209E
:100960002DE9F047134CDFF85080DFF85090054632
:100970000E461746444503D36FF08500BDE8F08767
:100980006268D9F824309A4212D3A36983B190786F
:100990002979884205D13A4631462846BDE8F047D4
:1009A00018475279012A03D13A46314628469847DA
:1009B0002434DFE790130020B4130020A85F002048
:1009C0002DE9F0410B4CDFF8308005460E46174606
:1009D000444502D36FF0850009E063690BB9243404
:1009E000F6E73A463146284698470028F7D1BDE851
:1009F000F08100BF90130020B413002010B504460E
:100A00002DF092FC10F1780F00D050B9054A204625
:100A100028F08BFDD2F8C43023EA0003C2F8C430BA
:100A2000002010BDA85F0020024B00221A605A600F
:100A3000704700BF6360002070B50B4B0B4CA342A6
:100A400001D3002070BD196A1E7F00220439D5B27F
:100A5000AE4201D82433F2E7013211F83250854218
:100A6000F5D10120EEE700BF90130020B413002061
:100A700008B509480378C3F341130A3350F823300B
:100A80003BB100F1080200F110019847C043C00FCC
:100A900008BD1846FCE700BFA85F002004282DE928
:100AA000F14FDFF8A09004460F4616D001282DD153
:100AB000DFF88C8098F8B93043B300F06DFD1F4D1E
:100AC0004D4520D2D5F820B04FF0000A2B7F5FFAB9
:100AD0008AF6B34204D82435F2E7FFF7A5FFE7E72B
:100AE0000BEBC6060AF1010A30792DF01DFC024617
:100AF000307928F01AFDD8F8C430002A23EA000320
:100B0000C8F8C430E2DA002388F8B9300B4D4D45FF
:100B100008D30B4B1B6A6BB13946204601B0BDE8C8
:100B2000F04F1847EB681BB13A46214628469847D4
:100B30002435ECE701B0BDE8F08F00BF9013002032
:100B4000A85F0020B413002073B5C4B263060D463D
:100B50008DF8074007D02046FFF76EFF78B10D4BA8
:100B600093F8BA0058B10B4E204655B11AF0CEFF9B
:100B7000F3691BB10DF1070108209847012002B06D
:100B800070BD1AF0EBFFF369002BF7D00DF10701F0
:100B90000920F2E7A85F002073B586788DF8006021
:100BA000037942791C4C43EA0223ADF80230C37842
:100BB000304603F003038DF8043028F0B6FCD4F877
:100BC000C430184205460BD0304600F0C7FC304612
:100BD000FFF714FF31F0F9F810B9962024F0DEF990
:100BE00068461AF06FFF10F1780F03D010B10020A3
:100BF00002B070BD9DF800001AF0ECFF10F1780F04
:100C000001D00028F3D1D4F8C43001202B4384F85C
:100C1000B900C4F8C430EBE7A85F00202DE9F04725
:100C2000A34EB36904460F461546FBB9237803F07B
:100C30001F03012B00F09D80022B00F0048133BBC9
:100C400094F900002A686178002834DA062912D065
:100C500008292BD0D9B901231370517096F8C330ED
:100C60005B0043F00103137002232AE19847002838
:100C7000DCD100200DE06288100A011F01298446A2
:100C800005D9072803D8716AD2B20C781CB96FF065
:100C90001500BDE8F0874E78664503D19A4200F012
:100CA0000B8101332144F0E70B780AE196F8BA3062
:100CB0001370012305E101390829E8D801A353F88D
:100CC00021F000BF5D0D03008F0C03006B0D0300CE
:100CD0008F0C0300E90C03008F0C03008F0C030042
:100CE0008F0C0300F50C0300A0781AF0D9FE002841
:100CF000BFD0CCE76388756A63BBFFF795FE638856
:100D000086F8BA30F369002BB3D06A4903209847BC
:100D1000AFE76B78042B10D0052B11D0022B04D138
:100D20006F796388BB4208BF01202B781D442B7864
:100D3000002BEED10028AAD0DFE795F80380F4E776
:100D40006388BB42F1D1B8F1000FEED12846FFF71E
:100D500023FFEAE7FF270020B846E8E76388012B76
:100D600095D1002386F8C33083E76388012B8ED1A9
:100D7000F8E796F8BA30D5F800C0002B87D0756A2E
:100D8000A38894F804E02A46107800283FF47FAF47
:100D90005178022904D192F80480F04500F2938042
:100DA0000244F1E78CF800208CF80120396060E7FC
:100DB000154494E00B2A7FF46AAF00274FF0FF0838
:100DC000C146BA4606E06B78042B0FD0052B21D024
:100DD0002B781D442B78002BF5D1F36913B15146C4
:100DE00007209847002F7FF444AF50E795F8028022
:100DF000A38895F803909845EAD163889945E7D18F
:100E0000B8F1070F1CD806EB0803AA4683F8BB907D
:100E10000127DDE7A3884345DAD1A3784B450AD003
:100E2000AF78384600F09AFB3846FFF7E7FDB0FA96
:100E300080F77F09CCE72846FFF7AEFE0746C7E7F5
:100E4000AA460027C4E794F900206378002A18DA3C
:100E5000002B7FF41CAF24792D6863060AD020464E
:100E6000FFF7EAFD00283FF412AF96F8BA30002BE6
:100E70003FF40DAF294620461AF090FE00236B7018
:100E8000F2E6012B08D0032B7FF401AF6388002B1F
:100E90007FF4FDAE012103E0618800297FF4F7AE05
:100EA000A088FFF751FE00287FF4E3AEEFE600BF15
:100EB000A85F002062600020022829607FF4F4AE61
:100EC0004B883B60D5E694F9000062780028BFF6B5
:100ED00071AF002A3FF466AF0A2A7FF4D8AE2A78B1
:100EE000002A3FF4D4AE697804297FF461AFA97871
:100EF0008B427FF45DAF072B96BF9B19002393F8BD
:100F0000BB308CF80030D4E613B5164C237DF3B912
:100F1000E268A168019201AB802028F014FB019ADD
:100F2000A3681344A360E3689B1AE3606BB962B1E2
:100F30002369E2889A4208DD94F8C82093FBF2F115
:100F400002FB11330BB90123237502B010BD00233E
:100F50001A4619468020237502B0BDE810401AF0E9
:100F600063BE00BFA85F002030B585B000230246F5
:100F70000D460193002858D1002935D108220B468F
:100F80000DEB02012DF0E9F9002804DA80201AF0B7
:100F9000BDFD05B030BD2A4C029A2260039A626002
:100FA00004F13802A2609DF90820BDF80E302575C5
:100FB000002AC4E903550ADB802B04D980201AF0EB
:100FC000A5FD0020E3E713B1C4E90333E1E7FFF730
:100FD0004FFD0028DAD0E28823699A42D4BFE2604C
:100FE000E360FFF791FFD4E7154CD4E90215002D1B
:100FF00001AB04DC2DF0B1F90028CADAC6E72A46B5
:101000002DF0ABF90028D9DB019AA3681344A36043
:10101000E3689B1AE360002BBBD104F13803A360A3
:10102000FFF726FD0028DCD1B0E78028B1D1044BC2
:10103000DA68002AD5D11B7D002BD2D1A9E700BFE9
:10104000A85F0020044B93F8C3300BB12DF094B986
:101050006FF00C00704700BFA85F0020054B064AE8
:101060009A62064ADA62064A1A63064A58629A6126
:1010700000207047A85F00201D0C03002109030019
:10108000C1090300610903002DE9F3410446474DFE
:1010900047484FF0FF334FF0FF3223F0C9F895F87F
:1010A000B830002B7BD16B6A83B142482C62E86177
:1010B0006E6A1AF0D3FE1AF0C1FC041E10DA3C4826
:1010C00023F02EF9204602B0BDE8F08100F0BEF812
:1010D000FFF7C4FF6B6A002BE7D14FF0FF34EEE758
:1010E00000F07CFA041EEADB7378012B5AD1F37905
:1010F000002B57D00026684685F8C830ADF802307E
:101100008DF804608DF800601AF0DCFC041ED6DB5C
:10111000802768468DF800701AF0D4FC041ECEDBE0
:10112000254930461AF086FE041EC8DB224938469F
:101130001AF080FE041EC2DB204CDFF88480444598
:101140001AD300201AF046FD041EB8DBD5F8C430CF
:10115000802043F00103C5F8C4301AF03BFD041EA3
:10116000ADDBD5F8C43043F48033C5F8C430012377
:1011700085F8B8300024A2E7276A0026227FF3B260
:101180009A4201D82434DAE707EBC30257F8331048
:1011900010791AF04FFE01360028EFD09DE76FF06E
:1011A00077048CE76FF0150489E700BFA85F002083
:1011B000880F00209D0A0300690F03009013002090
:1011C000B413002030B51F4B8BB005AA03F11005F6
:1011D00018685968144603C40833AB422246F7D155
:1011E0001B7823701022002101A831F011F812227F
:1011F0000021154831F00CF8102101A82DF02AFB30
:1012000000281BDD0828B8BF0820093801AB0E49AB
:101210001A18002012F8013F0AAC04EB131403F073
:101220000F0328336B44013014F8144C13F8143CAA
:101230000C7008284B7001F10201EBD102480BB091
:1012400030BD00BF6A910600DAA700202DE9F04FFB
:10125000724B93F800B087B0BBF1000F03D0704819
:1012600007B0BDE8F08F6E4C00264FF0011AB04673
:101270003546B14623783BB96A4B02349C42F3D1E0
:10128000664A01231370EAE76378052B1BD8DFE871
:1012900003F08E03C38E1D39402304A88DF810B0CF
:1012A000ADF812308DF814B02DF029F840B10823B4
:1012B00004A8ADF812302DF022F808B1ADF812B044
:1012C000BDF81230E37123781C44D3E7E378002B98
:1012D000F9D1A3786BB108F101085FFA88F8F2E759
:1012E0006B689C4207D024354F4B9D42F8D30020B9
:1012F000B6E74E4DF8E7AB68002BECD041462046F0
:101300009847E8E7002DF2D000222B7F9A42EED2D8
:10131000296AA07801EBC2010B79984201D0013211
:10132000F3E70127E07800F003008DF8140020793E
:1013300094F805C040EA0C20ADF8120094F90200C0
:101340000028FBB228DA07F110004FF0010C0CFA6C
:1013500000F010EA0A0F26D143F080008DF810004B
:1013600004A8CDE9021301922CF0C9FFDDE90121A7
:10137000039BC0B99DF81020A27012F0800F18BF17
:1013800010330A7118BFDBB24FF0010214BF9A404C
:10139000BA404AEA020A96E70120B84010EA0A0F6A
:1013A00001D11846DAE70137102FBBD1B7E7032E7A
:1013B0001AD1FFF707FF074650B1F5F71DFF0246A8
:1013C00030B11028A8BF10223946A01C30F0F8FE1A
:1013D00023786FF00201E218091B04EB5303D1429A
:1013E00013D50136F6B26EE7002EF1D1B9F1000F38
:1013F0003FF47DAFA4EB090389F80230C3F3072360
:1014000089F8033089F80480EBE702F801BC13F88F
:10141000010902F8020DE2E7A14654E7D9A700202E
:10142000F81200208E130020B41300209013002027
:1014300010B5094B00211A461C78844205D15C681E
:101440001CB1482303FB012010BD0131042903F125
:101450004803F1D10020F7E7746000202DE9F34143
:1014600050F8303C10F8346C103304460AD103694C
:1014700050F8282C980736D5D2B9590715D500232E
:1014800044F8303C54F8303C10330BD054E9097523
:1014900054F81C8C30F099FC00284FD02E4821467F
:1014A00030F004FC02B0BDE8F08143F00403236196
:1014B00054F82C1C01AB304628F045F810B16FF001
:1014C0001503DDE7019A54F82C3C134444F82C3CF6
:1014D00054F8283C9B1A44F8283C54F8243C134404
:1014E00044F8243CCEE754F82C1C01AB30461AF0EB
:1014F00017FC0028E3D1019D54F82C3C2B4444F800
:101500002C3C54F8283C5B1B44F8283C54F8243C01
:101510002B4444F8243C002DB1D030461AF0A4FCF2
:10152000B5FBF0F303FB1055002DA8D154F8283C6F
:10153000002BA4D030461AF03BFCA3E744F8200C63
:10154000A4F1180022F06EFF002DABD042463946C0
:101550003046A847A6E700BFD045002010B5EFF3FE
:101560001184202383F31288BFF36F8FFFF760FF8E
:1015700050B14368103307D16FF08B03436000F123
:101580003401044830F092FB84F31188BFF36F8F6D
:1015900010BD00BFD0450020F8B50E4C0425202713
:1015A000EFF3118687F31288BFF36F8F63681033F0
:1015B00007D16FF08B030848636004F1340130F009
:1015C00075FB86F31188BFF36F8F013D04F148046A
:1015D000E6D1F8BD74600020D045002070B50A4CFB
:1015E0000A4E00253146204630F035FB0122A4F199
:1015F00018001146013530F0ABFA042D04F148040F
:10160000F0D1002070BD00BFA86000205D14030071
:101610001FB507240294044C0194BDF818400094AF
:101620002BF0BBF804B010BD160E002010B5084C0E
:1016300086B024788DF81740012402940DF1170428
:101640000194BDF8204000942BF0A7F806B010BD1F
:101650001D0E0020014B1878704700BF1D0E0020A2
:1016600000B589B064288DF8070019D80E4B1822F0
:101670001870002102A830F0CBFD0C4B03930DF144
:101680000703049302A901230020ADF8143006F0EB
:1016900031FD10F1800F08BF002009B05DF804FB98
:1016A0006FF01500F9E700BF1D0E0020545E060024
:1016B0002DE9F0410F4B1C6805460E461746ACB1AC
:1016C0004FF0FF324FF0FF330B4822F0B1FD63685B
:1016D0003246D3F8088029463B462046C047044698
:1016E000054822F01DFE2046BDE8F0816FF00104A0
:1016F000F9E700BF94610020740F0020002303600D
:10170000044B5A6812B9C3E9000070471060586072
:10171000704700BF98610020014B1860704700BF00
:101720009461002030B585B000230546CDE9023331
:1017300001904FF0FF330C484FF0FF3222F078FD5C
:101740000A4B1C684CB9284600F0D0F804460648FD
:1017500022F0E6FD204605B030BD636820461B68D8
:1017600001A998472468EDE7740F002098610020D4
:101770001FB5CDE9010103924FF0FF330A484FF046
:10178000FF3222F055FD094B1C682CB9064822F0A7
:10179000C7FD204604B010BD636820461B6801A940
:1017A00098472468F1E700BF740F0020986100207B
:1017B000024B0022C3E90022704700BF986100205D
:1017C000024B0022C3E90022FFF7F2BFA061002014
:1017D000F8B51C4C1C4E05460F46B44212D31B4EA6
:1017E0001B484FF0FF324FF0FF3322F021FD3468E9
:1017F0007CB1286854F8181C183CF5F7EBFCD0B104
:10180000A469F5E721682868F5F7E4FCB0B118345D
:10181000E3E700226F60AA61726805F118033AB924
:10182000C6E9003300240A4822F07AFD2046F8BDBC
:1018300013607360F6E76FF01004F4E76FF01004C4
:10184000F4E700BFE0320600D0330600A0610020BC
:10185000740F00202DE9F74307460C4609B1002319
:101860000B601F4DDFF8809000264D450FD31D4BB8
:101870001D6885B355F8188C01AA41463846183DB5
:1018800027F0D0FE10B3D6B914BB2E461EE0D5F813
:10189000008001AA4146384627F0C4FE50B116B96F
:1018A00054B92E4606E031680022404627F0BAFEC1
:1018B0000028F5D11835D8E7019B2360F1E731689E
:1018C0000022404627F0AEFE0028DDD1AD69D0E70A
:1018D000019B2360D9E7304603B0BDE8F08300BF29
:1018E000E0320600A0610020D03306002DE9F04769
:1018F000DFF8B090DFF8B0A080464FF00047002638
:10190000274C3D464C450DD3DAF80040002C42D020
:10191000183CB8F1000F25D122695ABBA469F5E73C
:101920002F46EDE7B8F1000F03D122694AB9183408
:10193000E8E720680022414627F074FE0028F4D131
:10194000F5E76368BB4205DDAF4209D09D42A8BF01
:101950001D46ECE7EBD19047002E08BF0646E6E7B0
:101960001D46E4E720680022414627F05BFE002880
:10197000D2D1D3E76368BB4205DDBD4209D09D42A9
:10198000A8BF1D46CAE7C9D19047002E08BF06462A
:10199000C4E71D46C2E7AF42C2D13046BDE8F0877A
:1019A000E0320600D0330600A061002038B50C4DAF
:1019B0000C484FF0FF334FF0FF3222F039FC2B7808
:1019C0003BB9FFF7FDFE00F06DF8044610B90123A6
:1019D0002B700024034822F0A3FC204638BD00BF32
:1019E000ECA70020740F00202DE9F047048FDFF8EA
:1019F000B0A0013498B006468946A4B200F10807A9
:101A0000651EADB2B5F5004F47D04A2305AA294659
:101A1000384627F0C5FC04F57F543F34A4B2804615
:101A2000214601230DF10B02384627F0B9FCB8F12D
:101A3000000F014610DC002810DC338FAB4209D1C7
:101A400032466B1E22F8383F4FF4004102233846DD
:101A500027F074FB2C46D3E7002808DC29463846DB
:101A600027F03AFC2146384627F036FCE5E708F136
:101A700060030DEB0308002308F84C3C5246CDF8F8
:101A8000009003AB05A80397ADF8104027F000FEC7
:101A90000028DFD018B0BDE8F0870020FAE700BFCB
:101AA000FF9605007FB50123694602200193FEF7EA
:101AB000F7FE044660BB02AA01A9022027F01CFD24
:101AC000044610B110F10C0F22D10399B1F5803FFB
:101AD00023D2009A002394681846084484421AD3FB
:101AE0000133082BF9D10E4DA982EB825368AB600C
:101AF0002846D368EB6327F09AFE044640B9094EA6
:101B00006E602846FFF7FAFD28466E60FFF704FE78
:101B1000204604B070BD9BB2E5E76FF02004F7E704
:101B2000A8610020D007002030BFFFF7FDBF00BF35
:101B30002DE9F0410B4EDFF8348006EB0807CC1B93
:101B4000054632460849204630F03AFBA019424685
:101B50000021083C30F05CFB6C6707F10800BDE831
:101B6000F08100BF000000001834060008000000EB
:101B7000054B9A699B689A421FBF044A536843F019
:101B800080535360704700BF14A5002000ED00E0B3
:101B900070B5264B15469A6A12F0100F9A6A14BF58
:101BA0001124102412F0080F9A6A18BF1224920709
:101BB00006460AD5586B9A6A140634D519B19A6A42
:101BC00022F080029A62132401E06FF01500174B97
:101BD0009A6A12F0010F9A6A18BF142412F0200FAB
:101BE0009A6A18BF1524D20602D49B6A9B070AD5AD
:101BF0000E4B5B68190506D5314600F07DFA10B131
:101C000080F309880224094B9A6A920642BF5A6AF5
:101C100022F400525A629A6A42F0FF029A6200234A
:101C20002B70204670BD6FF01500CCE700ED00E092
:101C3000134B9A6A12F0007F9A6A14BF1E201D206F
:101C400012F0807F9A6A18BF1F2012F4002F9A6A40
:101C500018BF212012F4802F9A6A18BF222012F494
:101C6000003F9A6A18BF232012F4803F9A6A6FEAF5
:101C700002426FEA12429A6218BF2420704700BFE6
:101C800000ED00E010B5194B0246986A9C6A10F40A
:101C9000805F14BF1720162014F4006F9C6A18BFD1
:101CA0001820A40509D5986B986A000404D51AB1C8
:101CB0009A6A22F400429A6219200C4B9A6A12F432
:101CC000806F9A6A18BF1A20D2050CD49B6A13F44D
:101CD000005F18BF1C20054A936A43F47F43936258
:101CE00000230B7010BD1B20F5E700BF00ED00E0E6
:101CF00070B5454B5B689CB00546C3F308030026EE
:101D000086F31188BFF36F8F02F07F40B0F17F4FF1
:101D100011D102F00C0008280DD010074CBF0D4661
:101D200001260022033B8DF80720032B05D8DFE8AE
:101D300003F01E5D615A3546F3E700249DF8073035
:101D40009BB96822294602A830F03AFA099B002E76
:101D500054D0C3F3080222B96FEA53236FEA432336
:101D6000099302A9204627F097FD1CB070BD264BB1
:101D7000DA6A9107E1D4DA6A002ADEDBDA6A520015
:101D8000DBD55A69A96942F480725A61BFF34F8F5B
:101D9000BFF36F8F5A6931F8021C22F480725A61C6
:101DA000BFF34F8FBFF36F8F4DF6027291420AD08F
:101DB0009A6AD2B24AB10DF1070201212846FFF713
:101DC000E7FE0446BAE72C68B8E79A6A12F47F4F38
:101DD00005D00DF107010120FFF754FFF1E79B6AE1
:101DE000B3F5803FA9D3FFF723FFEAE70DF1070220
:101DF0000021E3E70DF107010020EDE723F4FF7375
:101E000023F00103ACE700BF00ED00E0044B5A698A
:101E100042F010025A615A6922F008025A61704772
:101E200000ED00E0EFF30880EFF3098101B57246A1
:101E3000FFF75EFF01BD00BF1EF044F8202080F3D5
:101E4000118808484FF40861401880F30988EFF3BF
:101E500014800221084380F31488BFF36F8F00F0D1
:101E6000D3F8000000E20020BFF34F8F0549064B76
:101E7000CA6802F4E0621343CB60BFF34F8F00BF28
:101E8000FDE700BF00ED00E00400FA05084B9B6889
:101E900083420BD1EFF3058343B1064B5A6842F0FE
:101EA00080525A605A6A22F400425A6223F0BEB845
:101EB00014A5002000ED00E023498A6882F8C1E003
:101EC0004FF030001044EFF3098C80E8F01F1EF053
:101ED000100F03D102F1800080EC108A202080F3E3
:101EE0001288BFF36F8F194F4FF000668A698A60BE
:101EF0003E60506F164C206092F9C1E0906F002355
:101F0000936780F311881EF0100F03D00023E1EED9
:101F1000103A03E002F1800090EC108AEFF3148392
:101F200023F0040383F31488BFF36F8F04B51046C6
:101F300000F078F9BDE8044002F1300090E8F01FAD
:101F40008CF309887047000014A5002004ED00E020
:101F5000E86100201EF0040F0CBFEFF30880EFF3E0
:101F60000980816911F8021C0229FFD001B572466F
:101F700027F098FC01BD00BF40B2002807DB044AEF
:101F80004109012300F01F00834042F821307047CF
:101F900000E100E040B200280CDB4309064900F0F4
:101FA0001F0020330122824041F82320BFF34F8FCE
:101FB000BFF36F8F704700BF00E100E0054B42099F
:101FC00000F01F0053F82220012303FA00F0104014
:101FD000704700BF00E100E040B20028A8BF00F158
:101FE000604001F10101B8BF064B4FEA4111ACBF9F
:101FF00000F5614000F00F00C9B2B4BF195480F879
:102000000013704714ED00E0144A08B5144B22F099
:102010007F029A60BFF34F8FBFF36F8FD3F8882092
:1020200022F47002C3F88820D3F8882042F4A0027A
:10203000C3F888204FF04042C3F83422BFF34F8FDB
:10204000BFF36F8F0023E1EE103A21F035FF23F04C
:1020500025F900F0BDF821F071FF00BF007002000B
:1020600000ED00E042F8203C009B42F81C3C019B44
:1020700042F8183C0A49029B42F8143C4FF0807326
:1020800042F8043C21F00101002342F8081C203AE8
:1020900083674FF47D430265C0F8C030704700BFCE
:1020A000F9010300037B13F0020F124B03D190F8E8
:1020B000C120D20611D45A6B42F080425A63D0F844
:1020C000C03019075CBF43F00803C0F8C030037B81
:1020D00043F002030373802070475A6B22F0804262
:1020E0005A63D0F8C0301A0744BF23F00803C0F881
:1020F000C030F0E700EF00E0094A0346906870B195
:1021000013F1160F406E05D0A0F180029A4205D857
:10211000834203D2814228BF0020704700207047CD
:1021200014A50020104B9B6883421AD1EFF3058061
:10213000B8B9EFF31181202282F31288BFF36F8FB9
:102140001A7B22F002021A73EFF3148323F00403C4
:1021500083F31488BFF36F8F81F31188BFF36F8F00
:1021600070476FF01500704714A5002008B515469C
:102170000E460022E1EE102AEFF3148222F0040250
:1021800082F31488BFF36F8FBFF36F8F094A0A4B36
:102190009060426F1A6000F045F82C4686F309887B
:1021A0000020064B98472046002100220023044CC3
:1021B000204700BF14A50020E8610020C398050057
:1021C000F9010300014B10221A61704700ED00E095
:1021D000044800232021C2180133302B82F8001359
:1021E000F9D1704700E100E008B5EFF30583064A36
:1021F000103B02EBC30152F8330049688847BDE841
:102200000840FFF7B5BC00BFCC2F0600024B034AC5
:102210000348012100F07CB80000042000000020E9
:10222000A45E060010B50446FFF73CFF626E03464D
:102230000548D21AC0E90023044B8360BDE8104072
:10224000012100F06FB800BFEC61002000000B1509
:10225000084AC2F898000B6823F01F03034343F0B9
:102260001003C2F89C308B6843F00103C2F8A03021
:10227000704700BF00ED00E02DE9F043DFF860801B
:1022800085B00E461F4604464FF00009B14523DADB
:102290006068D8B13FB1411E08421BD17F2819D9CF
:1022A0002368194216D12368019327F02DFBA368F8
:1022B00003430393D8F89050C5F30725D0B2013DEE
:1022C000A84207D801A9FFF7C3FF421C09F1010981
:1022D0000C34DBE76FF01502104605B0BDE8F08363
:1022E00000ED00E0044B0522C3F89420BFF34F8FAC
:1022F000BFF36F8F704700BF00ED00E0BFF35F8F4B
:10230000024B0022C3F89420704700BF00ED00E0AC
:1023100010B5034C01232278FFF7AEFF207010BDEB
:10232000EDA7002008B50B4A00231278FFF7A4FFA1
:1023300010F1160F07D0084A0021D2F89030C3F3ED
:102340000723984200DB08BDC2F89800C2F8A0102D
:102350000130F2E7EDA7002000ED00E02DE9F043A9
:10236000534B544CD3F890302568C3F307239D4258
:1023700085B000F29A80FFF7C1FF00200C2685424D
:102380001AD14D4C4D4F25706846FEF731FADFF8F3
:102390002081DFF82C9106460025AE4213D1237828
:1023A00043490020D1F89020C2F30722934276DB04
:1023B000FFF798FF002042E0616806FB0011FFF77D
:1023C00047FF0130DBE7009800EB05114FEA051CE1
:1023D000CB683B40B3F5000F48D00AD8B3F5001FD7
:1023E00030D0B3F5800F36D0B3F5801F10D0013553
:1023F000D3E7B3F1807F42D0B3F1007FF7D150F83B
:102400000C3088684A6827F07FFA40F4802009E0A1
:1024100050F80C3088684A6827F076FA40F0885007
:1024200040F43020CDE901230390D8F89030207893
:10243000C3F30723013B98422AD96FF0150005B07A
:10244000BDE8F08350F80C3088684A6827F05CFAE1
:1024500040EA0900E6E750F80C3088684A6827F03F
:1024600053FA40F0007040F40030DBE750F80C30D5
:1024700088684A6827F048FA40F08270D2E750F83E
:102480000C3088684A6827F03FFA40F08870C9E746
:1024900001A9FFF7DDFE237801332370A7E7C1F818
:1024A0009830C1F8A00001337CE74FF0FF30C6E759
:1024B00000ED00E0B05E0600EDA700200000F0FF98
:1024C0000000081108B50649064821F00701C1F1CE
:1024D000005202F5802226F090F9002008BD00BFCE
:1024E000B11A0120F861002003484FF0FF324FF08D
:1024F000FF3321F09DBE00BFE4070020014821F01A
:102500000FBF00BFE407002038B50546FFF7ECFF1A
:1025100008482A46082126F008F9044628B925B1BA
:1025200030F016FA044B0C221A50FFF7E7FF204652
:1025300038BD00BFF86100200C00000010B5044653
:10254000FFF7D2FF2146034826F0B7F8BDE8104058
:10255000FFF7D4BFF861002070B5A0FB01543CB96F
:102560002846FFF7D1FF064640B90026304670BD29
:1025700030F0EEF9044B0C221A50F6E72A462146B9
:102580002FF046FEF2E700BF0C00000070B5416975
:10259000867A0B4D044659B1437ADB0706D42C23C7
:1025A00003FB06535B6A1B689B68984700236361C3
:1025B0002C20214606FB0050BDE870402FF0BABA2F
:1025C000C4110020024B2C2202FB0030704700BFD8
:1025D000C4110020827A064B2C2101FB02339A6A37
:1025E0001B7F1B33801A23F00303B0FBF3F070470B
:1025F000C411002038B5074B827A2C2404FB023327
:102600005B6AD3E901240C601568FFF7E3FF04FB64
:10261000005038BDC41100202DE9F04385B00546B7
:102620006846039190461C462FF000FDDDE90067E7
:10263000EFF31189202383F31288BFF36F8F6B8B25
:10264000002B41D02A8B9A4225D90022002328460C
:1026500021F0B6FE0446F0B189F31188BFF36F8F05
:10266000039B002B41D032463B4668462FF002FDCB
:10267000A27A264B2C2101FB023320465B6A1B68A1
:1026800003A91D68DDE90023A847606170BB2046EF
:10269000FFF77CFF24E0698B4B1E6B8389F3118865
:1026A000BFF36F8F2B7F2A8BAC6A1B3323F003039E
:1026B000521A02FB0344154B154AEB1A9B10534365
:1026C000A3722B7FE372CBE789F31188BFF36F8F7F
:1026D00023464246284621F073FE04460028BFD117
:1026E0000024204605B0BDE8F08363610123002586
:1026F0002381039B6382E27A6560294604F1180016
:102700002FF086FD63692582E360EAE7C4110020AB
:10271000A38B2EBA70B50C4C2C2500B970BD037A72
:102720004668013BDBB20372002BF7D1C360436004
:10273000837A05FB03431B6A13B198473046ECE7E5
:10274000FFF724FFFAE700BFC41100202DE9F84F7E
:1027500007460E469046054629466D68002DFBD17A
:10276000DFF878B04FF02C0A01F10C04204627F076
:10277000A0F986421AD3204627F09BF91FFA80F968
:1027800041464A46204627F04DF9B6EB09064D442E
:10279000C8441FD00C9B63B1DDE90A010D9A98472C
:1027A0000146B8B1384627F009F9DDE71FFA86F986
:1027B000E6E7BB7A03FB0AB0436A9B6843B1B342C6
:1027C00028BF33461946DDE90A23FFF725FFE7E76F
:1027D0003146F8E72846BDE8F88F00BFC411002055
:1027E0000E4A0123C2F840354FF080424FF080512D
:1027F000C2F87835D1F83001082808D1D1F8341161
:10280000052904D80648415C09B1C2F838364FF0B2
:1028100080430122C3F880250020704700E001407A
:102820009691060020B1034B800143F00103184745
:10283000704700BF6035060008B504482EF095FFCC
:1028400000280CBF6FF01200002008BDF42B06001A
:1028500010B503460548826814688AB21946A04735
:102860000028B4BF6FF00400002010BDF42B060058
:1028700010B50C460146084826F097FE50B1022CD0
:1028800008D150F8083C2BB11B691BB1BDE81040C2
:102890000068184710BD00BF1C620020F8B590F911
:1028A0000030002B04460D46174602DB6FF0150082
:1028B000F8BD038823F0E0039BB240F2016293422B
:1028C000F4D1468801791248360A26F060FE0028C5
:1028D000ECD0212E04D0222E0FD06FF08500E7E738
:1028E0000368E1885B685B6813F8092F914294BF25
:1028F00029602A603B600020DAE7E38850F80C2C5E
:102900009A4294BF2A602B6050F8103CF2E700BF57
:102910001C6200202DE9F04104460E46017914485E
:10292000174626F034FE0546D0B194F90020006821
:102930006378002A0DDA012B16D155F8083C9BB1BB
:102940001D688DB13B4632462146AC46BDE8F0419C
:102950006047092B08D155F8083C2BB15D68F0E7BA
:102960006FF01200BDE8F0816FF08500FAE700BF5C
:102970001C62002010B50C4601460F4826F0FBFDF6
:1029800050B1611E052907D8DFE801F007060307EB
:102990000D0F012300F8043C10BD002300F8043C97
:1029A00000F8033CF8E70123FAE710F8033C002B9A
:1029B000F2D00023F4E700BF1C62002010B50469C8
:1029C000C4E90012A36000236361064B20615968CB
:1029D00004F1140211B9C3E9002210BD0A605A6063
:1029E000FBE700BF1C6200202DE9F341254CBFF33B
:1029F0005B8F1F462368BFF35B8F1646DA070546D9
:102A00002BD520B96FF0010002B0BDE8F08101A91B
:102A100026F02CFE1C498046024628462FF092FDE7
:102A2000E8B9BFF35B8F2368BFF35B8FC3F3C008C4
:102A30001B0712D4A4F1D405072229463846B04713
:102A4000062895BF44F8D48C0723C5F80380B0FB53
:102A5000F3F094BF85F80780E8710020D4E728469A
:102A60000A4942462FF06EFD05460028CAD11822B9
:102A700004F19C013846B0470028EEDB044484F89A
:102A80009C50EAE724010020EE8D0600B691060076
:102A90002DE9F04188B09C79DDF838805D791E79A8
:102AA000DF7893F802C093F801E01B78B8F1000FCB
:102AB0000ED0CDE90638CDE904CE1346CDE9026744
:102AC000CDE90045084A22F011FE08B0BDE8F081CA
:102AD000CDE905E3CDE9037C1346CDE90156034A70
:102AE000009422F003FEF0E7BB910600DF910600A0
:102AF00070B504468CB01E461546A2B129B10A46EF
:102B000002A8042125F0DCFE02A900912B462246F2
:102B1000242103A8FFF7BCFF109A314603A8FEF753
:102B2000C7FD0CB070BD0346044A242103A822F05F
:102B3000DDFD0028F0DA6FF01500F2E700920600E4
:102B400007B5064B0648DA79C2EBC20200920022B2
:102B50001146FFF7CDFF03B05DF804FB50000020E5
:102B6000EE8D060030B504468DB0154692B129B100
:102B70000A4602A8042125F0A3FE02A900912B46D3
:102B80002246242103A8FFF783FF03A826F043FD74
:102B90000DB030BD0346054A242103A822F0A6FD4E
:102BA0000028F2DA6FF01500F2E700BF009206008D
:102BB00007B5009313460A4601460348FFF798FFFE
:102BC00003B05DF804FB00BF389406000A460146D6
:102BD0000148FFF7C7BF00BF3894060007B5009350
:102BE00013460A4601460348FFF782FF03B05DF82B
:102BF00004FB00BF329406000A4601460148FFF775
:102C0000B1BF00BF3294060007B5009313460A46D1
:102C100001460348FFF76CFF03B05DF804FB00BFFB
:102C2000239406000A4601460148FFF79BBF00BFF8
:102C30002394060007B5002203460091034811467D
:102C4000FFF756FF03B05DF804FB00BF2A940600AF
:102C500007B500220346009103481146FFF748FFDD
:102C600003B05DF804FB00BFB691060008B502484A
:102C700021F0ECFD002008BD0008002070B51D4CBF
:102C8000BFF35B8F2368BFF35B8F13F0010F254603
:102C900022D094F89C30A4F1D40613B9164800F061
:102CA000CDFBF379D3B1BFF35B8F2368BFF35B8FA9
:102CB0005A0701D400F0B6FBBFF35B8F55E8003F25
:102CC00023F4006245E800210029F7D1BFF35B8FB0
:102CD0001B0501D5FFF7CAFF002009E001F024FA27
:102CE00030B9F379002BDED101F02EFA0028DAD0CA
:102CF00070BD00BF240100200692060007B50093B6
:102D000013460A4601460348FFF7F2FE03B05DF89A
:102D100004FB00BF779406000A4601460148FFF70E
:102D200021BF00BF7794060030B50A4D0A4B85B02D
:102D300000242846029303942EF0E3FF02AB009395
:102D4000284606490A234FF4B06221F085FD20464B
:102D500005B030BD482400201A92060000C30020B0
:102D60000146014821F0B6BD482400200146014833
:102D70002EF09CBF482400200378012B30B513D0DF
:102D8000022B27D07BB9194B0A4603F1100453F8E4
:102D9000045B42F8045BA342F9D11B7813704388AB
:102DA0004B731B0A8B7330BD104B0A4603F11004A2
:102DB00053F8045B42F8045BA342F9D11B7813700B
:102DC00043684B73C3F307221B0CCB731B0A8A7334
:102DD0000B74E8E700F1100350F8042B41F8042BC2
:102DE0009842F9D103780B70DDE700BF45920600E9
:102DF00010B5034686B01C78012C0846114609D050
:102E0000022C0AD0FCB95B88124A06B0BDE810401B
:102E100022F06CBC5B68104AF7E7B3F8012004921B
:102E2000D3F803200392B3F807200292B3F80920E5
:102E30000192B3F80B200092D3F80D30074A22F02C
:102E400055FC06B010BD002106B0BDE810402FF0C3
:102E5000DFB900BF409206002392060028920600C8
:102E600008B526F038FF21F0C5FF044B1B680BB1F5
:102E70000A209847BDE8084021F0D0BF2462002016
:102E800038B50546054826F055FD044620B1012118
:102E90000C3026F0B6FD2576204638BDA012002065
:102EA0000F2810B50ED80D280ED90B4826F042FD7C
:102EB000044628B101210C3026F0A3FD022323761D
:102EC000204610BD1328F0D009B10448EEE7BDE854
:102ED00010400220FFF7D4BFCC1200201C120020AB
:102EE000F8B506460F4602F0EDFE044640B1837881
:102EF000012B24D0132127F0CDFE204602F042FB07
:102F00003946304607F054F9054628BB3946304665
:102F100005F09CFE144B1B6823B31C6804B10C3CE9
:102F200053F8043C13B1394630469847D4B1234690
:102F3000E4689B68A4B10C3C002BF4D1F7E70023B4
:102F4000D0F8A050C0F8A030132127F0A3FE2046EF
:102F500002F018FB002DD3D028462AF0E5FFD5E774
:102F6000002BE0D1F8BD00BF0C66002070B5C6682C
:102F70003378B6F801509BB90F21284602F0DEFBEA
:102F8000F278044688B90D4B194633F8024B44B920
:102F90006FEA05536FEA135321F81030084B1A54A7
:102FA00070BD01300628F0D1FAE70273012102F06A
:102FB00013FB2046BDE8704002F0E4BA70A5002083
:102FC000EEA7002010B5084C0146062294F86F00C9
:102FD00002F0C8FE38B994F86F000449BDE810400B
:102FE000052202F0BFBE10BD500000209C910600DB
:102FF00010B5012104460C3026F03FFD2146034A5E
:103000000078BDE81040002326F091BFB05F0600B5
:1030100010B5012104460C3026F02FFD2146034A4D
:103020000078BDE81040092326F081BF685F0600E4
:1030300070B52F4826F097FC0446002857D0017E33
:10304000022932D0082902D1038A032B02D8FFF7C4
:1030500061FB20E004210C3026F00FFDFF224388A5
:1030600006886276228AC6F30B009A42A08301D0BA
:103070002046ECE70F2102F061FB05460028F7D05F
:1030800002F098FB320B60762146284627F066FD59
:10309000284602F077FA174BD3F84C313BB3BDE822
:1030A0007040154915482EF001BE038A012BCED978
:1030B0000C3026F0E2FC0546007826F0A7FE10F062
:1030C00002060DD10E4A0F490F4840F6D33325F0C2
:1030D000E0FB86F31188BFF36F8F0323184602DFEE
:1030E0000A4A28780623214626F021FFC0E770BD52
:1030F0009C010020500000202008002030250020E6
:10310000569206008A920600B8920600385F0600C2
:103110002DE9F047884616468246002879D0BFF34D
:103120005B8FDFF8F890002359E8004F49E8003240
:10313000002AF9D1BFF35B8F002C6AD02046FFF73D
:1031400049FA354D0C2303FB00502746438853456D
:1031500011D0BFF35B8F59E8003F49E80072002AA5
:10316000F9D1BFF35B8F002B53D01F463846BDE823
:10317000F047FFF7CFBAA6420FD0204626F0D5FB86
:1031800004F10C09022301214846237626F039FC7C
:10319000328AF168484626F045FC2046FFF71AFAC5
:1031A0000C2606FB00504368ABB1B8F1000F12D1FA
:1031B0002046FFF70FFA06FB005001214268D2E9D2
:1031C0000003127A03F01F06B1405B09DAB100EB8D
:1031D000830026F02DFE2046FFF7FCF90C2606FBA7
:1031E00000508368002BC1D02046FFF7F3F97043ED
:1031F00005F800802046FFF7EDF906FB0055A868AA
:1032000021F010F9B2E7C94300EB830026F0A6FED7
:10321000E1E7BDE8F08700BF2862002098010020A8
:1032200010B5C1E900239DF808300B720C46FFF77A
:10323000D1F9034B0C2202FB00335C6010BD00BFD0
:10324000286200202DE9F0474FF0FF3206464FF08C
:10325000FF331848884626F06DFB044638B300F16A
:103260000C070121384626F0CCFB012323762046AB
:10327000FFF7B0F9104D4FF00C0909FB00504FF06B
:10328000000A46802046FFF7A5F909FB0050C0F868
:1032900008A02046FFF79EF909FB00550321384698
:1032A000C5F804A026F0B8FB068080F8028020460E
:1032B000BDE8F08774120020286200200138C0B2F7
:1032C00002289ABF014B185C002070479B930600B0
:1032D00037B504460D468DF80700A0B929B10B4952
:1032E000072228462FF01EF940B909490DF10702BF
:1032F000002006F0A1FE002003B030BD2946204684
:10330000FFF7EEFDF7E76FF01500F5E7A391060074
:103310005D9E050029289ABF014B185C0920704763
:1033200071930600034B0146D3F86C0182689268E2
:10333000104700BF500000202DE9F843044600F17B
:103340000C06304626F0B1FBB4F81080B8F1010F3E
:10335000054604D82046BDE8F843FFF7DBB9304600
:10336000022126F08AFB0746007826F04FFD10F078
:10337000010906460DD10F4A0F49104840F6F27375
:1033800025F087FA89F31188BFF36F8F032318465E
:1033900002DF05230A4A3878214626F0C8FDB30724
:1033A000D8D56369A4F8108013FA85F5E560BDE807
:1033B000F88300BF56920600D5920600B892060028
:1033C000105F060038B50C4621F014FD237E022B59
:1033D0000AD0082B19D121460F4826F0AFFA0F4921
:1033E0000F482EF063FC0BE0E368187826F00EFD22
:1033F000C207054602D52046FFF79EFFAB07EAD479
:10340000002421F00BFD204638BD2046FFF782F94D
:103410006FF01504F5E700BF9C0100202008002094
:103420003025002008B50448042126F001FDBDE840
:10343000084001F029BB00BF2401002038B5054633
:10344000F3F7DAFE1828044615D80C482946F3F796
:10345000C1FE70B12246294608482EF0B1FE084848
:1034600003190022214600F5B87083F87021FFF798
:10347000EFFB002038BD6FF00B00FBE7C001002020
:103480005000002000487047C0010020014821F092
:10349000DDB900BF1008002038B505460C4619B943
:1034A000FFF7D0FE0446A8B140F635439D4209D14E
:1034B0002046FFF737FF054650B12046FFF72AF9AF
:1034C000284638BD054821462EF029FBFFF7DEFFD0
:1034D0000025F5E76FF06805F2E700BFA4010020C2
:1034E00038B502460B46244DD5F8541109B90020D1
:1034F00038BD05F5987020F0CFFF0028F7D10022E5
:10350000002305F5AA7020F05BFF044668B91B4A4A
:103510001B491C4840F6E23325F0BBF984F31188BF
:10352000BFF36F8F0323184602DFD5F8480120B19F
:10353000FFF7F0F80023C5F84831204626F029FAB5
:10354000C5F848012046FFF7EDFE98B10E4820F07F
:1035500069FF2046FFF73EF80C4B0C2202FB0030BF
:103560001F2140882246FFF7D3FD2046FFF7D2F8FF
:10357000FFF78CFF0120BBE75000002056920600A9
:10358000EE920600B892060080010020286200201A
:103590002DE9F04F064687B015460C4631B9FFF7C6
:1035A00051FE044648B96FF068007BE0887AFFF767
:1035B00009F8484B834240F086800122002168468A
:1035C0002EF0C6FA2046FFF705F8DFF82C910C2301
:1035D00003FB0090C0F808D0204626F0DAF9014637
:1035E0003D482EF09CFAFFF751FF2FF0B1F93B4B0D
:1035F0001A583B4B9A4222D1DFF8F0A0DFF8FCB01A
:1036000035482EF0A1FA002180464FF4A020FFF7A4
:1036100067FF074688B94FF4D77352465946314879
:1036200025F037F93048314625F033F987F3118812
:10363000BFF36F8F0323184602DF4445E0D14FF4F8
:10364000A0220023684620F027FF074698B14FF4D8
:10365000DA73264A2649234825F01BF925483A46BD
:10366000314625F016F9002383F31188BFF36F8FDD
:103670000323184602DF2046FEF7ACFF0C23584315
:1036800019F80060BEB12046093EFFF743F8092E45
:103690000ED8DFE806F01B0D0D0A050D0D0D0D18F7
:1036A0006FF00B0007B0BDE8F08F6FF00C00F9E78A
:1036B0006FF00400F6E715B12C600020F2E7204619
:1036C000FFF728F8F9E76FF01500EBE76FF06E00F1
:1036D000E8E700BF74120020A401002008000000E9
:1036E000D0450020B8920600FA92060056920600D5
:1036F0001A9306002393060028620020F292060027
:1037000010B5F3F7D1FE034B1B6813B1BDE81040B1
:10371000184710BD4062002073B5274D0646D5F806
:103720006C012EF022F800283FD06FF0020105F165
:10373000D40026F013FC012126F07AFBC30737D40E
:1037400026F05AFA044668BB1C4B1E600122114643
:1037500005F598702EF0FCF905F5AA702EF0A1F988
:1037600017482EF0CEFA1749154800946FF007035A
:1037700040F6980221F070F8134911482EF02BFB07
:10378000D5F86C01114983681B689847044648B90D
:1037900026B902B0BDE87040F3F786BE05F1C4005B
:1037A00021F054F8204602B070BD6FF01204F9E722
:1037B0006FF07704F6E700BF500000204062002061
:1037C0003025002000C9002068930600C53303009F
:1037D000F7B5144B93F99B30002B05460C461DDAC8
:1037E00014B9204603B0F0BD082C01AA4FF0000127
:1037F00042F21800264628BF0826FFF7C9FE002817
:10380000F0D1019FF9683246013128462EF0D8FCEC
:103810003846FEF77FFF3544A41BE1E76FF08500D3
:10382000E0E700BF50000020F0B587B006460DF17C
:103830000B01002000F0DEFC0546002844D11921D0
:1038400042F20D00FFF7FEFC074600283FD0192189
:103850000C3026F0E1F82946044619222EF0D8FC57
:103860001C4A9DF80B30237392F8231192F82231F1
:10387000994294BF06F1700106F17E01601D26F0A9
:10388000E6FA93892380D3896380B6F88830A4F858
:103890000D30B6F88A30A4F80F30B6F88C30A4F8A2
:1038A0001130B6F88E30A4F8133001230A4A009381
:1038B00003A907233846FFF7B3FC0022394642F23A
:1038C0000D00FFF765FE0546284607B0F0BD6FF016
:1038D0006805F9E7500000202401002030B50021E0
:1038E00087B042F20E00FFF7ADFC044670B1002530
:1038F000084A009503A90723FFF792FC2A462146B0
:1039000042F20E00FFF744FE07B030BD6FF06800D2
:10391000FAE700BF240100202DE9FF41694AB0F811
:103920000180054648F470410023104632F8024BEE
:10393000A14240F0A880002220F81320624AD75C00
:1039400000F010FAEB78012B08BF604B05F104047E
:1039500020460CBF93F86F60002626F0B8F9214688
:10396000002800F0968002A826F0A6F9D5F81130BC
:10397000CDF80130B5F81530ADF8053001238DF8DC
:103980000030E878002840F09080022202A902F07E
:10399000E9F9EB78012B04460AD100F043FD6FF002
:1039A00080010646103026F0D9FA304627F03EF85E
:1039B000EB7823B946486FF0800126F0CFFA002C4F
:1039C00075D02046B5F8013020F8703B02A926F0EA
:1039D0003EFAB5F81730A4F88630B5F81930A4F8D7
:1039E0008C30B5F81B30A4F88E300022EB782273AF
:1039F000384AC4F8A4204732C4F8A820012B4FF459
:103A0000A472E370A4F8AC2017D1694604F17700E2
:103A100026F01DFA00F006FD217A2C4AC1EBC10107
:103A2000114404F17E0026F012FAD2E9381303F0B3
:103A30003F03194301D000F099FEE3786BB9694662
:103A400004F17E0026F003FA217A204BC1EBC1017C
:103A5000194404F1770026F0FAF90721204601F015
:103A6000BBFD27B127730121204601F0B5FD20469B
:103A700001F0D0FE204601F085FDE378DBB903209C
:103A800026F0DFFF17E00133062B7FF44FAF00274E
:103A900056E7304626F03AFE014602A826F0D7F94E
:103AA0002146684626F0D3F96BE7012806D013219A
:103AB000404626F0CBFC04B0BDE8F08102A8FFF739
:103AC00081FA66E770A50020EEA7002050000020D4
:103AD0002401002001011B0000B5C168087889B0ED
:103AE00020B109B05DF804EB26F06EBCB1F80130EE
:103AF000ADF80130CB788DF800008DF80330B1F8C7
:103B00000B30ADF81730B1F80D30ADF81930B1F811
:103B10000F30ADF81B304B7C8DF81D30043101A8FF
:103B200026F095F9084B68461A689B88CDF80B205B
:103B3000ADF80F30CDF81120ADF81530FFF7ECFEE1
:103B400009B05DF804FB00BFB091060038B5032151
:103B500004460C3025F091FFE3680578B0F80100C9
:103B6000197840F6354398420AD02246FFF7D0FA3A
:103B700035B1044820F056FCBDE83840FFF786BC5C
:103B800038BD00BF8001002038B5042104460C3048
:103B900025F073FF4578017840882246FFF7B8FA90
:103BA00035B1044820F03EFCBDE83840FFF76EBC5C
:103BB00038BD00BF8001002070B54FF0FF320D46C8
:103BC0004FF0FF3300210646FFF76AF9044660B95B
:103BD0000A4A0B490B48132324F05BFE84F3118837
:103BE000BFF36F8F0323184602DF022104F10C009C
:103BF00025F012FF06704570204670BD9E930600AA
:103C0000EE920600B8920600F8B50A4DEF79064626
:103C10000024E3B29F4202D86FF0010007E029467A
:103C2000304626F0AAFC0735631C08B12046F8BDD3
:103C30001C46EEE75000002037B504460D46B9B1EA
:103C40001649284626F099FC90B91548C4EBC404DF
:103C50002946204426F099FC124826F09DFC430793
:103C600003D5FFF703F825F0C9FF002003B030BDEE
:103C7000684626F013F80028F8D16846FFF7C4FF1D
:103C80000028F5DA064BC4EBC4001844694626F058
:103C90007CFC002DE0D001462846DBE7A39106001E
:103CA000500000202401002070B5144E0622314639
:103CB00004462EF037FCD8B1062142F20500FFF78A
:103CC000C1FA0546B0B1062221460C3025F0AAFE05
:103CD0000022294642F20500FFF75AFC48B9334654
:103CE000226843F86929A288B280012283F86820FB
:103CF000002070BD6FF06800FBE700BFB900002036
:103D000008B5034608B9002008BD1448134A26F038
:103D100043FC10F0800F06D0104826F03DFC8006D2
:103D200007D40120F0E7104626F036FC8106F3D4D4
:103D3000F7E712F8D42C012AF3D15A6802F00502F1
:103D4000042AE0D01878064AC0EBC003D35C012BEC
:103D5000E7D1B0FA80F04009D6E700BF2401002087
:103D6000500000200A4BBFF35B8F53E8002F22F472
:103D7000806143E800100028F7D1BFF35B8F530543
:103D800004D504490022022006F078B9704700BF2C
:103D90002401002075A7050007B50023CDE9000325
:103DA00004496A46022006F069F9019803B05DF8FB
:103DB00004FB00BF7FA605002DE9F341044670B166
:103DC0004E4D95F8222195F823310AB19A4209D235
:103DD000013385F82331237A43F00403237202B0C0
:103DE000BDE8F08100210222084601F0BBFF05F189
:103DF000D4030646A0B1BFF35B8F53E8001F41F424
:103E0000806143E80012002AF7D1BFF35B8F237A69
:103E100043F00103237202B0BDE8F04101F0B2BBF0
:103E2000184626F0B9FB3146C0F34017344800F07D
:103E3000F3FA17B1304600F03FFE95F82331B3B9DD
:103E400095F8232195F822319A4223D10022114678
:103E500042F22900FFF79CFB70B995F8233101333A
:103E600085F82331237A43F00403237204E0002011
:103E700026F0D4FB0028E3D0012026F0CFFB17B1B9
:103E8000012000F019FE1F48002102B0BDE8F041FA
:103E900000F0C2BA224604F1010812F82A0B41468A
:103EA00026F080FB06460028E6D195F82331013341
:103EB00085F82331237A43F00403237295F8A73061
:103EC0005B07D9D54146684626F05FFB01230821F0
:103ED00042F24E008DF80730FFF7B4F9044600288F
:103EE000CAD0694608220C3025F09CFD3246214696
:103EF00042F24E00FFF74CFBBEE700BF500000202F
:103F0000D5A605004DA605002DE9F843044668B383
:103F1000454D95F8222195F82331FAB101329342AB
:103F20001DDC00210222084601F01CFF05F1D4032C
:103F30000646E8B1BFF35B8F53E8001F41F4806190
:103F400043E80012002AF7D1BFF35B8F237A43F0D6
:103F500002032372BDE8F84301F014BB13B1013B27
:103F600085F82331237A23F004032372BDE8F88314
:103F7000184626F011FB3146C0F340182B4800F0DC
:103F80004BFAB8F1000F02D0304600F095FD00204A
:103F900026F044FB074688B995F8233195F822218D
:103FA0009A421DD2013B85F82331237A204923F020
:103FB000040302462372022006F060F895F82331CC
:103FC00013B1012026F02AFBB8F1000F02D0012026
:103FD00000F072FDBDE8F8431648002100F01CBA5D
:103FE000072142F22800FFF72DF904F101090646E6
:103FF0000028E3D007210C3025F00EFD494626F0BD
:10400000C4FA3A46314642F22800FFF7C1FA0028C6
:10401000D4D195F82331013B85F82331237A23F05D
:1040200004032372CAE700BF50000020D5A6050094
:1040300007A605004DA6050070B5044611B16FF046
:10404000150070BD80B11B4926F097FA60B9204673
:10405000FFF7DAFD002827DA2378012BEFD1A379C7
:1040600003F0C003C02BEAD1134DEB79012B1ED016
:1040700005F1D40026F090FAC30707D4002CDED057
:104080000C49204626F079FA0028D8D1EE7921464D
:10409000731C3046EB71FFF7CFFD08B93046D0E70F
:1040A000EB79013BEB71CCE76FF07700C9E76FF07C
:1040B0000B00C6E7A3910600500000202DE9F34154
:1040C0000446D8B101AA002141F20900FFF760FAC5
:1040D000054698B9019E1249D6F80C8008F10107EF
:1040E000062238462EF01EFA28B10E49062238461E
:1040F0002EF018FA30B93046FEF70CFB002002B063
:10410000BDE8F081D8F80130C4F80130BB88A4F8CC
:10411000053030462570FEF7FDFA0120EFE700BFBD
:10412000B0910600AA91060007B56846FFF7C6FFE2
:10413000044BD87118B169460020FFF77DFD03B02C
:104140005DF804FB50000020F0B5294DEE7989B0F0
:10415000002E46D195F8C230DB0722D56A4631469B
:104160004FF60940FFF714FAD8B9DDF800C0DCF8C3
:104170000C406378012B1E4628BF012673B1A31C97
:1041800002AA123418685968174603C70833A342B5
:104190003A46F7D1186838609B88BB806046FEF7C6
:1041A000B9FAEE71002416260127EB79E0B28342BA
:1041B00002D8B3B1002012E008AB06FB0033694619
:1041C00053F8182C33F8143CCDF80120ADF8053025
:1041D0008DF80070FFF730FD01340028E5D009B0FC
:1041E000F0BD0021084609B0BDE8F040FFF724BF4C
:1041F0005000002038B50C4661B108480578012D03
:1042000004D10130FFF750FD08B138BD00252570FD
:104210000020FAE76FF01500F7E700BF500000201C
:1042200038B50C4669B108480578012D05D1013033
:10423000FFF73AFD20B9257001E0002DFBD00020EA
:1042400038BD6FF01500FBE7500000202DE9F0416C
:104250000D4617461C460646002856D0002B54D063
:104260000A03037808D56D074FD426F063FA0028B7
:1042700049D1012323700CE0E9072CD526480FB162
:10428000AA0608D4C3EBC302825C012A12D002B989
:104290002270002037E090F8D820510638D5C3EBC3
:1042A000C302825C012A05D002B92270237843F050
:1042B0000203DFE74FF00108072111FB03810144EE
:1042C000304626F02FFAF0B984F80080002FE0D0B5
:1042D000AB06DED5EAE76A0711D50F49C3EBC30287
:1042E0008E5C012E08D1072212FB0363194426F0CD
:1042F00019FA40B92670EBE7002EE9D1FAE726F06B
:1043000019FA01232370BDE8F0816FF01500FAE778
:104310006FF08500F7E700BF50000020F8B5456852
:104320006905064635D4046914B115F0010330D08F
:10433000194F3078FB7983422BD9C0EBC000174965
:10434000072238442EF0EEF8A8B115F0010306D18B
:1043500097F87020082A02D8B2689F2A19D915F058
:10436000300F09D0ACB1EA060AD405F46035B5F5D2
:10437000603018BF0120F8BDEB0601D4002CF4D149
:10438000D6E902239A4204D81F2A02D9B3F5804FF6
:10439000EBD90020EFE700BF50000020A3910600FA
:1043A00008B50449072209302EF0BCF8003818BFC0
:1043B000012008BDA3910600F8B5154B067883F8D7
:1043C0006F6004460D46FFF7EBFF70B911493046A8
:1043D00001F04CFC044610B96FF00B00F8BD05214C
:1043E00001F0FAF82C600020F8E704F109073946DB
:1043F000304626F01DFD40B92078394601F036FCE4
:1044000004460028E8D00621EAE76FF01500E5E74A
:10441000500000209C91060003460148184700BF49
:104420006800002000487047680000202DE9F04F28
:10443000D1F810908DB09A460023B9EB03060546DB
:104440009048059218BF0126079326F0B4F90C4650
:10445000410740F10C812046FFF760FF28B96FF05B
:10446000150B58460DB0BDE8F08F2046FFF748FC0D
:1044700080460028F3D005F11007384626F09BF956
:104480000206C0F3C01300F1F580CDE90933CDF881
:104490002B30A3686068ADF82030E368ADF82230B7
:1044A00026F07AF96FF480718DF82D00754826F0AA
:1044B00088F9754A23782B7082F86F3061680DF1A6
:1044C000250332462846FFF7C1FE83460028C8D19F
:1044D00005F10903B9F1000F18D021690868C5F882
:1044E00009008888988089799971204626F067FAB2
:1044F00063680646D8071BD49A0503D4169B0BB9EC
:10450000022E56D102238DF8243023E05F4A116831
:10451000C5F809109188927999809A71204626F001
:104520004EFA6368D9070646E6D58DF8249011E067
:1045300013F0100F0CBF012304238DF824302369DE
:104540001968CDF826109988ADF82A109B798DF856
:104550002C30D8460F2142F20600FEF773FE834648
:10456000002800F08A800F2208A90C3025F05AFAA2
:104570000022594642F20600FFF70AF800287FD1D0
:10458000B9F1000F1BD06368DB0726D42846012150
:1045900026F025FA079D8346002860D0002D3FF4C1
:1045A00060AF2846002101F017F8284600F0EAFF26
:1045B00057E70323DDF858808DF82430CAE7179BAE
:1045C0000093CDE90186169B05995246284626F0B0
:1045D0007FF983460028D6D043E707A92846FFF78E
:1045E000EBFE83460028D1D010F10C0F7FF439AFD9
:1045F000B9F1000F7FF435AF636898073FF531AF2D
:10460000626882F00202C2F3400B0BF001020E213D
:10461000384626F044F9731E5A425A41082138465A
:1046200026F03DF9B11E4A424A413846092126F09A
:1046300036F962680A2102F00102384626F02FF9A5
:1046400042460B21384626F02AF962680D21C2F352
:104650008002384626F023F94FF0000B01E715B130
:10466000284600F08FFFB9F1000FCED1C8E76FF0F8
:104670000A0BF6E66FF0770BF3E66FF0680BF0E6E7
:104680008346EEE62401002050000020A39106009E
:1046900073B51546069A0C46CDE900322B460A46FC
:1046A00001461148FFF7C2FE21460646002340F2AC
:1046B00001109D4202D1304602B070BD0A8882428C
:1046C00004D14A6812B11278D20702D401330831FA
:1046D000EFE7064906482DF01AFB4FF4702200233D
:1046E000034820F055F9E6E76800002033AA0500EA
:1046F0008000002010B5194826F098F918486FF48A
:10470000804126F05EF8164826F055F803461A0652
:10471000C0F3C01021D5124826F04DF8430513D53B
:104720000E48FFF73DFE0F490346087E93B90E4938
:10473000052201F017FB044630B10021017300F09F
:104740004BFF204600F01EFFBDE81040034800214B
:1047500026F045B906222131EBE710BD68000020A4
:1047600078000020500000209C91060073B532486C
:10477000314C26F020F810F4804F5AD0204626F015
:104780001AF8030655D4204626F015F8460550D5EC
:1047900001A9A4F11000FFF70FFE002849D1A4F1F0
:1047A0001000FFF7FDFD0246204626F004F8C0F396
:1047B0008031204625F0FFFF81F0010145054FEAD9
:1047C00041011D4848BF41F0010125F0F4FF80047C
:1047D00048BF41F0040119480DF10303FFF736FD0E
:1047E000054630BB1548012126F0F9F8019E28B98D
:1047F000304602B0BDE8704000F0C4BE29463046E5
:1048000000F0EAFE6FF480410B4825F0DAFF054620
:10481000304600F0B7FE6B040BD5BFF35B8F54E856
:10482000003F43F4804344E80032002AF7D1BFF34D
:104830005B8F02B070BD00BF7800002068000020D0
:1048400070B5054686B00E4642F20C000221FEF716
:10485000F9FC0446A0B102210C3025F0DDF80A4A2B
:104860004670057003A9204600950523FEF7D8FC85
:104870000022214642F20C00FEF78AFE06B070BD0F
:104880006FF06800FAE700BF2401002008B50C4B68
:104890000246400903EB800026F0CDF802F01F032A
:1048A00040FA03F313F0010006D122B9054826F0BF
:1048B000C2F840F3C01008BD6FF07700FBE700BFFF
:1048C00044620020240100200A4ABFF35B8F4309A1
:1048D00002EB830200F01F0001238340DB4352E818
:1048E000000F184042E800010029F8D1BFF35B8FA8
:1048F000704700BF4462002030B587B05C4800229A
:1049000000231FF095FC002840F091805948594D34
:1049100026F091F810F0010344D02B1D93E8070016
:1049200006AB03E90700544826F085F8C0F34013AE
:10493000504826F080F8014600286AD073B10C2256
:104940004E490DEB02002DF0EDFD00286AD000214C
:104950000846FFF775FF0446002864D100239DF840
:104960000C00ADF80930BDF80E30ADF80530BDF8DB
:104970001030ADF80730431E8DF8040058420DF199
:1049800009015841FFF74CFC044600284BD1072190
:1049900042F20B00FEF756FC0546002849D16FF0A5
:1049A000680440E03448364A26F045F810F0800F9D
:1049B0000ED09089D1891269ADF80E004FF4807441
:1049C000ADF80C40ADF81010ADF812300592AAE722
:1049D0002C4C2068616803AB03C3A068186092F890
:1049E000D930180748BF0523224848BF8DF80D303D
:1049F00026F021F8810706D53023ADF8103060236A
:104A0000ADF80E308FE71B4826F015F84207F3D4B7
:104A100089E73BB1FFF714FF044620B9174B286123
:104A2000C3E90100002412481FF07AFC204607B0B9
:104A300030BD072201A90C3024F0F4FF224629469C
:104A400042F20B00FEF7A4FD04460028EBD19DF8CE
:104A50000D10012001F00101FFF7F2FE04460028CD
:104A6000E1D106AA12E90700044B83E80700D9E761
:104A70006062002044620020240100205462002073
:104A8000500000200C35060010B5094C44220021CE
:104A900020462DF0BDFB04F11C002CF070FF04F14A
:104AA00030002CF06CFF034B00221A6010BD00BFD9
:104AB0004462002090620020044B597C003801F0D1
:104AC000010118BF0120FFF7BBBE00BF44620020F8
:104AD000032838B5054603D1BDE83840FFF70CBFC1
:104AE000FFF7D4FE0446C8B9BFF35B8F0C4B6A09CD
:104AF00003EB820305F01F0101228A4053E8000FF7
:104B0000104343E800010029F8D1BFF35B8FFFF7A2
:104B1000F3FE044610B12846FFF7D6FE204638BD06
:104B2000446200202DE9F04F00F10C078BB00446E1
:104B3000384624F0AAFFDFF8DCB1064616B90BB000
:104B4000BDE8F08F704825F076FFC207F7D5238ABD
:104B5000082BF4D90921384624F08FFF037A228AE2
:104B600001339A420546EAD30123ADF824307F236E
:104B70008DF81E30037A034400F101095B7A8DF849
:104B80001D30FF238DF81C300023ADF82230027851
:104B90008DF81F20042A9CBF5C4B9B5CADF8203035
:104BA000037A0193484625F092F8002850D04946F0
:104BB00004A825F081F8DFF86081D8F80030B3B19F
:104BC000384624F072FF238A0293019B2382824697
:104BD0003B46D8F800809DF81F209DF91D1004A8C1
:104BE000C047636913FA8AF3E360029B238204AB34
:104BF0000693474B1B68002B44D01A6802B1083A51
:104C000053F8081CB9B19046A3F108023846039244
:104C100024F04BFF238A039A0293019B238212689C
:104C20008246394606A890476269029B238212FA9F
:104C30008AF2E26042462AB3D2F808801368B8F1DB
:104C4000000F1DD0A8F10808002BDFD14246F3E782
:104C50006B78FF2B0BD1DBF80000BBF804209BF82E
:104C600006300490ADF814208DF81630A3E74946BD
:104C700025F04CFD0346006804909A889B79F1E783
:104C8000002BC3D1002320480693BDF8203025F027
:104C9000D2FE10F0010827D1DB0725D5032204A995
:104CA000404601F05FF88246F0B1022025F0C9FECF
:104CB000D5F80130CAF87E30B9F80430AAF882304D
:104CC00099F806308AF88430504625F07BFB98B17D
:104CD0001F238AF80C304146504600F07DFC5046B8
:104CE00000F050FCFFF708FE297A38460131013EFA
:104CF00024F0BBFEF6B221E75046022100F06CFC26
:104D0000504600F03FFCEFE744620020D4930600D9
:104D100088620020A391060090620020F8B5054645
:104D2000224825F088FE43070F463CD52A78012A01
:104D300003D96FF015042046F8BD6B780F2BF8D817
:104D40006888031F9BB243F6FC74A342F1D8A9887C
:104D50000B1F9BB2A342ECD88842EAD37AB914481D
:104D6000002200231FF064FA04460028E3D1FFF775
:104D70008DFD044640B10E481FF0D2FADBE725F066
:104D8000F0FC0028EBD1D4E728686968094E0A4B8B
:104D900003C6A868306020461F60FFF799FE0446EE
:104DA00006F12400E8E76FF00A04C4E724010020BC
:104DB000746200204862002090620020024B0020B4
:104DC000186025F03EBE00BF9062002008B5034881
:104DD00025F031FE00F0010008BD00BF4462002054
:104DE00070B59AB03B4B03930021142204A82DF018
:104DF0000FFA44F2010309A8099325F02BFE099B41
:104E0000059301A9344B069303A81EF085FB10B34C
:104E10001F25324BBFF35B8F53E8001F21F00101C8
:104E200043E80012002AF7D1BFF35B8F2C4E1FF02E
:104E3000E1FF3468002C45D0002DA4F10404294D75
:104E400018BF002523680BB1284698476468002CDA
:104E500038D0043CF6E7019802AB412209A92BF0B7
:104E600071FE0028D4D1204A0DF125030DF1650112
:104E700053F8040B42F8040B8B42F9D11B490198FB
:104E800002AB20222BF003FE0028C1D101982BF0A9
:104E9000B4FD05460028BBD11349124825F0E7FDB3
:104EA0001348203125F0E3FDBFF35B8F114B53E82E
:104EB000001F41F0100143E80012002AF7D1BFF3B0
:104EC0005B8FA6E70023C6E900331FF0A7FF1AB0E7
:104ED00070BD00BF12710001000002099462002041
:104EE0009C62002054A8002014A80020F4A70020F1
:104EF00074A800202401002030B5A7B004233D226F
:104F0000002116A815932DF083F92D4B0793142239
:104F1000002108A82DF07CF944F201030DA80D939F
:104F200025F098FD0D9B0993264B0A93264905AB66
:104F3000202207A82BF032FED8B16FF004041FF036
:104F400059FF224B1D6885B100201860204BBFF32C
:104F50005B8F53E8001F21F0020143E80012002A92
:104F6000F7D1BFF35B8F24B3A8471FF057FF27B0DB
:104F700030BD184B0DF1550203F14000194653F8AE
:104F8000044B42F8044B8342F9D106AB0293202331
:104F9000CDE900130B480599412315AA2BF043FFD7
:104FA0000028CAD105982BF028FD04460028C6D059
:104FB000C3E70DA8074925F05AFD0DA8D4E700BFA7
:104FC0001271000100000209F4A70020986200207D
:104FD0009462002014A8002008B5044940222DF056
:104FE000A1FAB0FA80F0400908BD00BFD9930600CD
:104FF00010B598B014220446184B0193002102A862
:105000002DF006F94FF4804307A8079325F022FD01
:10501000079B0393124B0493214604230DF11D00BB
:105020008DF81C3025F023FD04F120010DF13D0029
:1050300025F01DFD6B46412207A901A82BF0AEFD0E
:10504000044601A82CF04DF82CB900982BF0D5FCA3
:10505000012018B010BD0020FBE700BF1241000185
:105060000000020910B5002837D0204A136823B188
:10507000043B834234D05B68F9E71D4BBFF35B8F81
:105080001968BFF35B8F89072DD414684460011D34
:105090005068116000B95160BFF35B8F53E8002F77
:1050A00042F0010143E800100028F7D1BFF35B8F05
:1050B000D30701D5002010BD0E4BBFF35B8F53E823
:1050C000001F21F0100143E80012002AF7D1BFF3BE
:1050D0005B8F0948FDF74AFEECE76FF01500EAE741
:1050E0006FF07700E7E76FF00F00E4E79C620020C5
:1050F000946200202401002040080020054BBFF3EB
:105100005B8F1B680448BFF35B8F13F0100F08BF61
:10511000002070472401002054A8002070B50546E7
:105120001E4803688B4232D0BFF35B8F1C4B1B6859
:10513000BFF35B8FDA062DD5036813B16FF00F0054
:1051400070BD184ABFF35B8F1368BFF35B8FDB073B
:10515000F4D4BFF35B8F52E8003F43F0020442E80F
:105160000046002EF7D1BFF35B8F13F00204E5D1A8
:1051700001600D48294625F07AFC0C4805F1200114
:1051800025F075FC0A48FDF7F1FD2046D8E76FF0E1
:105190007700D5E76FF07C00D2E700BF986200206F
:1051A000240100209462002014A8002034A80020CC
:1051B0003008002070B50C4B1C68054644B154F80B
:1051C000243C243C13B1297B28469847646AF5E7C0
:1051D000064C074EB44200D370BD236813B1297B3F
:1051E000284698472834F5E704660020A8320600D0
:1051F000A832060010B50446FDF7ECF9044901EBAE
:105200000011204624F0A4FDBDE81040FEF73EB991
:10521000A462002070B5D1E9015600220446C1E91C
:10522000012206482CF07BFC3DB1314620462B463E
:105230006FF06D02BDE87040184770BD94110020FA
:1052400070B5002205460E46094800230021FDF7EF
:10525000E3F9044658B1FDF7BDF9064B324603EBBE
:10526000001329462046BDE8704024F04CBD70BDB7
:1052700048120020A462002070B505460F480022A5
:1052800000231FF009F9B8B90D4B1C6834B154F86C
:105290001C3C243C03B19847646AF7E7094C0A4E6A
:1052A000B44204D32846BDE870401FF0CFBAA368CB
:1052B00003B198472834F3E770BD00BF64110020A4
:1052C00004660020A8320600A83206002DE9F84343
:1052D000DFF85480044620270025EFF3118387F37D
:1052E0001288BFF36F8FE16929B983F31188BFF387
:1052F0006F8FBDE8F883206A0A68E261814208BFC7
:10530000226283F31188BFF36F8FD1E901694046B0
:10531000C1E901552CF003FC1EB10022494620468C
:10532000B047FEF7B3F8D8E79411002037B5437BB8
:10533000072B04461FD1051D4FF48061284625F038
:10534000C0FB410517D4284625F0B5FB82030CD5D8
:105350000A4B93F8D930DB070DD5002102230091C9
:105360001A46204625F0AFF805E0204625F091F8D2
:10537000637B072BECD003B030BD00BF5000002092
:105380000448B0F80431002B00F5847008BF0020F9
:10539000704700BF5000002030B504462DF0D8FA09
:1053A0000D460C490C4A095891428BB005D1204654
:1053B0000BB0BDE83040FFF789BF243421461046CA
:1053C0002CF074FC1DB1694620462CF07FFC0BB01C
:1053D00030BD00BF08000000D045002038B50022D5
:1053E00004468A4202D10024204638BD04F1D40389
:1053F0000120BFF35B8F53E8005F002D04D143E829
:10540000000CBCF1000FF6D1BFF35B8F02D0D83493
:105410000244E6E7002CE6D0D422002120462CF0FE
:10542000F7FE04F1400004492CF071FC034904F13B
:1054300024002CF010FCD7E7C95F03000FAB050078
:1054400038B50121044600F1C803BFF35B8F53E870
:10545000002F43E80015002DF9D1BFF35B8F52B93F
:1054600025F0DBFB1FF0C6FC054804F1C40125F064
:1054700008FB1FF0D3FCBDE83840FEF707B800BFBB
:105480007401002070B53C4B5A8B32B13B4DD5F8BE
:10549000244134B90024204670BD1B68002BF5D18F
:1054A000F8E754F8C43903B1C43B3549002601E09C
:1054B0001C461346B5F80421002A5AD0D5F810210D
:1054C0004AB904F1C406002BE4D0D3F8C420002A62
:1054D000EED0C43AECE70A68002AF2D0D4F8B02043
:1054E000002AEED0D4F8B420002AEAD0D4F8B820AC
:1054F000002AE6D0637B072B0DD12046904750B1A0
:1055000004F1CC0025F0D7FA022804DC2046BDE8DF
:10551000704025F082BBD4F8C43004F1C40206BB4D
:10552000D5F82811C5F824318A4201D1C5F82831AF
:105530000022C4F8C42004F1C803BFF35B8F53E812
:10554000001F43E800200028F9D1BFF35B8F2046FD
:10555000D4F8B830984700289DD02046FFF770FF58
:1055600099E73360D5F828319A4208BFC5F8286119
:10557000DEE79368FFDE00BF4812002050000020E5
:105580009411002037B5D43010F8D25C10F8D14C0B
:10559000BFF35B8F50E8003F5A1E40E8002100290E
:1055A000F8D1BFF35B8F01A8019325F084FA01289D
:1055B0000BD107481EF036FF06481FF047F9012DB2
:1055C00003D1012C01D1FFF7D1F803B030BD00BFEA
:1055D000641100206008002070B5457B8D420446B0
:1055E00000F0A68041735DB1022D0FD0637B072BC5
:1055F00000F29E80DFE803F03711739C9C9C9C1B9B
:105600008378082BF2D025F008FBEFE78378012B95
:10561000ECD140302CF089FBE8E7464D05F5847667
:105620006169002972D1BDE87040FDF72FBFA378F2
:10563000042B7DD04048002120F00AF80023C4E963
:105640000D33E378012B73D1A378012B04BF03231F
:1056500084F894304FF42032002304F14000BDE878
:1056600070401FF061B9A378042B04D12046BDE837
:105670007040FFF787BF082D5AD801A353F825F0D3
:1056800031570300A5560300D1560300CB56030043
:105690006D5603006D560300D156030031570300C9
:1056A0003157030004F1400528462CF03EFB20460C
:1056B0000121FFF771FE204625F047FA2846002217
:1056C000BDE8704000231FF063B9022025F0B9F94E
:1056D000237B002BCAD02046FFF76CFDC6E7A378DA
:1056E000012B25D1134B9D8A15B30A235D434FF43B
:1056F000004640F2E73000214FF47A720023C5FBE8
:105700000601F1F74DFD02460B46A6E7A2690B68BC
:105710006361914208BFA3612046FFF77BFDB5F8A6
:105720000431002B14BF304600201EF07BFE77E7CB
:1057300070BD00BF500000207008002010B5024668
:105740000C460748062125F083FA034610B90023CA
:10575000184610BD82781442FAD1FFF713FFF6E71E
:10576000182600202DE9F047DFF834A006460F4642
:10577000904600254FF0D80909FB05A025F04DFA09
:10578000044620B183781E4206D1FFF7FBFE0135A7
:10579000062DF1D1BDE8F0874146B8472046F4E731
:1057A00018260020024900220120FFF7DBBF00BFBE
:1057B0002D530300034BC01A034BC0105843C0B213
:1057C000704700BF1826002013DA4B6870B51C46DE
:1057D000144305460E4608D02DF0BAF80A49085879
:1057E0000A49884204BF002213460949002D14BF0C
:1057F0002846084624F09EF8044618B1711D0C3066
:1058000024F0FFF8204670BD08000000D0450020BD
:10581000C411002010B5044605481FF017F82046B3
:1058200000F0D4FC2046BDE81040FFF7C3BC00BF29
:10583000500800202DE9F04F85B000230193039319
:10584000FFF720FE044668B1427BD0F8B030072A4B
:1058500017D002AA4FF0FF319847014628B92046D9
:10586000FFF790FE05B0BDE8F08F039B019A20463C
:1058700025F036F9D4F8B03002AA4FF0FF312046B7
:10588000EAE7DFF8689102AAB9F8041198470546DB
:105890000028E4D0B9F80421029B9A4206D30146BD
:1058A000D4F8B46003AB01AA2046B0472B8A039E0C
:1058B000DDE9018B002B00F08A80284624F05EFA97
:1058C0008246002840F08380B9F804314548002B17
:1058D00008BF0020002200231EF0DEFD002876D144
:1058E0004148002200231EF06BFD074600286ED0C1
:1058F000C0E90186B9F804612B8AB34598BF1FFA45
:105900008BF6B34242D9284624F043F83146FFF7DC
:1059100097FCB9F8043194F8D0809B458CBF4FF0C8
:10592000010A08F1020884F8D0A0064698BF5FFA81
:1059300088F804F1CC0ABFF35B8F5AE8003F0133CB
:105940004AE80032002AF8D1BFF35B8F04F1140B50
:105950003946584625F095F8A378012B19D1042132
:1059600006F10C0024F079F8238808F0FD0843EADA
:1059700008330380338A043B438004233376304664
:10598000FDF7D0FC28B9FDF781FD68E731462846D0
:10599000BDE7BFF35B8F5AE8003F013B4AE80032A6
:1059A000002AF8D1BFF35B8F3946584625F0B2F88C
:1059B0003046FCF7AFFE20463946FFF72BFCB9F81E
:1059C00004310848002B08BF00201EF02BFD29469B
:1059D0002046039B019A25F083F81321204625F0E9
:1059E00059F93CE758010020941100205000002094
:1059F000F8B5031D0446184625F05DF8820419D554
:105A0000B4F88620B4F88810914213D8B4F88A10FC
:105A100091420FD3D4E9231291420BD1BFF35B8F94
:105A200053E8001F21F4005143E80012002AF7D187
:105A3000BFF35B8F104B1D686DB155F8146C243D9E
:105A40003EB1B4F88E30B4F88C20B4F886102046FD
:105A5000B0476D6AF0E7094D094FBD4200D3F8BD6C
:105A60002E693EB1B4F88E30B4F88C20B4F88610AC
:105A70002046B0472835F0E704660020A83206002B
:105A8000A8320600F8B50F4B1C6805465CB1243CF3
:105A900000F1A606236A13B1314628469847646A86
:105AA0000CB1243CF6E7084C084E05F1A607B442B9
:105AB00000D3F8BD236A13B13946284698472834E5
:105AC000F5E700BF04660020A8320600A8320600F1
:105AD000F8B50F4B1C6805465CB1243C00F1A406E8
:105AE000E36913B1314628469847646A0CB1243CF7
:105AF000F6E7084C084E05F1A407B44200D3F8BD00
:105B0000E36913B13946284698472834F5E700BFC2
:105B100004660020A8320600A83206002DE9F041F4
:105B2000074608460D4624F0FCFA064618B900263A
:105B30003046BDE8F081144B1C6884B154F8183C21
:105B4000243C0BB9646AF8E7294638469847002890
:105B5000EDD0284624F0E5FA0028F3D1E7E70B4C16
:105B6000DFF82C804445E3D2E3680BB92834F9E729
:105B70002946384698470028D9D0284624F0D1FA3B
:105B80000028F3D1D3E700BF04660020A832060046
:105B9000A83206002DE9F041C37804468BB900F124
:105BA0007E06114B1D687DB1243D04F170076B69C1
:105BB0001BB13A463146204698476D6A25B1243DCF
:105BC000F5E700F17706ECE7084D094F04F170089E
:105BD000BD4201D3BDE8F0816B691BB1424631463D
:105BE000204698472835F3E704660020A8320600CF
:105BF000A8320600F8B5437A83720546164625F0AA
:105C000073FA0D4B1C684CB154F80C3C243C1BB18E
:105C1000697A324628469847646AF4E7074C084F89
:105C2000BC4200D3F8BDA3691BB1697A324628464D
:105C300098472834F4E700BF04660020A832060025
:105C4000A832060008B5084B1A6800F1240122B9F1
:105C5000054824F016FF104608BD914201D0126895
:105C6000F5E76FF01000F7E70466002038B5054649
:105C70000C460F480621FFF7B1FBC0B1057223683F
:105C80000367A388A0F87430A37980F876300123E5
:105C9000437283728370074BC0F8B030064BC0F874
:105CA000B430064BC0F8B830054BC0F8883038BD6A
:105CB00018260020A5620300A3AA050097AA0500E4
:105CC000180028002DE9F0410F4E074688460025B0
:105CD000304624F0A2FF044620B18378012B0AD07D
:105CE000FFF750FC0135062D06F1D806F0D100244F
:105CF0002046BDE8F0814246394625F079F8002873
:105D0000F6D12046ECE700BF1826002038B504463F
:105D1000134824F0D0FE420702D46FF00A0038BDC9
:105D2000084624F0FEF910B96FF01500F7E7FFF709
:105D30004DF80028F1D10A4824F0BDFE0306C0F357
:105D4000C0150AD424F00DFD0028EDD021462846C8
:105D500025F06EF80028E2D0E6E76FF07700DEE786
:105D6000240100202DE9F047DFF850A006460F4639
:105D7000904600254FF0D80909FB05A024F04DFFFF
:105D8000044620B18378012B06D0FFF7FBFB0135D9
:105D9000062DF1D100240DE037B13A46314625F009
:105DA00027F808B92046F0E7637B4345FAD1237A08
:105DB000B342F7D12046BDE8F08700BF1826002087
:105DC00038B583780B70C3784B70037A8B70437B44
:105DD000023BDBB2062B0C4698BF2B494FF000026A
:105DE00098BFCB5C84F8272088BF134684F8243002
:105DF000054625F070F884F82500284625F027F898
:105E000084F82600AB78012B3AD105F17003A3602A
:105E10002B7A1E4AC3EBC30313446360E97805F190
:105E20007E0305F1770211B1194613460A46C4E90B
:105E30000323B5F88630A382B5F88C30E382B5F839
:105E40008E30238305F1A403E36105F1A6032362E9
:105E5000D5F8A0302BB15B7BDA0644BF012384F870
:105E60002730D5F8A03013B15B7B9B0601D400200E
:105E700038BD94F8273043F0020384F82730F6E762
:105E80006FF01500F4E700BF1994060050000020E1
:105E90002DE9F04105460F4614469846002B57D091
:105EA0001146FFF733FF0646002838D12146284621
:105EB00024F075FF044600284DD097E80F00274DC9
:105EC00005F1080C8CE80F00AB8A002B08BF4FF4DB
:105ED0009673AB822B8A03B9AB892B826B8A03B989
:105EE000EB8995F823216B8295F822319A4219D9D2
:105EF00003212046FFF770FB0220FEF7E9FD05466F
:105F000058B1022024F09DFD20460021FFF764FBDC
:105F10002046FFF737FB2E4601E0C8F80040304628
:105F2000BDE8F08102212046FFF756FB204624F011
:105F300049FA05460028F0D0002121732046FFF7DA
:105F40004BFB2046FFF71EFB0320FEF7C1FDE2E7F7
:105F50006FF01506E3E76FF00B06E0E75000002056
:105F600038B5044608460D4624F0DBF838B3154B27
:105F700093F8D830990707D4E37873B129462046BF
:105F8000BDE8384000F0F4B994F895309A07F3D59D
:105F9000201D24F090FD4304EED42946204624F031
:105FA000ABFF58B92B88A4F888306B88A4F88A30E6
:105FB000AB88A4F89030EB88A4F8923038BD6FF02D
:105FC0001500FBE750000020F7B510F8333C0446FD
:105FD000A0F140060BBB304625F06EF8354B1D682E
:105FE0004DB155F8203C243D1BB114F8341C30460B
:105FF00098476D6AF4E7304D304FBD4205D33046C7
:1060000003B0BDE8F040FFF7BDBA6B681BB114F8F0
:10601000341C304698472835EFE710F83E3C012BFA
:1060200045D110F83D3C23B903B0BDE8F040FDF781
:1060300055BCA0F13C05BFF35B8F55E8003F23F44E
:10604000005245E800210029F7D1BFF35B8F9B0484
:106050001CD5A36C00936946236D01933046FFF76E
:106060007FFF58B9BFF35B8F55E8003F23F480539F
:1060700045E80032002AF7D1BFF35B8F4FF400618F
:10608000284603B0BDE8F04024F01BBD0C4A106860
:1060900051686B4603C369463046FFF761FF00282D
:1060A000ECD14FF48051284624F00BFDE6E703B015
:1060B000F0BD00BF04660020A8320600A83206002A
:1060C000183506000B4B58B11A6862B942693AB9E3
:1060D00042685AB982684AB9C2683AB982692AB92B
:1060E0001860002070476FF0770070476FF0150060
:1060F000704700BF1466002008B568B1094B1A68E4
:1061000000F10C0122B9074824F0BBFC104608BD81
:10611000914204D01268F5E76FF01500F7E76FF0D1
:106120007700F4E70C660020F8B51948194D184EB1
:106130002BF0B7FC00242946304601342BF0EFFC4D
:10614000402C05F10C05F6D125F08EFD03F026FF5D
:106150000546D0B925F0DCF80F4F2E46384624F01E
:106160005CFD044660B1043024F0A5FCC30704D5EF
:10617000257203212046FFF72FFA2046FFF702FA87
:106180000136062E07F1D807E8D12846F8BD00BF32
:1061900094110020046300201826002030B5094C1B
:1061A0000023542505FB03F00219205828B10133C0
:1061B000062BF7D16FF00B0030BD034B53600A6024
:1061C000FAE700BF18660020E05F0600F7B5274D2C
:1061D000274F04460026BD4201D303B0F0BD6B68D3
:1061E00001A92046984700283BDB019B2A889A8218
:1061F0009A8403F11002A868BFF35B8F52E8001F76
:1062000042E8006CBCF1000FF8D1BFF35B8FC3E92B
:1062100013669E649E60A16B03F1080219BBC4E97A
:106220000D221C60D86003F130002BF03AFC01987D
:1062300043681B6803B19847019BBFF35B8F103322
:1062400053E8001F41F0010143E80012002AF7D192
:10625000BFF35B8F01984368DB6913B100F1100154
:1062600098470C35B7E70A60A263DAE78432060084
:10627000A832060030B5044652EA030008D02CF0DC
:1062800067FB064D2D580648854204BF0022134681
:1062900020460431BDE83040FFF798BA08000000FE
:1062A000D04500202DE9F843D0F8BC400E4690467A
:1062B0004CB1483C236B63B104F1300948462BF0E4
:1062C00043FC054650B9FDF7E1F800252846BDE836
:1062D000F883204624F088FEA46CE9E723F04EFD05
:1062E0000028F2D1236D9BB9A38C2F8A403B9BB22F
:1062F0003F2B03D8238D9F4228BF1F46042105F161
:106300000C0023F0AAFB0780A38C43800437276589
:10631000236D2A8A9E420ED3934215D0A38C403B14
:106320009BB23F2B1ED9204624F05EFE236B13B197
:10633000204624F038FE236DC8F800309E4234BF5A
:106340009E1B00262665C1E70022002348461EF05A
:1063500037F8A38CA3F140023F2AE4D8034AAA618C
:10636000EB61E0E700221346F9E700BF9FB10500AB
:1063700070B5124B0C4619780131C9B2012938BFEA
:106380000121054608221220197024F0CAFE064693
:1063900088B108210C3023F03FFB228802806288FC
:1063A0004280A2888280E288C28031462846BDE8C9
:1063B000704024F001BF6FF00B0070BD94A8002066
:1063C00023281FD81A2804D8431E182B0ED90620BC
:1063D0007047A0F11B03082B1ED8DFE803F0051D52
:1063E0001B231D19251D0500032070470F4A01239B
:1063F00083401A40C2B90E4A1A40002A14BF012035
:106400000620704700F07F03522B05D10020704713
:10641000012070470520704710F0400F0CBF062088
:10642000002070470420704702207047AAAA8A0201
:106430005455450170B50E46438D418B8B4202F198
:10644000010228BF0B469A4205461ED83046FFF788
:10645000B7FF022810D004280ED02CF079FA144B84
:106460001958144B994213D0134B1B685A1A18BF72
:106470004FF0FF32134602E04FF4702200230F4822
:106480000021FFF7F7FE044620B90024204670BD26
:106490000022EFE7FCF79EF8094B182202FB0033BD
:1064A000012104F10C009D6023F0B6FA0670EDE7BF
:1064B00008000000D045002058680020F01100209E
:1064C00010680020011F01482BF002BA0C0F0020B9
:1064D00070B503788AB004460E4607AD032B20D86A
:1064E000DFE803F002191B1D11492846F0F77CFE76
:1064F000059563780493A3780393E3780293237953
:10650000019363790093A3790A4A1E2130461FF054
:10651000EDF80AB070BD0849E7E70849E5E7084922
:10652000E3E7084A0A2128461FF0E0F8E0E700BF49
:10653000D98D0600028E0600E08D0600E78D06006C
:10654000F18D0600FB8D06002DE9FF4105460E4644
:106550004FF000084FF42053006817688DF808804A
:1065600002A91446ADF80A3023F04AFBA0B142F666
:10657000010328688DF80C8003A9ADF80E3023F0D4
:106580003FFB48B123691BB15A88B24200D25E80FA
:10659000012004B0BDE8F0816168286823F030FB79
:1065A00010B100232361F3E7E368A0681A786AB1A9
:1065B000B7F82AC0798B038A8C4594BFC3EB0C03D0
:1065C000C3EB0103934201DA0020E2E704210C301F
:1065D00023F022FA2061068023695E80074B009336
:1065E0000194A26800232946384625F04DF800287A
:1065F000EADB2069003818BF0120CAE769B6050048
:1066000010B500F154030446BFF35B8F53E8001F3D
:1066100041F0010143E80012002AF7D1BFF35B8F7C
:10662000201F24F0B3FE04F1740004492BF06FFB2B
:106630002068BDE8104002F031BA00BF79BD050006
:10664000F7B5002304460E462B48002269461DF08C
:1066500001FD0546D0B92CF07BF9284B009F1A5854
:10666000274B29461A60381D28222BF0D1FD3C60AB
:10667000009C24480195C4E90155C4E9095500224C
:10668000002301A91DF0E6FC054620B16FF00B05C3
:10669000284603B0F0BD019B0146B02218462BF0FE
:1066A000B7FD194A826060302BF0FBF9019BBFF304
:1066B0005B8F583353E8002F43E800510029F9D18C
:1066C000BFF35B8F019B1C60636A019F1BB904F1E0
:1066D0000C002BF0E6F9626AC7F8A820A26A07F15D
:1066E000A803636202B9A362019B17225A855A83E9
:1066F00004333360CCE700BFF00E00200800000038
:10670000586800200C0F0020800800202DE9F74376
:10671000176805468846006851687E68144623F06D
:106720006FFA8146002842D130469522294626F04C
:10673000D7F80646207540B1E3681B780BB184F8A2
:106740001490002003B0BDE8F083A06823F025F981
:1067500002210C3023F060F9164B2061A0F8008074
:1067600000930194A26833462946384624F08CFFF2
:10677000002807DA10F1FF0F26BF4042C0B20E20FA
:106780002075DEE72369002BDBD0A06824F0CBFD69
:106790007B8D7A8B9A4294BFC0EB0200C0EB030062
:1067A000E3681B78984294BF00200120CAE70120CB
:1067B000C8E700BF37B305002DE9F74F0646084686
:1067C0000C46FBF707FFDFF898801823434308EBDC
:1067D00003020546D2F808A0E068BFF35B8FB16DF5
:1067E000BFF35B8FC90738D5E168097811710022C2
:1067F00048F803200378D22B0ED13368214618685D
:1068000027F058F940B101902046FBF783FF019B28
:10681000184603B0BDE8F08F04F10C0023F045F9F1
:1068200018235D4308EB050900231A460746214655
:10683000301DB4F810B0C9F8086024F088FC034695
:106840000028E5D06269A4F810B012FA87F7E76073
:1068500048F80500C9F808A0DAE76FF01503D7E794
:10686000106800202DE9F14F0546FBF7B3FE3349D0
:10687000182202FB00F3C81851F803A00779B0F8FA
:106880000680D0F810900021D0E902462BF0C0FC21
:10689000A87AFBF797FE6969834651B16B7AD807EE
:1068A00005D4DBF824301B6828469B6898470023F2
:1068B0006B61294658462BF03DF9002F31D084B347
:1068C000236873B31B6863B3BAF1000F29D1201D8D
:1068D00025F0A0F83846FFF773FD052821D8DFE83A
:1068E00000F0160320162003BFF35B8FA36DBFF3E8
:1068F0005B8FDA0715D5E36D9BB14FF4702200234F
:1069000004F1780001B0BDE8F04F1EF041B82368F3
:106910001D68BFF35B8FA36DBFF35B8FDB0700D5F3
:1069200056B901B0BDE8F08F49462846B04701345A
:10693000A3B29845F8D8F4E70024F9E710680020DE
:10694000F8B50B8A076804460D46002B39D00121A3
:1069500005F10C0023F091F87B7B072B064630D124
:1069600054F8043C6BB301781748043C002310F83A
:1069700033708F4200EBC30208D1298A537897788D
:10698000994213D2012F1CD1042317E001331E2B8F
:10699000EDD10846FFF714FD98B1052811D081B15B
:1069A00006230022204625F093F80AE05368294682
:1069B00020469847012F034603D110B131780029B2
:1069C000EFD10020F8BD00BF08600600F0B51E46FC
:1069D00003680D46003987B0044618BF01211868C6
:1069E000174626F0DDFB40B904F1580024F00EFFF5
:1069F000002844D0002007B0F0BD002E41D018225E
:106A0000002168462BF004FC47BB23681E4A1B6824
:106A100000930023ADF812300C9B0393BDF8343083
:106A2000ADF8103001238DF8143031466B463046F6
:106A30008DF8085024F00EFD9DF81430C3B1002FDE
:106A4000D8D00198FBF766FE9DF81430002DD1D008
:106A500032462946204625F03BF8CBE7002239464E
:106A60002046FFF7E7FC01900028CED11120C2E7B5
:106A700001990029BED0204625F002F8BAE712207D
:106A8000B9E70120B7E700BFF3B30500F8B54FF44D
:106A90007022074600230D480E4622F04BFF0446A5
:106AA00090B100F10C050921284622F0AAFF2046EA
:106AB000FBF790FD064B182202FB0033012128460C
:106AC0009F6022F0A9FF06702046F8BDF01100205B
:106AD000106800202DE9F0410E8A043EF6B2022E25
:106AE00004468CB0084601D0102E64D104210C302D
:106AF00022F0C3FF0DF1080805884788011D3246C2
:106B0000404623F0ABF8002857D09DB3002687B34A
:106B1000BD422FD84FF4205301A940468DF80460A0
:106B2000ADF8063023F06CF840BB1422002107A812
:106B30002BF06EFB11212046FFF7A8FF09900028DB
:106B400037D001210C30CDE9074822F065FF002342
:106B50000A901B4A037039460B93284607AB24F072
:106B600079FC0A9B1B78FBB90998FBF7D3FD0A2334
:106B700001E03D4601232A4610210EE042F60103C2
:106B800007A940468DF81C60ADF81E3023F038F898
:106B90000028CAD010232A461946204624F098FF20
:106BA00000200CB0BDE8F0810999204624F068FF70
:106BB000F6E71120F5E70420F3E70E20F1E700BF28
:106BC000496503002DE9F043036885B004460D468E
:106BD0001868012126F0E4FA40B904F1580024F0C5
:106BE00015FEB0BB122005B0BDE8F08310220021D5
:106BF00068462BF00DFB21212046FFF747FF02904E
:106C000048B3DFF85890009405F10C074FF00108E5
:106C10002B8A012B04D80299204624F031FF18E07A
:106C2000384622F03AFF6B464A46014606468DF842
:106C30000C8024F00FFC9DF80C30002BE8D002985B
:106C4000FBF768FD9DF80C3032462021204624F0E9
:106C50003FFF0020C7E71120C5E700BF71B805005E
:106C60002DE9F043036885B004460D4618680121FC
:106C700026F096FA40B904F1580024F0C7FDB0BBE5
:106C8000122005B0BDE8F0831022002168462BF0E9
:106C9000BFFA0F212046FFF7F9FE029048B3DFF854
:106CA0005890009405F10C074FF001082B8A012B36
:106CB00004D80299204624F0E3FE18E0384622F07A
:106CC000ECFE6B464A46014606468DF80C8024F0E1
:106CD000C1FB9DF80C30002BE8D00298FBF71AFDA1
:106CE0009DF80C3032460E21204624F0F1FE0020A3
:106CF000C7E71120C5E700BF2BB80500F0B51D465A
:106D0000036885B004460E4618680121174626F030
:106D100047FA38B904F1580024F078FD48BB122036
:106D200005B0F0BD65B31022002168462BF070FA63
:106D300039462046FFF7AAFE029018B3BDF8283066
:106D4000ADF8043001238DF80C300F4A00946B46E7
:106D50002946284624F07EFB9DF80C305BB1029852
:106D6000FBF7D8FC9DF80C302A463146204624F02B
:106D7000AFFE0020D4E70299204624F081FEF8E718
:106D80000120CDE71120CBE72BB805002DE9F0411C
:106D90000E8A043EF6B2022E04468CB0084601D09C
:106DA000102E76D104210C3022F067FE0DF104087C
:106DB00005884788011D3246404622F04FFF0028D3
:106DC00069D085B377B3BD422DD86068012126F024
:106DD000E7F9064678BB8DF8000042F602036946E3
:106DE0004046ADF8023022F00BFF20B342F6030319
:106DF00006A940468DF81860ADF81A3022F000FF61
:106E0000C8B1012D03D14FF6FF739F4213D004F197
:106E1000580024F0FBFC002814BF002012200CB006
:106E2000BDE8F0813D4601232A460821204624F092
:106E30004FFE0020F3E7182200210DEB02002BF09B
:106E4000E7F909212046FFF721FE0890F8B101215A
:106E50000C30CDE9064822F0DFFD002309900370D5
:106E60000A238DF82C300D4A06AB3946284624F00B
:106E7000F1FA9DF82C302BB10898FBF74BFC9DF8EC
:106E80002C30D1E70899204624F0FAFDD1E71120F3
:106E9000C5E70420C3E70E20C1E700BF0D6703006C
:106EA0002DE9F0430F4687B00446062107F10C0098
:106EB00022F0E3FD0588B0F802808288D7F80C90B4
:106EC000C5B10023B8F1000F13D0A84512D38DF837
:106ED00000308DF8043001A94FF420536846ADF816
:106EE0000220ADF8063022F08BFE064660B10A2380
:106EF00001E0454601232A460621204624F0E8FD0C
:106F0000002007B0BDE8F0830146142201A83F7CB1
:106F10002BF07EF907212046FFF7B8FD0290D8B18B
:106F20000A238DF815300D4A019401AB41462846DD
:106F3000CDE903698DF8147024F08CFA9DF81530B2
:106F40002BB10298FBF7E6FB9DF81530D3E70299C9
:106F5000204624F095FDD3E71120D2E76BB405005D
:106F60007FB5CB681D885E88044685B176B1AE4298
:106F70000DD31022002168462BF04AF90521204646
:106F8000FFF784FD019058B9112007E03546012331
:106F90002A460421204624F09BFD002004B070BD49
:106FA0006B46094A00943146284624F053FA029B66
:106FB00023B90198FBF7AEFB0A23E9E701992046C4
:106FC00024F05EFDE9E700BFB1B5050013B50B463F
:106FD000002101910E4902462BF0BAFC0C680D49C4
:106FE00009580D488C4208BF002201A908BF13466A
:106FF0001DF030F8014640B9019B1C2218462BF0C9
:1070000007F90346184602B010BD0023FAE700BF97
:107010005868002008000000440F002010B5044606
:10702000806818B1FBF776FB0023A3602146024875
:10703000BDE810402AF04CBC440F00202DE9F34776
:10704000044678300E4617461D462AF06EFEE06D67
:1070500030B9204624F07BFE002002B0BDE8F08766
:10706000124B98424FF0000805D12068C4F85C80AC
:1070700024F088FCF0E7D0F80490C0F80480E06DBC
:10708000D0F818A0FFF7CAFF2068C4F85C8024F08D
:1070900079FCB9F1000FDFD02068CDF800A00068BE
:1070A0003B4632462946C847D6E700BF5C68002009
:1070B00070B5C36DCA68044643B319498B4225D0E5
:1070C000D5781DB3052D406806D00F2D1FD1437A0A
:1070D000012B1CD8022107E0437A012BFAD9022B9D
:1070E00012D0032B13D1042123F0BEFE08B11030BF
:1070F0000DD104F178002AF018FEE26D137C43F004
:1071000001031374002070BD0321EDE70E2500225A
:107110002B4620461146BDE87040FFF78FBF00BFE9
:107120005C680020F7B550F8044C0546002C59D097
:1071300000F1A40104F1240024F04DFB2E1F05F101
:107140005C070022002338461DF03AF9024678BB5E
:10715000AB6D2BB101466FF067033046FFF76EFF52
:10716000002345F8043C05F15403BFF35B8F53E85B
:10717000001F21F0010143E80012002AF7D1BFF3FC
:107180005B8F636A73BB04F10C0600220023304658
:107190001DF016F978B9666886B91348266021464D
:1071A0002AF096FB286803B0BDE8F04001F0B4BDBA
:1071B000FBF7B0FAC5E7FBF7ADFAE6E7A26833687C
:1071C0006360964208BFA36077683FB1B3690093DC
:1071D000002320681A466FF06701B8473046FFF772
:1071E0001DFFD8E703B0F0BDF00E002010B50C462F
:1071F00020B319B324F0AFFC00B3436AC3B153F812
:10720000A82902B1A83AD96D8C420AD082B113469E
:10721000D2F8A820002AF6D0D96D8C42A2F1A8029B
:10722000F5D1074ADA652046BDE81040FFF7F6BE03
:107230000430214624F0CFFA2046F5E710BD00BF08
:107240005C680020F8B51D460F461646FBF7C2F9EC
:10725000044C182303FB0040C0E903760123C380DC
:107260000575F8BD1068002010B50449144618468D
:107270001022A04700EAE07010BD00BFF82B0020EC
:1072800038B50C4619466BB103F11C05DB698AB9A8
:10729000E268A360954200D1E36000230D68CB61F2
:1072A0001A46A847A3685BB9601C0649BDE8384088
:1072B00024F01EBE1360E3689D4208BFE260ECE765
:1072C00038BD00BFA3910600F8B50B4D06460F462A
:1072D000002415F8013CB34207D12946384624F072
:1072E00036FE10B105482044F8BD1034C02C05F11D
:1072F0001005EED10020F7E7096900200869002099
:10730000F8B50B4D06460F46002415F8013CB34274
:1073100004D12946384624F01AFE30B90C34902C9A
:1073200005F10C05F1D10020F8BD02482044FBE72F
:10733000292B0020282B0020F8B50B4D06460F46C0
:10734000002415F8013CB34207D13946284624F001
:10735000FEFD10B105482044F8BD0C34902C05F119
:107360000C05EED10020F7E799A5002098A5002094
:1073700070B5204B144682689A420FD1A568C66842
:1073800075B922792168304624F0E9FD024628B11A
:107390001949013024F0ACFD15701581012070BD34
:1073A000E0680028FBD02B888B420AD0F6D2E06838
:1073B000A36801380433E0600038A36018BF0120DF
:1073C000EDE7256822792946304624F0C8FD0246BB
:1073D00060B90949304624F0C2FD02460028E6D0D3
:1073E0002946013024F084FD23791370A3685B885B
:1073F0001381DCE70D780300A391060038B50E4B2E
:10740000144682689A420D4611D122792168C068DB
:1074100024F0A5FD58B1D4F8C8302F2B09D804EBBF
:1074200083020133158101895181C4F8C8300120DC
:1074300038BD0020FCE700BF0D7803002DE9F041C6
:107440000D4CDFF83880054600262746621C6DB9D2
:107450004146104624F07BFD28B901360C2E04F17C
:107460001004F2D100273846BDE8F0812178284683
:1074700023F0BEFCF0E700BF08690020A3910600DE
:10748000F8B50C4F06464C1C01F13D056EB114F8E1
:10749000011C2246304623F0ABFC08B1601EF8BD4B
:1074A0000A34AC42F2D10020F9E73946204624F0F4
:1074B0004EFDF2E7A39106002DE9F0410D4CDFF8F7
:1074C0003880054600262746621C6DB941461046A5
:1074D00024F03DFD28B901360C2E04F11004F2D140
:1074E00000273846BDE8F0812178284623F080FC4B
:1074F000F0E700BFD4690020A39106002DE9F04118
:1075000006460F46904622F09DFE50B3394630465F
:10751000FFF7F6FE054678B9134A0446104624F0F4
:1075200099FDC0B90C225443104A601C39461044DE
:1075300024F0DEFC1655A518012101FA08F105F129
:10754000080024F026FDBDE8F04109484FF4004250
:1075500000231DF01DBA01340C2C02F10C02DDD108
:10756000EAE7BDE8F08100BF302B0020282B002087
:10757000B82B00202DE9F04180460F4616461D46E7
:10758000FFF7DAFE044648B91449FFF7D5FE044672
:10759000F0B100F8018B394624F0AAFC22896389F6
:1075A00092B99BB926816581254615F8010B2946BC
:1075B00022F048FE60B12246294612F8080BBDE8C9
:1075C000F0410423FBF7F4BA964203D39D42EAD874
:1075D000BDE8F0819D422681E6D9E4E7A39106004B
:1075E0002DE9FF410E4617469846044628B96FF02C
:1075F0001505284604B0BDE8F08102A922F0D8FAAA
:1076000005460028F3D101A9204622F02FF8019861
:10761000D0B902A90020FFF78FFE0446D8B9002E8A
:10762000E7D01149FFF788FE0446D0B1002300F8E7
:10763000013B02A924F05CFC042204F1080140464D
:10764000B84700EAE075D4E70A2229461EF018F987
:107650000028DED0CBE7002EEED1066046608660C3
:10766000C7E76FF00B05C4E7A39106001FB51946E5
:10767000074B10464FF00C12CDE90223082300936C
:10768000BDF818206B4424F0E9FD05B05DF804FB5B
:107690001E00900108B513468168074A914209D13E
:1076A0001A791968C06824F05AFC18B100230360E5
:1076B00043600381012008BD0D78030070B50B4BBA
:1076C000164682689A420ED1C5686C1C3D353168F9
:1076D000204624F03CFC18B17168204624F008FCD8
:1076E0000A34AC42F3D1012070BD00BF0D78030015
:1076F00002484FF4A47200231DF04AB9802C0020E8
:1077000008B50421084824F044FC07486FF0020142
:1077100024F04EFC044824F09DFCC30701D5FFF77C
:10772000E7FF002008BD00BFB02C0020024608B5CE
:107730000849013024F0DCFB002313720C32BFF344
:107740005B8F52E8001F42E800300028F9D1BFF3F8
:107750005B8F08BDA39106002DE9F84F284B164614
:1077600082689A4207462FD1C568AB8F63B3DFF8B2
:1077700098B06C1C05F13D0A4FF0000806F1700945
:10778000B4F807309BB114F8011C2246304623F0B0
:107790002FFBE0B914F8010C2146FEF793FA30B143
:1077A000437B072B08BF4FF00108FDF7EBFE0A34BF
:1077B0005445E5D1B8F1000F06D12B6CA5F83C80FB
:1077C00013B14146384698470120BDE8F88F307A1A
:1077D000494622F037FD70B95D4502D1304624F0AC
:1077E0001BFE0849204624F083FB002304F8013CDB
:1077F000A4F80730DBE74946204624F079FBD6E7BA
:107800000D780300A3910600F80800202DE9F04749
:107810001F46BDF82030D1F80C9006468846002B54
:1078200046D17B1E012B46D8012F4946157818BF3B
:107830001588FFF725FE044678B915B93846BDE826
:10784000F0874946FFF71CFE0446B8B306F1700105
:10785000013024F04DFB337A2370D9F84430DBB982
:10786000B4F808A02581B9F83C30AB4203D04946B2
:10787000404624F0F5FBAA4505D0307A002206F1F7
:107880007001FFF73BFE002DD8D10E49601C24F09B
:107890002FFB25702581D1E72A464146304698477F
:1078A0000028CCDB01380128DAD96FF00D00C6E7DB
:1078B0006FF00600C3E76FF00C00C0E76FF0100038
:1078C000BDE700BFA391060073B50C46054608212D
:1078D00004F11800164624F05CFB12230422CDE9C3
:1078E00000323146034B2246284624F0BBFD02B04D
:1078F00070BD00BF87C5050008B51248012124F0FE
:1079000048FB10F0010F104B0AD1104A9A610D4844
:1079100024F0A0FB830713D4BDE80840FFF7E8BEBE
:107920001A8B588B012A4FF6FF7205D8904207D068
:107930004FF6FF725A83EAE790421983E7D0F7E7E0
:1079400008BD00BFB02C0020602C00200100FFFF0C
:1079500010B56FF0020104460E4824F029FB0D48D3
:1079600024F078FBC20704D50B48002200231DF049
:107970000FF8204624F074FA58B12046FFF75EFD58
:1079800038B1037ADB0704D5BDE81040012124F0AB
:107990001FBE10BDB02C0020802C0020F8B50B4C71
:1079A0000B4F0025661C3946304624F0D0FA0146BC
:1079B00030B9204624F0FCFD2078314624F0D2FE78
:1079C00001350C2D04F11004ECD1F8BD086900203C
:1079D000A391060010B51C48012124F0DAFAC30770
:1079E00031D40221184824F0D4FA084007D11749AD
:1079F000174A0B88174CA2421FD300B10B801649BF
:107A000016482AF084F94FF4A47200231348FBF7B8
:107A1000A7F9134913482AF07AF90221124824F0F1
:107A2000B8FA124912482AF072F91248FEF764FBBC
:107A3000BDE810401048FEF705B9506803449BB2FA
:107A400008320120D7E710BDC869002028A6002011
:107A5000A8320600E032060079C80500082C002094
:107A6000A97F0300802C0020B02C002087D20500C5
:107A7000B82B0020D0080020A80800202DE9F041F4
:107A8000034648B1008A38B91249DFF84CE00124B6
:107A90004FF0140C714501D3BDE8F081D1E90076B7
:107AA000BB4204D30CFB0672143A93420ED9344401
:107AB000A2B208311446EDE70CFB0578434507D028
:107AC00001356219B54292B2F6D1F2E70025F8E726
:107AD0001046E1E7A8320600E03206002DE9F74F34
:107AE000BDF83050009199464FF6FF73002D08BF46
:107AF0001D46244B1B888342074690463CD203B068
:107B0000BDE8F08F73682344BB4232D29CB2083682
:107B10001D4B9E42F6D3F2E789580193404622F06E
:107B20006FF8019B90B101340AF1010AA4B27368A5
:107B30005345ECD9009B9C42E1D8BC423168F2D35A
:107B40000BFB0AF28B18B8F1000FE5D1B9F1000F69
:107B50000BD1013DADB218460E9A0D9B21469847B8
:107B6000002DCCD00028DED1C9E7DA689145DAD102
:107B7000EFE74FF0000ADAE7044E01244FF0140B50
:107B8000C6E700BF28A60020E0320600A8320600A3
:107B900010B51422B6B000210DEB0200CDE90011A2
:107BA000CDE902112AF034FB4FF41053ADF8103038
:107BB0001F4C8023ADF8123010224FF48063CDE9C2
:107BC0000634694634AB0DEB020028F0E7FF0146AE
:107BD00060BB54220AA82AF01BFB54220AA91FA842
:107BE0002AF0EEFA349922461FA829F0ACF8E8B939
:107BF000104A1FAB4FF6FF71012024F032FE0E49F0
:107C00000AAB10221FA829F0BCF878B90A4B082249
:107C100003F11001187811F8014D03F8014B013AF6
:107C20000870F7D10548082124F0B3F936B010BD2B
:107C30000002C003E5C40500E82B0020B02C0020A2
:107C40002DE9F0411949BDF818700446A1F1300042
:107C500015461E462AF07CF8154824F0FBF901076A
:107C600007D4FFF795FFFFF799FE12481021FAF7A6
:107C7000E1FF2046FFF7E2FB68B1037ADA070AD595
:107C800000F10C04204624F0E5F9C30703D40221D7
:107C9000204624F07EF9102306933A4631462846C2
:107CA000044BBDE8F04124F0D9BA00BF382C0020C5
:107CB000B02C0020E82B002010B51B4824F0CAF996
:107CC000C0F3C00080F0010408B9FFF761FF164857
:107CD00024F0C0F90346144824F0BCF9DA0621D593
:107CE000830608D5F4B1FFF759FEBDE810400F48F0
:107CF0001021FAF79FBF20210B4824F04AF90B49C5
:107D0000102288182AF00EFC48B909482AF00DF80C
:107D1000BDE8104004486FF0010124F049B9FFF7B5
:107D2000EBFDE0E710BD00BFB02C0020E82B0020E9
:107D3000802C002008B51021034824F02AF9FFF711
:107D4000BBFF002008BD00BFB02C00202DE9F04192
:107D5000B8B00C46164621493E986A461F4621F0A7
:107D600061FC002837D0009D01A9284621F07EFC47
:107D700065B1019870B90DF1080800232846414605
:107D80008DF8143021F014FF054650B16FF0150442
:107D900025461AE00A2200211DF072FD0028EAD0D3
:107DA000F4E7CDF81080A4B1C02208A93846B04746
:107DB000041EEDDBA40808ABCDE90634084A04AB89
:107DC0004FF6FF71012024F04CFD284638B0BDE885
:107DD000F0812346F0E76FF01505F6E720940600E2
:107DE0007173030007B500230193FFF747FE411CA1
:107DF00089B20846034A01AB24F033FD019803B071
:107E00005DF804FBB1BE05002DE9F843154689462F
:107E100094226968064624F063FD8046002842D11A
:107E200069680222304624F096FD00283ED04FF4C7
:107E300070200021AF8AFFF7C9F80237044680B1ED
:107E40001C4B47611D214174C0F80C804360856163
:107E50003A46304623F094FE074638B92046FFF7ED
:107E6000DDF86FF00B052846BDE8F8830123424694
:107E70004146FFF7E7F9A98A07F10C00023121F02A
:107E8000CBFD20F8029BAA8A29692AF099F9A760FC
:107E90002146304623F0ADFF05460028E3D02046BA
:107EA000FFF7BCF8DFE74FF0FF35DCE76FF01505B3
:107EB000D9E700BFB7BE050030B504468BB03748E0
:107EC00024F0C8F842070D4661D514B1637B072B37
:107ED00060D168680590FFF7D1FD2A68ADF81800F9
:107EE0003AB305A902912E49019101210023009185
:107EF0004FF6FF710593FFF7F1FD059B1BB96FF07E
:107F000001000BB030BD6B60059B186800238DF835
:107F1000103004A942F60303ADF8123021F070FED0
:107F200070B90598C3689B799B0605D46FF015005E
:107F3000E7E70028E8D1E2E724F04CFCADF81800B0
:107F4000BDF818003CB101230146AB752A46204616
:107F5000FFF75AFFD5E76FF07F0307930223ADF8D1
:107F6000203042F60213ADF8123005ABAC75029327
:107F70000C4B01930123009304AA23464FF6FF7193
:107F800009958DF81040FFF7A9FD0798B9E76FF044
:107F90000A00B6E76FF07F00B3E700BF24010020BE
:107FA000E5BE0500DD81030073B500F13005044630
:107FB00050F8083C0193A0F120066FF0010128461B
:107FC00023F0F6FF0D4B44F81C3C0D4B44F8183CD5
:107FD00001AB002044F8103C042324F8080C24F8DA
:107FE000060C24F80C3C3146FFF766FF18B9022155
:107FF000284623F0CEFF02B070BD00BF30610600FE
:10800000517903002DE9F047344B14681746826814
:108010009A4206465ED1D0F80C8008F1010508F1BD
:108020003D09B5F80730FBB115F8011C2A4620467A
:1080300022F0DEFEC0B14FF495723146204624F0A6
:108040004FFCA8B103280FD0052820460CBF4FF0E5
:10805000030A4FF0020A22F03EFF824508D93B791D
:10806000534501D287F804A00A354D45D9D131E0F6
:108070004146304623F0F4FF194B98452AD1207A27
:1080800004F17001FFF758F9054618B303890BB9DD
:108090004389FBB12046FDF78DFB124A2B8922F85C
:1080A000203002EB8003698959800F490F4D182356
:1080B00003FB001300B202EB800200EB40005D60A6
:1080C0001A610B4D9D60042201EBC00120469A828B
:1080D000FFF7F2FE0120BDE8F08700BF0D78030036
:1080E000F808002080A50020786800203061060094
:1080F00073C6050030B504468BB0354823F0AAFF9F
:1081000042070D465DD514B1637B072B5CD16868CF
:108110000590FFF7B3FC2A68ADF818003AB305A93B
:1081200002912C4901910121002300914FF6FF712A
:108130000593FFF7D3FC059B1BB96FF001000BB053
:1081400030BD6B60059B186800238DF8103004A9C2
:1081500042F60303ADF8123021F052FD70B90598D4
:10816000C3689B79DB0605D46FF01500E7E70028AC
:10817000E8D1E2E724F02EFBADF81800BDF81800B6
:108180002CB101462A46204624F077FCD7E742F678
:108190000212ADF8122005AA6FF07F0302920E4A78
:1081A00007930123CDE90032ADF8203004AA23461D
:1081B0004FF6FF7109958DF81040FFF78FFC079877
:1081C000BDE76FF00A00BAE76FF07F00B7E700BFC6
:1081D00024010020E5BE0500DD8103002DE9F84FF4
:1081E000454B144682689A42814639D1D0F80CA09A
:1081F000424B9A451CD1424D424F002639462846F3
:1082000023F0A5FE78B915F8010C07222946FDF7E1
:10821000A9FD40BB236915F8010C1A69294653884A
:108220001288FFF7A7F901360C2E05F10C05E5D1F0
:108230000AF101070AF13D0BB7F80720A3899A421A
:108240000BD117F8010C3946FDF73CFD054620B16E
:10825000437B072B0AD0FDF795F90A375F45EBD131
:108260004FF0010844E0FDF78DF9DCE7DAF848301B
:1082700023B14946984708B92846ECE79422494675
:10828000284624F02DFB80460028F5D1A389022B37
:1082900015D1B7F8073013F0020604D12846FDF7D0
:1082A00071F9A660D9E72269A1882846FFF7ACFDDD
:1082B0000646B8B92269937D01339375EEE7012B29
:1082C00005D02846FDF75EF9C4F80880C5E7B7F881
:1082D000073013F00106E1D02269A188284624F076
:1082E000CCFB06462846FDF74DF9002EA660B4DA11
:1082F0004046BDE8F88F00BF0D780300F808002065
:1083000099A50020A391060070B5437B072B86B08A
:1083100005460C4640F099800B7C062B67D8DFE8B9
:1083200003F004045151598D20000B688BB11B7868
:108330006BB1022B5BD116230193062300934449B2
:10834000444B2246284624F08DF806B070BD082321
:10835000F2E710230421CDE9003122463E4B3F498C
:10836000F0E70868002842D00678002E3FD14FF48D
:10837000245302A98DF80860ADF80A3021F040FCC2
:1083800000B342F6021320688DF80C6003A9ADF823
:108390000E3021F035FCA8B142F6031320688DF8A9
:1083A000106004A9ADF8123021F02AFC50B142F659
:1083B000041320688DF8146005A9ADF8163021F07B
:1083C0001FFCA0B908230422CDE900322449254B23
:1083D0002246B7E7086888B300264FF4205302A965
:1083E0008DF80860ADF80A3021F00AFC10B96FF082
:1083F0001500AAE742F6010320688DF80C6003A976
:10840000ADF80E3021F0FCFB0028F0D042F602035C
:1084100020688DF8106004A9ADF8123021F0F0FB4F
:108420000028E4D042F6030320688DF8146005A903
:10843000ADF8163021F0E4FB0028D8D00423CDE9B4
:1084400000330949094B22467CE76FF07F007CE747
:1084500025CB050077C3050003C10500BFCB050090
:108460007184030033C105004FCD0500BFC0050076
:108470002DE9F04F91B081461A9E174631B17368CD
:108480003246002111B0BDE8F04F1847327C022A75
:1084900072D1ABB13878062802D0082810D10A462C
:1084A0005C1E8DF81820A4B207F1010B002542F6DE
:1084B000020A3B78A34209D914B9002D40F0AE81DD
:1084C0007368324600214846984739E0BBF800807F
:1084D0001FFA88F5002DF3D0BBF80200ADF81400A8
:1084E0009DF81820BBF80410ADF8161062B1022AEE
:1084F00015D0316839B306A821F082FB18B33A7859
:10850000A41AA4B29344D4E706AA04929BF80620C6
:108510009BF8071042EA0122ADF81A20E9E70A2386
:108520007081B181A6F80880964901920093324685
:10853000954B484623F096FF85B2002D40F06E81A2
:1085400011B0BDE8F08F4FF00003102200210CA8FD
:108550008DF80C30ADF80EA029F05AFE03AA0B924C
:1085600004AA0E927368ADF83C8032460BA94846C7
:1085700098470028C3D1E3E7032A64D1002B9FD09A
:108580003A78072A02D0152A9AD102215C1E8DF86A
:108590001810A4B207F1010800250DF1180A3B7864
:1085A000A34289D8B8F800B01FFA8BF5002D87D008
:1085B0009DF8183063B1022B13D03168F1B15046E9
:1085C00021F01EFBD0B13B78E41AA4B29844E6E750
:1085D00098F8053098F8062043EA0223ADF81A30DF
:1085E000EBE708F105030DF1190208F1150153F845
:1085F000040B42F8040B8B42F9D1DEE798F8023005
:10860000B8F803208DF816304FF00003ADF81420B1
:108610008DF80C30102242F6030300210CA8ADF8AF
:108620000E30CDF810A029F0F3FD03AB0B9304AB93
:108630000E93ADF83CB0736832460BA94846984794
:108640000028C0D17CE732681578002D40F0DD802D
:108650005288002B00F0D980B8465C1E18F8013B08
:10866000A4B2A34200F2D680012C40F2CE80B7F82B
:108670000150002D00F0C980A2F52453042B00F214
:10868000C480DFE803F003C22E578300032C40F2BE
:10869000BC80B8F80230D6F800A0ADF8183010222F
:1086A00000210CA829F0B4FD06AB0E93CDF82CA048
:1086B0007368ADF83C5032460BA9484698470028ED
:1086C0003FF43EAF3B78E41AA4B2A342984400F2D0
:1086D000A180012C40F29980B8F80050002DD5D12E
:1086E00093E0032C40F29180B8F80230D6F800A055
:1086F000ADF81830102200210CA829F089FD06AB36
:108700000E93CDF82CA07368ADF83C5032460BA9FF
:108710004846984700283FF413AF3B78E41AA4B2C8
:10872000A342984476D8012C6FD9B8F80050002D98
:10873000D7D16AE0032C68D9B8F80230D6F800A087
:10874000ADF81830102200210CA829F061FD06AB0D
:108750000E93CDF82CA07368ADF83C5032460BA9AF
:108760004846984700283FF4EBAE3B78E41AA4B2A1
:10877000A34298444ED8012C47D9B8F80050002D98
:10878000D8D142E0BFCC0500ABC00500082C3CD9D5
:1087900098F802308DF8183098F803308DF81930B9
:1087A00098F8052098F80430D6F800A043EA022390
:1087B000ADF81A3098F806308DF81C3098F808207B
:1087C00098F80730002143EA02230CA81022ADF8E4
:1087D0001E3029F01DFD06AB0E93CDF82CA073685A
:1087E000ADF83C5032460BA94846984700283FF464
:1087F000A7AE3B78E41AA4B2A34298440AD8012C4D
:1088000003D9B8F80050002DC0D17368324600215A
:10881000484637E6002CF8D1002DF6D032462946DE
:10882000484611B0BDE8F04F24F05EB907B5437B70
:10883000072B0A462CD14B683BB908234FF0040E96
:10884000CDE9003E144B154909E0012B11D0097BFD
:108850005B00019341B1202300931149114B23F098
:1088600001FE03B05DF804FB0E2300930E490F4B8D
:10887000F5E74B8933B10C234FF0040CCDE9003CF4
:108880000B4BE0E70A230221CDE90031094BDAE77F
:108890006FF07F00E5E700BFC3C30500A7CE05006A
:1088A000DBC1050097C105009BC105006FC1050034
:1088B000EBC00500D7C00500F7B5437B072B064684
:1088C0000C4669D1FEF7F8FD054658B9FEF7F4FDF0
:1088D0000546002863D006F17001013023F008FB43
:1088E000337A2B70206918B14268314B9A4259D0C3
:1088F000AB68DBB11C3B0022A34256D01F89218903
:108900008F4204D19F8AA18A8F4228BF0122DB694E
:1089100053B95AB1AA68E261EA6804F11C03AB607A
:1089200002B9EB60002234E01C3BE5E7618911BB32
:1089300042F602138DF804101E4DADF80630019B6F
:108940002B60182229F064FC23695C6123691D6097
:10895000236904221A74236922891A812369A2894E
:10896000DA812369124A5A602169304603B0BDE8B2
:10897000F040FFF7C9BC104A21463046FEF7A4FF7D
:1089800002460028C6D0AB681BB90C49681C23F00E
:10899000AFFA104603B0F0BD6FF07F02F9E76FF059
:1089A0000B02F6E76FF00F02F3E76FF07702F0E7E4
:1089B0003DD005007CA50020CFBF0500A391060097
:1089C0002DE9F041437B072B07460D465CD1FEF7AE
:1089D00073FD064600285AD08468002C57D0002327
:1089E0001C3C9846A54209D021892A89914208BF9A
:1089F0004FF00108E4691CB11C3CF3E70123F9E7DF
:108A0000002B44D005F1180023F024FB430703D5C5
:108A10002946384624F03BFBB8F1000F19D0B36863
:108A200005F11C0253B19A4224D1EB69E4B9F16813
:108A3000B3608A4200D1F3600023EB61B3681BB9D5
:108A40001449701C23F054FAB8F1000F15D100201E
:108A500008E0114AA5F8148029463846FEF734FF8D
:108A60000028DCD0BDE8F0812360F3689A4208BF9B
:108A7000F460E1E71C461B68D4E700232C681A4623
:108A800029463846A047E2E76FF07F00EAE76FF03B
:108A90001500E7E7A3910600CFBF050070B58EB0C3
:108AA00000F17005044603900123007A8DF8103020
:108AB000294621F0C7FB90B1227A1AB302AE0421F5
:108AC00030461FF0FDFE00960F4A242105A82B46D4
:108AD000F9F7DEFF05AA0D491046F8F749FE4FF6F3
:108AE000FF710B4A03AB012023F0BBFE204622F0AE
:108AF000F2F99DF81010884202D2204622F0B4F913
:108B00000EB070BD0092DFE7239406004D7D030098
:108B100005800300F8B5084B1C6805460E4617464D
:108B20004CB154F8043C043C1BB13A46314628464B
:108B300098476468F4E7F8BDCC69002037B5012395
:108B40000546009000F17001007A8DF8043021F0A4
:108B500079FB78B94FF6FF710120144A6B4623F078
:108B600080FE0021284624F01BFB08B9FEF7C4FE56
:108B700003B030BD2846FEF79FFC0028EAD0846889
:108B8000002CE7D01C3C04F11803184623F062FACD
:108B9000020709D4184623F05DFA830704D4044A77
:108BA00021462846FEF790FEE469E9E705800300C8
:108BB00049C0050030B5B5B0002301918DF808001B
:108BC00033930A4A01AB04460D4601204FF6FF716C
:108BD00023F047FE339B3BB19B0003AA2946204666
:108BE000FAF712F835B030BD1A46F7E7FD73030007
:108BF0002DE9F34100F17008CDE9001204460F465B
:108C0000007A4146164621F01DFB0F4A05466B4689
:108C10004FF6FF71012023F024FE1DB1207A41465A
:108C2000FFF7C8FF207A3946FEF74EFB40B13146C8
:108C3000013023F05DF91DB1207A414623F092FD09
:108C400002B0BDE8F08100BFBD760300F7B52F4A42
:108C5000009104460E468DF804006B464FF6FF71F6
:108C6000012023F0FEFD31462046F9F7DBFF002806
:108C700023DB3146204623F0BFFB00281DDB3146B5
:108C80002046FEF721FB08B1FEF750FD3146204695
:108C9000F9F7B2FF002810DB1D4F002517F8013C43
:108CA000A34204D13946304623F051F938B9103582
:108CB000C02D07F11007F1D1002003B0F0BD154B16
:108CC0001D44AB68002BF7D01C6804B11C3C002786
:108CD00023F8087C3A461C3B29463846FEF7D0FA72
:108CE00054B9E9E7A2F11C060022A78223462946CF
:108CF0001046FEF7C5FA3446E269002AF2D1A28294
:108D0000234629461046FEF7BBFAD5E795760300C1
:108D1000D5690020D46900202DE9F74F04460346A9
:108D20003B4A4FF6FF71012004F1700623F099FDD4
:108D3000207A314624F06DFA207A314621F082FA09
:108D400050B1237A8DF80430324A00966B464FF6C4
:108D5000FF71012023F085FD2046FEF7ADFB07469D
:108D600040B92046FEF76AFB054600283DD103B016
:108D7000BDE8F08F8568002DF3D055F81C89B8F157
:108D8000000F01D0A8F11C084FF00009CA4601E00D
:108D90004546984605F1180B6FF00801584623F038
:108DA00007F9207A314621F04DFA80B9A5F814A0D0
:108DB0002B464A4639462046FEF762FAB8F1000FC4
:108DC000CFD0D8F81C30002BE2D01C3BE0E758464F
:108DD00023F040F9C307E9D47B781BB13146781CF6
:108DE00023F086F805F11C09E8E7207A314621F0E6
:108DF00029FA28B9284603B0BDE8F04FFEF796BC23
:108E00003146681C03B0BDE8F04F23F071B800BFD5
:108E10005977030095760300034B42689A4204BFDA
:108E200083691982704700BFA7CE050030B50C4C8E
:108E300000232246D4F8EC0038B10133062B04F5A8
:108E4000BC74F7D16FF00B0030BD4FF4BC746343BA
:108E5000D418EC33034DC4F8F0501A440A60F3E719
:108E6000B82C002034620600084A10B501460023E1
:108E7000141DE01824F048FA08B1981810BD03F545
:108E8000BC73B3F50D6FF4D1F8E700BFB82C002028
:108E900010B50C4A11680C4ABFF35B8F00F5B8732C
:108EA00053E8004F944204D143E8001CBCF1000F8A
:108EB000F6D1BFF35B8FBFF35B8FD0F87001BFF3C8
:108EC0005B8F10BD14660020B82C002008B5FFF79A
:108ED000DFFF0346C8B1D0E9011221B9002A0CBF57
:108EE0000320022010E032B1C36813B9094B1B788C
:108EF00033B9042008E00749087828B1DB6833B9A2
:108F0000003A18BF0122500008BD0320FCE70120F1
:108F1000FAE700BF95A8002038B50C46037BC17C5A
:108F200003EA0102150704D5C27A857C2A43D207D9
:108F30000ED4042C0ED80B4313F0040306D0FFF715
:108F4000C5FF054B04EB840423441B5C184638BD65
:108F50000523FBE70023F9E75B94060038B50546D7
:108F6000FFF796FFD5F8EC309B7A032B04460AD026
:108F700005D8013B012B8CBF0020012038BD042BFC
:108F80000FD00020FAE72846FFF7A0FF032806D1FC
:108F9000002CF6D02069003818BF0120EEE7012030
:108FA000ECE72846FFF792FF032802D11CB12469A1
:108FB0000CB1024B1C7804F00100DFE795A80020FB
:108FC00030B5037A87B00446052B18D8DFE803F0E4
:108FD0001A03031A172790F8DC20D0F8D830D340B2
:108FE00003F0010343F080030E4902AD00950968C8
:108FF00004F1370204F1570025F014F820B10820DD
:1090000007B030BD0023EFE71022294604F1170016
:1090100029F088FA003818BF01208000F0E700200E
:10902000EEE700BF946A002070B50446D0F8EC600B
:10903000FFF72EFF0421054604F1D8000EF0FAFCDC
:10904000C0B9D4F8D8300C4AB3FBF2F102FB1133AB
:10905000C4F8D83084F8DC0055B16B6843B10B21FB
:10906000201D24F0FEF96B68D4F8D81030469847DC
:10907000002070BD0820FCE740420F0038B5051DF8
:1090800004460821284624F0ECF9064904F157006B
:10909000FCF744F820B12846082124F0BAF908204A
:1090A00038BD00BF97DC050038B5EC22054600212D
:1090B00029F0AEF8102105F127000EF0BBFC0446A4
:1090C00048B90521284624F0CCF9FCF717F8034BE2
:1090D0001860204638BD0824FBE700BF946A0020D2
:1090E00070B50C21054624F006FA0446F0B1402183
:1090F0000C3020F091FC0E4B1B680246014603F138
:10910000200053F8046B41F8046B8342F9D12032FC
:1091100003F1200153F8040B42F8040B8B42F9D100
:109120002846214624F086F9002070BD0820FCE77F
:10913000946A002073B5047A022C054623D844B102
:1091400090F8DC30D0F8D840DC4004F0010444F062
:1091500080040321284624F0CEF90646A8B1102148
:109160000C3020F059FC00900F482346006805F1B0
:10917000270205F1570124F055FF044650B130464F
:10918000F9F7C8FA01E0032C02D0082002B070BD44
:109190000024DEE73146284624F04CF9281D2146FC
:1091A00024F037F92046F1E7946A002070B50446B0
:1091B000FFF76EFE261D05460E21304624F0A4F86A
:1091C00048B9274B2022196804F1570029F0AAF961
:1091D00008B9082070BD2046FFF782FF0028F9D1AA
:1091E000237A052BF5D801A252F823F0059203004B
:1091F000399203001F92030005920300D3910300EC
:10920000599203000421204624F02BF9FFF792FF26
:109210000028DFD12046BDE8704024F036B9204652
:10922000FFF702FF0028D5D10321204624F019F9C9
:109230000E2124F016F9EDE72046032124F011F960
:109240000E2124F00EF930460A2124F00AF9AB6809
:10925000D4F8EC009847DDE704212046E9E700BF99
:10926000946A00202DE9F3410E460446FFF710FEF4
:10927000F36804F1570705463A4603F1200153F815
:10928000040B42F8040B8B42F9D104F1770203F18D
:10929000200153F8040B42F8040B8B42F9D13846F5
:1092A000FBF79AFE98B30E21201D24F0DAF8D4F8CB
:1092B000EC60D6F8A03033B9307A06F1700100F0D6
:1092C0007BFEC6F8A000D6F8A030A3B9D4F8EC30E5
:1092D000DB78002B78D104F104080E21404624F0FD
:1092E00013F8D8B9414B20221968384629F01AF9E9
:1092F000A0B9082008E0DA8902F02402002AE5D0AB
:109300005B7B9B07E2D4032002B0BDE8F0813846C6
:10931000FBF76EFE0028D9D10A20F5E7237A052B4A
:10932000E7D801A252F823F041930300779303009A
:109330004B93030041930300F39203008B930300CC
:109340000321204624F08DF80FE02046FFF76CFE45
:109350000028D9D10321204624F083F80E2124F0DF
:1093600080F8FFF7E7FE0028CED1204602B0BDE826
:10937000F04124F08AB80A21404624F072F8AB6824
:10938000D4F8EC0098470E21DBE7102104F1270008
:109390000EF050FB06460028ABD125B32B6913B362
:1093A000134B01A91B88ADF80430204623F08AFF37
:1093B0004046C4E938660C2124F053F82B69D4F8F0
:1093C000EC0001A99847D0E7084B1D682DB9201D76
:1093D000062124F046F8284696E7204602B0BDE86C
:1093E000F041FFF7E3BE02208EE700BF946A002041
:1093F00020350600F0B50F4685B00446FFF748FD5E
:10940000FB6804F137060546324603F1100153F8B4
:10941000040B42F8040B8B42F9D1D4F8EC30DB7822
:10942000002B52D12046FFF7CBFD40B9237A052B04
:1094300004D8DFE803F0382020060338082005B000
:10944000F0BD03AB5F4800930068334604F1270288
:1094500004F1570100F032FF0028EFD10A21201D4E
:1094600023F0FFFF092123F0FCFFEB680399D4F8F8
:10947000EC00984721E094F8DC300133DBB2142B88
:1094800084F8DC300FD0102104F127000EF0D2FA5E
:109490000028D3D10321204623F0E3FF05B0BDE827
:1094A000F040FFF747BE231D0721184623F02CFF8D
:1094B00028B10921184623F0D4FF0020BFE7204639
:1094C00005B0BDE8F04024F06FB8237A052BB5D87D
:1094D00001A252F823F000BF1D950300359503004B
:1094E00035950300F19403003D9403008595030036
:1094F00003AB34490093096804F12703324604F1B1
:10950000570000F0DBFE002898D10A21201D23F02F
:10951000A8FFEB680399D4F8EC00984720460D218A
:1095200023F09FFF201D102123F09BFF204624F0F5
:1095300001F884E72046FFF743FD00287FF47FAF62
:109540000321204623F08DFF23F0F4FF00287FF451
:1095500076AF94F8DC300133DBB2142B84F8DC30C6
:1095600006D10D21204623F07CFF1021201DA2E70B
:10957000102104F127000EF05DFA003818BF012019
:10958000C0005CE7102104F127000EF053FA0646F4
:1095900000287FF453AF95B12B6983B10A4B03A91F
:1095A0001B88ADF80C30204623F08CFE0C21C4E95A
:1095B0003866201D23F055FF2B6903A957E70220C9
:1095C0003DE700BF946A00202035060038B5174BF0
:1095D0001B78054623B301F00F042846FFF776FCFD
:1095E000134A03280CBF04F00B0444F0040405F5EF
:1095F000BA731278BFF35B8F53E8001F013103D1B8
:1096000043E800200028F7D1BFF35B8FBFF35B8FE7
:10961000D5F87431BFF35B8F2BB144F0010038BD36
:1096200001F00704D9E704F0FE00F8E795A8002050
:109630001E0E0020F8B5054623F05FFE0446002804
:1096400079D0061D0421304623F05EFE002875D136
:109650000221304623F058FE002868D1032130460D
:1096600023F052FE10B16FF00F00F8BD012130461B
:1096700023F04AFE0028F6D12046FFF76FFC0028B1
:109680005FD0D5F8A03033B12046FFF70DFD70B1A3
:109690006FF06800E9E7287A05F1700100F08CFCB2
:1096A000C5F8A0000028EFD16FF00B00DDE7012125
:1096B000204623F020FF07460028E9D006210C3081
:1096C00020F0AAF9092105462046FFF77FFFA87080
:1096D0002046FFF7FBFB1C4B28701B784BBB1B4B3A
:1096E0001B786B701023EB70AB7813F0010314BF81
:1096F000032200226A712B7184F8E8306B7984F8B8
:10970000E930012363722B68C4F80A30AB88E38127
:109710003946204623F08EFE2046022123F0A1FE8A
:109720000B2123F09EFE0321304623F09AFE0020F9
:109730009BE70123D5E76FF07F0096E76FF0040009
:1097400093E76FF0150090E796A8002097A80020F7
:109750002DE9F341051DD0F8EC40CB680646022107
:10976000284623F0D1FD002855D10321284623F0B7
:10977000CBFD00284FD10121284623F0C5FD00284C
:1097800049D1274A1278002A47D01F783B0744D591
:10979000D4F8A03053B1DB8903F02403BBB92046D1
:1097A000FFF748FF00282EDB0F2131E004F170089D
:1097B000217A4246202000F081FCC4F8A00030B994
:1097C000217A4246042000F079FCC4F8A000D4F8C5
:1097D000A0100029E3D0780706D54B7BDA0703D425
:1097E0003046FFF773FBDAE7CB899B06D7D50B7BB7
:1097F000009301F1180201F11A032046103121F003
:109800008FFA002803DA082002B0BDE8F0810121B8
:10981000284623F026FE0020F6E70320F4E700BFE9
:1098200095A8002037B505460C46FFF731FB0346E7
:10983000F8B10068E8B122788DF8002062788DF8E0
:109840000120A2788DF80220E2788DF80320227999
:109850008DF8042062798DF805201B68D5F8EC009E
:10986000694698470138C0B208289ABF024B185C75
:10987000002003B030BD00BF43940600F8B5CE68A9
:10988000F378102B044677D1327990F8E830D0F88D
:10989000EC50134080F8E830727990F8E9301340CA
:1098A00080F8E930022303743368C0F81130B388BC
:1098B000A0F81530B3781B0706D5037B1F0703D527
:1098C0000521043023F0CDFDB378980606D5237B1F
:1098D000990603D51421201D23F0C3FDB378DA07C0
:1098E00014D5237BDB0711D50D21201D23F0B9FDF5
:1098F00031782046FFF710FB2072D5F8A0102046E3
:1099000023F042FD30B903252846F8BD0023A4F812
:10991000E830EDE7204623F058FD05460028F3D156
:10992000271D0521384623F0EFFC0028EBD0204608
:10993000FFF7AEFA94F8E93084F8E85003F0020338
:1099400084F8E93031462046FFF76CFF05460028D1
:10995000DAD10A4B1B6823B90621384623F081FD72
:10996000D2E720460C2123F07CFD0B2123F051FD92
:10997000BDE8F840FFF7B4BB0625C5E7946A0020B0
:10998000F8B50E46D0F8EC500446FFF781FAF668B9
:10999000F378102B40F0AD80D5F8A0305BB1271DD7
:1099A0000F21384623F0B0FC88B92046FFF77CFB36
:1099B00068B1C5B209E0287A05F1700100F0FCFA3F
:1099C000C5F8A0000028EAD108252846F8BD0123E3
:1099D00063723368C4F80A30B388E38102232374C6
:1099E000B1782046FFF7F2FDE0742046FFF76EFAEB
:1099F000102360742375337903F00303637573795F
:109A000003F00103A375E37C1A070CD5B3781B0799
:109A100009D50521384623F024FD637D03F00203B8
:109A200063750023A3750521384623F06DFC68B3E8
:109A3000314B1B78A374E37C980606D5B37899065E
:109A400003D51421384623F00CFDE37CDA071FD53B
:109A5000B378DB071CD50D21384623F002FDA37D2A
:109A600084F8E830637D84F8E9300321384623F038
:109A7000F8FC31782046FFF74FFA2072D5F8A01095
:109A8000204623F081FC38B903259EE71B4BD0E725
:109A900000236375A375E2E7204623F096FC054694
:109AA000002892D10521384623F02EFC0028EBD067
:109AB00031462046FFF7B6FE0546002885D10C2129
:109AC000204623F0CEFC022123F015FD0646002897
:109AD0003FF47AAF06210C301FF09EFFD4F811300E
:109AE0000360B4F8153083803146204623F0A2FC91
:109AF0006BE7062569E700BF97A8002096A800201D
:109B000038B512490446A0F1EC05543028F0FFF8AE
:109B1000284623F034FFBFF35B8F0D4A04F1840322
:109B200053E8001F43E800200028F9D1BFF35B8F02
:109B3000BFF35B8F88344FF0FF3354E8002F44E8C5
:109B400000310029F9D1BFF35B8F38BDE1DD05009D
:109B5000B82C0020F8B5D0F8EC40D4F8A030064678
:109B6000051D43B90221284623F0CEFB0927002812
:109B700051D11F214BE081BB0D21284623F0C4FBAE
:109B8000074620B1D4F8A00008B124F02BFA364BD8
:109B90001B689BB11D6805B10C3D53F80C3C13B11B
:109BA0003946204698474DB12B46ED681B681DB1DC
:109BB0000C3D002BF4D1F7E7002BF1D1304623F018
:109BC000DEFE637B072B4DD1627AA37A9A4249D09D
:109BD0002046BDE8F84023F070BF0139C9B20E2914
:109BE00098BF224A1B7B94BF575C092723BBD4F83C
:109BF000A00024F099F90023C4F8A03002212846DF
:109C000023F082FB38B9072FB3D8194BD95D3A46F8
:109C10002046FBF7EFFF0321284623F075FB0028C1
:109C2000CCD0114B1B68002BC8D01D6805B10C3D72
:109C300053F8083C4BB90BE00221284623F064FBA3
:109C40000028D4D1DAE70C3D23B1394620469847A5
:109C5000002DB3D02B46ED685B68002DF3D1002BAF
:109C6000F3D1ABE7F8BD00BF0C6600204C940600B2
:109C70003B94060038B51B4B044618604FF0FF328A
:109C80004FF0FF3318481AF0D3FA18481AF086FE3E
:109C900015481AF045FBDCB1154C00250621201DA6
:109CA00023F032FB78B1D4F8EC30DB78204683B96E
:109CB000FFF716FA014610B1204623F0A5FF0C214C
:109CC000204623F0CEFB0135062D04F5BC74E5D10A
:109CD00038BDFFF76BFA01460028F4D0204623F088
:109CE00093FFF0E7946A00205C09002070090020CF
:109CF000B82C00202DE9F0410B8A04460E46B3B380
:109D0000012106F10C001FF0B8FEA4F1EC05E83CBF
:109D100007460421204623F0F7FA40BB39780E2984
:109D200025D8DFF8508058F8313023B9072128466C
:109D300023F06AFF1BE0284623F0F6FD30B903212B
:109D4000204623F0E1FA90B10821F0E73B78318A10
:109D500008EBC3021279914201D00A21E7E73146AC
:109D600058F833302846984701460028DFD10020B4
:109D7000BDE8F0815C6206002DE9F34190F8E9301E
:109D8000CF68D0F8EC5023F0020380F8E9303B783C
:109D9000044623B1BB7903F0C003C02B7BD105F18E
:109DA000700807223946404628F0BCFB88B1287A63
:109DB000394600F0FDF9064658B10146204623F029
:109DC000E3FA18B9082002B0BDE8F081304624F06B
:109DD000ABF80D21201D23F097FA00283CD0297AFA
:109DE0004246022024F08CF806460028EAD0EB78A0
:109DF000002B49D105F17E031878012825D19A79E5
:109E000002F0C002402A20D1D3F80120C6F83A203F
:109E1000B3F80530F38795F87030B3B195F8763024
:109E200003F0C003C02B10D01D496A46CDE900875E
:109E3000FBF798FC3B68C6F80130BB88A6F80530F4
:109E4000BB79F3712846FBF7A5FE3046F9F7A4FF6E
:109E500018BB3046F9F7B0FF94F8E9305B0703D53B
:109E60000A21204623F0FDFAEB7843B994F8E93053
:109E70002BB9D4F8EC30D3F8A030002BA2D0B4F832
:109E8000E81021B100209EE705F17703B4E72046F2
:109E9000FFF760FEF6E70A2095E7032093E700BF8F
:109EA00055D905002DE9F0410546A0F1E806044624
:109EB0000F463046012155F8EC8923F035FD002886
:109EC0005FD0CFB10321304623F01EFA002858D0CE
:109ED0003846F9F71FFA0138C0B208289ABF2E4B4E
:109EE0001C5C00240221304623F0BBFA21462846A0
:109EF000BDE8F041FFF72EBE98F80B30002B40D0A4
:109F00000321304623F000FA20B92846BDE8F0418D
:109F100023F035BD0521304623F0F6F9B8B114F829
:109F2000043C1F0707D514F8033C180703D511217B
:109F3000304623F096FA14F8043C23F0080304F8A2
:109F4000043C14F8033C23F0080304F8033C14F821
:109F5000033CD90717D50621284623F082FA0221AF
:109F6000304623F07EFA98F8033013B914F8033C16
:109F70003BB92368D3F8A0301BB134F8041C002986
:109F8000B5D0BDE8F0819A0701D50821E4E75B0769
:109F9000E5D50A21E0E700BF4394060008B5044B6D
:109FA000044801221A70FBF75DF8002008BD00BFCD
:109FB00095A80020780900202DE9F8431B4FDFF811
:109FC000749080460D460026062417F8013C434550
:109FD0000AD107222946384628F0A4FA20B91448A5
:109FE00000EB8610BDE8F883062C07D1072249460E
:109FF000384628F097FA002808BF34460136062E66
:10A0000007F14007E1D1062C0ED0094AA30102EB6B
:10A01000841002F8038001332C68D4509918AB885F
:10A020008B80AB798B71DDE70020DBE7996A00203C
:10A03000986A0020A39106002DE9F3410E4C0546D5
:10A040000E46174604F5C078E3897BB12378AB420E
:10A050000CD1D4F80100B4F80520E379009039461A
:10A060006846ADF804208DF80630B04740344445CA
:10A07000EAD102B0BDE8F081986A00202DE9F041F4
:10A08000084C05460E46174604F5C078E3892B4276
:10A0900002D039462046B04740344445F6D1BDE8A9
:10A0A000F08100BF986A002008B503490022022011
:10A0B000FFF7E4FF002008BDFDDE05002DE9F041BB
:10A0C0000F4D06460F4690460024B5F80D3033423A
:10A0D0000DD015F8013CBB4209D107224146284664
:10A0E00028F020FA18B907482044BDE8F081403430
:10A0F000B4F5C07F05F14005E7D10020F5E700BFCA
:10A10000996A0020986A00202DE9F0410B78012B14
:10A1100007460D4602D00020BDE8F0818B7903F0A0
:10A12000C003402BF7D11F4E002401F1010836F87F
:10A130002C3C9A070CD516F83A3CBB4208D10622B3
:10A140003146404628F0EEF910B917482044E3E7BD
:10A150004034B4F5C07F06F14006E8D1134E002428
:10A1600005F1010836F81C3C9B0714D516F82A3C6B
:10A17000BB4210D1414630461FF0F0FC58B10A4BAB
:10A18000D5F8010004F13A02D1189850B8F804202B
:10A190008A80E018C0E74034B4F5C07F06F140067D
:10A1A000E0D1B8E7D26A0020986A0020C26A002095
:10A1B000F8B50C4D06460F46002415F8013CB34295
:10A1C00008D107223946284628F0ACF910B90648CC
:10A1D0002044F8BD4034B4F5C07F05F14005ECD112
:10A1E0000020F6E7996A0020986A00202DE9F047E0
:10A1F0009AB01D46DDE923972E4B16460CAA8446DD
:10A200008A4603F1300E904618685968144603C414
:10A21000083373452246F7D118681B7920602371F3
:10A220006146202204A823F0E5FE23486B46202245
:10A2300004A900F071F80446C0BB102251460DF18C
:10A24000350023F0D7FE102231460DF1450023F0F2
:10A25000D1FE2946062211F8013B8DF855300DF14B
:10A26000560023F0C7FE2299062211F8013B8DF813
:10A270005C300DF15D0023F0BDFE4B4635224146BA
:10A28000684600F049F8044680B9484623F0BCFE11
:10A2900001238DF8303035223B464146684600F0B8
:10A2A0003BF8044610B9384623F0AEFE20461AB0FB
:10A2B000BDE8F087223506007C94060070B598B0A2
:10A2C0000E4614460146202204A81D4623F092FEA5
:10A2D000202231460CA823F08DFE1022294614A816
:10A2E00023F088FE10222146684623F083FE6B4649
:10A2F000502204A9184600F00FF840B9039B054A04
:10A300001BBAB3FBF2F102FB11331C9A136018B0B5
:10A3100070BD00BF40420F002DE9F0418CB00746F0
:10A320000C4615460021142207A81E4627F070FF90
:10A330004FF41053DFF85080ADF818308023ADF89B
:10A340001A304FF44063CDE90838102204AB394687
:10A3500006A826F023FC20B16FF004000CB0BDE885
:10A36000F08105AB029310232246CDE900634146FC
:10A370002B46049826F044FD0446049826F03DFB45
:10A380002043EBD0E8E700BF0002C00300F1070C58
:10A390002CF0030C10B4541E1860A4B2ACF80020CA
:10A3A000023A93B201FB04F24FF0000C40F802C0F5
:10A3B00074B103FB011403FB01F22044121B4FF69E
:10A3C000FF7C013B9BB263458050A0EB0100F8D1BC
:10A3D0005DF8044B704700BF0346006810B1026887
:10A3E0000AB91A60704700F1070C2CF0030CD11D5C
:10A3F000BCF800C021F003010CF1FF3CA1F800C043
:10A40000EFE700BF0B687BB1073323F003031A8823
:10A41000013292B20346D1F800C043F807CB23F0D3
:10A4200003031A80086070470122F3E702FB010072
:10A43000704700BF401A90FBF2F080B2704700BF37
:10A44000531E11449BB242B1DB430138CA1811F8C4
:10A45000013D00F8013F9142F9D17047014402E00B
:10A4600010F8013B1BB98842FAD100207047012047
:10A47000704700BF10600860704700BF0A6803465D
:10A480000068904205BF00220A6000201A607047F1
:10A4900010B414682060146861605DF8044B1060AB
:10A4A000704700BF884203D01AB1436813607047F9
:10A4B000002070470B68834209D02AB158681060A9
:10A4C0001A680A6018467047002BF9D1FAE7002392
:10A4D000F8E700BF2DE9F041DFF834800B4E0C2780
:10A4E00006F130044546221D214628460C3CFFF764
:10A4F000C1FFA642A5F10805F5D1043F3B1DA8F117
:10A500002008A6F13006EBD1BDE8F081206D0020D7
:10A51000946C002010B403468C46A2B101EB4101BB
:10A52000154803EB4304090101EB84010144487A17
:10A530000C7AA04204BF013008725DF8044B6146FA
:10A54000184610F0D7BC01EB41020B4C120100EB96
:10A55000400302EB830323449C7ADA7AA24202D0BE
:10A560005DF8044B704701329A72044B01225A5431
:10A570005DF8044B10F016BD9C6C0020186C002098
:10A58000F8B506461C460D4602B322786378D21A07
:10A5900012F003023AD1274F71004FEA450C3144C3
:10A5A000AC44890001EB0C1101330431DBB27A18A1
:10A5B000606823702146FFF76BFF1F4B012229467D
:10A5C00030465A5510F0EEFC0020F8BD10F0D4FCD7
:10A5D0000028DAD02946304610F0ACFC0028D4D050
:10A5E00005EB450206EB4601124F6378120102EBC0
:10A5F00081023A447100907AD27A90424FEA450C37
:10A600000CD02078C01A10F00302C8D0012A03D061
:10A610000133DBB22370D0E71046F8BD2278D21A9E
:10A62000920702D00233DBB22370D4E902039847C9
:10A63000CAE700BF9C6C0020186C00202DE9F04F89
:10A64000DFF8649119F8003089B0002B5AD0DFF898
:10A650005CA13C2204234FF0000B00EB400712FBEF
:10A6600000330324CDE904BB09F800B00AEB071757
:10A67000039302948346B8460023B96A58F8240F1E
:10A68000079307AAFFF70EFF044607AAB4B1079D78
:10A690002E786978761A06F00306012E35D02B78CD
:10A6A000591A01F003010129DBB23DD1D7E90901B3
:10A6B000FFF7F8FE044607AA002CE8D197F82E30E1
:10A6C00097F82F209A4203D087F82F300123049364
:10A6D00097F82C3097F82D209A4203D087F82D3028
:10A6E00001230593029B5D1EEBB2FF2B0293A7F1A2
:10A6F0000C07C0D1049AD846DDF814B012B1BBF1F2
:10A70000000F45D009B0BDE8F08F01396970079B93
:10A71000D3E902039847079D2A786978D3B2521A81
:10A7200002F00302012A21D0B86A019300224146B7
:10A73000FFF7C0FE6C60019B6A786B702B789B1AE8
:10A7400003F00303012B08D0D7E9090107AAFFF79B
:10A75000A9FE012E044698D10EE0039B6A7029469B
:10A7600020460AEB0302FFF793FEEDE7D7E9090164
:10A7700007AAFFF797FE0446029B8BB101235946B7
:10A78000584609F80B3010F00DFC09B0BDE8F08F09
:10A790005A464146404609B0BDE8F04F10F0AABB0A
:10A7A000002C8BD0EAE700BF186C00209C6C0020C6
:10A7B0004B1EDBB271B1411E00EB030C002011F8FF
:10A7C000013F23B15A1E01301340C0B2FAD1614596
:10A7D000F5D1704708467047F0B5514D83B0074634
:10A7E00003260124042138460DF0E6FC38681F23B7
:10A7F00020FA03F2013BDBB2FF2B4FF0000C4FF0CD
:10A80000010E14D020FA03F101F001018A4232D086
:10A810000CF101021C2BD2B24ED9192A3BD094461E
:10A820004FF0010E0A46013BDBB2FF2BEAD180EA72
:10A83000050301930DF1040C0DF1080E00221CF824
:10A84000013B23B1591E01320B40D2B2FAD1E64589
:10A85000F5D1012A07D983B2B3EB104F28D1C3B287
:10A86000B3EB106F24D1013E16F0FF06BAD16FF0A2
:10A870000D0003B0F0BD0EF10102D2B2062A2CD9B0
:10A8800004FA03F271B120EA020000210CF1010286
:10A89000D2B2192AC3D1013304FA03F329B15B42BE
:10A8A0001840C4E710430121F0E7013B1843BEE71D
:10A8B0003860002003B0F0BDAFD0012AADD104FA5A
:10A8C00003F239B120EA02000021BCF1010FDDD012
:10A8D0000A46A8E710430121F7E701D01C2B02D953
:10A8E00096460A469FE7BCF1000F0AD1012202FA00
:10A8F00003FE69B120EA0E008E4661460A46F44620
:10A9000091E71C2BECD0BCF1010FD8D09646E8E7BC
:10A91000114640EA0E00944696460A4683E700BF79
:10A92000D6BE898E30B5037E0568FF2B14D003EBAD
:10A9300043028B4205EB021227D04FF0000C01E0DE
:10A9400099420BD09E4613789468FF2B03EB430289
:10A95000A44405EB0212F3D1002030BD714517D09D
:10A960000FFA8EFE137890680EEB4E0E4FEA0E1E15
:10A97000FF2B05F80E3006D003EB430305EB031362
:10A980009A6802449A60604430BD9E464FF0000CC5
:10A9900013780376E4E700BFA2EB010C1CF4000F70
:10A9A00010B4836844690BD12CF07F4C6344A342FC
:10A9B0000ED8E41A0023446183605DF8044B7047AD
:10A9C000891A21F07F418B4209D95B1AA342F0D941
:10A9D0001B1B0024446183605DF8044B70470C44EA
:10A9E000E41AE7E72DE9F843284DBDF82C7004463A
:10A9F0004FF02C0E0EFB045E084604EB840104EBC2
:10AA00004104DEF8041001EBC00605EB8405F47880
:10AA100011F83080717804F1010C5FFA8CFCE0458C
:10AA200098BF4FF0000C61452DD0716804EB4404D1
:10AA30004FEA041901EB04144FF0040801F80980EF
:10AA40006360089BA360099BE3600A9B23610C9BE6
:10AA5000A361119B63620D9BE3610E9B23620F9BBD
:10AA6000A362109BE36202236270A782A37086F840
:10AA700003C0DEE9083698472B4641460022B0471E
:10AA8000A078BDE8F8830120BDE8F8835C6D002064
:10AA90002DE9F04F0346407AD3E9004587B00028FE
:10AAA00000F0FE80421ED2B205EBC2029A468B46EF
:10AAB000039205952346039A516856780491BBF199
:10AAC000FF0F66D00BEB4B044FEA0418CDF804B02F
:10AAD00013F808B003EB041400254FF0FF0C84F8C2
:10AAE00000C0DAF800709AF8182007EB08096245F0
:10AAF000D9F8081018BF02960ED1CBE0091A06D17A
:10AB0000B9F81E80BEF81EE0F04500F2B780B85DCF
:10AB1000FF2894466DD0024602EB420607EB061E64
:10AB20003601DEF808008842E8D9029EC9F808100C
:10AB3000BCF1FF0F89F8002064D00FFA8CFC0CEBFD
:10AB40004C0C4FEA0C1C019807F80C00FF2A06D0A9
:10AB500002EB420207EB0217BA68521ABA60A278F7
:10AB600001326270002DAAD0AA6A4FF0000129704C
:10AB7000A97022B1E96A019300209047019B6268A5
:10AB8000002A9CD1AA6A2262EA6A6262BBF1FF0FC4
:10AB900098D1039A049F9278994606EB4601701C5F
:10ABA000B2424FEA011CC6B207EB011569D0039B04
:10ABB00017F80C101878B04208BF00260429ECD111
:10ABC0006A7802EB420809EB0814012094F801E0CE
:10ABD000A1788E454FEA081818D04FF0000307F807
:10ABE0000C30AA6AA8700AB1E96A9047039B9A7868
:10ABF000D3E70246BCF1FF0F029EC9F8081089F89E
:10AC000000209AD101988AF818009FE70192AA8A39
:10AC1000DAF814104FF6FE7082424B4607D04FF61A
:10AC2000FF70121AB2FA82F2520984F82C206A6A72
:10AC3000A262EA6862602A69029300236362226268
:10AC4000AA8A4FF6FD739A4288BF0022A283AA699E
:10AC5000A261EA69E2602A6A2261AA68A26000230E
:10AC600063616A682046FFF797FEE2784FF00003C1
:10AC700042F00102E383E270029B2EE7029E01464E
:10AC800054E70399059881424B46A1F1080207D089
:10AC9000039210E707F80820019A8AF818205EE767
:10ACA00007B0BDE8F08F00BF2DE9F04F447E0123CF
:10ACB0008FB08376002C40F0B480037EFF2B81465A
:10ACC00000F0AE800FF00EFCD9F81420D9F81C303B
:10ACD00099F81880D9F800A0801A20F07F45AB427F
:10ACE00094BF00230123B8F1FF0F0493A34676D04D
:10ACF000059408EB48080AEB08144FEA0818A36803
:10AD0000AB426BD8A0781AF80880ED1A9B446378A0
:10AD10001B1ADBB2012B5ED1A26AA3690393002A3E
:10AD200000F0F0801668002E7ED0002B40F08F805F
:10AD3000049B002B00F00B8104230393137A590723
:10AD400000F0FA80137A6FF302031372E78B94F822
:10AD50002C207B1C9BB2E383002A74D0A28B9A42E6
:10AD600071D2A26A002A00F04B81137A03F0070324
:10AD7000012B68D00126002351685360A36A1A7A18
:10AD8000002060F302021A72A078E7680138A07010
:10AD90000FB36369D9F8142094F803C0ABEB030335
:10ADA000134423F07F40626A23690CF0010C002EEB
:10ADB00040F0B980B4F81EE0CDE900C37346B8474F
:10ADC000039BE683002B049B18BF01230493E378C5
:10ADD00066F30003E370B8F1FF0F8AD1059C99F880
:10ADE0000B3099F80A209A4208D10132D2B2022AD5
:10ADF0001ABF14462346002389F80B4009EB83034E
:10AE00000022C3F80CB0D9F8244089F81A204B4628
:10AE1000012204210320A4460FB0BDE8F04F604793
:10AE200084760FB0BDE8F08F039B002B68D0049BA5
:10AE3000002B87D1D9F81C305B4583D8B8F1FF0FC0
:10AE400011D1049E97E7A378013BA370C3E7049B4D
:10AE5000002B7FF473AFD9F81C309B45FFF46EAF25
:10AE6000B8F1FF0F49D0039BE78B07939C46A38B58
:10AE70006668BB429CBFFB1A99B208EB480388BFC7
:10AE800039460AEB0313089301FB06630693089BFC
:10AE90009968079B8B422ED3CDE90C70089BCDF8A7
:10AEA00020C0DDF81CC0CDF81C90DDF80C90CDF86A
:10AEB0002C80CDE9095B8E46A346B0461446986ABD
:10AEC0009A6910B1006800284FD1002A4DD11B7833
:10AED000FF2B07D003EB43030AEB031399688E445F
:10AEE000E645ECD92246DDE9079C5C46DDE9095BD5
:10AEF0000D98DDF82C80CDF80CC0002A00F097806A
:10AF0000002638E7039BA3B1049B002B7FF41EAF00
:10AF1000D9F81C309B45FFF419AFB8F1FF0FA2D14F
:10AF200004990E4631E7CDE900C34FF6FF73B847E9
:10AF300051E7039E002128E7A08BE18B88423FF672
:10AF400001AF012161F302031372E78BFFE6D9F829
:10AF50001C305B453FF6F0AEB8F1FF0F53D04FF019
:10AF6000040CE78BCDF81CC081E7DD8B9F8B5E68FE
:10AF7000BD422AD2002E41D1002CA8D030462668EE
:10AF80002EB1B9F1000F02D1724496423FD2BD42B8
:10AF90009DD3DA789BF8031002F0010601F0010559
:10AFA000AE4204D84A40D50791D400288FD022461B
:10AFB000DDE9079C5C460C9FDDF82C80DDE9095B30
:10AFC000002A32D1CDF80CC0C1E69EB1E81B80B298
:10AFD000B8F1000F0AD000FB0660401A06998142C2
:10AFE0002CBF00200120002CC9D1D0E74046002C06
:10AFF000C5D1CCE7002CC1D12046CAE72846E7E7F7
:10B00000A078012696E70423049E0393B3E6224624
:10B01000DDE9079C5C46DDE9095BDDF82C80CDF8B5
:10B020000CC0002E3FF48EAE88E61668F7E7164691
:10B030001146AAE62DE9F04F8FB0837E0090002BD9
:10B0400040F0A982437E0C93002B7AD10098837A3A
:10B05000C27A012141769A424169079100F00E843B
:10B060000133DBB2022B00990ABF0C9A1A46134631
:10B0700001EB82028B72D368079A0593D31823F0F1
:10B080007F434B6101230B93009C267E0FF02AFA2D
:10B09000677A236801937B1E65680490DBB2002FFA
:10B0A00000F0FB8405EBC30A0027FF2303930D96F2
:10B0B0000897DAF804B04FF000092F469AF8030019
:10B0C0009AF802800FFA88F404EB440408F10103B3
:10B0D00040454FEA0416DBB20BEB041400F010817C
:10B0E0009AF800209A4208BF00238AF802301BF821
:10B0F00006206178042A3AD9019801EB410300EB5C
:10B100000315082A4FEA03130293A8786B7822D814
:10B110001B1A13F0FF032CD1062A1CD1009BDB7EE7
:10B120008B4251D00BF80690A36A84F80290002B52
:10B13000C4D00020E16A98479AF803009AF8028088
:10B14000C0E7446A0421034601220420A4460FB04C
:10B15000BDE8F04F60470BF806904FF00103A37075
:10B16000A36A002BAAD0E16A01209847A6E7984677
:10B17000A8E7052A1FD162684AB9A2683AB9E2680D
:10B180002AB922691AB9626932F07F42E3D0012BF1
:10B190001CD0009B04215C6A3D4601220846A04762
:10B1A0000123AA4508938AF80280AAF1080300F057
:10B1B000AD809A467DE7012B00F0A381062AE8D1F5
:10B1C000009BDB7E8B42ADD16168BCE1DDF8008085
:10B1D0004046FFF7A7FBA860D8F81410049B059A17
:10B1E0005B1A23F07F431344984240F2C481C01A93
:10B1F0006B68002B52D0A38A002B4FD0013B9AB230
:10B20000A282D5F804C0EB8B604523D90CF101086C
:10B21000069709911AE06A6ADFF814E283499644B6
:10B220008E4584BF02F1E87202F5D4324746296A9E
:10B2300094BF674602F5A572013BC01B521A9BB230
:10B2400060456A62EB8340F21D82A28A9342E2D893
:10B25000069F0999934220D2CDE909710CF10102B0
:10B26000D5F820E006926A6ADFF8C4816F4972441B
:10B2700090448845674606D8A2F1E872A2F5D43218
:10B28000069FA2F5A57201339BB26A62EB83A28A84
:10B290009A423844E7D8DDE90971AA836368034418
:10B2A000AB60A2686B69A86A13446B6128B103683C
:10B2B0001BB1D4E901329B1A4360049A2846FFF778
:10B2C0006BFBE268AB691344AB61226993428CBFAC
:10B2D0009B1A0023AB61A37D1BB1EA7863F30002E4
:10B2E000EA70E37D13B1013B85F82C30DDE90132D2
:10B2F000039999546B786278039201336B7011E76C
:10B300003D46AA45AAF108037FF453AF0D9E089F5E
:10B31000009A0B9B92F818B0BBEB060518BF0125ED
:10B32000002B00F0B881049B0799D2F800805B1ACB
:10B33000BBF1FF0F23F07F495DD04FF0000A089664
:10B34000CDF804A00695C2461646C846DDF814900E
:10B3500005970BEB4B050AEB05142D01A2684A4536
:10B3600000F27183019BA178E08B13440193637811
:10B370005B1AF1698A4234BF891A0021A9EB0209DC
:10B38000A8EB020824BF4FF0FF32F276F161A16A08
:10B39000DBB2002900F06C810A68A769002A00F07E
:10B3A0005481002F40F05481022B00F0478300228B
:10B3B000A2601AF8052032766168002940F00B81FE
:10B3C000A26A2AB1127A02F00702012A00F0E6808E
:10B3D0003BB1012B00D020B1236A13B1616A012077
:10B3E0009847A378637096F818B0BBF1FF0FB0D1FF
:10B3F000069D089E059F009C0B9B03995E4518BF08
:10B400001D462046FFF744FBCDE90156D4F800B0B5
:10B4100003974FF0000C009B197EFF29084600F0AF
:10B420007C830D464FF0FF0905E000BF592B177FC5
:10B430005A2B17FF1D462BB203EB43030BEB0316EE
:10B440001B01B26A2AB1147A04F00704012C00F03F
:10B4500019821BF80330FF2BA946EBD1DDE9015619
:10B46000039FBCF1000F00F01C818E4200F00483AA
:10B47000002F00F045810846FF2800F05A83FF2E78
:10B4800000F04283009B1B6800EB400003EB0013BD
:10B49000D3F808B0BBF1000F00F0EA820FF022F8F9
:10B4A000DFF85482914F924EDDF800A00A25024643
:10B4B000DAF814300192D11A21F07F418B4505F161
:10B4C000FF3501F103015CD959452CBF5B185B4482
:10B4D00023F07F494846DAF8283098470FF002F801
:10B4E000019AA9EB0203821A22F07F42033223F071
:10B4F0007F439A42044646D9002D00F0E68022465A
:10B50000D6E7062A3FF40AAEDDF800804046FFF792
:10B5100009FAAB78A8606B7098F81B2063789A42A0
:10B520007FF400AE1BF80630062B3FF44DAE009AB8
:10B53000FF23D3761BF80630062B3FF445AE082BCD
:10B540003FF442AE0499009B5A698B1A1D0209D43C
:10B55000059A23F07F4313440099CA699A4288BF31
:10B56000CB61DFE5059B521A22F07F4293428CBFEC
:10B570009B1A0023F0E76A6913441B1A6B610020D1
:10B5800036E601230C93009A00235376937E0C9A9F
:10B590001A4340F095800FB0BDE8F08FA378C4F84F
:10B5A00008906370079B019A71699A1822F07F4294
:10B5B0002046FFF7F1F9039B0AF805306378CDF8D0
:10B5C0000CB00133DBB2637096F818B0BBF1FF0F1B
:10B5D0007FF4BFAE0CE7A36A23B11B7A03F0070325
:10B5E000012BDBD0B4F81EC0BCF1000F4ED1B4F873
:10B5F0001CC0E646481C0290D4E90873002204945B
:10B60000704604E001388E46441C724412D0DFF8C4
:10B61000ECE0384C3B449E44A645F3D8DDF808E006
:10B62000A3F1E8730138A3F5D433441CA3F5A57343
:10B630007244ECD1049C94F82C006362002800F062
:10B64000F380A260A4F81EC0ACE7002F3FF4AFAEB9
:10B65000022B7FF4ACAE00287FF4A9AE0A7A02F088
:10B660000702012A3FF4A3AEF76186F81BB09EE6FD
:10B67000A769002F3FF49BAE022B7FF498AE002801
:10B68000F2D094E6069F0999A28AE3E5A378637055
:10B690004FF0000EAEE7009C03992046FFF7F8F943
:10B6A000217E8E427FF4E4AE002F00F00F82009BDB
:10B6B000002D40F06E825D769B7E002B3FF46BAFD9
:10B6C000009B01225C6A03213FE540F65B43424652
:10B6D000394630461DF0DDF885F31188BFF36F8FD2
:10B6E0000323184602DF2246E2E600BFC0650600DB
:10B6F0003C630600592B177FD46206005A2B17FFB4
:10B70000009B5A7A5C68531EDBB20125002A3FF485
:10B71000B2AECDE9075604EBC30301930694019B37
:10B720005E78DA785B68B24218BF1D4667D036B2E1
:10B7300006EB4606330105EB0616EB5C012B49D000
:10B74000022B51D1D6E901C133699CF80040D6F8EB
:10B750000CE00593009BDEF80080D3F80090586958
:10B76000FF2CD6E905AB02D00B68834256D0009B74
:10B770004FF000081C7E0860FF2C27D0CDE9025650
:10B78000CDF810C05646F24609E0BA684244B047C8
:10B7900088B919F80540BB68FF2C984438D004EBF1
:10B7A000440509EB05172046B9695B462D01002EBB
:10B7B000EBD10029EDD00599DDF810C0BB68DDE9BB
:10B7C0000256D64609B17A6A0A6098448CF800405D
:10B7D000CEF80080B36A4FF00002B27013B1F16A84
:10B7E00000209847019BDA7801994E780B78013652
:10B7F000F6B2B34208BF0026B2424E7097D1019A0A
:10B8000006998A42A2F1080300F0D180019386E7ED
:10B81000DDE90256DDF810C0D646D7E704EB440454
:10B82000230119F80340A7E790457FF60AAF864643
:10B83000481C0290029C0995704605E08E467244B1
:10B840000130904580B212D9DFF8B8E2A84D3B44F0
:10B850009E44AE45F2D8A646A3F1E8737244A3F520
:10B86000D43301309045A3F5A57380B2ECD8049C85
:10B87000099D636260441FFA80FCE2E60C9B0B9317
:10B88000059301E4B1681C461346002940F0088185
:10B89000D6F81880B8F1000F15D11A68002A40F0C8
:10B8A000F880944A9449954840F6BD131CF0F1FF86
:10B8B000002383F31188BFF36F8F0323184602DF41
:10B8C000B26A4FF00408009BDB69181D53680493AB
:10B8D00019461368994280F0C080A3EB010C1BF855
:10B8E0000430FF2B00F0B980C445C0F0B6804FF0A3
:10B8F000000E0595C24677460546CDF818903AE009
:10B90000A7F10409F144E14528BFE14608EB050031
:10B9100084450DD3D1450BD3B06900283DD0107AB2
:10B9200000073AD4B9EB080002D0A84280F0288181
:10B93000886A20B1007A00F00700012827D08869C2
:10B9400028B3496819B3B169BE44043000EB0E0551
:10B9500009B3107A0007ACEB080103D58D4294BF00
:10B96000294600211BF803300027FF2B22D008EBCB
:10B970000E0AD4451ED303EB43030BEB03111B014B
:10B9800088680744042FBBD84FF00009BEE71BF8B6
:10B9900003300021E9E72946E4E7002DC8D0A9EBF0
:10B9A0000809A945C4D32946DDE9055904E0DDE9C4
:10B9B00007567CE6DDE90559049B0B4453601BF8F0
:10B9C0000400FF2818BF4FF0FF0E01D1C0E0184659
:10B9D00003B203EB43030BEB031C1B01DCF8087001
:10B9E0008F4280F0D1801BF80330FF2B8646A1EBFD
:10B9F0000701ECD1FF28B16015D0B9F1FF0F1BF89A
:10BA000004106CD00FFA89F303EB43031B010BF80E
:10BA1000031000B200EB400003011BF803100BF809
:10BA200004100BF80350F38B013BF383137A0221CC
:10BA300061F3020313724FF0010CECE400287FF471
:10BA4000B6AC04270AE64B46D21A009BA260069DBC
:10BA5000089E059F93F818B0CDE4049B53601BF833
:10BA60000430FF2B08BF002172D00023B360DAE757
:10BA7000009B83F819B023E6002F7FF403AD009BF1
:10BA80005A7A5C68531EDBB2002A3FF4FBAC654671
:10BA90003FE61A464FF0040815E7FF23039337E407
:10BAA000144A1749154840F6B5131CF0F2FE00235E
:10BAB00083F31188BFF36F8F0323184602DFD6F894
:10BAC0001880B8F1000F0DD0B26AFCE6009B5A7ADC
:10BAD0005C68531EDBB2002A7FF41BAEE7E5009BD7
:10BAE000197696E7B36A002B3FF4DBAED5E600BFCC
:10BAF000592B177FD46206005C6306003C63060086
:10BB0000146306005A2B17FF0EF0ECFC04460EF0EF
:10BB1000B1FC009BC8B1187EB4E4DDE90156039F77
:10BB2000BCF1000F3FF4BDADFF2E13D0002F3FF44A
:10BB3000E7AD0EF0AFFC0446B8B1009A002353768F
:10BB4000937E002B7FF4BCAD25E5187E5C6199E403
:10BB5000B16068E7002FECD1009B5A7A5C68531EF5
:10BB6000DBB2002AE5D06546D3E5009DE8610EF022
:10BB7000B9FC6C766861AB7E002B3FF40CAD9FE5A1
:10BB8000DDE90559014617E77F1ACCF808707046C1
:10BB900030E7187E70E400BFF8B5069E9DF81C5093
:10BBA000089CB8B9144F3A605A1E39727B727E6095
:10BBB000D2B273B106EBC2025460114612F80839D2
:10BBC0008E4203EB4300A5EB030304EB0014DDB24C
:10BBD000F2D10DB10120F8BD099B3B620A9B7B624B
:10BBE000FF240B9BBB623C760EF07CFC7D81786170
:10BBF000FC76FD612846F8BD5C6D0020044B2C22CC
:10BC000002FB0033187A003818BF0120704700BFCC
:10BC10005C6D002010B40B4B2C2202FB0032546AE6
:10BC200064B100EB800200EB420003EB8003A4460A
:10BC300001225DF8044B0321022060475DF8044BAC
:10BC4000704700BF5C6D002010B58AB00C9C00945A
:10BC50000D9C01940E9C0294BDF83C400394109CF2
:10BC60000494119C0594129C0694139C0794149CB4
:10BC7000089400240994FEF7B5FE0AB010BD00BF79
:10BC800010B4039C0294049C0394BDF814400494E3
:10BC9000069C0594079C0694089C0794099C0894AC
:10BCA0000A9C099400240A945DF8044BFEF79ABE9E
:10BCB00010B4BDF8104004945DF8044BFEF792BE3A
:10BCC0002DE9F84F294DBDF834609DF838800446C1
:10BCD00008462C2101FB045104EB840704EB4704C4
:10BCE00005EB84054C6804EBC00E14F830909EF808
:10BCF00003409EF8017004F1010C5FFA8CFCE145F1
:10BD000098BF4FF0000C67459DF844902AD0DEF8AC
:10BD1000047004EB44044FEA041A07EB04144FF0D8
:10BD2000050B07F80AB063600A9BA3600B9BE360F6
:10BD30000C9B23610F9BA362109BE3620223627042
:10BD4000A68284F8168084F81790A3708EF803C03A
:10BD5000D1E9083698472B4600220421B047A07845
:10BD6000BDE8F88F0120BDE8F88F00BF5C6D0020B2
:10BD700010B588B00A9C00940B9C01940C9C029412
:10BD8000BDF8344003949DF8384004940F9C05940A
:10BD9000109C069400240794FFF792FF08B010BD92
:10BDA0002DE9F0411E4D064608462C2101FB065E9A
:10BDB00006EB860406EB4404DEF8046005EB84071A
:10BDC00006EBC00516F83060EC78697804F1010CD8
:10BDD0005FFA8CFC664598BF4FF0000C61451BD0A4
:10BDE000696804EB4404260101EB04144FF00708D2
:10BDF00001F80680A362069BE36202236270A370CF
:10BE000085F803C0DEE9083598473B460022042147
:10BE1000A847A078BDE8F0810120BDE8F08100BF0F
:10BE20005C6D00202DE9F0411F4D064608462C218F
:10BE300001FB065E06EB860406EB4404DEF80460B4
:10BE400005EB840706EBC00516F83060EC786978DE
:10BE500004F1010C5FFA8CFC664598BF4FF0000CB2
:10BE600061451DD0696804EB4404260101EB04140C
:10BE70004FF0080801F806806360069BA362079BE9
:10BE8000E36202236270A37085F803C0DEE908351F
:10BE900098473B4600220421A847A078BDE8F081DE
:10BEA0000120BDE8F08100BF5C6D00202DE9F0416C
:10BEB000234D064608462C2101FB065E06EB860450
:10BEC00006EB4404DEF8046005EB840706EBC005CE
:10BED00016F83060EC78697804F1010C5FFA8CFC9C
:10BEE000664598BF4FF0000C614525D0696804EBAA
:10BEF000440426014FF6027801EB041421F8068071
:10BF0000C4E90123069BE360079B2361099B6361EE
:10BF10000A9BA3610B9BA3620C9BE3620223A370A9
:10BF200085F803C0DEE9083598473B460022042126
:10BF3000A847A078BDE8F0810120BDE8F08100BFEE
:10BF40005C6D002070B50A4D2C2202FB0052D2E934
:10BF5000083604460846984704EB840304EB430381
:10BF600005EB8303B4460022BDE87040042160471E
:10BF70005C6D00200EF0B6BA401A20F07F4070478A
:10BF800001480021704700BFFF400100022801D096
:10BF90000120704738B5044608461D4604F042F8B3
:10BFA00018B108232B70002038BD204638BD00BFD3
:10BFB000082303700B70704738B5054600200C4607
:10BFC00003F0AEFB98B903F00BFE10F0060F0ED194
:10BFD0003DB9084B44B120681860A2889A800020BF
:10BFE00038BD054B002CF6D11C609C80F7E70C2077
:10BFF00038BD00BF906D0020886D002001280346E9
:10C0000005D8044A0448002B08BF1046704700209A
:10C01000704700BF906D0020886D002001280AD86D
:10C02000064A074B002818BF1346186808609A880C
:10C030008A8018467047002318467047886D002094
:10C04000906D002010B504460CF0E4F878B90CF0BF
:10C050006DFDF8B90DF01CFB00282ED10DF084FC0D
:10C0600000283DD12046BDE8104018F0DBB9264A33
:10C070002649274840F657131CF00BFC002383F396
:10C080001188BFF36F8F0323184602DF0CF04EFDBB
:10C090000028DFD01C4A1D491D4840F65C131CF0E7
:10C0A000F8FB002383F31188BFF36F8F0323184637
:10C0B00002DF0DF0EDFA0028D0D0134A13491448DE
:10C0C00040F662131CF0E5FB002383F31188BFF3F5
:10C0D0006F8F0323184602DF0DF046FC0028C1D005
:10C0E000094A0A490A4840F668131CF0D2FB0023AB
:10C0F00083F31188BFF36F8F0323184602DF2046B6
:10C10000BDE8104018F08EB9B4630600F063060075
:10C110003C6306000860014818F084B924790020C7
:10C1200018F080B92DE9F84F89462A4D99F800306A
:10C1300095F8E0101B2B88BF0B469A423ED05C1C42
:10C14000E4B292461C2C35F833200280834608BFA7
:10C15000002405EBC303002601274FF012081AE064
:10C16000012833D0C3F8048089F8004095F8E03006
:10C170001B2C98BF23469A4521D01AB20133DCB25A
:10C1800035F83200BBF800101C2C08BF0024884290
:10C1900005EBC20313D1586860B1FF28E0D90279DA
:10C1A00002F00302013A012A0CD912225A6003F06C
:10C1B00053FFD9E701365F60F6B2D5E70026304677
:10C1C000BDE8F88F0136F6B20122EFE70136F6B28C
:10C1D000CAE700BFC46D00202DE9F047374F3B8808
:10C1E00098425DD913F0FF0528D0DFF8DCA0DFF816
:10C1F000D0809AF81540DFF8CC909AF814300134CA
:10C20000E4B2052C08BF0024A342404618D0FEF734
:10C21000E3F8064648468EB1FEF7DEF8002841D026
:10C2200006609AF815304AF823003B888AF81540D2
:10C23000013D013B15F0FF053B80DED1BDE8F087F5
:10C240003B88002BFAD0DFF884A01D4D9AF83540CA
:10C250001C4E4FF000080134E4B20D2C9AF8343033
:10C2600008BF0024A3422846E8D0FEF7B5F881466F
:10C270003046B9F1000FE1D0FEF7AEF8C0B1C9F811
:10C280000480C0F800909AF835304AF823003B88C3
:10C290008AF83540013B9BB23B80002BDBD1CDE7D8
:10C2A0000546A2E730460649BDE8F047FEF7AAB8C2
:10C2B00048460349BDE8F047FEF7A4B8F46E0020F5
:10C2C000F86E0020C46F002034770020AC6E002090
:10C2D0002DE9F84F414B424FDFF80891DFF8FCB0F1
:10C2E0000422981824214FF00008A7F81480FEF7C4
:10C2F0004DF83C4B042208219818FEF747F897F8B0
:10C3000014A07C7D04260134E4B2052C08BF00246F
:10C31000A245484613D0FEF75FF80546584675B16A
:10C32000FEF75AF8002853D0C5F8048005607B7DDD
:10C3300047F82300013E16F0FF067C75E3D12A4B37
:10C340001322181D6421FEF721F8284B1922181D0D
:10C350000821FEF71BF82548FEF73EF80446C8B151
:10C36000234A2046111FFEF785F82048FEF734F8CF
:10C370000446F0B11F4A2046111FFEF77BF81E4B02
:10C380001022FF201A80FFF727FF0AF0B1F90020E2
:10C39000BDE8F88F194A1A491A4840F632131CF0C2
:10C3A00078FA84F31188BFF36F8F0323184602DFF6
:10C3B000D6E7124A1249134840F639131CF069FABD
:10C3C00084F31188BFF36F8F0323184602DFD1E790
:10C3D00004492846FEF716F8B1E700BF7077002041
:10C3E000047800204C770020C46F0020F86E0020F5
:10C3F000F06E0020E86E0020F46E0020B4630600AA
:10C40000606906003C6306002DE9F04FDFF8988272
:10C41000DFF88492DFF888B2DFF8A4A287B0D8E909
:10C42000000103AAFEF73EF80546002834D0039C1D
:10C43000002C71D0207804AA02A904F0D5FA044691
:10C44000002855D0DDE90313BDF808200F78ADF8BA
:10C450000A20059305AE0DF10A0504F0D7FA21462E
:10C46000059ABDF80A0004F017FB204604F098FA7C
:10C4700032462946384604F0B7FA04460028ECD183
:10C48000D9F8000017F0CEFFD8E9000103AAFEF7A3
:10C4900009F805460028CAD104AA02A90DF107002F
:10C4A00004F08AFA0446002846D0049B05939DF8C0
:10C4B0000770BDF80830ADF80A3005AE0DF10A0579
:10C4C00004F0A4FA2146059ABDF80A0004F0E4FA43
:10C4D000204604F065FA32462946384604F084FACC
:10C4E00004460028ECD16C4B186817F09BFF96E7C8
:10C4F000039B05931B79013B172B20D8DFE803F042
:10C500002F43861F2F1F1F1F1F1F1F1F1F1F1F1F90
:10C510001F1F1F1F1F1F7B2F604840F604235A4612
:10C5200051461CF0B6F984F31188BFF36F8F0323D3
:10C53000184602DF039C7DE707B0BDE8F08F584A3C
:10C540005849564840F6A4331CF0A3F9002383F35E
:10C550001188BFF36F8F0323184602DF5FE752494C
:10C56000D8F804000022FDF7A5FF504B059993F879
:10C57000E13028460B704E4AFDF78AFF464B18689B
:10C5800017F050FF4BE74849D8F804000022FDF7A8
:10C5900091FF059EB46844B1237803F0FF07002B98
:10C5A0006AD02378013BDBB22370337B23B1012BAC
:10C5B00052D13046EBF7DCFD3E4A00273773537DFE
:10C5C000117D0133DBB2052B08BF3B46994234D0C5
:10C5D0003560517D42F821605375002C3FF41FAF48
:10C5E0002378002B7FF41BAF6369002B3FF417AF58
:10C5F000A069984713E72C49D8F804000022FDF7FA
:10C6000059FF0599284604F005F808E705A92846CA
:10C6100004F02AF82449D8F804000022FDF74AFF64
:10C62000059900293FF4FBAE0B792D2B3FF4F7AEB3
:10C630001E4B284693F8E1309CE7194A1E491748DB
:10C6400040F612431CF025F987F31188BFF36F8F72
:10C650000323184602DFC0E7114A12490F4840F68B
:10C660000B431CF016F9002383F31188BFF36F8F7F
:10C670000323184602DF9FE7094A1049074840F69E
:10C68000B4331CF006F987F31188BFF36F8F0323CF
:10C69000184602DF85E700BF207900203C630600D2
:10C6A000B463060014640600EC6E0020C46D002024
:10C6B000E86E00200478002018640600FC63060081
:10C6C000F863060030B5364B364C186087B00DF075
:10C6D000C3FE2378002B5DD0334A344C344D05958E
:10C6E0004FF0050C82F808C00494324C0394324C8D
:10C6F0000092022004230D21CDE90114107410765C
:10C70000137000202D4AFFF747FA002832D101228A
:10C7100000212B4825F01CFA0BF00EFD044610B149
:10C72000204607B030BDFFF7D3FD04460028F7D1FF
:10C730000CF0E4F904460028F2D102F09DFF044613
:10C740000028EDD10CF0A2FF04460028E8D103F048
:10C7500063F904460028E3D10DF0FAF804460028F6
:10C76000DED103F0BDFE04460028D9D10120ECF74C
:10C77000BFFFD5E7134A1449144840F276231CF052
:10C7800088F8002383F31188BFF36F8F03231846C3
:10C7900002DFBCE7FDF79EFE012323709CE700BF8C
:10C7A0002079002098A80020AC7B002069B004000C
:10C7B00069B1040001B004003C790020CC7B00206A
:10C7C00024790020B4630600F06306003C63060091
:10C7D00010B586B002F060FF00283AD103F0A8F946
:10C7E000002849D103F07EFE002858D100244B4B8D
:10C7F0002046A3F8E040ECF77BFF4949494A4A4B01
:10C80000A1F8004194829C8601222146684625F0C9
:10C810009FF9464B224621460320C3F808D0FDF776
:10C82000AFFE00286BD14FF0FF324FF0FF33684668
:10C8300017F032FE02F036FF002850D1FFF748FD16
:10C8400000283CD10021012006B0BDE81040FFF7D0
:10C85000B3BB374A3749384840F22E331CF019F839
:10C86000002383F31188BFF36F8F0323184602DF81
:10C8700003F05EF90028B5D02D4A2E492E484FF41A
:10C8800050731CF006F8002383F31188BFF36F8FF9
:10C890000323184602DF03F025FE0028A6D0244A11
:10C8A0002449254840F25A331BF0F3FF002383F359
:10C8B0001188BFF36F8F0323184602DF96E71C4AE7
:10C8C0001C491D4840F2A3331BF0E3FF002383F310
:10C8D0001188BFF36F8F0323184602DFB2E7144AB3
:10C8E0001449154840F296331BF0D3FF002383F31D
:10C8F0001188BFF36F8F0323184602DF9EE70C4AAF
:10C900000E490D4840F289331BF0C3FF84F31188B0
:10C91000BFF36F8F0323184602DF84E7C46D002046
:10C920001C78002034770020AC6E0020C009002065
:10C93000B4630600F06306003C630600286406004A
:10C9400008B5FFF745FFBDE808400BF025BC00BF68
:10C950002DE9F04FDFF8F490364E83B00746884655
:10C96000A9F1E00400233B60D6E9000101AAFDF72C
:10C9700099FD054600284BD0019B49461A78404650
:10C98000FFF7D0FB034600284AD194F8E0208DF849
:10C99000012094F8E1200DF101010DF102009A4609
:10C9A000FFF7C0FB4AEA000212F0FF0A0346F0D18B
:10C9B000019B1A79012A37D1DFF894B0706852468A
:10C9C0003146FDF777FD0BF104012846FDF71AFD0E
:10C9D000BBF800300F2B0AD8019817490133ABF888
:10C9E0000030FDF70FFD0120FFF7F6FBBAE7134A11
:10C9F000134914484FF4D7631BF04BFF8AF3118897
:10CA0000BFF36F8F0323184602DFBBF80030E3E764
:10CA10000D49404691F8E120E031FFF783FB0346E2
:10CA2000184603B0BDE8F08F3B605346184603B08C
:10CA3000BDE8F08FE46E0020C46F0020B4630600F0
:10CA4000306406003C630600C46D0020A46E002024
:10CA5000F46E0020F0B55B4983B000234868019371
:10CA600001AAFDF727FD044600285CD02046564960
:10CA7000FDF7C8FC019A14791D2C06D853490123EF
:10CA8000A3400B4035D1172C10D0514A5149524880
:10CA900040F273531BF0FDFE002383F31188BFF3B4
:10CAA0006F8F0323184602DF03B0F0BD117F956836
:10CAB0003C292C6846D0527F6AB3606E18B1474952
:10CAC0006366FDF79FFC94F86A306FF3000384F807
:10CAD0006A30002003F084F80446002002F020FEB3
:10CAE00040EA440010F0FF00DED10AF001FB03B081
:10CAF000F0BD002CD8D1364A3949374840F26F533F
:10CB00001BF0C7FE84F31188BFF36F8F0323184611
:10CB100002DF03B0F0BD94F84830226262F30003F4
:10CB200084F84830D5E72A4A2E492B4840F235434D
:10CB30001BF0AFFE84F31188BFF36F8F03231846F9
:10CB400002DF93E76E68F6B100276F60B36F6BB1D9
:10CB50001F4A2549204840F2B2431BF09AFE87F352
:10CB60001188BFF36F8F0323184602DF06F16C01B3
:10CB700006F16800FDF782FC054698B13068B5679C
:10CB800003F03AFA9FE7124A1849134840F2AF43BC
:10CB90001BF07FFE86F31188BFF36F8F03231846C7
:10CBA00002DFD1E70A4A12490B4840F2B5431BF0B5
:10CBB00070FE85F31188BFF36F8F0323184602DFE1
:10CBC000DCE700BFE46E0020F86E00202900003F83
:10CBD000B4630600146406003C630600C46F0020C2
:10CBE000A0640600606906007C64060070640600AC
:10CBF000946406002DE9F84F0568814625B3DFF8F7
:10CC00008081DFF89CA15C4F2E462D6834791D2C65
:10CC100009D85A4A0123A34013EA020B31D1182C38
:10CC20004BD0172C18D040F2AC63424651463846E0
:10CC30001BF02FFE002383F31188BFF36F8F0323B4
:10CC4000184602DF002DDFD10023C9F80030BDE80F
:10CC5000F84FFF20FFF7C0BA337F3C2B65D0022B83
:10CC60006BD0EBB1464A4749434840F2D7531BF0DB
:10CC700010FE8BF31188BFF36F8F0323184602DF7A
:10CC800034796CB9404940F22D63424638461BF076
:10CC900000FE84F31188BFF36F8F0323184602DF71
:10CCA0003A4C23880F2B2FD8013339492380304643
:10CCB000FDF7A8FB002DA7D1C6E7F0880528C1D84D
:10CCC00003F0A8F9D0F8943004466BB12C4A3149EE
:10CCD000294840F29B631BF0DCFD8BF31188BFF306
:10CCE0006F8F0323184602DF04F1880104F18400EA
:10CCF000FDF7C4FB064678B3C4F89460204603F001
:10CD00007BF9002D80D19FE723494FF4D76342463A
:10CD100038461BF0BEFD002383F31188BFF36F8FED
:10CD20000323184602DF2388BEE719493046FDF782
:10CD300069FB002D7FF468AF86E7304609F04AFCB6
:10CD4000584602F0DFFC00287FF47CAF0AF0D0F9EF
:10CD5000002D7FF459AF77E7094A1049064840F2A1
:10CD60009E631BF096FD86F31188BFF36F8F03233C
:10CD7000184602DFC0E700BF3C6306002900003E02
:10CD8000B4630600C4640600D0640600F46E00209C
:10CD9000C46F0020F8640600306406006069060075
:10CDA000146406000148FDF717BB00BFF86E0020B1
:10CDB0000149FDF727BB00BFF86E00200148FDF7D1
:10CDC0000BBB00BFC46F00200149FDF71BBB00BFB8
:10CDD000C46F0020034B044A93F8E1300B70FDF759
:10CDE00057BB00BFC46D0020E86E002008B5064B9D
:10CDF000064A93F8E1300B70FDF74AFB044B1868C4
:10CE0000BDE8084017F00EBBC46D0020E86E00209E
:10CE1000207900200C4991F8342091F835309A425D
:10CE20000AD8A3EB020C5FFA8CFC604509D89A4241
:10CE300007D051F8220070470D339B1ADBB298429D
:10CE4000F7D90020704700BFAC6E0020094A92F865
:10CE5000341092F835308B4209D04B1CDBB20D2BCD
:10CE600008BF002352F8210082F8343070470020B8
:10CE7000704700BFAC6E002008B5134A92F8E1C0BD
:10CE800092F8E0E00CF10103DBB21C2B08BF002399
:10CE90009E4508D022F83C0002EBCC0CCCF80410E4
:10CEA00082F8E13008BD094A09490A4840F2127384
:10CEB0001BF0EFFC002383F31188BFF36F8F032275
:10CEC000104602DF1B80FFDEC46D0020B463060045
:10CED000806A06003C63060000220B2302700B7080
:10CEE000704700BF002208B511460B4B0120FDF72B
:10CEF00047FB00B908BD094A09490A4840F23173A5
:10CF00001BF0C7FC002383F31188BFF36F8F03234B
:10CF1000184602DF08BD00BFB0090020B463060058
:10CF2000106506003C630600022810B50C4602D0CE
:10CF30000B68022B07D004484FF0FF324FF0FF334D
:10CF400017F0AAFA206810BD2479002004490A6865
:10CF50000AB110467047024608601046704700BF8D
:10CF6000C06D0020044A136823B1984206BF002117
:10CF70001160002318467047C06D0020014B1868EF
:10CF8000704700BFC06D002004490A680AB110460E
:10CF90007047024608601046704700BFA86E002028
:10CFA000044A136823B1984206BF00211160002390
:10CFB00018467047A86E0020014B1868704700BFE4
:10CFC000A86E002030B505682B7887B05BB30446A7
:10CFD00001220021684624F0BBFD144BC5F818D08F
:10CFE0006B612B78FBB1124B0022114603209C6031
:10CFF000FDF7C6FA38B94FF400420023684617F02F
:10D000004BFA07B030BD0B4A0B490C4840F2E973AC
:10D010001BF03FFC002383F31188BFF36F8F0323C2
:10D02000184602DFE7E76FF07700EAE721C1030067
:10D03000A0090020B4630600106506003C630600EA
:10D04000F0B5254E336885B00C461746002B36D018
:10D05000994215D10223039303AB024600930321A7
:10D060001E4B0020FEF79CFE022805460CD0039BB9
:10D07000022B09D195B133680BB19C4221D014B376
:10D080006FF02D0005B0F0BD15484FF0FF324FF0A6
:10D09000FF3317F001FA039D002DECD13846FFF75E
:10D0A00091FF33680BB19C4211D0002CE8D10028CD
:10D0B000E8D010F1780F08BF002005B0F0BD316056
:10D0C000C8E7002333606FF0770005B0F0BD35602E
:10D0D0000028D7D0EDE700BFC06D002015C10300C8
:10D0E000247900200B490A7D4B7D9A420AD8A3EB94
:10D0F000020C5FFA8CFC604509D89A4207D051F8BF
:10D100002200704705339B1ADBB29842F7D9002002
:10D11000704700BF34770020074A117D537D8B4252
:10D1200008D04B1CDBB2052B08BF002352F82100AE
:10D1300013757047002070473477002038B50C46CF
:10D14000054603F033FC207021462846024ABDE81C
:10D150003840FDF79DB900BFF06E00200122024B60
:10D1600011460020FDF70CBA9009002070B50C465E
:10D17000054603F01BFC21462070064A2846FDF7B1
:10D1800087F90122BDE87040034B11460020FDF7EE
:10D19000F7B900BFF06E0020900900202DE9F043A0
:10D1A0001A4D9DF81C8095F801C10CF1010E5FFA33
:10D1B0008EFEBEF1080F994695F8003108BF4FF07A
:10D1C000000E73451DD0144605EB4C1CE368074662
:10D1D0000E4610685168926864460FC49CF81C3073
:10D1E000CCF8186008F0010823F0030343EA0803B1
:10D1F000CCE904978CF81C3085F801E16046BDE865
:10D20000F0834FF0000C6046BDE8F0831C780020EE
:10D21000054890F8003190F801219A4214BF00EBC4
:10D2200043100020704700BF1C78002001460B48C7
:10D230000A7890F80131072A84BF90F800210A701B
:10D24000934208D0531CDBB2082B08BF002300EB2D
:10D2500042100B7070470020704700BF1C78002000
:10D260002DE9F04F444F97F8004197F8013185B010
:10D27000A34202903FD04FF0000A07EB44140A2566
:10D28000CDF80CA0D346CDF804A0267FD4F80C909E
:10D29000C6F3400806F00106002D47D0013DEDB26F
:10D2A000B8F1000F2AD097F8013197F80041A34256
:10D2B00021D00134E4B2082C08BF0024A34287F82F
:10D2C000004118D007EB4414E368B8F1000FDCD13B
:10D2D000002E3AD1019A002A47D0BBF1000F08BFB7
:10D2E000CB46227F9107D0D4D20735D4019A9A42F7
:10D2F00001D09B45C9D105B0BDE8F08F1F4B029806
:10D300009C6042464146FDF73BF90028CBD01C4AC1
:10D310001C491D4840F67E031BF0BBFA88F31188B8
:10D32000BFF36F8F0323184602DFBCE7144A174987
:10D33000154840F66F031BF0ACFA85F31188BFF374
:10D340006F8F0323184602DFA8E7039A82B1BAF170
:10D35000000F08BFCA46C4E7BBF1000F95D1039A7E
:10D360009A42C8D09A4590D1C5E7CDF80490B8E765
:10D37000CDF80C90B5E700BF1C7800208009002094
:10D38000B4630600106506003C63060018650600DD
:10D39000054B1A7D597D914204D053F8220010B1FB
:10D3A0000C307047002070470478002070B5134A95
:10D3B000117D537D8B421ED04B1CDBB252F82140B5
:10D3C000052B08BF00231375ACB102230025266886
:10D3D00023712560A06003F0E9FA094A2070214614
:10D3E0003046FDF755F80122064B11462846FDF759
:10D3F000C7F8204670BD0024FBE700BF047800207A
:10D40000F06E00209009002010B582B00024CDE914
:10D410000044049B0BF0C4F802B010BD10B50346E5
:10D42000007F1A699969012482B02040CDE9000487
:10D4300058690BF0B5F808B1773001D102B010BDD2
:10D44000074A084908484E231BF023FA002383F3B8
:10D450001188BFF36F8F0323184602DF02B010BD9F
:10D4600020650600646506003C63060010B504698B
:10D47000FFF766FA40B90C48F4F708FD0B48F4F7DB
:10D4800005FD0020206010BD094A0A490A4840F203
:10D4900079331BF0FEF9002383F31188BFF36F8FFC
:10D4A0000323184602DFE6E75036002088350020C7
:10D4B00078650600F06306003C6306002DE9F0473E
:10D4C000464FD0F81080DFF81CA1DFF81C9182B025
:10D4D00006464FF0FF324FF0FF33384616F070FF2C
:10D4E0000028F6D043790190042B22D8002B4FD18D
:10D4F0003B4840F21223524649461BF0CAF900232A
:10D5000083F31188BFF36F8F0322104602DF019A65
:10D5100001A81360FFF76EFB4FF0FF324FF0FF33AF
:10D52000384616F04DFF0028D3D043790190042BE4
:10D53000DCD9052BDCD14FF0FF324FF0FF33082050
:10D54000F5F79EFC04462146019801F015F8019B71
:10D5500000221A6001A8FFF74DFB002CB9D020462D
:10D560001CF017FA2146054600201CF038FA2B8AD9
:10D570000446294630463BB1D8F80030984717F0AA
:10D5800089FC002CEBD1A4E72846F5F7C3F8F6E7B1
:10D59000022B13D04FF0FF324FF0FF330220F5F78C
:10D5A0006FFC044601989CB1214601F021F8019BD3
:10D5B00000221A6001A8FFF71DFBD0E7002200231C
:10D5C00001210020F5F76CFC04460198002CEBD1FA
:10D5D000046001A8FFF70EFB7BE700BF407E002040
:10D5E0003C6306007865060014640600F0B5054645
:10D5F000076989B00E461F4824F053FA4FF0FF32F6
:10D6000000211D4824F0A4FA1B48FFF75BF80446EC
:10D6100060BB3E60EAF760F9002600276FF009035F
:10D62000CDE90334CDE90667CDE90144134B144934
:10D6300000954FF40072134817F036FA124911485A
:10D6400024F0C9FB6FF00702CDE90324CDE906679A
:10D65000CDE901440D4B0E4900954FF460720D4821
:10D6600017F022FA0C490B4824F0B5FB204609B00C
:10D67000F0BD00BF407E0020587E0020B5D60300DC
:10D6800080D6002050360020B8650600BDD40300C7
:10D6900080D2002088350020C46506000B7E026918
:10D6A000022B01D013681847CB681B78052BF9D1E2
:10D6B000704700BF2DE9F043DFF8C4802F4F83B0DF
:10D6C00005460DE0F5F7ECFB2246BDF802100446D6
:10D6D00001F07AFB21462846FFF7E0FF17F0DAFB5E
:10D6E0000DF1020101A8FFF733F904464FF0FF32B4
:10D6F0004FF0FF3300211320002CE3D1019BB3B185
:10D70000FFF7A8F9DDF80490484601F075FB019E8B
:10D7100089F805007379032B02D13379182B0ED0C9
:10D720003146384624F0FBF9019B002BD8D14FF04D
:10D73000FF324FF0FF33404616F0AEFED0E74FF019
:10D74000FF3321464FF0FF320520B6F80690F5F77B
:10D75000A7FB49460246044606F11C0000F0E4FE21
:10D76000484600F001FF2146284624B1FFF796FF06
:10D770002046F4F7CFFF019ED2E700BF407E002095
:10D78000587E002070B50B8A82B033B10B7E012B1E
:10D790000C46064619D0042B04D06FF01505284618
:10D7A00002B070BD01A9204600F060FE0199054657
:10D7B00011B13046FFF772FF002DF0D12046F4F78B
:10D7C000A9FF0025284602B070BD002301A920460C
:10D7D000019300F083F901460028EFD03046FFF7AF
:10D7E0005DFF019D002DE9D0284601F005FB687121
:10D7F0000199024824F093F9E0E700BF407E002041
:10D8000010B517F0F7FA054C204624F056F92046DB
:10D8100024F047F9BDE8104017F000BB407E00201F
:10D820002DE9F047DFF8A4A0DAF80090B9F1000F75
:10D8300032DB80460F46164610D0214C002521468B
:10D840000622304624F06EFE18B914F8013CBB42A3
:10D8500025D00135A94504F10804F0D1194C1A4925
:10D8600023683568DA00501CB9F10F0F0D500844D9
:10D87000B588858001F83370D4BF09F10103013305
:10D880000A44D8BFCAF800300121102B01FA08F170
:10D8900008BF0023D17123600020BDE8F0870A4B48
:10D8A00003EBC503DA7922FA08F1C90702D5012092
:10D8B000BDE8F087012101FA08F10A43DA71EBE7CC
:10D8C0007D7E0020747E00207C7E0020787E0020FB
:10D8D0002DE9F0411A4C6468A40004D51646194A93
:10D8E0001268120701D4BDE8F08103F10C0405466B
:10D8F0000F46204602211CF08FF840F63E4303807D
:10D90000012120461CF088F80346042220461A70A4
:10D910000B211CF081F80570A0F801603DB97B680F
:10D92000BA68C0F80720C0F80330BDE8F0814FF0B6
:10D930000008C0F80380C0F80780BDE8F08100BF90
:10D94000E8010020E0010020F0B5013887B014465E
:10D9500011280AD8DFE800F0233F55090967097943
:10D9600098AB090909090909090D6FF0150007B0FD
:10D97000F0BDCB68DA789978188808F0F7FC554B39
:10D980000646012118881CF0D4FD012105460C3003
:10D990001CF042F806702560002007B0F0BD4D4B2A
:10D9A0000D2118881CF0C5FD0D2120600C301CF0E5
:10D9B00033F84FF0021400234FF48061012203700A
:10D9C000C0F80140A0F80510C2710372437283725F
:10D9D000C3720373E0E73F4B412118881CF0A9FD97
:10D9E000412120600C301CF017F8002104463E2233
:10D9F00000F8031B24F00CFC40F2A733A4F801301C
:10DA0000CAE7344B092118881CF093FD09212060D6
:10DA10000C301CF001F80346002203F8012BC0F87B
:10DA200001205A60B8E7C9680020FEF7C5FA294B03
:10DA3000012118881CF07DFD012105460C301BF0EA
:10DA4000EBFF002303702560A6E7234E214F0FCE86
:10DA500001AD0FC5336838882B7012211CF069FDA9
:10DA6000122120600C301BF0D7FF0446002301AECA
:10DA700004F8013B84460FCE2D78CCF8010061609C
:10DA8000A260E360257487E7124B182118881CF008
:10DA900050FD182120600C301BF0BEFF002304460F
:10DAA000012100F8023B0CF05DFC607074E7094B4B
:10DAB000212118881CF03DFD212120600C301BF035
:10DAC000ABFF0146002301F8113B01300CF09AFC3A
:10DAD00062E700BF2AA60020E06506002DE9F041BC
:10DAE000038A8EB00022022B099231D904460E46D9
:10DAF0000C3003211BF0C1FF228A83789A4227D37E
:10DB00000088D24FC0F38523082B1FFA80FC388091
:10DB1000C0F3090509D8A3B1013B072B11D8DFE8F1
:10DB200003F01C10284C101010653F2B09D109AAD6
:10DB300021462846FFF708FF163040F07E84B7F8EC
:10DB400000C0012160460EB0BDE8F0411CF003BDED
:10DB5000002420460EB0BDE8F081062D00F02084A0
:10DB60001D2DEED1E368188802F092FB014638883B
:10DB7000E9E7632D00F05E8400F2EF80032D00F0F2
:10DB800031842D2D40F0D480E368604604211E8846
:10DB900093F802801CF0CDFC042104460C301BF0ED
:10DBA0003BFFB7B20546C31C424639460220FEF78A
:10DBB000EDF9A5F801602870CBE7681E0828C0D8E9
:10DBC00001A353F820F000BF21DE0300D5DD0300E0
:10DBD000AFDD030043DB030043DB030043DB030053
:10DBE00043DB030043DB03008FDD0300681E4D2889
:10DBF000A7D801A353F820F09BE0030079E00300CD
:10DC0000C3E1030043DB0300B9E103009DE103002E
:10DC100083E1030077E103006BE1030061E10300AE
:10DC200049E1030075E3030037E303002FE303003A
:10DC30000FE3030009E3030001E30300F9E203003B
:10DC4000D7E20300CFE20300A7E2030099E203005A
:10DC50005FE203003FE2030027E203001DE203004E
:10DC60000DE2030059E0030043DB030043DB030044
:10DC700043DB030039E003001FE003000FE0030073
:10DC8000DBDF0300CFDF030043DB030043DB0300E4
:10DC9000C1DF0300B9DF0300B3DF030093DF03003C
:10DCA00061DF03002FDF03000FDF030001DF03004C
:10DCB000B7DE030061DE030029E10300D7E00300C3
:10DCC00043DB030043DB030043DB030043DB0300D0
:10DCD00043DB030043DB030043DB030043DB0300C0
:10DCE00043DB030043DB030043DB030043DB0300B0
:10DCF00043DB030043DB030043DB030043DB0300A0
:10DD000043DB030043DB030043DB030043DB03008F
:10DD100043DB030043DB030043DB030043DB03007F
:10DD2000B5E0030043DB030043DB0300ABE003008B
:10DD3000012D7FF406AFE268454B11685268196007
:10DD4000604629465A601CF0F4FB012104460C3061
:10DD50001BF062FE00230370FBE67B2D00F029839D
:10DD60007C2D7FF4EEAEE3681E885988B0B202F0D5
:10DD700081FB0546032138881CF0DBFB03210446A8
:10DD80000C301BF049FE0570A0F80160E1E660462A
:10DD900007211CF0CEFB072104460C301BF03CFE93
:10DDA0000146002001F8010BFEF738F9D1E6092100
:10DDB00060461CF0BEFB092104460C301BF02CFE13
:10DDC0000346002203F8012B6021C0F801205A60AD
:10DDD0004171BEE6604641211CF0ABFB4121044687
:10DDE0000C301BF019FE002105463F2200F8021BF3
:10DDF00024F00EFA0423174AEB72EB752023164920
:10DE0000C5F81A20C0204FF490626B704FF40A736B
:10DE1000A871C5F82110A5F82720A5F80F3098E6BD
:10DE2000092160461CF085FB092104460C301BF0DB
:10DE3000F3FD4FF450610023084A01800D218370E7
:10DE4000C3700171C0F8052083E600BF2AA6002038
:10DE5000E8010020F7FFFF0F30F0F97FF105FFFF29
:10DE6000E368604605211E881CF063FB052104461B
:10DE70000C301BF0D1FD05462A1DB0B2E91C02F0A2
:10DE80007FFAEB782A792870002B93FAA3F3B3FA80
:10DE900083F308BF4FF0FF330133EB70002A92FA8F
:10DEA000A2F3B3FA83F308BF4FF0FF330133A5F8B1
:10DEB00001602B714DE6604609211CF03AFB0921F7
:10DEC00004460C301BF0A8FD0AAB05460DF12202FA
:10DED00008A90DF11E0002F047FABDF81E30A5F8A2
:10DEE0000130BDF82030A5F80330BDF82230A5F888
:10DEF0000530BDF82820A5F8072000232B7028E660
:10DF0000E368188809F094F8388801211BE7E36872
:10DF1000187809F075F80546388801211CF009FBCE
:10DF2000012104460C301BF077FD057011E6E36813
:10DF300018680A909A889B798DF82E3060460721E0
:10DF4000ADF82C201CF0F5FA072104460C301BF02C
:10DF500063FD0546411C0AA809F01EF82870F8E583
:10DF6000E36818680A909A889B798DF82E3060468D
:10DF70000721ADF82C201CF0DCFA072104460C30F8
:10DF80001BF04AFD0546411C0AA808F0CBFF28708B
:10DF9000DFE5604602211CF0CCFA022104460C3079
:10DFA0001BF03AFD054608F05FFE002368702B70F9
:10DFB000CFE508F05BFEAEE7E06808F09BFEAAE75D
:10DFC000E06800F11702C11D09F088FAA3E7E368D1
:10DFD0005988188802F0BEF99DE7604605211CF0BB
:10DFE000A8FA052104460C301BF016FD0AA90546C7
:10DFF0000DF1220002F0A2F9BDF82230A5F801309F
:10E00000BDF82820A5F8032000232B70A1E5E368C4
:10E010001E889A885988B0B202F05EF9A9E6E268D3
:10E02000168892780023CDE90233CDE9003302212E
:10E03000B0B202F063F89CE6E16800220E884B88DB
:10E04000039208890290C888019089880091B0B233
:10E05000022102F053F88CE6092160461CF069FAAF
:10E06000092104460C301BF0D7FCBF49BF4A0160B0
:10E070000023426003726CE5042160461CF059FAEB
:10E08000042104460C301BF0C7FC00231B21032293
:10E09000037041708370C2705BE5E268B44B116835
:10E0A00052681960604601214CE6E068C17908F0C9
:10E0B000C9FF30E7604603211CF03BFA0321044608
:10E0C0000C301BF0A9FC0146002301F8023B013093
:10E0D000FDF76EFF3DE5E26891781088B2F80540E3
:10E0E000CB0703D5D37843F00103D37013798E07A0
:10E0F000D17844BF43F00103137143EA0102012ABE
:10E1000000F2A4814D0700F09E815A0700F09B8128
:10E1100014F003021CBF04F1FF3404F0010202F00A
:10E120005BF9014638880EE5E3681A78D10744BFE9
:10E130000721597092074CBF07219978587848BF3A
:10E14000997002F03FF9E6E6E4686379B4F80320D9
:10E15000B4F801102078A4790094E9F731FEDAE6EA
:10E16000E3681878E9F7ECFBD5E6E16811F8010BF4
:10E1700001F0FEFBCFE6E16811F8010B01F08AFB2C
:10E18000C9E6022160461CF0D4F9022104460C3095
:10E190001BF042FC002303704370DAE4E468A57BC3
:10E1A000A3796279217920880295657B01950734EE
:10E1B000009401F06DF9AEE6E1680120FDF7FCFE88
:10E1C000A9E6604609211CF0B4F9092104460C3087
:10E1D0001BF022FC0346002503F8015BC0F8015048
:10E1E0005D600646FDF7CCFE2B4661F30703C1F3E5
:10E1F000072262F30F23090C61F31743090A61F345
:10E200001F63C6F80100C6F80530A2E4E3681E8863
:10E2100000220621B0B208F097F8AAE5E2680021D2
:10E2200032F8026BF6E7E268114602F10C0331F8AE
:10E23000020B0A3208F07EF90146388883E4604612
:10E2400009211CF076F9092104460C301BF0E4FB8F
:10E25000002300F8013B082109F0AEFF79E4E068F3
:10E2600000230AAA00F110010CF0E2FF3888112106
:10E270001CF05FF9112104460C301BF0CDFB064663
:10E28000002306F8013B0AAD07460FCDC7F8010091
:10E290007160B260F3605CE4E368188801F0D4FF59
:10E2A000014638884FE4E368604608211E881CF068
:10E2B00040F9082104460C301BF0AEFB0546E91C72
:10E2C000B0B201F063FFA5F80160287041E4E06896
:10E2D00008F0F8F91FE6E16800224B8808880392ED
:10E2E0000C890294CC88019489880091114601F030
:10E2F00005FF0146388826E4E06808F019FC0AE6C4
:10E30000E06808F081FB06E608F054FB03E660468F
:10E3100002211CF00EF9022104460C301BF07CFB9C
:10E3200000230370054608F043FB687011E4304693
:10E3300008F0B2F8EFE5E468B4F813506188637947
:10E34000227920880495B4F811500395B4F80F5041
:10E350000295257B019506340094EAF7ADFC014651
:10E360003888FFF7F0BB00BF00FFFF3FFFFF03004F
:10E37000E0010020E3681878002861D05B78002B6A
:10E380005ED0344A00231360334A136001F074FBFB
:10E390000C2805464FF00101388808BF0025BDE56F
:10E3A000E3689978188801F017FF01463888FFF76D
:10E3B000CABBE3681E880AA9B0B202F023F805219F
:10E3C000054638881CF0B5F8052104460C301BF0D2
:10E3D00023FB0570A0F80160BDF82830A0F80330D9
:10E3E000FFF7B7BB1C481D491D4A1E4B4FF0FF34B9
:10E3F000046041F6FF754FF0FF34C1E9004500208D
:10E400000021C2E900011F200021C3E90001FEF73D
:10E41000DFF9388801211CF08CF8012104460C300A
:10E420001BF0FAFA0023104A03701360FFF7E8F9B3
:10E43000FFF78FBBE2680A4B31E6099CFFF789BB07
:10E440004FF0FF33A0E71221FFF77CBB1121FFF74C
:10E4500079BB00BF747E0020787E0020E801002098
:10E4600018370020E0010020707E00202DE9F843DD
:10E4700000230B60038A032B2ED9054688460C30F7
:10E4800004211BF0FAFA2B8A4788B0F80090BB42AF
:10E4900022D31B2F20D801F0D9FD4FEA193633467D
:10E4A0000446F8B19B0817D1D6B1012E14D12379B7
:10E4B000677166F301032371E9683A46E01D23F0B2
:10E4C0007FFE2146C9F30B0001F0CCFD08B9BDE881
:10E4D000F883204601F0C0FD6FF01500BDE8F88319
:10E4E0000226E4E70F4B1B689B0117D54FF0FF3264
:10E4F0004FF0FF330220F4F7C3FC0221C8F80000FC
:10E500000C301BF089FA4FF48D730380D8F80000AB
:10E5100001210C301BF080FA012303706FF06800BA
:10E52000D5E700BFE8010020F8B50E4B1B68DB06FD
:10E5300000D4F8BD02F10C0406460D462046022127
:10E540001BF06AFA034640F205421A802046042175
:10E550001BF062FA00270770A0F801503278C270F1
:10E56000F8BD00BFE8010020024A1368013B1360B8
:10E57000704700BF707E002070B5037FC68803F02F
:10E580000303013B012B0FD9164A1749174842F2E2
:10E59000CF331AF07EF9002383F31188BFF36F8F16
:10E5A0000323184602DF70BD044601F10C0528461E
:10E5B00004211BF031FA237F03F00303022B0CBF6D
:10E5C00046F4005646F480560680637F4380617FA0
:10E5D00028461BF021FA627F04F11F01BDE870405C
:10E5E00023F0EEBDF4650600146406003C630600EB
:10E5F0002DE9F04F90F804C0C688BCF1030F89B034
:10E6000004460D4600F11C071FD0ACF1050CBCF10F
:10E61000180F34D8DFE81CF0450033003300330016
:10E620003300330033003300330033003300330052
:10E63000330033003300330033003300BE001D01CC
:10E64000250158016F018201B201C37F033B122BE8
:10E6500000F2CB81DFE813F04002C901C901670273
:10E660008002C901F501C901C901C901FE01C90141
:10E670001A02C9012200C901C901CF01CF01B74A5D
:10E68000B749B84842F2BF231AF003F9002383F3D5
:10E690001188BFF36F8F0323184602DF09B0BDE86E
:10E6A000F08FB14A037EA67E94F8198092E80300A9
:10E6B0005B425FB20B0C8DF81E30237FADF81C104F
:10E6C00059060690C6F3400600F16982A74B5B68C5
:10E6D0004FF0000903F00053002E40F09482002B0D
:10E6E000DCD0A34B1B689B07D8D5207F04F11E0903
:10E6F000C0F380114A4600F00F00FFF791F80028A0
:10E70000CCD1237F03F00F03012B00F04583627F00
:10E71000931DA2F1060A05325FFA8AFA5FFA83FBBB
:10E72000D3B2059356460C35022128461BF074F9E6
:10E730003E23037080F801B0012128461BF06CF9DC
:10E74000034602221A70059928461BF065F9012339
:10E750000370237F03F00F0320336B44054613F847
:10E76000083C437008F080FA804580F008834046FA
:10E77000EA1CA91C08F02CFAAB780233AB7085F8C0
:10E7800009A00A3504F124013246284623F018FD79
:10E79000AF5583E7F80700F1F281277F002F00F0E3
:10E7A000E581724B5B6899007FF578AF704B1B6811
:10E7B00040F20122134203F400783FF46FAF0C35AE
:10E7C000002F40F0FF816B4A136801331360B8F1EA
:10E7D000000F00F07D82022128461BF01DF941F652
:10E7E0003E730380012128461BF016F903460A22D6
:10E7F0001A7028461E211BF00FF90770A0F801605F
:10E80000637FC370A37F0371D4F81F30C0F8053055
:10E81000B4F82330A0F80930D4F82B30C0F80B300E
:10E82000B4F82F30A0F80F30D4F82530C0F81130EC
:10E83000B4F82930A0F81530638EA0F81730A38EF5
:10E84000A0F81930E38EA0F81B3094F838304377E5
:10E8500024E70A463846314609B0BDE8F04FFFF7D5
:10E8600063BE424B5B689A004FF000087FF516AF1D
:10E870003F4B1B685B077FF511AF0C350221284623
:10E880001BF0CAF840F63E230380012128461BF006
:10E89000C3F803464FF00309284683F80090092186
:10E8A0001BF0BAF8FF07054600F15B82237F2B704F
:10E8B000A5F80160E38BA5F80330238CA5F805309B
:10E8C000638CA5F80730E9E6284B5B6818044FF025
:10E8D00000047FF5E3AE0C35022128461BF09CF8BE
:10E8E0004FF44C730380032128461BF095F8047005
:10E8F000A0F80160D2E6204B1B6819027FF5CEAE6E
:10E900000C35022128461BF087F840F2572303807C
:10E91000022128461BF080F80680BFE6134B5B6897
:10E920009A007FF5BBAE124B1B681B037FF5B6AE9A
:10E930000C35022128461BF06FF840F23E4303805D
:10E94000012128461BF068F8142303700321284690
:10E950001BF062F80680237F83709FE6F465060053
:10E96000146406003C630600BC340600E801002085
:10E97000E0010020707E002018370020CD4B5B683E
:10E980009F007FF58BAECC4B1B6818057FF586AEDC
:10E990000C35022128461BF03FF840F23E6303800D
:10E9A000012128461BF038F80C2303700521284666
:10E9B0001BF032F8237F0370A0F80160627F002A09
:10E9C00092FAA2F3B3FA83F308BF4FF0FF33013397
:10E9D000C370A27F92FAA2F3002AB3FA83F308BFAE
:10E9E0004FF0FF330133037158E6B44AB449B548D8
:10E9F00042F2A33348E6AF4B5B689A007FF54EAE18
:10EA0000AD4B1B685B067FF549AE0C3502212846ED
:10EA10001BF002F840F63E330380012128461AF02D
:10EA2000FBFF072303700A2128461AF0F5FF068032
:10EA3000A38C4380E38C8380238CC380638C03810D
:10EA40002CE60B4632463946002009B0BDE8F04FAF
:10EA5000FEF73EBF974B90F820401B681F067FF5DE
:10EA60001DAE0C35022128461AF0D6FF4FF4816303
:10EA70000380042128461AF0CFFF002C08BF1F2472
:10EA800000230470A0F80160C37007E6894B5B683F
:10EA9000980040F18C80884B1B68990640F1878074
:10EAA0000C35022128461AF0B7FF40F63E330380AA
:10EAB000012128461AF0B0FF062303700A212846D8
:10EAC0001AF0AAFF0680238C4380638C8380A38C7A
:10EAD000C380E38C0381E1E5764B5B6899007FF5A9
:10EAE000DDAD754B1B68DA067FF5D8AD0C3502211C
:10EAF00028461AF091FF40F63E5303800121284634
:10EB00001AF08AFF052303700C2128461AF084FFAF
:10EB1000034623F8026B216A626AC0F802105A6049
:10EB2000238D4381BAE5634B1B681B064FF000043D
:10EB30007FF5B4AD0C35022128461AF06DFF4FF475
:10EB400081630380042128461AF066FF01230470C4
:10EB5000A0F80160C370A1E590F820300E2B7FF47F
:10EB60009DAD0B46324600211A206EE7A07F04F1CE
:10EB70002503FF2204F11F0108F06EF911E64F4A48
:10EB80005149504842F2CF0319F083FE002383F32A
:10EB90001188BFF36F8F0323184602DFFDE50021C4
:10EBA00004F11E034246084608F056F98EE500239C
:10EBB000CDE90233CDE900331A220221304601F0BB
:10EBC0009DFA6BE5B8F1000F40F0B28002212846B3
:10EBD0001AF022FF41F23E330380012128461AF049
:10EBE0001BFF01230370122128461AF015FFC0F8FD
:10EBF0000180C0F80580C0F80980C0F80D8080F859
:10EC0000118007704AE5002B3FF448AD2A4B1B6882
:10EC10005A057FF543AD207F00F00F03012B0ED086
:10EC2000264A2A49274841F6661319F032FE89F32D
:10EC30001188BFF36F8F0323184602DF207F04F192
:10EC40001E06C0F38011324600F00F00FEF7E8FD0B
:10EC500000287FF423AD0C35022128461AF0DCFE93
:10EC600041F23E230380012128461AF0D5FE0346D7
:10EC70000B221A70284611211AF0CEFE40F2011321
:10EC80000380054607F0F0FF804580F08B80EA1C8A
:10EC90004046A91C07F09CFFAB780233AB70237F82
:10ECA000C3F3C0136B72636AC5F80A30238DEB811E
:10ECB0002F74F3E4E8010020E0010020F465060071
:10ECC000146406003C6306005866060030660600C1
:10ECD000022128461AF0A0FE41F23E3303800121B2
:10ECE00028461AF099FE034601221A70284612217E
:10ECF0001AF092FE0770A0F80160637FC370A37FD3
:10ED000003F001030371D4F81F30C0F80530B4F8E4
:10ED10002330A0F80930638EA0F80B30A38EA0F842
:10ED20000D30E38EA0F80F3094F838304374B5E41A
:10ED3000022128461AF070FE41F63E73038001213D
:10ED400028461AF069FE0A2303701E2128461AF08D
:10ED500063FE04461D220021013023F059FA27707A
:10ED60009CE4164A1649174842F2581319F091FDCF
:10ED700088F31188BFF36F8F484602DF96E5237F43
:10ED8000C3F38013AB70D4F81E30C5F80330B9F864
:10ED90000430A5F80730F2E40B2305934FF00C0B79
:10EDA000B246C0E4237FC3F38013AB70D4F81E30A7
:10EDB000C5F80330B388A5F8073070E7F46506009E
:10EDC000946606003C63060070B500F10C040E4624
:10EDD0002046022115461AF01FFE40F2135303800D
:10EDE000052120461AF018FE01230370A0F80160E7
:10EDF000A0F8035070BD00BF0379032B08D0053B7A
:10EE0000DBB2182B01D900207047054AD05C70474F
:10EE1000037F03F00303032B14BF05200420704776
:10EE2000D066060030B583B01B4B079D1B4AEB1A1A
:10EE3000A2FB032313F47F5FC3F387141BD1A21C2F
:10EE4000174B0095D2B201210020FCF7A9FF10F06A
:10EE5000FD0F0ED0134A1449144840F6EB1319F075
:10EE600018FD002383F31188BFF36F8F0323184627
:10EE700002DF03B030BD0B4A0D490C4840F6E613E3
:10EE800019F007FD002383F31188BFF36F8F03236D
:10EE9000184602DFD3E700BF307F002089888888CA
:10EEA00049EF0300EC660600386706003C63060085
:10EEB0002C670600F8B505682F6E0646C7B16C6E64
:10EEC00000232B6644B300211723696623714FF694
:10EED000FF73E38004F11C001E2223F099F93C2308
:10EEE0002377A66021463846BDE8F840FDF77EBF8F
:10EEF000114A1249124840F6332319F0CAFC87F32D
:10EF00001188BFF36F8F0323184602DF6C6E2F6EDC
:10EF100000232B66002CD6D1074A0A49084840F640
:10EF2000372319F0B6FC84F31188BFF36F8F0323E6
:10EF3000184602DF6C6EC6E7EC66060054670600F2
:10EF40003C6306006867060000B170470C4B10B5C3
:10EF500002460446996002200121FBF711FB00B92B
:10EF600010BD084A0849094840F6072319F091FCEA
:10EF700084F31188BFF36F8F0323184602DF10BD9F
:10EF8000F0090020EC660600106506003C630600F0
:10EF900038B5044610F81C3B002B2ED0194D636980
:10EFA000A8607BB1184A1949194840F61C2319F08A
:10EFB00070FC002383F31188BFF36F8F032318467F
:10EFC00002DFA86813490F4B0022C4E9051011465F
:10EFD0000120FBF7D5FA00B938BD0B4A0E490C48A1
:10EFE00040F6232319F055FC002383F31188BFF367
:10EFF0006F8F0323184602DF38BDBDE83840FFF7A6
:10F0000059BF00BFE0090020EC66060080670600DB
:10F010003C630600B5EE03001065060038B50C46EB
:10F02000124994F82930124A0978117004EB8303CD
:10F03000DB6A1D7800B938BDFDF7A0FF8442FAD025
:10F0400015F00E0F02D1236A002BF4D0094A0A49A9
:10F050000A4840F6D31319F01CFC002383F31188EF
:10F06000BFF36F8F0323184602DF38BD9AA8002034
:10F0700099A80020EC660600946706003C63060031
:10F0800000B5154B93F829109A8C93F86AC003EBDE
:10F0900081014FF0020E22F44372C86A6EF3420CF3
:10F0A0004FF4006122F00202A3F8681083F86AC0EE
:10F0B00042F00E0206214FF0000C9A8480F800C046
:10F0C000417093F8350003EB800304229B6B1A70A8
:10F0D00059705DF804FB00BF307F002070B51C4CF8
:10F0E000256AAB6F73B11B4A1B491C484FF426635A
:10F0F00019F0CFFB002383F31188BFF36F8F032335
:10F10000184602DF05F16C0105F16800FBF7B6F95E
:10F11000064670B12868AE6700F06EFF0025606E8D
:10F120002562FDF751FE206E6566FDF741FE2566FE
:10F1300070BD084A0A49094840F6622319F0A9FB44
:10F1400086F31188BFF36F8F0323184602DFE1E7D0
:10F15000307F0020EC660600EC6706003C6306008A
:10F160006069060030B5524C94F86A30D90785B012
:10F1700068D5236A53B193F82C2042F0020283F839
:10F180002C20236A93F82C30DA0772D44848FDF714
:10F19000DDFE84420ED0474A4749484840F62B33AB
:10F1A00019F077FB002383F31188BFF36F8F0323DC
:10F1B000184602DF94F82430DB0703AD0DD5022199
:10F1C00003913F4B0095032101220020FCF7E8FD4D
:10F1D0002946FDF7A9FE00285FD10222384B009591
:10F1E000032100200392FCF7DBFD2946FDF79CFE7E
:10F1F000054650BB3348FDF7E5FE08B178303AD1FB
:10F200002B48FDF7AFFE84420ED02A4A2A492B48EC
:10F2100040F64D3319F03DFB002383F31188BFF313
:10F220006F8F0323184602DF236A0BB1FFF756FFE7
:10F2300094F86A3000206FF3000384F86A3000F01D
:10F24000B5FC38B3002005B030BD1948FDF78AFE83
:10F2500084420ED0174A1849184840F6443319F032
:10F2600018FB002383F31188BFF36F8F0323184625
:10F2700002DF0C20E7E70F4A1349104840F64A33F3
:10F2800019F007FB85F31188BFF36F8F032318462E
:10F2900002DFB5E707F02CFFD4E70548FDF762FE73
:10F2A0008442E6D0034A0449044840F63633D6E7A0
:10F2B000307F0020EC660600006806003C63060014
:10F2C00015C103004C7F00200C680600037803F092
:10F2D0000F0302F1FF3C022B1FFA8CFC25D0012BFF
:10F2E0000DD01031C9009BB1062B11D04FF4F37330
:10F2F00013FB0CF340F25320184480B2704740F2E5
:10F30000162313FB0CF340F2E330184480B270472D
:10F3100040781030C00001F21B3100F5B37313FBCD
:10F320000CF30844184480B2704741780CEB8C030E
:10F33000C3EB0310400001F11003DB0000F23B10AF
:10F3400003FB020290B270472DE9F0431E468BB0DA
:10F350004FF6FF739E429DF84890139C17D0257876
:10F360000135EDB280461746257075B33B493C4BDD
:10F370000E8104F11C000022C860C1E9008781F8F9
:10F380000A90996001201146FBF7FAF868B994F8E1
:10F39000240010F0010505D1324A334B11781B7857
:10F3A0008B4221D00BB0BDE8F083304A3049314860
:10F3B00040F66C1319F06DFA002383F31188BFF344
:10F3C0006F8F0323184602DFE1E7284A2A492948BC
:10F3D00040F64A1319F05DFA85F31188BFF36F8F79
:10F3E0000323184602DFC1E70133042109A8137083
:10F3F00008F0FEFE099B214A0694A2FB0312991A0B
:10F4000002EB5102120A40F2471101FB12331C4A6F
:10F410001C49A21AA1FB021292091B490232CDE932
:10F4200004510133CDE90255CDE90055D2B2012195
:10F4300028460993FCF79CFC10F0FD0FB2D00B4A54
:10F4400012490C4840F2BB7319F023FA85F3118876
:10F45000BFF36F8F0323184602DFA3E7047F00206A
:10F46000D00900209AA8002099A80020EC66060088
:10F47000106506003C6306002468060021F1D49064
:10F48000307F0020898888881DF0030028680600E6
:10F490002DE9F04F714C1F46714B94F86A60864617
:10F4A0008C4693E8030083B016F001061546DDF89C
:10F4B00030809DF834209DF8383000908DF804108D
:10F4C00040F08A80A18C02F0070203F0030352008F
:10F4D00021F4437142EA032221F002010A43A2848B
:10F4E00094F8292004EB8202BCF1010F0CF108030F
:10F4F000D2F82C9008BF4FF0000E0DEB030CA4F8CF
:10F5000068E099F800A01CF8083C2AF01F0113F0ED
:10F510000E0F03F00F030CBF012200220B4362F316
:10F52000451389F8003003F00F03012B0AF00F0A8E
:10F5300049D094F86A3065F3420384F86A30DAB24D
:10F540005B070CD5134667F3C30384F86A30D8F819
:10F550000030C4F86B30434BB8F804209A8099F817
:10F56000003003F00F02012A05F0010B39D099F8A1
:10F570000120F2B1BAF1010F51D099F800306BF3CC
:10F5800086136FF3C71389F8003094F83530E461BF
:10F5900004EB8304AD01A36B05F040055A7845F0F8
:10F5A00004051D700AB906225A70304603B0BDE842
:10F5B000F08F6BF3861362F3C71389F800300623CC
:10F5C00089F80130E1E7BAF1010FB2D099F80120D2
:10F5D000CAB984F84060ACE70C26304603B0BDE8F9
:10F5E000F08F4A466BF3861367F3C71302F8083BA4
:10F5F000D8F80010C9F80810B8F8041091800C234E
:10F6000089F80130C1E7052A16D9063AD2B209F1C4
:10F610000801154884F8402022F0D2FD89E794F8CB
:10F620004020114909F1080022F0CAFD94F8403049
:10F63000063389F80130A0E70C4A0D490D4840F225
:10F64000BD1319F026F986F31188BFF36F8F0323DA
:10F65000184602DF99F80120D7E700BF307F00206D
:10F66000C43406009B7F0020717F0020EC660600FA
:10F67000606806003C63060010B5064C204609F0A1
:10F680006DFA04F10C0009F069FAFFF7F9FC0020AB
:10F6900010BD00BF587F002008B5FFF763FD0020B4
:10F6A00008BD00BF38B5094C04F10C05204609F02F
:10F6B00065FA284609F062FA204609F04FFA284612
:10F6C00009F04CFAFFF7DCFC002038BD587F002021
:10F6D000034A044B801AA3FB0030C0F38F1070471D
:10F6E000307F002089888888044A0068044B801A8B
:10F6F000A3FB0030C0F38F10704700BF307F0020A5
:10F700008988888838B9054890F86A3013F0010F65
:10F7100008BF002070470020704700BF307F0020E6
:10F7200028B9044B93F86A0000F0010070470020EC
:10F73000704700BF307F002050B9064B93F86A0035
:10F7400010F0010005D093F8250000F00300704789
:10F7500000207047307F002070B506460C4690F8B8
:10F76000260007F041FE23780546C3F38010FCF71E
:10F7700045FC0368C6F871308388A6F875308DB1F2
:10F78000237843F04003237023782A68C4F80220CA
:10F7900003F00F03AA88E280012B04F1020503D0D5
:10F7A000284670BD0546EFE796F8260007F04EFEA6
:10F7B0000028F5D02278234642F0800203F8082B77
:10F7C0000268A26082889A80284670BD1F2957D897
:10F7D0002DE9F04190F8293000EB830382B0DF6A15
:10F7E0003B7803F00F03012B0E460546904649D0A7
:10F7F0000DF10701283009F02DFA3A78037802F06C
:10F800000F0223F01F03134303703B780278C3F306
:10F81000401363F3451202703B78D2B2C3F38013F6
:10F82000394663F38612027011F8023BD2B2DB094B
:10F8300063F3C712044600F8022B062222F0CEFC26
:10F840003246414604F10800063622F0B9FC6670E3
:10F8500095F86A30DB0707D49DF8073085F8293022
:10F86000002002B0BDE8F08195F8353005EB830348
:10F8700021469A6B2846E8F743FA0028ECD0F0E7D7
:10F880001220704780F840100A464130414622F06D
:10F8900097FCE5E703460A4601481946FFF796BF7D
:10F8A000307F00201F295FD82DE9F04190F83530D6
:10F8B00000EB830382B09E6B0F460446904600F136
:10F8C0003405002E41D028460DF1070109F0C2F998
:10F8D000037823F03F03314643F00403037011F82B
:10F8E000022BDBB2C2F3801203F03F0343EA821320
:10F8F0000370BB1D437005460622023022F06EFCE9
:10F900003A46414605F1080022F05AFC94F86A3064
:10F91000DA0707D49DF8073084F83530002002B0AC
:10F92000BDE8F08194F8292004EB82024123D16ADA
:10F930000A7802F00F02D340DB07EBD52A462046B7
:10F94000E8F7DEF90028E5D0E9E7284609F006F9EE
:10F95000C0B258B994F8353004EB83039E6B04238E
:10F96000337006237370AEE7122070470720D6E786
:10F9700003460A4601481946FFF794BF307F00202E
:10F980002DE9F84309999DF820900D46804615F819
:10F990001C4B0134E4B217461E460C7084B1184863
:10F9A000184B06810022C0E90087C56080F80A90E4
:10F9B000986011460120FAF7E3FD80B9BDE8F883AD
:10F9C000114A124912484FF4697318F062FF84F328
:10F9D0001188BFF36F8F0323184602DFDFE70A4A5F
:10F9E0000C490B4840F2B13318F053FF002383F366
:10F9F0001188BFF36F8F0323184602DFBDE8F88339
:10FA0000B07F0020000A0020A068060024680600DD
:10FA10003C630600106506000020704738B50546B7
:10FA2000043001F11C02C0B2FDF70AFB044600B924
:10FA300038BD10F1780F01D10C2038BD40F296236B
:10FA4000094A0A490A4818F024FF0A48224629466A
:10FA500018F01FFF002383F31188BFF36F8F032378
:10FA6000184602DF0C20E8E7A0680600E068060000
:10FA70003C630600F868060038B52C4C94F8483012
:10FA800003F0010258B35ABB9A07C3F341050BD5E3
:10FA90000120FCF7B3FA0621FAF7E0FC002842D077
:10FAA00094F84850C5F3410594F83200C0F3C10002
:10FAB00007F05EFB94F8333094F832206FF3410383
:10FAC000FF2184F83330930684F8341002D5023DC8
:10FAD000012D1ED9BDE838401448E8F7D5B912B950
:10FAE0000C25284638BD236A002BF9D12146FFF7A3
:10FAF00095FF05460028F4D194F8483060F30003E0
:10FB000084F84830FFF7FEFD0028EAD107F0F0FA4C
:10FB1000E7E7002007F050FB94F8333043F002038E
:10FB200084F83330D6E71225DBE700BF203700200A
:10FB300038B50F4D00243CB995F8484014F0010445
:10FB400002D0286A0A4908B1002038BDFFF766FFD5
:10FB50000028F0D195F8482060F3000285F848208D
:10FB6000FFF7D0FD0028E6D107F0C2FAE3E700BFB7
:10FB700020370020044A054B801A8008A3FB003080
:10FB8000C0F34700704700BF20370020BD86F21A3F
:10FB9000044A0068044B801A8008A3FB0030C0F3BD
:10FBA0004700704720370020BD86F21A38B9054853
:10FBB00090F8483013F0010F08BF00207047002074
:10FBC000704700BF20370020044A92F8483003F005
:10FBD000010318430CBF1046002070472037002057
:10FBE000A0B90B4A92F8483013F001000FD0106A08
:10FBF00092F832100038C1F3401203F0010303FA07
:10FC000002F318BF012043EA8000704700207047CC
:10FC10002037002050B9064B93F8480010F001003F
:10FC200005D093F83200C0F3C10070470020704740
:10FC30002037002010B5134B1348144C06224FF404
:10FC4000DC71FAF7A3FB124B0322181D2421FAF7EB
:10FC50009DFB104B1B22181D0821FAF797FB02F0A1
:10FC60008FFF0D4A0D4B0E49002010601B221A8099
:10FC70000C4A01234FF4A47CA4F800C00B7013704D
:10FC800010BD00BFEC7F0020703700202CA60020A4
:10FC9000CC800020F07F0020448200202EA600208F
:10FCA0009CA800209BA800202DE9F041066833495C
:10FCB00082B004464FF4DC723046FAF7BBFB04F125
:10FCC0006805214609F052FEE06E01AA2946FAF7BE
:10FCD000F1FB08B3DFF8B8804FF6FF7798F8E12022
:10FCE00098F8E010531CDBB21C2B08BF002399428C
:10FCF00032D008EBC20128F83270019A4A601268CB
:10FD00000260019A106088F8E130E06E01AA29468D
:10FD1000FAF7D0FB0028E1D1D6F8644106F5B275B8
:10FD20004CB10023C6F8643129462046FDF71EFA7F
:10FD300002B0BDE8F081124A1249134840F2FC7348
:10FD400018F0A7FD84F31188BFF36F8F03231846C3
:10FD500002DFD6F86441E4E7094A0C490A484FF447
:10FD6000FD6318F096FD002383F31188BFF36F8FB6
:10FD70000322104602DF1B80FFDE00BF7037002029
:10FD800010690600586906003C63060050690600C9
:10FD90003C81002010B50C46C0B9144B0022012153
:10FDA00002209C60FAF7ECFB00B910BD104A114923
:10FDB000114840F2A27318F06CFD002383F3118800
:10FDC000BFF36F8F0323184602DF10BD084A0B49AB
:10FDD000094840F29C7318F05CFD002383F31188FE
:10FDE000BFF36F8F0323184602DFD6E7300A0020E7
:10FDF00010690600106506003C630600686906008D
:10FE000008B50C4B0022986011460120FAF7B8FBA8
:10FE100000B908BD084A0949094840F2CE7318F0F4
:10FE200038FD002383F31188BFF36F8F0323184637
:10FE300002DF08BD100A00201069060010650600E8
:10FE40003C63060038B5044610F81C3B002B2ED04E
:10FE5000194D6369A8607BB1184A1949194840F2E5
:10FE6000B77318F016FD002383F31188BFF36F8F6B
:10FE70000323184602DFA86813490F4B0022C4E988
:10FE8000051011460120FAF77BFB00B938BD0B4A7B
:10FE90000E490C4840F2BE7318F0FBFC002383F3BC
:10FEA0001188BFF36F8F0323184602DF38BDBDE80A
:10FEB0003840FFF7A5BF00BF200A002010690600E8
:10FEC000806706003C63060001FE03001065060023
:10FED00083685A6892F82730DB0900F1080101D0E5
:10FEE000E8F786BCE9F70CB900B9704710B50C46C5
:10FEF000FDF762F8844212D0FDF740F884420ED03C
:10FF0000074A0849084840F2D66318F0C2FC0023AB
:10FF100083F31188BFF36F8F0323184602DF10BDF0
:10FF200010690600746906003C63060010B50C46B3
:10FF3000A0B92046FDF734F884420ED00F4A10498C
:10FF4000104840F2EC6318F0A4FC002383F31188FE
:10FF5000BFF36F8F0323184602DF10BD074A0A491B
:10FF6000084840F2E96318F094FC002383F31188F9
:10FF7000BFF36F8F0323184602DFDAE7106906002C
:10FF8000C86906003C6306006869060010B50C46A7
:10FF9000A0B92046FCF7F8FF84420ED00F4A104962
:10FFA000104840F2E26318F074FC002383F31188D8
:10FFB000BFF36F8F0323184602DF10BD074A0A49BB
:10FFC000084840F2DF6318F064FC002383F31188D3
:10FFD000BFF36F8F0323184602DFDAE710690600CC
:10FFE000C86906003C630600686906000148FAF724
:10FFF000F3B900BFEC7F00200149FAF703BA00BF54
:020000024000BC
:10000000EC7F002002494FF4DC72FAF713BA00BF0C
:100010007037002002464FF4DC710148FAF706BA47
:100020007037002005280DD810B504462246064832
:100030004FF4DC71FAF7FAF9038EA34200D110BD38
:10004000002010BD00207047703700200148FAF7EB
:10005000C3B900BFCC8000200149FAF7D3B900BF73
:10006000CC80002005283FD870B504460E462048B5
:1000700022464FF4DC71FAF7D9F9038EA342054604
:100080001CD11C4A92F821C092F820100CF10103F7
:10009000DBB2042B08BF0023994222D022F83C4057
:1000A00002EBCC0CCCF8046082F82130037843B921
:1000B00095F94330002B0FDB002070BD6FF0150069
:1000C00070BD0D4B0022986001210320FAF758FA09
:1000D00095F94330002BEFDA2146284606F0FAF86E
:1000E000EAE76FF0680070BD6FF01500704700BF61
:1000F0007037002020820020400A00202DE9F04FB8
:1001000085B00528BDF83890BDF83CA0BDF840B0DA
:10011000039214D804460D461B4822464FF4DC7166
:100120001E46FAF783F9B0F83080A045074606D19D
:1001300075B1022D07D0012005B0BDE8F08F022077
:1001400005B0BDE8F08F039BABB902F0DBFF0EE01A
:10015000119B0193CDF800B053464A46314602F058
:1001600049FF0028ECD197F94330002B07DB002032
:1001700005B0BDE8F08F039902F0D4FFF7E74146E0
:10018000384606F0A7F8F2E77037002005281ED899
:1001900070B504460D460F4822464FF4DC71FAF75D
:1001A00045F9038EA342064608D102F0B5FE38B1E8
:1001B00003682B6003792B71002070BD022070BD95
:1001C000D6F83E302B6096F842302B71F4E70220CF
:1001D000704700BF70370020052870B502D902248F
:1001E000204670BD05460C4615482A464FF4DC7182
:1001F000FAF71CF9038EAB4206461FD11A2C04D81D
:10020000042C16D81224204670BD292C01D03B2C7A
:10021000F8D12146304602F049FE04460028DFD1DD
:1002200096F94330002BDBDA2946304606F052F8C7
:10023000D6E7044BE340DB07EBD4E3E70C24CFE73E
:100240007037002020003804052870B515D8044602
:1002500022460E484FF4DC71FAF7E8F8068EA64203
:1002600005460AD1012102F097FD044618B995F917
:100270004330002B04DB204670BD0224204670BDB5
:100280002846314606F026F8204670BD703700201B
:10029000052870B514D8044622460E484FF4DC7188
:1002A000FAF7C4F8068EA642054609D102F08CFD85
:1002B000044618B995F94330002B04DB204670BD85
:1002C0000224204670BD2846314606F003F8204639
:1002D00070BD00BF70370020052825D82DE9F041FA
:1002E00004460E4617464FF4DC7102461248FAF7F0
:1002F0009DF8B0F83080A04505460FD1D0F84031C8
:100300009B060ED53A46314602F018FE20B995F903
:100310004330002B0ADB0020BDE8F0810220BDE85D
:10032000F0811A20BDE8F08102207047414628463E
:1003300005F0D0FFEFE700BF70370020034A044B01
:1003400012881B8802800B80704700BF2EA60020F9
:100350002CA60020024A034B108019800020704711
:100360002EA600202CA600204FF0450CA0F800C0BF
:100370004FF42670A2F800C008801880704700BFB4
:1003800005281BD870B504460E4615464FF4DC719F
:1003900002460B48FAF74AF8028EA24203460BD1F6
:1003A00090F88240C4F30204347093F88330C3F3AE
:1003B00002032B70002070BD022070BD0220704728
:1003C00070370020024A034B1070197000207047EC
:1003D0009CA800209BA8002005280ED810B5044634
:1003E000224607484FF4DC71FAF720F8038EA34247
:1003F00001D11A2010BD022010BD0220704700BF9D
:100400007037002005282ED838B504460D46174809
:1004100022464FF4DC71FAF709F8038EA34220D18B
:10042000438EB0F89621052B0FD801339BB202FB07
:1004300003F30F494FF4FA7202FB03F3A1FB03131A
:10044000C3F34F332B80002038BD03FB02F2084971
:1004500040F2E24303FB02F2A1FB0212C2F34F336C
:10046000F0E7022038BD0220704700BF703700203F
:100470005917B7D105282ED838B505460C46174868
:100480002A464FF4DC71F9F7D1FF038EAB42844664
:100490001FD1438E42F2107202FB04F1052B01F1D1
:1004A000FF310DD801339BB24FF4FA7202FB03F314
:1004B0001944B1FBF3F189B2ACF89611002038BDB4
:1004C00040F2E24202FB03F31944B1FBF3F189B2BB
:1004D000F2E7022038BD0220704700BF70370020CD
:1004E000FFF7A8BB2DE9F84306F046F81F4FDFF8E9
:1004F0009090DFF890800025AAB24FF4DC71384666
:10050000F9F794FF0446681D04F11C022146C0B2AD
:10051000FCF796FD0646B0B110F1780F13D040F20B
:1005200021734A464146124818F0B3F91148324641
:10053000294618F0AEF9002383F31188BFF36F8FBB
:100540000323184602DF01354FF6FF720023062D04
:100550002286C4F89430CFD10749084A0B84A2F808
:10056000E030BDE8F843FFF765BB00BF70370020FF
:100570003C630600F8680600208200203C810020D1
:1005800010690600E0680600014B1878704700BF4C
:100590009CA80020014B1878704700BF9BA8002042
:1005A0002DE9F84FDFF8688082468B46174699465A
:1005B000002501E0062D28D0AEB232464FF4DC71A2
:1005C0004046F9F733FF038EB342044605F10105B7
:1005D000F0D190F8AA61C6F34003BB42EAD10622EB
:1005E000494600F2B11021F09DFF06F001060028F7
:1005F000E0D15645DED104F2AB100622594621F077
:1006000091FF0028D6D1012000E00020BDE8F88F3E
:100610007037002038B58B6808601D682B780C4651
:10062000A3B16B6973B10C4A0C490D484FF45E736A
:1006300018F02FF9002383F31188BFF36F8F032382
:10064000184602DF074BC5E9053438BDBDE8384020
:100650000846FFF73DBC00BF106906008067060032
:100660003C630600D1FE0300F8B50B68DE88052E5A
:1006700030D80C460746324618484FF4DC71F9F77B
:10068000D5FE038EB342054623D102F087FD2268D2
:10069000137F03F00303032B08D101231371226896
:1006A00039462846BDE8F84002F08CBD53B995F8AC
:1006B00090319B0703D53D2385F8603122680123E3
:1006C0001371F8BD95F890319A07FAD53D2385F856
:1006D0006031236801221A71F8BD00BF7037002015
:1006E000F8B50446008E1D464FF6FF7398420F463C
:1006F00016460CD02046C4E94776A4F8245102F0EF
:10070000DDFA94F8903113F0010010D1F8BD0B4AD6
:100710000B490C4840F2BE3318F0BBF8002383F3BA
:100720001188BFF36F8F0323184602DFE2E76FF3F0
:10073000000384F890316FF08B00F8BD106906005B
:10074000046A06003C6306002DE9F0411E4C1F4E72
:1007500094F8212007461CE0F9F768FE0346E030D4
:100760001B8EAB4223D1D8F8041001F0F1FF94F8AE
:10077000201094F821204B1C8A4207F1FF30DBB295
:1007800004D0042B08BF002384F8203010F0FF07AA
:1007900018D094F8203093424FF4DC71304604EBCB
:1007A000C3080FD034F83350052D2A46D4D9D8F8D1
:1007B00004100B796FF301034FF6FF700B71FCF718
:1007C0005BFBD4E7BDE8F081208200207037002079
:1007D0002DE9F04F414A1468A04206460B4604BF7B
:1007E00000211160008EA6F86A01182283B0012151
:1007F00086F8682186F88031304602F069FA06F101
:10080000E007304602F078FA384601F089FF3846B2
:1008100001F0BEFF044600283BD00379DFF8D090FA
:10082000DFF8C4B0DFF8CCA003F00303032B0CBF48
:100830000346002303604846F9F7CEFD06F1880819
:100840000546B8B1214642462846F9F721FE38460A
:1008500001F09EFF0446E0B1037903F00303032B8C
:100860000CBF0346002303604846F9F7B5FD054673
:100870000028E7D11A4840F28D735A46514618F0C5
:1008800008F885F31188BFF36F8F0323184602DF42
:10089000D8E7328E134B00960532D2B201210020E8
:1008A000FBF77EFA10F0FD0F0ED00F4A0F490C48EF
:1008B00040F2537317F0EDFF002383F31188BFF369
:1008C0006F8F0323184602DF4FF6FF73FF20338636
:1008D00003B0BDE8F04FFFF737BF00BF44820020F0
:1008E0003C63060095FD030010690600D46906000C
:1008F000F07F00206069060000293BD02DE9F84F09
:100900004D1EDFF87890DFF878B0DFF878A0074662
:10091000EDB200F1E00815E0237903F00303032BA7
:100920000CBF234600232360F9F756FD064690B11D
:10093000013D07F1880221463046EDB2F9F7A8FDE6
:10094000FF2D06D0404601F023FF04464846002C08
:10095000E2D1BDE8F88F084840F2B5535A465146F7
:1009600017F097FF86F31188BFF36F8F03231846A4
:1009700002DFDDE7704700BF3C630600F07F002028
:10098000106906006069060010B504460120FFF7F3
:10099000DBFE20460121BDE81040FFF7ADBF00BFE0
:1009A0000149F9F72FBD00BFF07F0020014B93F8FC
:1009B000E10070473C81002000B50A4B93F8E0C08D
:1009C00093F8E1E0F4450BD080F800E033F83C0008
:1009D000088003EBCC035B68136018685DF804FBC8
:1009E0000020FBE73C810020074B93F8E0C08445E2
:1009F00008D003EBCC0033F83C300B804368136025
:100A000018687047002070473C810020094A92F81E
:100A1000E01092F8E1308B4209D04B1CDBB21C2B6A
:100A200008BF002352F8310082F8E0307047002000
:100A3000704700BF3C81002008B5134A92F8E1C01E
:100A400092F8E0E00CF10103DBB21C2B08BF00239D
:100A50009E4508D022F83C0002EBCC0CCCF80410E8
:100A600082F8E13008BD094A09490A4840F2F453C6
:100A700017F00FFF002383F31188BFF36F8F03225A
:100A8000104602DF1B80FFDE3C810020106906005B
:100A90007C6A06003C630600F8B5577914460546A3
:100AA0000E467FB3237903F00302032A0CD04FF6DE
:100AB000FF72954204BF6FF301032371214628465C
:100AC000BDE8F840FCF7D8B94FF6FF739D4228D136
:100AD00033689C423CD0002BF0D0204A204921486A
:100AE00040F2166317F0D5FE002383F31188BFF39D
:100AF0006F8F0323184602DF21462846BDE8F840E1
:100B0000FCF7BAB9154A1849164840F2016317F0C4
:100B1000C0FE87F31188BFF36F8F0323184602DFEF
:100B2000C0E72A464FF4DC711048F9F77FFC2146F4
:100B300002F016FB3368A342CDD1052D08D80B482F
:100B40002A464FF4DC71F9F771FC038EAB4200D0FA
:100B500000202146BDE8F84002F064B810690600A4
:100B6000906A06003C630600846A06007037002025
:100B700090F86620B0F85C30C2F30212022A14BF6B
:100B8000DB089B0890F87E20B0F8580014BF0A3BA1
:100B90000B3B9BB2D20644BF043B9BB2984228BF9A
:100BA00018467047704700BF90F8903143F0020339
:100BB00080F89031704700BF90F890316FF3410397
:100BC00080F89031704700BF0278838F12B1581EB1
:100BD00080B27047C18EB0F824215818104480B2FA
:100BE000704700BF10B50B68C0F83E3004463E3079
:100BF0000B7903710521F9F7DBFD94F8433060F3BD
:100C0000050384F8433010BDB0F87C30B3F5267F7F
:100C100028BF4FF42673B3F5A47F4FF4267038BF76
:100C20004FF4A47308801380704700BF00B5B0F87C
:100C30006C20B0F8661003468A4290F88300B3F83F
:100C40006AC028BF0A4600F00700B3F870101B2ADC
:100C500038BF1B22042814BF4FF4A4704FF429603E
:100C6000614528BF61468142B3F87AC038BF01466A
:100C70008C45B3F8760044D09042A3F87A1001D0A6
:100C8000A3F8762093F8DD2042F00202012083F8D9
:100C9000DD20B3F864C0B3F86E2093F88210B3F887
:100CA00068E0624528BF624601F007011B2A38BF91
:100CB0001B220429B3F8721014BF4FF4A47C4FF424
:100CC000296C714528BF71466145B3F878E038BF9B
:100CD00061468E45B3F874C017D06245A3F878100A
:100CE00001D0A3F8742093F8DD206FF3410283F85C
:100CF000DD2093F8DD200120024383F8DD205DF83C
:100D000004FB9042BCD10020C3E76245E9D193F8CF
:100D1000DD1041EA510202F0010221F003010A4311
:100D200083F8DD200028E4D15DF804FBB0F86C20E6
:100D3000B0F8661003468A4290F88300B3F86AC0A0
:100D400028BF0A4600F00700B3F870101B2A38BF0E
:100D50001B22042814BF4FF4A4704FF4296061458E
:100D600028BF61468142B3F87AC038BF01468C453E
:100D7000B3F876000DD09042A3F87A1001D0A3F812
:100D8000762093F8DD2042F00202012083F8DD2076
:100D900070479042F3D10020704700BFB0F86E203A
:100DA000B0F8641003468A4290F88200B3F868C035
:100DB00028BF0A4600F00700B3F872101B2A38BF9C
:100DC0001B22042814BF4FF4A4704FF4296061451E
:100DD00028BF61468142B3F878C038BF01468C45D0
:100DE000B3F8740014D08242A3F8781001D0A3F8AD
:100DF00074204FF0010C93F8DD106046C1F34002FF
:100E000042EA0C0221F003010A4383F8DD20704717
:100E10008242ECD193F8DD10002001F0010CEDE7E7
:100E20001B2928BF1B21B2F5A47F064BA0F87E101A
:100E300028BF4FF4A472A0F87C208366A0F8641049
:100E4000704700BF48019802F8B5002343678367E5
:100E5000A0F88030314B324A1B8812881B2B28BFE8
:100E60001B23A0F87E30A0F86430452301F0030571
:100E7000A0F866304FF01B1305F12806C366523503
:100E800090F88330B2F5A47FC1F340014FEAC60663
:100E90004FEAC50528BF4FF4A472CE40CD4003F001
:100EA0000703B7B2ADB2A0F87C20042B4FF4A472B4
:100EB0000446A0F86A50A0F87070A0F87270A0F80C
:100EC000682020D0AF423B4628BF2B46934238BF14
:100ED0001346A4F87A301B23A4F8763094F8DD305A
:100EE00043F0020384F8DD302046FFF757FF94F803
:100EF000DD30AF4243F0010384F8DD3006D001233A
:100F000084F88030F8BD4FF42963E2E7B6F5A47F9A
:100F1000F5D1636EB3F11B1FF1D1F8BD2EA60020F1
:100F20002CA6002008B50022D0E92101F9F7BAFA71
:100F3000B0FA80F0400908BDF8B506460F461546E0
:100F400001F050FD044688B3EA1E201D082A06D889
:100F5000DFE802F027050524050505211E001A4AD1
:100F60001A491B48D12317F094FC002383F31188FE
:100F7000BFF36F8F0323184602DFE3797B732146AB
:100F8000304601F045FD304603F050F82046F8BDEC
:100F900003F0B0FBF1E703F0A3FBEEE703F096FBF1
:100FA000EBE70146384603F031FBE6E7064A09491C
:100FB0000748BE2317F06DFC84F31188BFF36F8FD1
:100FC0000323184602DFBFE79C6A0600146406008C
:100FD0003C630600806A0600F8B58F6900230C4662
:100FE00005468B6117B303263E712B8EFB8094F868
:100FF000205007F11C00A5B9237A052B24D0062B1D
:1010000002D11A233B71F8BD114A12491248F72345
:1010100017F03FFC85F31188BFF36F8F304602DF76
:10102000F8BD2946BDE8F84003F06EBB084A0B49FD
:101030000948E72317F02DFC87F31188BFF36F8F62
:101040000323184602DFCEE7BDE8F84003F03EBBBD
:101050009C6A0600146406003C630600E06A060011
:10106000F8B506460F46154601F0BCFC04460028BC
:101070003CD02A1F201D092A06D8DFE802F01F22D3
:10108000250505050528052B234A2449244840F257
:10109000DF2317F0FEFB002383F31188BFF36F8F6C
:1010A0000323184602DFE3797B732146304601F0C3
:1010B000AFFC304604F012FE2046F8BD03F0E4FA1F
:1010C000F1E703F0F9FAEEE703F000FBEBE703F0DA
:1010D00011FBE8E796F8303197F84E101BB1D6F8BF
:1010E00040315B0711D403F00FFBDCE70A4A0D49DE
:1010F0000B484FF4317317F0CCFB84F31188BFF326
:101100006F8F0323184602DFB3E70A4697F84D10A6
:1011100003F006FBC7E700BF9C6A060014640600E4
:101120003C630600806A060070B504460D4600F177
:101130009B06334600223B3105F12B000AF078F87C
:10114000D4F8A310C4F8C410D4F8B410D4F8A7206D
:10115000C4F8D510D4F8B810D4F89F30C4F8C8201B
:10116000C4F8D91094F8D42094F8B310C4F8C0305F
:10117000002363F30001D4F89B00C4F8BC0042F0E4
:101180000102C4E9333384F8AB3084F8AC3084F81E
:10119000AD3084F8AE3084F8AF3084F8B03084F8E5
:1011A000B13084F8B23084F8D42084F8B310062229
:1011B00029462046FFF7C0FE40F206636B8194F893
:1011C0009A3023F0180343F0180384F89A3070BD66
:1011D000F8B505460C4601F0FDFB28B9204601F0A4
:1011E0003BFC0323A372F8BD042221462846FFF7E7
:1011F00037FF8368C268C4F84720C4F843300369E6
:10120000C5F8B830A6690023A361A6B103233779D6
:1012100033712B8EF38006F11C01204603F01CFA7B
:101220002D2F02D00423A372F8BD30683146FBF79E
:10123000DDFD0423F7E7074A0749084840F2F62393
:1012400017F027FB86F31188BFF36F8F032318462F
:1012500002DFDBE79C6A0600E06A06003C630600EA
:1012600070B504460D4601F0B5FB10B90623AB720C
:1012700070BD04F19B063346002205F13B0105F1E8
:101280002B0009F0D5FFD4F8A310C4F8C410D4F88B
:10129000B410D4F8A720C4F8D510D4F8B810D4F8F6
:1012A0009F30C4F8C820C4F8D91094F8B32094F83B
:1012B000D410C4F8C0300023D4F89B0084F8AB30BD
:1012C00063F30001C4E9333384F8AC3084F8AD3003
:1012D00084F8AE3084F8AF3084F8B03084F8B130A0
:1012E00084F8B23042F00103C4F8BC0084F8D41092
:1012F00084F8B330052229462046FFF7B1FE4FF4AB
:10130000C1636B8194F89A3043F0080384F89A30F3
:1013100070BD00BFF0B50C46897A83B0064615460D
:101320000D2900F22C81DFE801F05E6669959907CE
:10133000070C1736393E4F52002D00F0A18003B044
:10134000F0BD002DFBD1214601F044FB002840F008
:10135000C7800723A372F2E7022DF0D1A56900230D
:10136000A361002D00F0EE8003272F71338EEB80F8
:10137000237A052B00F0E180062B40F0CF801A2362
:101380002B712146304601F025FB002840F08D806E
:101390000923A372D3E7002DD1D1F2E7002DCED1DE
:1013A0000B23A372CBE7072DC9D1012101F034FB38
:1013B0003046FFF7F9FB2146304601F00BFB0028D1
:1013C00064D10C23A372BAE7002DB8D1F3E7082D3E
:1013D000B5D140F20233638190F89A306FF3041371
:1013E00080F89A30ABE7002DA9D1237A062BD7D00D
:1013F0000223A372A3E7002DFAD0A0E7012D9ED10E
:101400002946019301F008FB3046FFF7CDFB30463B
:1014100002F004FE019B5A689968C4F82510C4F8CC
:1014200021201A7B84F829205A7B84F82A20D3F8BB
:101430000E20D3F81210C4F83F10C4F83B20D3F8A4
:101440001630C6F8B4302146304603B0BDE8F0404F
:10145000FFF7BEBE002D7FF472AFF4E7032D0CD072
:10146000042D7FF46CAF062140F20362072384F859
:101470002010A4F84D20A37261E70523A3725EE754
:10148000214603B0BDE8F040FFF7EABE0B2221463B
:101490003046FFF7E5FD40F60D33638196F89A304C
:1014A0006FF3C30386F89A3049E706222146304697
:1014B000FFF7D6FD304604F0DFFD0023A3720121C3
:1014C000304601F0BDFA3046FFF776FB304602F0B9
:1014D000A9FD96F89A3043F0100386F89A302EE76B
:1014E0000D2221463046FFF7BBFD304604F0C4FD17
:1014F00094F82030062B34D0242B3FF420AF284A18
:101500002849294840F2773317F0C3F985F3118849
:10151000BFF36F8F0323184602DF10E7204A2149EB
:10152000214840F21E3317F0B4F9002383F31188E9
:10153000BFF36F8F384602DF23E705F11C0003F08D
:10154000C5F81EE7164A1949174840F20F3317F03D
:10155000A0F985F31188BFF36F8F0323184602DFCC
:1015600002E70121A172304601F06AFA3046FFF726
:1015700023FB304603B0BDE8F04002F053BD084AFB
:101580000849094840F2D34317F083F9002383F355
:101590001188BFF36F8F0323184602DFCFE600BF29
:1015A0009C6A0600146406003C630600E06A0600BC
:1015B00070B50C46897A82B005460A2900F222816C
:1015C000DFE801F00A1D2D873E683084737606003F
:1015D000002A72D002B070BD002AFBD1237A062BFC
:1015E0000FD10121284601F017FA2146284601F0C3
:1015F000F1F9002840F092800823A372EAE7002A5C
:10160000E8D10121284601F007FA2146284601F0D9
:10161000E1F9002840F0A7800223A372DAE7002A4C
:10162000D8D1F2E7032AD5D10121284601F008FAE2
:1016300000262846FFF7C0FA284684F820601DE0FF
:10164000022A29D0042AC5D101212846009301F09D
:10165000F7F92846FFF7B0FA009BDA780D2A00F078
:10166000AD80112A40F0AC805B79062B02D01A2B9A
:1016700040F0B5802846002684F8203004F02AFB8C
:10168000214628462673FFF7A7FC284602F0A6FD50
:10169000A6729FE7002A9DD12146284601F09AF9BB
:1016A000002844D10523A37294E7002A92D19CE735
:1016B000062A8FD12846FFF777FA2146284601F0FF
:1016C00089F9002869D10A23A37283E7002A81D10E
:1016D00087E7012A32D0042A7FF47CAF0121284613
:1016E000009301F0ADF9009BDA780D2A64D0112A3D
:1016F00077D15B79062B02D01A2B40F0818084F8D9
:101700002030284604F0E6FA21462846FFF764FC1C
:10171000284602F063FD0023A3725BE70A222146FC
:101720002846FFF709FC40F60933638152E721465A
:10173000284602B0BDE87040FFF7F6BC2846CDE968
:101740000023FFF731FA019B009A59689868C4F8A2
:101750004700C4F84310D968C5F8B81040F20453E4
:101760002273638136E7032221462846FFF7E4FB14
:10177000D0F81230D0F81620C4F83F20C4F83B301F
:10178000D0F81A20C5F8B42040F2034328466381FC
:1017900002B0BDE8704004F099BA0B2221462846F9
:1017A000FFF7CAFB4FF60173638195F89A3023F077
:1017B000180385F89A300DE71B799BE71B7954E7EE
:1017C000184A194919484FF4BF7317F062F80023FB
:1017D00083F31188BFF36F8F0323184602DF1F23A3
:1017E00048E7104A104911484FF4BF7317F051F8F9
:1017F000002383F31188BFF36F8F0323184602DFA2
:101800001F237CE7074A0849084840F2822317F063
:1018100040F8002383F31188BFF36F8F032318462A
:1018200002DFD7E69C6A0600146406003C630600EB
:1018300092F81FC0ACF1040C02F11C03BCF10D0FB7
:1018400008D8DFE80CF00E14170707070711070B7D
:101850000707070B3D2380F8603170470422FFF72C
:10186000A7BE0122FFF7A4BE0622FFF7A1BE0222F7
:10187000FFF79EBE0322FFF79BBE00BF1346002268
:10188000FFF796BE92F81FC0ACF1030C02F11C03E7
:10189000BCF1080F06D8DFE80CF01205050F0505AE
:1018A000050C09003D2380F8603170470822FFF7DE
:1018B00031BD0722FFF72EBD0222FFF72BBD01220B
:1018C000FFF728BD00230322FFF724BD00230422D5
:1018D000FFF720BD887AA0F10400B0FA80F040093B
:1018E000704700BF13460022FFF714BD70B591F892
:1018F0002C3091F82D20042B0C4603D8032B01D05B
:10190000042A0DD91343112113F0070384F828107A
:101910004FF001050CD184F828300125284670BD10
:10192000032A0DD0134313F007034FF00005F2D044
:10193000668DFFF749F9801B0304EFD42823EAE7FB
:10194000112381F828300125F2E700BFF0B50E46DB
:1019500083B00DF1060201A9B0F87850B0F87A70A2
:101960000446FFF751F996F82D20002A5CD196F82D
:101970002C30FBB9B4F87830AB420ED3BDF806205A
:101980009A420AD3B4F87A30BB4206D3BDF8042099
:101990009A4202D3002003B0F0BD94F8DD30A4F8E1
:1019A000785043F001030120A4F87A7084F8DD3008
:1019B00003B0F0BD94F9430000281DDB94F88210B9
:1019C00094F8745001F003032B440D33DB00C1F392
:1019D0004001CB409BB2BDF80650B3F5A47F38BFA1
:1019E0004FF4A4739D4228BF1D4632B3002803DA8A
:1019F00096F82C30002BBDD094F8832094F8761004
:101A0000BDF8047002F003030B440D33DB00C2F396
:101A10004002D3409BB2B3F5A47F38BF4FF4A47308
:101A20009F4228BF1F46A5E794F943000028C5DB65
:101A300096F82C30002BDFD0C0E796F82C30002B26
:101A400098D0002896DAD7E770B58D6900230C4648
:101A500006468B61002D35D094F82130DB071ED56A
:101A60002B792D2B1ED11D232B71338EEB8094F8F7
:101A700028302B7796F88330C3F30203AB7796F8C0
:101A80008230C3F302036B7728682946FBF7AEF96F
:101A900094F821306FF3000384F8213070BD0123E6
:101AA0002B71F1E70F4A1049104840F2B91316F0B4
:101AB000F0FE002383F31188BFF36F8F03231846D2
:101AC00002DFD0E7074A0A4908484FF4DB7316F0F3
:101AD000E0FE85F31188BFF36F8F0323184602DF02
:101AE000BAE700BFE46A0600286B06003C63060004
:101AF000E06A060070B591F821304D6A9B070C46EC
:101B000003D4CDB101232B710AE00646ADB1032306
:101B10002B71338EEB8005F11C01304602F0AAFFD9
:101B200028682946FBF762F994F8213000226FF308
:101B3000410384F82130626270BD074A07490848B2
:101B400040F2DF1316F0A5FE85F31188BFF36F8F07
:101B50000323184602DFDAE7E46A0600E06A0600BB
:101B60003C63060070B58E7A032E82B00D460446A3
:101B70001BD0052E06D00221204602B0BDE87040E1
:101B800000F05EBF90F94330002B43DBAB8D002BA0
:101B900035D095F82C302BB194F8822063F30612DF
:101BA00084F882200823AB72E5E790F94330002BDC
:101BB00016DA204994F8822095F8203003C913439F
:101BC00003F0070302AE06E9030008336B4413F881
:101BD000083C63F30612062384F88220AB72CAE73E
:101BE000154A1649164840F2544316F052FE002397
:101BF00083F31188BFF36F8F304602DFD9E794F883
:101C00008230C3F3020262F30613092284F88230A1
:101C1000AA72B0E7084A0B49094840F25D4316F042
:101C200038FE002383F31188BFF36F8F0323184618
:101C300002DFABE7CC340600E46A0600506B060016
:101C40003C630600686B060091F8202030B59407CD
:101C500040D402F0070313F0010535D1032B94BFE4
:101C6000002301234FEA830E754691F8203065F377
:101C7000020381F82030C3F3C202DB062DD412F038
:101C8000010424D1032A94BF002201224FEA820CCE
:101C9000644691F8203064F3C50381F8203090F851
:101CA000823003F00703AB4208BF4FF0000E81F80B
:101CB0002CE090F8833003F00703A34208BF4FF0F5
:101CC000000C81F82DC030BD4FF0010ECDE74FF074
:101CD000010CDEE70225AE46C7E70224A446D8E79A
:101CE0002DE9F041CE690C460546002E79D0637B84
:101CF000162B2FD195F94330002B2BDBE66966615B
:101D00000023E361371D94F8203095F8A421C3F334
:101D1000C20363F3C50285F8A42194F8202095F846
:101D2000A43162F3020385F8A43194F8203095F8C9
:101D30008220C3F3801363F3C302394685F88220FF
:101D4000204602F003FD0221284600F065FE022332
:101D5000A37227E000F052FE18B90723A372BDE872
:101D6000F08100F053FE06466062002848D0637B95
:101D7000E66966614FF00008162BC4F81C8006F176
:101D80000407C0D0182B16D0254A264926484FF400
:101D9000D27316F07EFD88F31188BFF36F8F032393
:101DA000184602DF2846314600F032FE2846BDE8DC
:101DB000F04102F03BB921462846FFF745FFA38DCD
:101DC00043B963853946204602F004FD4FF605739A
:101DD0006381E7E7FEF7F8FEAB8E063303449BB260
:101DE000EFE70F4A114910484FF4BF7316F051FD49
:101DF00086F31188BFF36F8F0323184602DF76E75F
:101E0000074A0B49084840F2891316F042FD86F351
:101E10001188BFF36F8F0323184602DFA7E700BFC7
:101E2000E46A0600146406003C630600806B06004A
:101E3000946B060038B505460C4602F0E7F810B181
:101E40000123A37238BD284603F02EFF0028F7D1E6
:101E50002146284600F0BEFD0028F1D0284603F0B8
:101E600021FF0728ECD02846012103F015FF284662
:101E70000D2103F015FF162321466373284600F059
:101E8000B1FDE06121462846BDE83840FFF728BF94
:101E900038B505460C4602F0B9F810B10423A37218
:101EA00038BD2146284600F095FD0028F6D01823BD
:101EB00021466373284600F095FDE06121462846DF
:101EC000BDE83840FFF70CBF30B5034690F882C03C
:101ED00093F9434001F0010093F88310002C0CF0BB
:101EE000070502F0010201F0070E22DB22B10122F8
:101EF00062F3020183F8831090B193F882200121EC
:101F000061F3020283F88220012D18BF012007D05F
:101F100030BD0028FCD0012262F3020183F8831057
:101F200093F8830000F00700B0EB0E0018BF01200B
:101F300030BD002AEDD0012262F3020C83F882C08A
:101F40000028E1D062F3020183F88310DCE700BFD0
:101F5000F0B591F80AC083B00C46074615461E46F8
:101F6000BCF1090F00F29981DFE80CF005050AB316
:101F70008D9715484F7B002A00F0D08003B0F0BD4C
:101F8000032AFBD190F84330DB0940F0198141F27C
:101F900003734B81F2E7052A00F00581062A00F061
:101FA000F480022AEAD190F94330002B0EDBC34AB9
:101FB000C349C44840F2CB2316F06BFC002383F3E3
:101FC0001188BFF36F8F0323184602DF02213846C2
:101FD00003F062FE3146204602F0F2FB214638460D
:101FE000FFF784FC0546204600F036FD002D40F04A
:101FF0002B8194F82D30002B64D05DE0002ABDD1F8
:1020000003B0BDE8F040FFF76BBE002AB6D14E8D9D
:10201000FEF7DAFD801B0304B0D494F82D2094F869
:102020002C103846FFF750FF002840F02481294645
:10203000384603F031FE94F8203084F82850DB094C
:1020400094F8212063F3000284F8212097F882306D
:10205000C3F3020262F30613092287F88230A272E8
:102060008CE7042A8AD1FFF7EFFC21463846FFF7B8
:1020700041FD384602F0B2F80021384603F010FE68
:102080000023A3727AE7002A7FF478AF214638460E
:1020900003B0BDE8F040FFF7FBBE032A7FF46EAF4C
:1020A00090F94330002BC0F2C080A58D002D00F0C8
:1020B000A18094F82C302BB197F8822063F306129C
:1020C00087F88220384601F0BBFF0823A372022163
:1020D0001EE0012A27D0062A7FF450AF002103F02A
:1020E000DBFD204600F0B8FC94F821301A2243F0C2
:1020F000010384F8282084F8213097F88230C3F354
:10210000020262F30613092287F882300221A272CA
:10211000384603B0BDE8F04000F092BC03B0BDE823
:10212000F040FFF787BE022103F0B6FD94F820309F
:102130003146204603F00706C3F3C20502F05EFBFA
:102140000221384600F068FC94F82030C3F3C20244
:10215000154065F3C5031E4066F3020384F8203082
:1021600097F94330002B0CDB94F8203013F0380F34
:1021700001D05A0705D194F8203023F03F0384F8AA
:102180002030204600F068FC80E7002103F084FD49
:102190001A2384F82830204600F05EFC94F82130A1
:1021A00043F00103A7E73146204602F0C7FA94F84E
:1021B0004E3084F828300021384603F06DFDEAE700
:1021C000414B90F8822093E8030094F820301343A9
:1021D00002AD03F0070305E9030008336B44022155
:1021E00013F8083C63F3061241F6060387F88220D1
:1021F00063818DE72946384603F04EFD94F8203080
:1022000094F8212084F82850DB0963F3000284F855
:10221000212097F8822002F0070297F8821062F3DB
:102220000611092387F8821050E7244A27492548D8
:1022300040F2A72316F02DFB002383F31188BFF390
:102240006F8F284602DF30E70021384603F024FD77
:1022500094F828300BB187F8603194F8203094F866
:102260002120DB0963F3000284F8212097F8822003
:1022700002F00702D1E721463846FFF767FB94F8E2
:10228000213060F3410384F821302946384603F0B9
:1022900003FD84F828500123D2E6084A0C49094876
:1022A00040F2653316F0F5FA002383F31188BFF38B
:1022B0006F8F0323184602DF60E600BFE46A060062
:1022C000506B06003C630600CC340600686B0600C9
:1022D000146406002DE9F041CE690C46054676B33C
:1022E00000F08CFB18B90723A372BDE8F08100F061
:1022F0008DFB06466062002847D0637BE669666115
:102300000027172BE76106F1040827D0182B2DD0E2
:10231000294A2A492A4840F2C93316F0BAFA87F303
:102320001188BFF36F8F0323184602DF284631461A
:1023300000F06EFB2846BDE8F04103F0CFBC1E4A1A
:1023400020491F484FF4697316F0A3FA86F31188E9
:10235000BFF36F8F0323184602DFC1E741462846CB
:1023600002F018FA41F603036381DFE721462846AD
:10237000FFF76AFCA38DBBB963854146204602F096
:1023800029FA4FF605736381D0E70B4A0E490C48D2
:1023900040F2AE3316F07DFA86F31188BFF36F8FEB
:1023A0000323184602DFA8E7FEF70EFCAB8E0633C8
:1023B00003449BB2E0E700BFE46A06001464060031
:1023C0003C630600806B0600946B060038B505463A
:1023D0000C4603F073FC10B10223A37238BD2146F2
:1023E000284600F0F7FA0028F6D0284603F05AFCF9
:1023F0000728F1D028460D2103F052FC172321466F
:102400006373284600F0EEFAE06121462846BDE8F5
:102410003840FFF75FBF00BF38B505460C4603F0F4
:102420004DFC10B10423A37238BD2146284600F0AC
:10243000D1FA0028F6D0284603F034FC0728F1D062
:102440002846FEF76FFD0028ECD028460D2103F04A
:1024500027FC182321466373284600F0C3FAE06185
:1024600021462846BDE83840FFF734BFF8B50C4692
:10247000897A06461546092900F2CC80DFE801F08A
:10248000676CA505090510282F54022D00F0A080C7
:10249000F8BD002DFCD12146BDE8F840FFF7BCBFD8
:1024A000032DF5D11946204602F08AF9214630461F
:1024B000FFF71CFA0546204600F0CEFA002D00F08A
:1024C000988094F82830282B23D186F8603120E0BA
:1024D000002DDDD12146BDE8F840FFF7FBBE002D01
:1024E000D6D1678DFEF770FBC01B0304D0D484F8EF
:1024F000285094F82D2094F82C103046FFF7E4FC77
:10250000054600287BD194F8213065F3000384F858
:10251000213096F88230C3F3020262F306130922D7
:1025200086F88230A272F8BD042DB1D12146FFF7A2
:102530008BFA21463046FFF7DDFA304603F09CFD6A
:102540000021304603F0ACFB0023A372F8BD002D40
:102550009ED10123A372F8BD1946204602F00CF962
:1025600094F8202096F8A431C2F3C200C3F3C2014C
:102570000140C3F30203C2F30200034043EAC10374
:1025800022F03F02134384F8203096F94330002BA9
:102590000ADB94F8203013F0380F1ED194F8203065
:1025A00023F03F0384F820300221304600F034FA53
:1025B000012D7FF46DAF96F84330DB0910D0214632
:1025C0003046BDE8F840FFF701BF002DF7D0F8BD59
:1025D0002146BDE8F840FFF7C5BA5A07E4D1DDE768
:1025E000204600F039FA21463046BDE8F840FFF7B2
:1025F00013BF304603F078FB0823A372F8BD2146D1
:102600003046FFF7A3F994F8213060F3410384F8D2
:10261000213078E7074A0849084840F20A5316F083
:1026200038F9002383F31188BFF36F8F0323184613
:1026300002DFF8BDE46A0600146406003C6306008D
:1026400092F81FC0ACF1070C02F11C03BCF1110F92
:102650000AD8DFE80CF02009090909090909090964
:102660001D09090909091A1700B5242383B080F848
:102670006031019101F0B2FD019900238B7203B02A
:102680005DF804FB0222FFF763BC0122FFF760BC88
:102690000522FFF75DBC0622FFF75ABC1346002255
:1026A000FFF756BC13460322FFF752BC0023042257
:1026B000FFF74EBC10B592F81FE0BEF1160F02F105
:1026C0001C030BD0BEF1180F0DD024230C4680F84C
:1026D000603103F0D1FC0023A37210BDBDE81040AF
:1026E0000122FFF7C3BEBDE810400322FFF7BEBEC4
:1026F00013460022FFF7BABE13460222FFF7B6BE0A
:1027000000230422FFF7B2BE0023037043608360FE
:10271000C3600361704700BF0378013303707047E3
:1027200003785BB9C3687BB102691AB1816861B192
:102730000B6082600023C36003617047013BDBB222
:102740000370002BEED0704770474360F1E700BF85
:1027500003783BB100230C300B60436843B1196030
:1027600041607047002304300B604368002BF6D1B2
:1027700001604160704700BF00230B60836813B1A4
:1027800019608160704741608160704740687047A0
:102790000346406828B1996802685A60884208BFB9
:1027A0009A6070474078A0F10C00B0FA80F04009C0
:1027B000704700BF4078A0F10800B0FA80F04009EF
:1027C000704700BF4078A0F10200B0FA80F04009E5
:1027D000704700BF4078A0F11700B0FA80F04009C0
:1027E000704700BF4078A0F10D00B0FA80F04009BA
:1027F000704700BF4078A0F10100B0FA80F04009B6
:10280000704700BF4078A0F10900B0FA80F040099D
:10281000704700BF4078A0F10600B0FA80F0400990
:10282000704700BF4078A0F11800B0FA80F040096E
:10283000704700BF4078A0F10300B0FA80F0400973
:10284000704700BF4078A0F10500B0FA80F0400961
:10285000704700BFF8B5064608460D46F7F7BCFDC1
:10286000044680B1002745600672476187612C22CB
:10287000394620301FF0CCFC4FF47F43FF226272B8
:102880006381A381A7732046F8BD00BF4078A0F103
:102890000200B0FA80F04009704700BF4078A0F114
:1028A0000100B0FA80F04009704700BF4078A0F105
:1028B0000200B0FA80F04009704700BF4078A0F1F4
:1028C0000900B0FA80F04009704700BF4078A0F1DD
:1028D0000100B0FA80F04009704700BF4078A0F1D5
:1028E0000100B0FA80F04009704700BF4078A0F1C5
:1028F0000200B0FA80F04009704700BF4078A0F1B4
:102900000900B0FA80F04009704700BF4078A0F19C
:102910001800B0FA80F04009704700BF4078A0F17D
:102920000100B0FA80F04009704700BF4078A0F184
:102930000100B0FA80F04009704700BF4078A0F174
:102940000900B0FA80F04009704700BF4078A0F15C
:102950000900B0FA80F04009704700BF4078A0F14C
:102960000300B0FA80F04009704700BF4078A0F142
:102970000300B0FA80F04009704700BF4078A0F132
:102980000300B0FA80F04009704700BF38B54568D1
:1029900004462DB129462046BDE83840F7F732BD40
:1029A000094A0A490A48702315F073FF85F3118814
:1029B000BFF36F8F0323184602DF65682046294660
:1029C000BDE83840F7F71EBDB06B0600F06B06009F
:1029D0003C630600024B1868003818BF012070479E
:1029E000600A002010B50448F7F7F6FC04460430EE
:1029F000FEF7D8F8204610BD600A002008B5012077
:102A0000FAF708FA003818BF012008BDFAF71EBA15
:102A1000E030FFF7B1BE00BF38B590F8563105463B
:102A20000C461BB11C4385F8564138BDE030FFF71A
:102A300073FE95F856311C4385F8564138BD00BFEA
:102A400090F8563123EA010180F8561101B1704720
:102A5000E030FFF765BE00BF38B58569044645B173
:102A60002B792D2B04D02D232B71A36922691A6099
:102A700038BD084A084909484FF4967315F009FF14
:102A800085F31188BFF36F8F0323184602DFA56912
:102A9000E6E700BFB06B0600FC6B06003C63060077
:102AA00038B5856904465DB12B792D2B00D038BD32
:102AB00001232B71A169BDE838400868FAF796B97F
:102AC000074A084908484FF49D7315F0E2FE85F364
:102AD0001188BFF36F8F0323184602DFA569E3E770
:102AE000B06B0600FC6B06003C6306008B6913B1FB
:102AF0001A792D2A0BD00B7A072B15D0CB692BB165
:102B0000D0F85C211A60CB69C0F85C3170471B6853
:102B1000D0F858215A608B6901221A718B69C0F86C
:102B200058310B7A072BE9D14B6A002BE6D01B6892
:102B3000D0F858215A604B6A01221A714B6AC0F8CA
:102B40005831DBE7F8B50D4F05463846F7F744FC3A
:102B5000044680B1002647600572466186612C22DA
:102B6000314620301FF054FB4FF47F43FF22627246
:102B70006381A381A6732046F8BD00BF500A0020E0
:102B800010B50A4B062258685021F7F7FFFB084B97
:102B9000062258685021F7F7F9FB064BBDE81040B4
:102BA000586818222C21F7F7F1BB00BF580A002003
:102BB000500A0020600A002038B50446002501F0C4
:102BC000CDFA2046C4E93E5584F8045103F048FA92
:102BD000C4F82851C4E9425584F81651A4F8145198
:102BE000A4F81851C4F82B51A4F84851C4F8305136
:102BF000C4F83451C4F83851C4F83C51C4F84051B9
:102C0000C4F84451F9F7BCF994F89A3084F8565155
:102C1000C4E95001C4E9565523F0180384F89A30EA
:102C2000A58738BD08460149F7F7ECBB600A0020CC
:102C300038B5B0F802510346144625B1A9420ED268
:102C40006D1AA0F80251B3F8122122B191420DD2AF
:102C5000521AA3F8122100231846237038BD01F040
:102C600027F9054658B12B7A0A2B03D022236FF09F
:102C70007300F2E795F820306FF07300EDE7074A34
:102C80000749084840F2022315F003FE85F3118836
:102C9000BFF36F8F0323184602DFE4E7B06B060033
:102CA000106C06003C630600034B0B44B3FBF1F3CE
:102CB000A0F81831704700BFFF59620210B50446F2
:102CC00003F0D6F92046BDE8104001F04FBA00BF2E
:102CD00010B5044611B1012907D010BD03F0D0F999
:102CE0002046BDE8104001F0A3BA03F0CDF920461C
:102CF000BDE8104001F0C0BA70B5D0F858410646A2
:102D000034B1206821464468FAF764F8002CF8D101
:102D1000D6F85C410023C6F858313CB1054D204639
:102D200024682946F7F76EFB002CF8D10023C6F87B
:102D30005C3170BD600A002090F94330002B14DA3A
:102D400070B504460E46032009491546FFF782FD7B
:102D5000014640B180F8206080F82150204601F003
:102D600073F8002070BD0C2070BD0C20704700BFB0
:102D7000580A002010B5074904460120FFF76AFDF4
:102D800028B10146204601F05FF8002010BD0C205C
:102D900010BD00BF580A002038B504460D46022079
:102DA0000849FFF757FD58B190F8203065F300034C
:102DB000014680F82030204601F046F8002038BD5A
:102DC0000C2038BD580A002010B5074904460420DD
:102DD000FFF740FD28B10146204601F035F80020FC
:102DE00010BD0C2010BD00BF580A0020F8B50546E4
:102DF00090F94300002825DB0F46052012491646AE
:102E00001C46FFF727FD0146E0B13B687A68C1F830
:102E10002520C1F82130337881F82930737881F882
:102E20002A306268A36828462568E468C1F83740FC
:102E3000C1F82B50C1F82F20C1F8333001F004F84D
:102E40000020F8BD0C20F8BD580A0020F8B5054652
:102E500090F94300002825DB0F460620124916464C
:102E60001C46FFF7F7FC0146E0B13B687A68C1F801
:102E70002520C1F82130337881F82930737881F822
:102E80002A306268A36828462568E468C1F837409C
:102E9000C1F82B50C1F82F20C1F8333000F0D4FF17
:102EA0000020F8BD0C20F8BD580A002038B50446B3
:102EB0000D4601F039FA204603F042F907490A208D
:102EC000FFF7C8FC38B1014680F82050204600F0DA
:102ED000BBFF002038BD0C2038BD00BF580A0020C1
:102EE00038B590F94330002B12DB04460D460B2019
:102EF0000849FFF7AFFC014650B12B68C0F82230FB
:102F00002B7980F82630204600F09EFF002038BD47
:102F10000C2038BD580A002008B590F94330002B2A
:102F200008DB00F0C5FF20B1037A0B2B0CBF223069
:102F3000002008BD02F0BEFEF5E700BFF8B5D0F8EE
:102F400040319B0601D40020F8BD04460D460C20FC
:102F500008491646FFF77EFC074648B12946204639
:102F60003246FDF75DFF3946204600F06DFFEAE787
:102F70000C20F8BD580A002070B506460D4602F038
:102F800099FE20B1037A053B012B044601D90C20A0
:102F900070BD01463046FEF79DFC0028F7D0296839
:102FA0006A68AB68ED68C4F837503046C4F82B1037
:102FB000C4F82F20C4F833302146FEF783FC0020EC
:102FC00070BD00BF38B5054602F074FE20B1037A2B
:102FD000053B012B044601D90C2038BD014628468B
:102FE000FEF778FC0028F7D028462146FEF76EFC55
:102FF000002038BD2DE9F0470546D0F84001BDF866
:103000002090099E9A4683078846174632D495F940
:103010004330002B50DB30490820FFF71BFC0446EF
:10302000002C56D0237A082B2AD0092B34D1A4F8AF
:1030300026802785A4F82AA0A4F82C90002E3ED044
:103040003388238773886387B388A387F388E387EC
:103050003389A4F840307389A4F8423095F943309D
:10306000002B12DA2846FCF7CDFF0146284603F074
:1030700031F90AE018490920FFF7ECFB0446CFE7D5
:103080002785A4F82AA0A4F82C902846214600F011
:10309000DBFE0020BDE8F087104A1149114840F2DC
:1030A000054315F0F6FB002383F31188BFF36F8F00
:1030B0000323184602DFE8E71A20BDE8F0870A4A32
:1030C0004FF0FF33C4E90E23A4F840304FF6FF73EE
:1030D000C2E70C20DEE700BF580A0020B06B0600F4
:1030E000146406003C6306000000FFFF08B502F010
:1030F000E1FD28B1007AA0F10C00B0FA80F040099F
:1031000008BD00BF10B5044602F0D4FD10B1037A2B
:10311000092B00D010BD01462046BDE8104002F04A
:1031200071BB00BF38B504460D4602F0C3FD10B1B7
:10313000037A092B00D038BD80F820500146204684
:10314000BDE8384002F062BB08B502F0B3FD28B11B
:10315000007AA0F10900B0FA80F0400908BD00BF74
:1031600038B505460C4600F0A3FE10B14369A342F2
:103170000ED0284602F09EFD10B14369A34200D054
:1031800038BD224601462846BDE8384002F03EBF21
:1031900001462246284600F0ABFFEAE710B5044698
:1031A00000F086FE18B10146204600F0C5FF20461B
:1031B00002F080FD014620B12046BDE8104002F03B
:1031C0003DBF10BD2DE9F041537F144605460E4624
:1031D000002B3FD0D37F1E2B29D9284600F068FE54
:1031E0000746284602F066FD0146002F5ED0FA7AB7
:1031F000E37F002848D09342C07A51D03A7B002A1E
:103200005DD098424ED00A7B002A4BD1072B6DD05F
:10321000112B04D14A7B94F820309A4242D02346A5
:10322000324639462846BDE8F04100F00DBF444A19
:1032300052F8232022B104F11C00904760B1E37FD3
:10324000022BCAD10123224631462846BDE8F0416F
:1032500002F01EBFFF23D377284600F029FE28B1D5
:10326000E27FC37A9A420DD0037B5BB9284602F015
:1032700021FD002850D0E27FC37A9A4202D0037B1E
:10328000002BE0D0BDE8F0819342C8D03A7B002A01
:10329000C5D1072B4DD0112B4BD00D2BBFD0D1E773
:1032A00098421CD11F2385F86031EBE70028C9D074
:1032B000234632462846BDE8F04102F02DBE072BDA
:1032C0002CD0112B18D0B3F10D0218BF0122984257
:1032D0001FD00B7BEBB9002AA1D02423E3E70A7BA4
:1032E000002ADFD1072B95D0112B98D14B7B94F876
:1032F00020209A42D6D092E77A7B94F82030D21AD6
:1033000018BF0122112804D0087B10B9487B9842CD
:10331000E1D1002ACCD1C5E7034694E77A7B94F843
:103320002030D21A18BF01220728EDD1002ABFD1C0
:10333000B8E77A7B94F820309A4283D16FE700BFD8
:10334000146C060070B505460E46FFF74BFB0446AD
:10335000002862D0337A013B211D0B2B07D8DFE810
:1033600003F022282E3506060606063B0642324AA0
:1033700032493348DD2315F08CFA002383F311889A
:10338000BFF36F8F0323184602DFE379737321467F
:103390002846FFF73DFB337A0A2B2AD02846BDE8A2
:1033A000704000F043BE084600F0DCFF1323F372C8
:1033B000EBE7284601F00AF80923F372E5E7304607
:1033C00001F0C2F8FF237461F372DEE7084601F0F2
:1033D000E5F80C23F372D8E7304601F0CFF8FF236D
:1033E0007461F372D1E7284601F014FB1523F372E0
:1033F000CBE76B8EB5F89C1140F2E24202FB03F37F
:1034000042F2107202FB013101392846B1FBF3F19F
:10341000BDE8704089B200F00FBE074A094908486C
:10342000A22315F036FA84F31188BFF36F8F0323BC
:10343000184602DF8EE700BF906C06001464060099
:103440003C630600806A06002DE9F04107460C4601
:10345000164602F033FC28B10323A3720025284648
:10346000BDE8F08121463846FFF7B4FA054600284A
:10347000F2D021463846FFF7B5FA804680B3237A6A
:10348000013B08F104010B2B07D8DFE803F03846B5
:10349000064C060606060606063E264A2649274824
:1034A00040F25E4315F0F5F9002383F31188BFF372
:1034B0006F8F0323184602DF98F807306373414685
:1034C0003846FFF7A5FA384602F008FC0423A37239
:1034D000002EC4D0384602F0CFFD0023A372BEE711
:1034E000144A174915484FF4836315F0D2F988F34D
:1034F0001188BFF36F8F0323184602DFBFE708462A
:1035000000F03AFFFF23E372D6E7384601F09AFA5B
:10351000FF23C4F81480E372CEE7384600F07AFF48
:10352000FF23E372C8E7084601F038F8FF23E3728F
:10353000C2E700BF906C0600146406003C630600FE
:10354000806A060038B50B7A013B0C4605460B2B0A
:1035500012D8DFE803F006060B2111111111112E0C
:103560001135BDE838400122FFF76EBF284602F052
:1035700083FD0023A37238BD184A1949194840F247
:103580000E5315F086F9002383F31188BFF36F8F74
:103590000323184602DF38BD90F82831002BE5D10F
:1035A0000122FFF751FF0028E5D0012385F82831DB
:1035B00038BD90F94330002B07DB02238B7238BDF6
:1035C000BDE838400022FFF73FBF02F055FD94F8F8
:1035D00020300022A27285F8603138BD906C060060
:1035E000146406003C6306002DE9F0410C46897A1C
:1035F00006461546042900F20181DFE801F00723A1
:103600000C1B0300012D57D0BDE8F081002DFBD12C
:103610000123A372F8E7002DF6D1237A0A2B7ED17D
:10362000304602F029FD94F820300022A27286F87C
:103630006031E9E7002DE7D121463046BDE8F04191
:10364000FFF780BF022DDFD1DA786272023A172AC3
:1036500074D801A151F822F0953704003D370400D9
:103660003D3704003D3704003D3704003D3704007A
:103670005D3704003D3704003D3704003D3704004A
:103680008D3704003D3704005D3704003D370400EA
:103690003D3704003D370400393604003D3704004F
:1036A0006D3704003D3704003D3704003D3704000A
:1036B0003D37040065370400237A0C2BA4D1FDF7B5
:1036C0006DFB94F82030042140EA03073046FFF7F1
:1036D000B7F9A5690023FFB2A361002D7FD02B7934
:1036E0002D2B0ED04D4A4E494E4840F2814315F0E5
:1036F000D0F8002383F31188BFF36F8F032318469C
:1037000002DF002F4FD101232B7128682946F9F7DA
:103710006DFB304602F0B0FC0023A37274E73F4A11
:103720004149404840F2245315F0B3F885F311881D
:10373000BFF36F8F0323184602DF71E7374A3B4917
:10374000384840F20D4315F0A4F8002383F31188A4
:10375000BFF36F8F0323184602DF6DE7194600F0B1
:1037600099FE69E7194600F001FF65E7194601F087
:1037700099F904213046FFF74FF93046FDF7D6FAA4
:1037800084F820002046FFF767F955E7194600F056
:103790002DFF51E71946204600F0FCFE0821304677
:1037A000FFF73AF948E703272F71338EEB80237A2E
:1037B0000C2B05F11C080DD0184A1D49194840F280
:1037C0008A4315F066F8002383F31188BFF36F8FE7
:1037D000384602DF4146304601F04CF995E70F4A82
:1037E0001449104840F27E4315F053F885F31188D0
:1037F000BFF36F8F0323184602DF70E7074A0B49B8
:10380000084840F28A5315F044F8002383F31188E6
:10381000BFF36F8F0323184602DFF5E6906C0600B6
:10382000286B06003C630600D86C06001464060092
:10383000F46C0600E06A06002DE9F041D1F818802A
:1038400000260C4605468E61B8F1000F49D00126CE
:10385000032788F804702B8EA8F80630237A042BEF
:1038600008F11C0129D00C2B23D0022B17D0284A99
:10387000284940F2AB13284815F00BF8002383F3D6
:103880001188BFF36F8F384602DF0EB1BDE8F081BB
:10389000D8F800004146BDE8F041F9F7A7BA637ACD
:1038A000072B1AD0092B10D0194A1A494FF48173EB
:1038B000E1E7284601F0DEF8E7E7637A0C2B08D051
:1038C000134A144940F20F13D5E7284600F0C4FD0F
:1038D000DBE7284600F074FED7E7204600F068FDDD
:1038E000D3E7FFF793F880460028B1D1084A0B4987
:1038F00009484FF4C67314F0CCFF88F31188BFF366
:103900006F8F0323184602DF88F80480FFDE00BFB4
:10391000906C0600146406003C630600E06A060032
:1039200038B50B7A013B0C4605460B2B15D8DFE862
:1039300003F006240E3214141414144114494B7A63
:10394000072B04D0132B02D0242385F8603128469E
:1039500000F044FC0023A37238BD324A3249334898
:103960004FF4137314F095FF002383F31188BFF312
:103970006F8F0323184602DF38BD4B7A072B01D027
:10398000092BE1D194F82030DB07E0D52146284609
:10399000FFF752FFDBE74B7A0C2BD5D18B6993B342
:1039A00021462846FFF748FF284600F017FC002371
:1039B000A37238BD00F012FC00221623A27285F813
:1039C000603138BD4B7A152B16D0072BBCD1D0F8FF
:1039D000403123F02003C0F8403100F0FFFB00230A
:1039E000A3722846FFF782FB0028B5D128460421A0
:1039F000BDE83840FFF724B8FDF718F968B9284644
:103A000000F0ECFBEBE7FEF7F9FF0028C8D12846F1
:103A100000F00CFB0423A37238BD21462846FFF7B3
:103A20000BFFECE7906C0600146406003C63060094
:103A300070B50E7A731E0C4605460B2B07D8DFE8CF
:103A400003F0161D3145060606060661066F534A49
:103A50005349544840F2CF2314F01BFF002383F353
:103A60001188BFF36F8F0323184602DF70BD00F08B
:103A7000CDFA00287FD00123A37270BD00F0C6FAF2
:103A80000028F8D121462846FEF7A4FF0028F2D0EE
:103A900021462846FFF756FC6369002B08BF032622
:103AA000A67270BD00F0B2FA0028E4D12146284683
:103AB000FEF790FF0028DED021462846FFF742FCA3
:103AC0006369002B18BF0226A67270BD90F82831DA
:103AD0009BBB00F09BFA0028CDD121462846FEF77B
:103AE00079FF0028C7D021462846FFF72BFC6269E2
:103AF000002A4FF001030CBF03220222A27285F8B4
:103B0000283170BDFEF766FF0028B4D02146284654
:103B1000FFF718FC1622022384F82020A37270BD40
:103B2000D0F840319B0602D5FFF7E0FA68B128468D
:103B300000F054FB0023A37270BD0C2200234A72D4
:103B40008B61BDE87040FFF7EBBE284600F05EFADF
:103B5000002890D121462846FEF73CFF00288AD055
:103B600004212846FEF758FF21462846FFF7EAFBC6
:103B70000323A37270BD21462846FEF72BFF0028C1
:103B80003FF479AF21462846FFF7DCFB6369002B41
:103B90000CBF03230223A37270BD00BF906C06000C
:103BA000146406003C63060070B50C46897A06462C
:103BB0001546042900F2A380DFE801F003031B2867
:103BC0000600002D5CD070BD002DFCD1237A042BA3
:103BD00000F08780524A534953484FF45F7314F002
:103BE00058FE85F31188BFF36F8F0323184602DF59
:103BF00070BD052DE7D1237A032B01D00A2BE2D12A
:103C000021463046BDE87040FFF78ABE012DDAD16B
:103C1000DA786272023A172A37D801A151F822F0F5
:103C2000D73C04008B3C04008B3C04008B3C04001C
:103C30008B3C0400CD3C04008B3C0400C53C0400DC
:103C40008B3C04008B3C0400BD3C0400013C0400A0
:103C50008B3C04008B3C04008B3C0400B33C040010
:103C60008B3C0400013C04008B3C0400AB3C040092
:103C70008B3C04008B3C04008B3C0400013C0400A2
:103C80002146BDE87040FFF7D3BE254A25492648A6
:103C900040F24F3314F0FDFD002383F31188BFF38E
:103CA0006F8F0323184602DFAAE7194600F024FFAE
:103CB000A6E71946204600F041FDA1E7194600F0AD
:103CC00095FC9DE7194600F013FC99E7194620463C
:103CD00000F06AFB94E7124A1249134840F2363367
:103CE000D8E7FEF78BFE00283FF46DAF2146304643
:103CF000FFF7A2FD304600F071FAA57270BD084AC8
:103D00000849094840F29A3314F0C3FD002383F3B5
:103D10001188BFF36F8F0323184602DF70BD00BF09
:103D2000906C0600146406003C630600131D052217
:103D3000FFF73ABF02F11C030122FFF735BF00BFB6
:103D400013460022FFF730BF02F11C030222FFF7E7
:103D50004BBC00BF131D0122FFF746BC13460022D7
:103D6000FFF742BC70B5044607F046F968B1D4F8D5
:103D7000F85045B1D4F8FC202B68C4F8F8309542CF
:103D800008BFC4F8FC30284670BD05460121032059
:103D900007F0D0F82A46064601210320F6F7BAFBC1
:103DA000D4F8F85045B1D4F8FC202B68C4F8F830AA
:103DB000954208BFC4F8FC30002EE4D00122114621
:103DC0000320F6F7A7FB284670BD00BF70B5044678
:103DD00007F012F940B1D4F8F850DDB10022012308
:103DE000A4F80221AB7370BD05460121032007F042
:103DF000A1F82A46064601210320F6F78BFBD4F8EA
:103E0000F850002EE9D0012211460320F6F782FB7C
:103E1000002DE3D1094A0A490A484FF4F57314F01A
:103E200038FD85F31188BFF36F8F0323184602DF37
:103E300000220123A4F80221AB7370BD1C6D0600A3
:103E4000646D06003C630600F8B505460C4607F0B5
:103E5000D3F840B100232360D5F8FC30F3B11C60E7
:103E6000C5F8FC40F8BD06460121032007F062F8C2
:103E70003246074601210320F6F74CFB2660D5F8B1
:103E8000FC3083B11C60C5F8FC40002FEAD0012251
:103E9000BDE8F84011460320F6F73CBBC5F8F840F2
:103EA000C5F8FC40F8BDC5F8F840C5F8FC40ECE7A3
:103EB00070B5054607F0A0F818B1D5F8F8402046CF
:103EC00070BD04460121032007F034F8224606465F
:103ED00001210320F6F71EFBD5F8F840002EEED0A6
:103EE000012211460320F6F715FB204670BD00BFE6
:103EF00038B50C460546FFF7DBFF84420DD0184A63
:103F000018491948522314F0C4FC002383F3118884
:103F1000BFF36F8F0323184602DFA36913B11B7928
:103F20002D2B07D02846FFF71DFF2046BDE838405F
:103F3000FEF72CBD0A4A0D490B48572314F0A9FC83
:103F4000002383F31188BFF36F8F0323184602DF2A
:103F50002846FFF707FF2046BDE83840FEF716BDAC
:103F60001C6D0600786D06003C6306008C6D060033
:103F700038B50546FFF79CFF037A013B04460B2B3F
:103F80002DD8DFE803F0060606061A1A20141406D8
:103F90002606014600222846FFF7D2FEA37B03B97E
:103FA00038BD21462846BDE83840FFF7A1BF01468D
:103FB0000022284601F0F8FBF0E7014600222846DF
:103FC000FDF75CFCEAE7014600222846FEF766FBA7
:103FD000E4E701460022284601F026FCDEE7084A15
:103FE000084909484FF4EF7314F053FC002383F39E
:103FF0001188BFF36F8F0323184602DFCEE700BF9F
:104000001C6D0600146406003C63060090F8040171
:10401000A0F10100B0FA80F040097047012380F858
:1040200004317047002380F804317047B0F818312C
:10403000A0F80231704700BFA0F80211704700BF1E
:104040000023A0F80231704738B50C46896905464F
:1040500010461A46F9B1217A01390B2932D8DFE826
:1040600001F0060606062222271D1D062C06214603
:104070002846FFF75FFEA36923B11B792D2B1CBFD8
:104080000023A361A37B03B938BD21462846BDE8C0
:104090003840FFF72DBFA3612061DCE721462846A9
:1040A00001F02EFBE7E721462846FDF7C1FBE2E7DA
:1040B00021462846FEF7C4FADDE72146284601F0EE
:1040C000A9FBD8E7074A0849084840F2491314F009
:1040D000E0FB002383F31188BFF36F8F032318469F
:1040E00002DFC8E71C6D0600146406003C6306008E
:1040F00038B50B7A033B0C460546092B09D8DFE897
:1041000003F0050808080D08080508052146FFF713
:104110000DFEA37B0022626143B938BD2146FEF744
:10412000C1FAA37B00226261002BF6D0214628460B
:10413000BDE83840FFF7DCBE38B50B7A072B0C46DC
:10414000054608D0A37B03B938BD21462846BDE803
:104150003840FFF7CDBEFEF7A9FAF3E702220023AD
:1041600080F80021A0F80231704700BF38B590F800
:1041700000310446032B1AD8DFE803F002100F10B9
:10418000FFF796FE48B1057A2046FFF7F1FE0A2DAB
:1041900014BF0123032384F8003138BDFFF788FEE4
:1041A0000028FAD02046BDE83840FFF7E1BE084AB3
:1041B000084909484FF41B7314F06BFB002383F389
:1041C0001188BFF36F8F0323184602DF38BD00BF8D
:1041D0001C6D0600146406003C63060010B590F8E0
:1041E00000310446032B0DD8DFE803F00802070274
:1041F000FFF7ECFD002384F8003110BDBDE810404E
:10420000FFF7E4BD074A084908484FF41B7314F050
:1042100040FB002383F31188BFF36F8F03231846FD
:1042200002DF10BD1C6D0600146406003C6306002E
:1042300008B590F80031022B13D000D808BD032B2D
:10424000FCD00A4A0A490B484FF41B7314F021FBB7
:10425000002383F31188BFF36F8F0323184602DF17
:1042600008BD002380F8003108BD00BF1C6D0600AA
:10427000146406003C63060038B590F8003104462B
:10428000032B3AD8DFE803F009261213204629460B
:10429000FEF72CFC2846FEF779FB2046FFF762FD6F
:1042A00005460028F2D1022384F8003138BDFFF71B
:1042B00059FD05460028F6D029462046FEF716FC93
:1042C0002846FEF763FB2046FFF74CFD0546002815
:1042D000F2D1E8E7FFF746FD05460028E3D029467E
:1042E0002046FEF703FC2846FEF750FB2046FFF76A
:1042F00039FD05460028F2D1D5E7084A08490948A2
:104300004FF41B7314F0C5FA002383F31188BFF335
:104310006F8F0323184602DF38BD00BF1C6D0600F7
:10432000146406003C63060038B50546FFF71AFD25
:1043300068B1044621462846FEF7D8FB2046FEF722
:1043400025FB2846FFF70EFD04460028F2D1002485
:10435000A5F802412146284601F09EFC85F800415F
:1043600038BD00BF03780121122243F0030303701C
:104370004170C270704700BF03780121132243F0DF
:10438000030303704170C270704700BF0B784FF099
:10439000020C43F0030307220B7081F801C0CA70BE
:1043A00090F84C300B7170470B7980F84C307047A7
:1043B0000B784FF0020C43F0030307220B7081F8D7
:1043C00001C0CA7090F84C300B71704710B50B7873
:1043D0000C460922082143F00303E1706270237048
:1043E00090F94330002BACBF0B460E23E370F7F778
:1043F000C7FD002261F30702C1F3072C0B0C6CF31D
:104400000F2263F317421B0A63F31F626060A2600E
:1044100010BD00BF38B50C460546F7F7B1FD23784F
:1044200043F00303237009236370E370D5F8403130
:10443000217263F0FF031840020C0B0CC0F3072538
:104440002071C1F30721100AA2711A0AE071657187
:104450006172A372E27238BD0B78092243F0030344
:104460000B704A70CA70D0E94E23100CC2F3072CAF
:104470000A711A0C81F805C088714FEA102C0B7272
:10448000C3F30720130A81F807C048728A72CB72FF
:10449000704700BF2DE9F0414B68144F8E685A0FEA
:1044A00082EA137202F001021F4000219318494171
:1044B0009B18054641F1000887EA0374F7F760FD91
:1044C00004EA0003C5F8403163F0FF0306F0EF068D
:1044D0003B4046EA0878C5E94E3608EA0101012268
:1044E000C5F8441185F83021BDE8F0812FCF87F75A
:1044F0002DE9F0414A68134F8E68530F83EA127317
:1045000003F00103D91807EA02074FF000025241F5
:10451000C918054642F1000487EA0178F7F730FD33
:1045200006F0EF0646EA0474C5E94E7608EA000094
:104530000C400123C5F84001C5F8444185F83031ED
:10454000BDE8F0812FCF87F70B784FF0030C43F0D5
:10455000030319220B7081F801C0CA7090F8203053
:104560000B7190F821304B71704700BF0B7980F8C8
:1045700048314B7980F84931704700BF0B780222EF
:1045800043F003030B704A70CA7090F820300B712F
:10459000704700BF0B7980F8203070470378074AD6
:1045A000C0F805204FF0060C43F0030340F60C5111
:1045B000037080F801C0A0F803107047F105FFFFF9
:1045C0000B784FF0060C43F003030C220B7081F8BC
:1045D00001C0CA7090F82A310B71B0F82B31A1F8E4
:1045E0000530B0F82D31A1F807307047012380F86D
:1045F00029310B7980F82A31B1F80530A0F82B3138
:10460000B1F80730A0F82D31704700BF10B50B7816
:10461000172443F0030303224C700B70CA70D0F8C8
:104620002130D0F825208A604B6090F829300B7338
:1046300090F82A304B7301F10E0406F0DDFC0C21DA
:1046400020B12046BDE8104003F0C0BD2046BDE8C3
:10465000104003F0B1BD00BF0B78032243F0030309
:104660004FF0170C0B7081F801C0CA70D0F82130E0
:10467000D0F825208A604B6090F829300B7390F8B1
:104680002A304B73704700BF10B503780D21042208
:1046900043F0030341700370C270841806F0ACFC51
:1046A0000C2120B12046BDE8104003F08FBD20460C
:1046B000BDE8104003F080BD03780121052243F0DE
:1046C000030303704170C270704700BF037801217B
:1046D000062243F0030303704170C270704700BFAD
:1046E000037801210A2243F0030303704170C27072
:1046F000704700BF037801210B2243F003030370CE
:104700004170C270704700BF037801714FF0020C16
:1047100043F003030D22037080F801C0C27070479C
:104720000378017143F003034FF0030C037011236E
:1047300080F801C0C3704271704700BF0B7980F8E8
:104740004D304B7980F84E30704700BF0B784FF0FA
:10475000030C43F0030316220B7081F801C0CA70EA
:1047600090F82030C3F3C2034B7190F82030C3F3AC
:1047700002030B71704700BF0A7990F8203062F392
:10478000C50380F820304A7962F3020380F82030B4
:10479000704700BF0B784FF0030C43F00303172260
:1047A0000B7081F801C0CA7090F8A431C3F3C20342
:1047B0004B7190F8A431C3F302030B71704700BF33
:1047C000CB8843850B7980F82C304B7980F82D30DD
:1047D000704700BF0B784FF0050C43F0030318221D
:1047E0000B7081F801C0CA70438DCB8090F82C30DB
:1047F0000B7190F82D304B71704700BF0A7990F81B
:10480000203062F3C50380F820304A7962F3020356
:1048100080F82030704700BF0B784FF0180C43F041
:1048200003030F220B7081F801C0CA70C38C8B8008
:10483000038DCB80438D0B81838D4B8190F8343079
:104840000B73C38EA1F80D30038FA1F80F30438F87
:10485000A1F81130838FA1F81330C38FA1F8153060
:10486000B0F84030A1F81730B0F84230A1F8193054
:10487000704700BF0B784FF0180C43F00303102271
:104880000B7081F801C0CA70C38C8B80038DCB8004
:10489000438D0B81838D4B8190F834300B73C38E25
:1048A000A1F80D30038FA1F80F30438FA1F811301C
:1048B000838FA1F81330C38FA1F81530B0F84030C2
:1048C000A1F81730B0F84230A1F81930704700BF96
:1048D0008B88C384CB8803850B8943854B8983856B
:1048E0000B7B80F83430B1F80D30C386B1F80F304F
:1048F0000387B1F811304387B1F813308387B1F8DB
:104900001530C387B1F81730A0F84030B1F819302E
:10491000A0F84230704700BF8B88C384CB880385E2
:104920000B8943854B8983850B7B80F83430B1F844
:104930000D30C386B1F80F300387B1F811304387CB
:10494000B1F813308387B1F81530C387B1F8173049
:10495000A0F84030B1F81930A0F84230704700BFDD
:104960000B78002243F003034FF00C0CCA700B705D
:1049700081F801C090F823300B71036B094AA2FB48
:1049800003239B0AA1F80530438DA1F80930038D5C
:10499000A1F80730838DA1F80B30838CA1F80D307E
:1049A000704700BF5917B7D10B7980F82330B1F8A1
:1049B000053040F2E24202FB03F30363B1F8093031
:1049C0004385B1F807300385B1F80B308385B1F822
:1049D0000D308384704700BF0B784FF0080C43F014
:1049E000030301220B7081F801C0CA70038CA1F887
:1049F0000930D0F822304B6090F826300B727047A7
:104A0000B1F8093003844B68C0F822300B7A80F883
:104A1000263070470B784FF0090C43F00303142243
:104A20000B7081F801C0CA70B0F866308B80B0F8A6
:104A300064300B81B0F86A30CB80B0F868304B81BD
:104A4000704700BF0B784FF0090C43F003031522A9
:104A50000B7081F801C0CA70B0F866308B80B0F876
:104A600064300B81B0F86A30CB80B0F868304B818D
:104A7000704700BF0B784FF0090C43F00303152279
:104A80000B7081F801C0CA70B0F876308B80B0F836
:104A900074300B81B0F87A30CB80B0F878304B812D
:104AA000704700BF8B88A3F11B02E02A22D8B1F81F
:104AB00008C0ACF11B02E02A1CD830B5CD88A5F5A2
:104AC000A47244F2481492B2A24212D84A89002138
:104AD0008E4662F30F0EA2F5A4726CF30F0192B230
:104AE000A24263F31F4165F31F4E9CBFC166C0F82D
:104AF00070E030BD704700BF8B88A3F11B02E02A35
:104B000022D8B1F808C0ACF11B02E02A1CD830B59D
:104B1000CD88A5F5A47244F2481492B2A24212D8EC
:104B20004A8900218E4662F30F0EA2F5A4726CF33F
:104B30000F0192B2A24263F31F4165F31F4E9CBF67
:104B4000C166C0F870E030BD704700BFF8B5CE69EF
:104B500000230C4607461546CB61A6B30F2D06F180
:104B600004011BD0112D21D0E5B1214A2149224851
:104B70004FF4A37313F08DFE002383F31188BFF36A
:104B80006F8F0323184602DFF3796373314638468B
:104B9000FDF73EFF237A092B10D0F8BD2046FFF722
:104BA0003BFEF1E72046FFF7DBFEEDE7084694F811
:104BB000202094F82110FFF7B3FDE5E73846BDE863
:104BC000F840FFF733BAFDF70DFF06460028C5D1C0
:104BD000074A0A49084840F22F1313F05AFE86F399
:104BE0001188BFF36F8F0323184602DFB6E700BFBB
:104BF000E46D0600146406003C630600806A06004B
:104C000070B58C6900230D4606468B6104B31923E9
:104C100022792371338EE38095F82030237743B9CE
:104C20002B8DE3836B8D2384AB8D63842D2A09D078
:104C300070BD738EE383B38E2384B6F89C31638496
:104C40002D2AF5D120682146BDE87040F8F7CEB88E
:104C5000074A0849084840F2071313F01AFE84F384
:104C60001188BFF36F8F0323184602DFCFE700BF21
:104C7000E46D0600E06A06003C630600F8B58C6946
:104C800000230D4606468B6194B1032327792371D7
:104C9000338EE38004F11C012846FFF7BDFD2D2F64
:104CA00000D0F8BD20682146BDE8F840F8F79EB86E
:104CB000074A084908484FF4597313F0EAFD84F392
:104CC0001188BFF36F8F0323184602DFDDE700BFB3
:104CD000E46D0600E06A06003C63060030B5438ED2
:104CE0000A8D4C8D8D8D934285B002D1838EA34267
:104CF00014D0012381F8223002950B6BCDE90024FA
:104D00000C7A91F82320898C0391A4F10801B1FA5F
:104D100081F14909E3F71CFC05B030BDB0F89C31C6
:104D20005B1B18BF0123E5E7F8B5CD6900230C46EE
:104D300007461646CB61002D3FD0291D112E0AD8FB
:104D4000DFE806F02E0909090909092A09090909F4
:104D5000090909093222234A234924484FF452738E
:104D600013F097FD002383F31188BFF36F8F0323A4
:104D7000184602DFEB79637329463846FDF748FE93
:104D8000237A092B14D0F8BD084694F8202094F813
:104D90002110FFF7C5FCEDE72046FFF7F7FAE9E73A
:104DA0002046FFF7DDFDE5E72046FFF763FDE1E77D
:104DB0003846BDE8F84000F091BFFDF713FE054608
:104DC0000028BAD1074A0A49084840F22E3313F0A6
:104DD00060FD85F31188BFF36F8F0323184602DF50
:104DE000ABE700BFE46D0600146406003C630600F8
:104DF000806A06002DE9F0411B4E336804460D46DB
:104E00002BB1834203D00123AB72BDE8F081204671
:104E1000FFF7FCF80028F6D1204600F045FF0746D2
:104E20000028F0D129462046FDF7D4FD0028EAD01D
:104E30002046FBF7C9FE01218046204600F02CFFEA
:104E4000A5F8368085F834700F2229462046346054
:104E5000FFF77CFE94F84330DB090CBF41F20203FC
:104E600004236B81D1E700BF44820020C38C052B53
:104E700003D9028DB2F5486F01D9002070479342E3
:104E8000FBD8438DB3F5FA7FF7D200B5B0F82CC04C
:104E9000ACF10A0189B240F6764E714502D9002084
:104EA0005DF804FB01339BB202FB03F3B3EB8C0F01
:104EB000F5D290F8340090428CBF00200120EFE73B
:104EC00038B58B690C46054673B11B4A1B491C4813
:104ED00040F2863313F0DDFC002383F31188BFF327
:104EE0006F8F0323184602DFFDF790FD2D23A0618D
:104EF000037194F834200121002384F823102363E4
:104F00004AB1238DE18CB3FBF2F313FB02F39BB2A6
:104F1000994298BF23852846FBF756FEAB8E063391
:104F20001844A084002221462846FFF7FDFE4FF6D4
:104F30000B73638138BD00BFE46D0600306E060060
:104F40003C63060038B505460C4600F0B7FE10B1CC
:104F50000923A37238BD21462846FDF73BFD0028F2
:104F6000F6D021462846FDF73DFDE061FDF746FD00
:104F700010B90C23A37238BD21462846BDE838403D
:104F8000FFF79EBF38B505460C46FFF73FF810B156
:104F90000323A37238BD21462846FDF71BFD0028D8
:104FA000F6D021462846FDF71DFDA369E0611BB33D
:104FB0002D221A7194F834200121002384F8231043
:104FC00023634AB1238DE18CB3FBF2F313FB02F3AD
:104FD0009BB2994298BF23852846FBF7F5FDAB8E1F
:104FE00006331844A084002221462846FFF7AEFD70
:104FF000FF23E3720623CCE7FDF700FD38B1A36978
:10500000002BD5D1FDF702FD0346A061D0E70723B1
:10501000BFE700BF70B50C460546FBF7D5FDA38C76
:10502000C31A1B0400D570BD21462846FFF756FE63
:10503000237A092B15D094F82260E6B92046FDF7B3
:105040002FFDA661284601F017F8237A092B05D118
:105050000D4B1A68954204BF00221A600023A37208
:1050600070BD284600F040FE237A092BE3D194F866
:105070002030002BDFD0002384F820302146284642
:10508000FFF7BEFDDEE700BF4482002070B5064694
:105090000C4600F013FE10B10623A37270BD054646
:1050A00021463046FDF796FC0028F5D01122214616
:1050B0003046FFF739FE304600F0DEFF237A092B39
:1050C00004D1044B1A68964208BF1D600023A372E6
:1050D00070BD00BF4482002070B5204A13680646A8
:1050E0000C468BB183420FD002238B7200F0E6FD99
:1050F000054620B921463046FDF76CFC08BB20462A
:10510000BDE87040FDF7A8BC218D738E16609942F2
:10511000628DA08D06D021463046FFF7AFFD0423F7
:10512000A37270BDB38E9342F5D1B6F89C31834221
:10513000F1D12046FDF7B4FC00220523A261A37241
:1051400070BD4FF47263214623843046FFF79EFF03
:105150002046FDF7A5FCA56170BD00BF448200207C
:1051600070B50C46897A064615460C2900F28B80EC
:10517000DFE801F00B172A323C4657895E686F82E0
:105180000700002D00F08F8070BD002DFCD1237A28
:10519000082B00F0AB80092B40F099800123A3720B
:1051A00070BD012DF0D120461946FFF791FB204636
:1051B000FFF75CFE50B940F61E732384214630464B
:1051C000BDE87040FFF762BF012DDDD821463046B3
:1051D000BDE87040FFF780BF002DD5D1FDF70EFC74
:1051E000002840F0C5800323A37270BD032D65D055
:1051F000042DC9D10F22062384F82120A37270BD8B
:10520000002DC1D190F94330002B5ADA94F82030A8
:1052100083B10F2384F821302146BDE87040FFF7A9
:1052200035BF002DB0D12146BDE87040FFF72EBF3D
:10523000002DA9D1304600F041FD002859D00823A7
:10524000A37270BD002D9FD12146BDE87040FFF7CD
:1052500079BE022D98D190F84320C2F3C011D20933
:1052600055D184F84C1000F029FD0546002800F0C7
:1052700088800D23A37270BD002D85D12146BDE825
:105280007040FFF7C7BE504A5049514840F2515351
:1052900013F0FFFA002383F31188BFF36F8F03230A
:1052A000184602DF70BDFDF7A9FB00283FF46CAF84
:1052B00021463046BDE87040FFF702BE0523A372C9
:1052C00070BDA5612146BDE87040FFF73BBE3E4A78
:1052D0003E493F4840F2F23313F0DBFA85F3118880
:1052E000BFF36F8F0323184602DF70BD0A23A3723A
:1052F00070BD21463046FDF76DFB00289FD010227F
:1053000021463046FFF710FD0A23638170BD194620
:105310002046FFF749FB218D628DA58D8B1F9BB227
:1053200040F67A4083422AD8B2F5FA7F27D2A5F117
:105330000A039BB240F67640834220D8531C9BB2AE
:1053400001FB03F3B3EB850F19D23046A58CFBF7B5
:105350003BFC2B1A9BB247F6FE72934229D92823B5
:1053600086F86031304600F087FE0023A37270BDDE
:1053700021463046FFF782FC0423A37270BD1E2332
:10538000EEE721463046FDF725FB00283FF471AFDC
:10539000072221463046FFF7C7FC304600F06CFE7E
:1053A000237A092BE1D10B4B1A689642DDD11D609F
:1053B000DBE72046FDF750FB0B23A3722146304666
:1053C000BDE87040FFF726BEE46D060014640600D9
:1053D0003C6306004482002070B506460C46FEF78A
:1053E00015FE10B10523A37270BD05462146304657
:1053F000FDF7F0FA0028F5D02946304600F04CFCC5
:10540000112221463046FFF7A1FB3046FEF7E6FEAB
:10541000237A092B02D00023A37270BD96F9433082
:10542000002B06DB064B1A689642F4D100221A6064
:10543000F1E73046FDF788FE0028F3D0EBE700BF28
:105440004482002070B50C46897A82B00646154623
:10545000072900F23C81DFE801F009202949528741
:105460008B04002D00F0BD8002B070BD002DFBD17B
:10547000237A082B00F0A580092B10D09C4A9D4967
:105480009D484FF4F57313F004FA85F31188BFF3C8
:105490006F8F0323184602DFE6E7002DE4D1214693
:1054A000304602B0BDE87040FFF7A4BC032D00F009
:1054B000CF80042D00F08780012DD5D119462046DC
:1054C000FFF72AFA3046022100F0E6FB2046FFF7FC
:1054D000CDFC002840F0E18041F21E0323842146E8
:1054E000304602B0BDE87040FFF776BF002DBBD15B
:1054F0002146304602B0BDE87040FFF743BD032DA2
:1055000000F0C180042D00F0B380022DACD119460B
:105510002046FFF749FA228D608DB4F82CC0931F06
:105520009BB240F67A418B4200F2AF80B0F5FA7F31
:1055300080F0AB80ACF10A039BB240F676418B421F
:1055400000F2A380431C9BB202FB03F3B3EB8C0F6E
:1055500080F09B802946304600F09EFB2046FDF7F8
:105560007BFA0623A3727FE7002D7FF47DAFB6E7B9
:10557000002D7FF479AFFBF727FBA38CC01A03043F
:105580003FF572AF2946304600F086FB2146304693
:10559000FFF7A4FB237A092B00F0878094F82250B0
:1055A000002D40F08E802046FDF77AFAA561304646
:1055B000FEF714FE237A092B3FD00023A37202B01A
:1055C00070BDA56194E73046022100F065FBD6F876
:1055D000403123F002032046C6F84031FDF73CFA83
:1055E00086E7FDF70BFA00283FF43EAFA0690028DC
:1055F00069D02D23037194F834200121002384F80D
:10560000231023634AB1238DE18CB3FBF2F313FB28
:1056100002F39BB2994298BF23853046FBF7D4FA38
:10562000B38E06330344A384002221463046FFF79D
:105630008DFA4FF60673638116E796F94330002B17
:105640002DDB2E4B1A689642B7D100221A60B4E7C0
:105650005A791A2AB7D00021019300F01DFB019B53
:105660005B7984F8203021463046FFF7C9FA9EE77F
:10567000D0F840311A2223F00203C0F8403121460D
:1056800084F82020F0E75B79EBE70021304600F05A
:1056900003FB1E2386F8603189E720469EE73046EB
:1056A000FDF752FD0028CCD087E73046FEF7C8FC56
:1056B000237A092B7FF472AF94F82030002B3FF44B
:1056C0006DAF0023CDE7FDF7A1F9A06191E7084A8E
:1056D000084909484FF43E7313F0DBF8002383F3C5
:1056E0001188BFF36F8F0323184602DFBCE600BFAB
:1056F000E46D0600146406003C630600448200204A
:1057000010B592F81FC082B0044602F11C03BCF130
:10571000110F0AD8DFE80CF02C090909090909253D
:1057200009090909090909091E17242380F86031AC
:105730000191FEF753FD01990B7A092B1FD000232D
:105740008B7202B010BD0322204602B0BDE81040AB
:10575000FFF778BE0122204602B0BDE81040FFF7F7
:1057600071BE0422204602B0BDE81040FFF76ABEB9
:105770000222204602B0BDE81040FFF763BE94F954
:105780004330002B06DB074B1A689442D7D1002226
:105790001A60D4E720460191FDF7D6FC0199002854
:1057A000F1D0CCE74482002013460022FFF74ABE26
:1057B00070B5D57F02F11C0335B10F2D09D1BDE8BD
:1057C00070400122FFF7CCBCBDE870400222FFF719
:1057D000C7BC24230E4680F86031044600F04CFC20
:1057E000337A092B05D1044B1A68944204BF002276
:1057F0001A600023B37270BD448200201346002259
:10580000FFF7AEBC00230322FFF7AABC002304224B
:10581000FFF7A6BC10B524230C4680F86031FEF7D4
:10582000DDFC0023A37210BD70B58B7A012B0C46F2
:10583000054617D9022B06D1FBF7C6F9238CC01AEF
:10584000030415D570BD2C4A2C492D48B62313F0FE
:1058500020F8002383F31188BFF36F8F03231846CA
:1058600002DF70BDFEF7D2FB88B10123A37270BDC9
:105870000021284600F010FA04F122012846FBF727
:10588000B1F92846FEF7AAFC0023A37270BD284692
:1058900000F00AFA0028E8D121462846FDF79AF8D8
:1058A0000028E2D00121284600F0F6F92846FBF74F
:1058B0008BF9831D238421462846FDF793F806467D
:1058C00060B1311D2046FFF787F8F37963733146E5
:1058D0002846FDF79DF80223A37270BD064A0949C8
:1058E00007485C2312F0D5FF86F31188BFF36F8F52
:1058F0000323184602DFE4E7506E06001464060036
:105900003C630600806A060070B5D37F012B054614
:105910000C4607D0242380F8603100F0ADFB002353
:10592000A37270BD8B7A012B12D013F0FD0FF8D04B
:10593000154A1649164840F2271312F0AAFF002311
:1059400083F31188BFF36F8F0323184602DF70BD06
:1059500002F11C012046FFF753F82846268CFBF77E
:1059600033F9361AB6B247F6FE739E4202D80223C6
:10597000A37270BD282385F86031284600F07CFBB7
:105980000023A37270BD00BF506E060014640600B1
:105990003C63060038B58B7A012B12D0022B0C46E3
:1059A00010D00BB3124A1349134840F2271312F0D8
:1059B00070FF002383F31188BFF36F8F0323184612
:1059C00002DF38BD0546FBF7FFF8238CC01A03043D
:1059D000F7D404F122012846FBF704F9284600F029
:1059E0004BFB0023A37238BD01238B7238BD00BF6F
:1059F000506E0600146406003C63060038B5D0F80B
:105A000008318B4204460D4623D01C4A1C491D48D0
:105A1000782312F03EFF002383F31188BFF36F8FCA
:105A20000323184602DFAB6913B11B792D2B15D068
:105A3000D4F8083143B1D4F80C111A68C4F808211D
:105A4000994208BFC4F80C212846BDE83840FCF74D
:105A50009DBF8B69002BE8D10B46ECE7074A0A494A
:105A600008487D2312F015FF002383F31188BFF34C
:105A70006F8F0323184602DFDAE700BF986E060037
:105A8000786D06003C6306008C6D060038B5D0F8D2
:105A900008512B7A013B04460B2B28D8DFE803F092
:105AA0000606060618181D131306220600222946AC
:105AB000FEF754F9AB7B2BB129462046BDE83840B0
:105AC000FFF79CBF38BD00222946FFF797FEF1E79C
:105AD00000222946FBF706FFECE700222946FCF7E7
:105AE00007FEE7E700222946FFF754FFE2E7084AEE
:105AF000084909484FF4E77312F0CBFE002383F303
:105B00001188BFF36F8F0323184602DFD2E700BF6F
:105B1000986E0600146406003C63060070B5D0F869
:105B2000085104461DB394F81431012B03D102230C
:105B300084F8103170BD29462046FCF74BFF002841
:105B4000F5D029462046FCF74DFF0646F0B1311D41
:105B50002846FEF71BFCF3796B7331462046FCF7B1
:105B600057FF0123AB73002384F8103170BD0F4A37
:105B70000F49104840F2162312F08BFE85F311886E
:105B8000BFF36F8F0323184602DFCCE7074A0A49A9
:105B900008484FF4EF7312F07CFE86F31188BFF3D0
:105BA0006F8F0323184602DFD1E700BF986E06000F
:105BB000646D06003C630600806A060070B5D0F88C
:105BC00008510446ADB394F81431012B03D10123DD
:105BD00084F8103170BD29462046FCF7FBFE0028F2
:105BE000F5D029462046FCF7FDFE064600283CD0AD
:105BF0002046FEF75DF92A7A037A934206F1040003
:105C000026D0082B26D02A2194F830311BB1D4F8A5
:105C100040315B0723D4FEF777FDF3796B73314690
:105C20002046FCF7F5FE0123AB73002384F8103106
:105C300070BD154A1549164840F2062312F029FE98
:105C400085F31188BFF36F8F0323184602DFBAE78D
:105C50002321D9E7092A14BF2A212321D4E70A46A0
:105C600094F81711FEF75CFDD7E7074A0949084881
:105C70004FF4EF7312F00DFE86F31188BFF36F8FB0
:105C80000323184602DFB3E7986E0600646D060032
:105C90003C630600806A060080F81611704700BF5A
:105CA000704700BF0020704790F81501003818BFFA
:105CB00001207047D0F80801704700BF90F8140128
:105CC000A0F10100B0FA80F040097047012380F88C
:105CD00014317047002380F814317047B0F8183140
:105CE000A0F81231704700BF0023A0F812317047AE
:105CF00038B5D0F80841A4B10546D5F80C21236881
:105D0000C5F808319442214608BFC5F80C31284631
:105D1000FCF7ECFE2046FCF739FED5F80841002CD4
:105D2000EBD138BD022938B5054612D004290C46FE
:105D30000AD0012900D038BDD0F80831002BFAD0A4
:105D4000BDE83840FFF7A2BEFFF7D2FF85F810414B
:105D500038BDD0F80841002380F815313CB100234C
:105D60000122A5F81231A27385F8103138BD074A17
:105D70000749084840F2292312F08BFD84F311886B
:105D8000BFF36F8F0323184602DFE8E7986E060023
:105D9000646D06003C630600F8B590F810310446C7
:105DA0000E461546052B00F29F80DFE803F00E1625
:105DB00007030B03BDE8F840FFF7B4BFBDE8F840A8
:105DC000FFF7ACBE03290CD0F8BD71B10429FBD19B
:105DD000FFF78EFF84F81061F8BDBDE8F840FFF7CB
:105DE000EDBE002380F81031F8BDD0F80871002F07
:105DF000EAD03B7A90F816C190F843E0112B11D805
:105E0000414A012101FA03F0024052B30A2B21D08A
:105E1000C3B184F815612046FFF738FE032384F8E8
:105E20001031F8BD394A3A493A486B2312F031FD36
:105E3000002383F31188BFF36F8F0323184602DF1B
:105E40003B7AE3E7EB7F87F84C302046BDE8F8402B
:105E5000FFF764BE2046FFF719FE052384F81031D2
:105E6000F8BD10F4386FDDD00A2BF3D0002BE9D049
:105E7000BCF1000F01D10E46CBE71EF0800F12D10E
:105E8000BCF1010F22D0BCF1020F9DD12046FEF7DC
:105E90000FF83B7A027A9A4222D0082A1ED02A238F
:105EA00084F86031F8BDBCF1010FECD12046FDF75C
:105EB000FFFF08B1FF22C272012384F8153120468A
:105EC000FFF7E4FD032384F81031F8BDEB7F84F87D
:105ED00017312046BDE8F840FFF770BE092BDED130
:105EE000232384F86031F8BD084A094909484FF472
:105EF000437312F0CEFC002383F31188BFF36F8F3E
:105F00000323184602DFF8BD7FF40300986E0600F5
:105F1000146406003C63060038B50C4689690546E2
:105F200010461A46237AF1B10C2B57D8DFE803F05C
:105F30000D070707073C3C484242074E0700214631
:105F40002846FDF701FFA16921B10B792D2B1CBF5C
:105F50000023A361A37B2BB121462846BDE838402E
:105F6000FFF74CBD38BDA26120610C2B36D801A1D2
:105F700051F823F0D95F04003F5F04003F5F040045
:105F80003F5F04003F5F0400A95F0400A95F0400B5
:105F9000C15F0400B55F0400B55F04003F5F04000B
:105FA000CD5F04003F5F040021462846FBF76AFCF2
:105FB000A169C9E721462846FFF7FAFBA169C3E7B3
:105FC00021462846FCF776FBA169BDE72146284615
:105FD000FFF79AFCA169B7E71146B5E7084A0949F6
:105FE00009484FF4A17312F054FC002383F3118885
:105FF000BFF36F8F0323184602DFA169A4E700BF38
:10600000986E0600146406003C63060038B50B7AEF
:10601000072B0C4605460ED00C2B01D1FDF79AFE3E
:10602000A37B002262612BB121462846BDE838409F
:10603000FFF7E4BC38BDFCF75FFBF1E738B50B7A3E
:10604000072B0C46054608D0A37B2BB121462846DA
:10605000BDE83840FFF7D2BC38BDFCF751FBF3E791
:106060000422002380F81021A0F81231704700BFED
:1060700000220121FFF790BE00220221FFF78CBE13
:1060800000220321FFF788BE00220421FFF784BE0F
:10609000F0B5044683B00E4615467BB1D37F1B2B6B
:1060A00031D8DFF898C090F843100CEB4307C909CA
:1060B0007F781AB201238B403B402BD11846FCF766
:1060C00041FD0746E8B100230360D4F80C31E3B189
:1060D0001860C4F80C012A4600212046FFF75CFE38
:1060E000BB7B1BB139462046FFF788FCD4F808116A
:1060F00039B12B463246204603B0BDE8F040FFF7E9
:106100000BBF03B0F0BD0023D8E7C4F80801C4F802
:106110000C01E0E71CF812300A2BCFD10193FFF7F6
:10612000E7FD0022A4F8122184F8152184F810213B
:106130002046FEF7F9F8019BC0E700BFE06E0600BD
:1061400010B50446FFF7D4FD0023A4F8123184F8FB
:10615000153184F8103110BD10B50C4630B994F8E3
:1061600084316FF3000384F8843110BD0A4A0B496F
:106170000B4840F2A22312F08CFB002383F311881A
:10618000BFF36F8F0323184602DF94F884316FF357
:10619000000384F8843110BD186F0600606F06009C
:1061A0003C63060000B9704708B5084A0849094829
:1061B00040F29A2312F06DFB002383F31188BFF3A2
:1061C0006F8F0323184602DF08BD00BF186F06005B
:1061D000686906003C630600012800D0704710B5CE
:1061E0000C46F6F7CBFE84420ED0084A084909480F
:1061F00040F2922312F04DFB002383F31188BFF38A
:106200006F8F0323184602DF10BD00BF186F060012
:10621000746F06003C6306002DE9F843099C9DF865
:1062200020900546208E4FF6FF71884225D02946E2
:10623000204690461F46FAF753FAF0B92678013601
:10624000F6B226705EB31D491D4B0F8104F11C0090
:106250000022C860C1E9005881F80A9099600120C5
:106260001146F4F78DF950B9FF20FAF76DFA204680
:10627000FF21BDE8F843FAF73FBBBDE8F883114AB8
:10628000114912484FF4137312F003FB002383F3F8
:106290001188BFF36F8F0323184602DFE4E7094A32
:1062A0000B490A4840F23F2312F0F3FA86F31188B3
:1062B000BFF36F8F0323184602DFC4E7308A002044
:1062C000680A0020186F0600F06306003C630600B1
:1062D00024680600438F43B110B590F8843113F061
:1062E000010488B002D008B010BD7047124A43F0D4
:1062F000010380F8843105310123CDE90442CDE961
:1063000002430690CAB2CDE9004423460321204649
:10631000F5F72EFD10F0FD0FE5D0084A08490948B1
:1063200040F2052312F0B5FA84F31188BFF36F8FA2
:106330000323184602DFD6E759610400186F0600F0
:10634000D46906003C63060038B50C461546F9F7DB
:1063500069FE48B11CB1BDE83840FCF733BE2946A0
:10636000BDE83840FCF708BE022038BD38B50C4601
:106370001546F9F757FE58B190F94330002B05DA6E
:106380002A462146BDE83840FCF7D6BC0C2038BD73
:10639000022038BD704700BF00B9704708B5084AF1
:1063A0000849094840F21E4312F073FA002383F3B0
:1063B0001188BFF36F8F0323184602DF08BD00BFAB
:1063C000A46F0600686906003C6306002DE9F843E7
:1063D000099C9DF820900546208E4FF6FF7188425B
:1063E0002CD02946204690461F46FAF779F928BB5B
:1063F00026780136F6B2267096B30220FAF7A4F991
:1064000002212046FAF778FA1D491E4B0F8104F14C
:106410001C000022C860C1E9005881F80A90996008
:1064200001201146F4F7ACF850B9FF20FAF78CF9C7
:106430002046FF21BDE8F843FAF75EBABDE8F883CD
:10644000114A1249124840F2CD3312F022FA0023C9
:1064500083F31188BFF36F8F0323184602DFE4E74D
:10646000094A0C490A4840F2BA3312F012FA86F38C
:106470001188BFF36F8F0323184602DFBDE700BF0B
:10648000488A0020780A0020A46F0600F063060006
:106490003C630600246806002DE9F8430646002008
:1064A000F9F784FB68B3036A044653B393F82C20CE
:1064B00042F0020283F82C20076A17B3014600203D
:1064C000F9F7ACFA0546C8B93F68D7F8648107F513
:1064D000B279B8F1000F18D04046F6F769FC1723DF
:1064E00087F868314FF6FF73A7F86A311C3402232E
:1064F000C7F86C4187F88031C6F800902846BDE89F
:10650000F8830C252846BDE8F883074A0749084860
:106510004FF4047312F0BDF988F31188BFF36F8F45
:106520000323184602DFD7E7A46F06006069060060
:106530003C63060070B50C4615461E46F9F772FD21
:10654000B8B190F89AC01CF0180C04D0BCF1180F28
:1065500008D00C2070BD33462A462146BDE8704065
:10656000FCF744BC33462A462146BDE87040FCF7A0
:106570006DBC022070BD00BF30B583B001A8FFF72D
:106580008BFF044610B1204603B030BDF9F70EFB77
:10659000054650B195F8483000226FF300032046BD
:1065A00085F848302A6203B030BD074A07490848D9
:1065B0004FF4197312F06DF985F31188BFF36F8FE3
:1065C0000323184602DFE5E7A46F0600E86F060024
:1065D0003C63060070B583681E68346A24B30025E6
:1065E0003562A36F6BB11F4A1F4920484FF42073D7
:1065F00012F04FF985F31188BFF36F8F032318460C
:1066000002DF04F16C0104F16800F3F737FF05467F
:10661000C8B12068A567F9F7EFFC96F848306FF32A
:10662000000386F8483070BD0E4A11490F4840F209
:106630007D2312F02EF984F31188BFF36F8F0323AB
:10664000184602DFCBE7074A0A49084840F283238D
:1066500012F01FF985F31188BFF36F8F03231846DB
:1066600002DFD6E7A46F06007C6406003C630600E8
:10667000706406006069060070B5052482B04FF6AC
:10668000FF762046F9F7CEFC0546684655B195F9E8
:106690004330002B06DB00F03DF869462846FCF746
:1066A0001FFC20B9013CA4B2B442EAD1002002B0E0
:1066B00070BD00BF08607047053805288CBF0020FA
:1066C0000120704708B5084A0346006810601B792E
:1066D000137105211046F4F76BF8044B1870FFF79F
:1066E000CBFF002008BD00BF588A00209DA80020D5
:1066F000064B074A10B41F204FF0FF3425211C60C1
:10670000187111705DF8044B704700BF588A002063
:106710009DA80020044A05490346106818601279B4
:1067200008781A71704700BF588A00209DA8002081
:1067300030B5044600789DF80C5002FB01111F4A49
:10674000014482FB01020A44521102EBC20002EB37
:1067500080028A1AD0B2C1082070595C02F0070288
:1067600041FA02F212F001021FD1B0FBF5F405FB71
:106770001404E4B25D1E1046043300F1080E15F84F
:10678000011F5FFA8EFE024611F0010F02F1010CAB
:106790004FEA510102D04CB1013CE4B25FFA8CF2F5
:1067A0007245F1D110469D42E7D130BDC11D891A15
:1067B000C9B207291046F6D830BD00BFA7C867DDAB
:1067C0004288008850407047F0B5344D344C484002
:1067D0004FF0030C060A5FFA80FE0EEB8E2E06EBDE
:1067E000862004EA401705EA400605EA4E0004EA5E
:1067F0004E1E3E4340EA0E0000EB002706EB062E3D
:1068000006EB0E2600EB0720360CC0F3074040EAEB
:10681000062000EB00100CF1FF3C08441CF0FF0CBC
:1068200080B2D7D141401F48A0FB01400C1A00EBB9
:106830005400400900EBC00400EB8400081AC0F3C8
:10684000C40400F00705145D2C41E407C0B21CD459
:1068500001FB03F3561EC3F307430432604600F105
:10686000080516F801CFEDB201461CF0010F01F149
:1068700001044FEA5C0C02D043B1013BDBB2E1B250
:10688000A942F2D108469642E9D1F0BD0730401A3C
:10689000C0B207280846F6D8F0BD00BF102102009C
:1068A000408408004D91CFBA1A491B482DE9F041A8
:1068B0000023451EA1F1020C012606E00133082B3E
:1068C00001F1060100F1280022D003EB830215F844
:1068D0003220D407F2D59CF800409CF801E0D0F8B3
:1068E0000080C2F3801206FA03F79A4001333C435A
:1068F0004EEA020287888F80082B8CF800408CF8C3
:10690000012001F1060141F8068C00F12800DCD1DC
:10691000BDE8F081668A0020518B00202048214A82
:106920002DE9F047204FDFF884800023951EA0F169
:10693000020C012615F83310C90706FA03F926D50B
:106940003C7812F8011C4CB1072901EB810405D8F1
:1069500018F834104C0701D5C90618D515F83310AE
:106960009CF801E09CF80040D2F800A0C1F340017F
:1069700099404EEA010144EA0904B2F804E08CF8B7
:1069800000408CF80110A0F804E0C0F800A001332A
:10699000082B00F1060002F10802CBD1BDE8F08718
:1069A000D28C0020928C00209FA80020508B0020C9
:1069B0000820704738B50020F8F7BEFEF0B9F9F7A7
:1069C00029F910F0010019D10D4C0E4D621E14F87A
:1069D0003030072B03EB830105D815F831306FF306
:1069E000451305F8313012F830306FF3000302F828
:1069F000303001300828EAD1002038BD0C2038BDE5
:106A0000918C0020508B00202DE9F04F074683B079
:106A10000020F8F791FE00286DD1F9F7FBF810F08F
:106A2000010568D13B78FF2B73D03F4E07F1010978
:106A30004FF0FF0A2C46A6F1020803F0010B06E016
:106A400059455CD00134082C06F108060FD018F81F
:106A50003420C2F34001D207F2D4BAF1FF0F08BFCD
:106A60005FFA84FA0134082C06F10806EFD1BAF176
:106A7000070F52D818F83A2063F3410208F83A2079
:106A8000022314FB0A34D7F8013048F80430444498
:106A9000B9F80430A38097F800B0244C0BF0010B38
:106AA000661E04E00135082D04F1280439D005EBF9
:106AB0008503DF0016F83330C3F38012DB07F1D50E
:106AC0005A45EFD12046062249461BF02BFD0028EF
:106AD000E8D1F35D43F02003F355EDB218F83A30F6
:106AE00008EBCA0243F0010308F83A305570002061
:106AF00003B0BDE8F08F0C2003B0BDE8F08F304646
:106B00000622494601931BF00DFD019B002899D1F7
:106B1000EDE7284603B0BDE8F08F072003B0BDE8DD
:106B2000F08FFF25DAE700BF928C0020518B002008
:106B30002DE9F04106460020F8F7FEFD00283AD185
:106B4000F9F768F810F0010435D196F80080B8F133
:106B5000FF0F36D01C4D0136AF1E08F0010804E0CF
:106B60000134082C05F1080528D017F83430C3F398
:106B70004002DB07F4D54245F2D1062228463146D1
:106B80001BF0D0FC0028EBD107EBC4035B78072B8C
:106B900008D80E4A03EB830312F8331060F3451153
:106BA00002F8331017F834306FF3000307F834306D
:106BB0000020BDE8F0810C20BDE8F0810220BDE896
:106BC000F0812046BDE8F081928C0020508B00209F
:106BD00007282DE9F8430446884615461BD81D4E64
:106BE00004EB84034FEA840916F8333013F00107ED
:106BF00021D0A144012216F83930C3F3801388F85C
:106C00000030282313FB0423F218F3582B609388D9
:106C1000AB80BDE8F883104A104911484FF48C73DB
:106C200011F037FE002383F31188BFF36F8F032326
:106C3000184602DFD3E7084A0A49094840F2191307
:106C400011F027FE87F31188BFF36F8F03231846D7
:106C500002DFCEE7508B00204470060088700600EB
:106C60003C630600947006000820704710B50020B1
:106C7000F8F756FD08B10C2010BD0446F8F7B0FF38
:106C80000128F8D8194B1A48197893F8282004706D
:106C900064F3000164F30002197083F8282093F86C
:106CA000501093F8782064F3000164F3000283F835
:106CB000501083F8782093F8A01093F8C82064F35C
:106CC000000164F3000283F8A01083F8C82093F851
:106CD000F01093F8182164F3000164F3000283F8C4
:106CE000F01083F81821204610BD00BF508B002003
:106CF0009EA800202DE9F04F83B083460020CDF8F8
:106D000000B0F8F70DFD18B10C2003B0BDE8F08F0E
:106D10000446F8F765FF0128F6D8DDF800B0DFF883
:106D20002C811BF8012B019202F0010308F1FF39BD
:106D30001E4604E00134082C08F1280841D004EB79
:106D4000840209EBC20519F83270FB074FEA840A86
:106D5000C7F38012EED5B242ECD140460622594626
:106D60001BF0E0FB0028E5D13E467607019A074676
:106D70002BD4334D02F00108AE1E04E00137082F7A
:106D800005F1080512D016F83730C3F34002DB07CF
:106D9000F4D54245F2D10622284659461BF0C2FBE3
:106DA0000028EBD106EBC706FF237370A244002036
:106DB00019F83A306FF3000309F83A3003B0BDE830
:106DC000F08F022003B0BDE8F08FDFF884C09CF89C
:106DD00000305E1E023B062BF6B203D895F81780F2
:106DE000B04502D18CF80060C3E7164A019002EB6F
:106DF000061302EB081215460FCBDFF858E085E8C2
:106E00000F003D4605EB850309EBC30219F833304B
:106E1000D80705D5590703D59EF81730B34207D0D8
:106E20000135082D0EF1280EECD1009B1A78D9E718
:106E3000009B82F817801A78034B03F80850D1E7BB
:106E4000928C0020D08A0020C88A0020518B00201C
:106E50009EA80020508B00202DE9F8431D465B7949
:106E600003F0C003402B01D0BDE8F8830F46F1B119
:106E7000DFF8A890002400F0010609F1FF3804E0D3
:106E80000134082C09F12809EED004EB840318F82A
:106E90003330D907C3F38012F2D5B242F0D10622C3
:106EA000484639461BF03EFB0028E9D1E2B2072AEA
:106EB000DAD8DFF86C8002EB820318F83330DB0796
:106EC000D2D502EB8202D40004F11803286848F8F6
:106ED000030008EB0309AB88A9F80430002601E0A1
:106EE000062EC1D0B0B2F9F79DF801360622494608
:106EF000054600F2B1170028F2D038461BF012FB0D
:106F00000028EDD1013408EB040358F80420C5F83B
:106F1000B1219B88A5F8B531A6E700BF518B0020B1
:106F2000508B00202DE9F84F82461A4E1AF8018B3B
:106F30008946002408F00108771E03E0082C06F1BA
:106F400028061BD004EB8402D50017F83230C3F3B7
:106F50008012DB0704F10104F0D54245EED1062290
:106F6000514630461BF0DEFA83460028E6D118353C
:106F70007C1906212046F3F771FA10B90220BDE80A
:106F8000F88F7859C9F80000A388A9F8043058464A
:106F9000BDE8F88F518B00202DE9F0478246174E4F
:106FA0001AF8018B8946002408F00108771E03E0D7
:106FB000082C06F128061DD004EB840207EBC2055D
:106FC00017F83230C3F38012DB0704F10104EFD568
:106FD0004245EDD10622514630461BF0A3FA002867
:106FE000E6D16B6A1A68C9F800209B88A9F80430BA
:106FF000BDE8F0870220BDE8F08700BF518B00207C
:1070000010B504460020F8F78BFB08B10C2010BD2A
:10701000F8F7E6FD0128F9D80CB1012C03D1034B98
:107020001C70002010BD122010BD00BF9FA80020C2
:10703000034B4FF47A7202FB00F01860704700BFF8
:10704000608A00202DE9F047824600208846F8F744
:1070500067FB10B10C20BDE8F0870446F8F7C0FDCF
:107060000128F7D81B4E1AF8019B771E09F0010979
:1070700003E0082C06F1280620D004EB8402D5009A
:1070800017F83230C3F38012DB0704F10104F0D5A6
:107090004A45EED13046062251461BF043FA0028FD
:1070A000E7D1B8F1000F0FD0B8F1010F09D17B5D26
:1070B00043F010037B550020BDE8F0870220BDE8B7
:1070C000F0871220BDE8F0877B5D68F304137B55E1
:1070D0000020F1E7518B0020034A044B002814BF25
:1070E00010461846704700BFD08C0020648A0020EC
:1070F000A8B110B50B4A12684FF4004340F2E730D4
:107100000021E2FB03014FF47A720023E0F748F814
:10711000BDE8104002460B4603480DF005BC02488E
:107120001AF003BE608A0020C04100200D4A08B555
:107130000023138070B90C4B0C4A1B780020108080
:1071400003B908BDF8F74CFD0028FAD1BDE80840A6
:10715000FFF7AABB1846F8F75DFDC307EBD4FFF7AE
:10716000DDFBE8E7D08C00209FA80020648A002087
:107170000E4A08B500231380C2070ED40C4B0D4AEB
:107180001B780020108003B908BDF8F7C9FA002861
:10719000FAD1BDE80840FFF787BB1846F8F7CCFAEC
:1071A0000028EBD1FFF7BAFBE8E700BFD08C002046
:1071B0009FA80020648A00202DE9F04F834687B005
:1071C0001AF032FF4A0143011B1A42EAD06262EB15
:1071D0000102920042EA93729B001B1841EB0209E4
:1071E0004FEAC90949EA5379C3F3103343EA4943E3
:1071F0004FEAD939BBF1000F16D1644AD2E9001227
:10720000B2F1FF3F08BFB1F1FF3F0DD06048006809
:10721000591A69EB0202814272F10002ACBF4FF0D1
:10722000010A4FF0000A01E04FF0010A594ECDF873
:1072300004B0DFF874810024F71F9B460DE025445D
:1072400017F8353043F0020307F835300134082CC5
:1072500008F1060806F1280625D004EB8403A500F2
:1072600017F83330DA07F1D5BAF1000F01D19807DA
:10727000ECD42B1917F83330590750D42B1917F8C1
:1072800033301A07DBD502A9304612F07AFC002809
:107290006CD1BDF80C300298A8F80430C6F81D80F7
:1072A000C8F80000CBE75B46DDF804B0BAF1000F88
:1072B00002D0364AC2E90039BBF1000F08D00020E5
:1072C000F8F720FA044618B194F86A305B0702D444
:1072D00007B0BDE8F08F94F82630072BF8D8FF23CD
:1072E0008DF8083094F8293004EB830302A9DE6A94
:1072F00004F1280001F0AEFC7278054602323146F6
:107300001AF05EFF29462046F8F726FA9DF8083065
:10731000FF2BDDD084F8293007B0BDE8F08F317C39
:107320001D4B0F2202EB01121A440DF117000DF153
:10733000070312F8011903F8011F8342F9D106F17E
:10734000170102A812F01DFC002897D0134A144917
:10735000144840F2F32311F09CFA002383F31188C0
:10736000BFF36F8F0323184602DF87E70B4A0C49F0
:107370000C4840F2013311F08CFA002383F311889A
:10738000BFF36F8F0323184602DF82E7F04100202E
:10739000608A0020578B0020D08A002044700600AD
:1073A000F06306003C630600988A002010B50120B7
:1073B000FFF702FF0A4A12684FF4004340F2E73039
:1073C0000021E2FB03014FF47A720023DFF7E8FEAD
:1073D000BDE8104002460B4602480DF0A5BA00BFBA
:1073E000608A0020C0410020072815D8F8B500EBBE
:1073F0008003124D15F833301A0704464FEA800611
:10740000C3F3C00007D5C3F340079B0706D5264446
:1074100005EBC603586AF8BD00207047084A0949C1
:1074200009484FF44A7311F034FA87F31188BFF317
:107430006F8F0323184602DFE9E700BF508B00205F
:1074400044700600A87006003C63060007280CD8AC
:1074500000EB8003064A12F833104B0705D52823AA
:1074600003FB002202F11E0070470020704700BF9E
:10747000508B00202DE9F047894616460AB1FF23BC
:107480001370154D002400F0010805F1FF3A09E0E2
:107490001EB13378FF2B08BF37700134082C05F17B
:1074A000280514D004EB8403E7B21AF83330C3F391
:1074B0008012DB07ECD54245EFD10622284649462B
:1074C0001BF030F80028E8D13846BDE8F087FF27E8
:1074D0003846BDE8F08700BF518B00202DE9F04F02
:1074E000074685B000200E469046F8F719F918B106
:1074F0000C2005B0BDE8F08F0446F8F771FB0128B9
:10750000F6D8BA460DF10F021AF8010B5146FFF7F3
:10751000B1FF072840F2B8809DF80F90B9F1070F2E
:1075200000F2AE8009EB8902D200594DD7F8011064
:107530000192531C09EB890BE9502B44BAF8041053
:1075400099803B7815F83B10009263F38611A9549B
:1075500030461021F2F782FF009BE95C60F3820164
:10756000E95440461021F2F779FF009B019AE95C4B
:1075700000F0010060F3C30111F0040FE95405EBC2
:10758000CB0B4FEA890343D1002860D11832002188
:10759000A9502A443F4E918003EB090215F832109E
:1075A00021F0120105F8321097F80080B71E08F09C
:1075B000010804E00134082C06F1080616D017F87B
:1075C000342012F0010BC2F34001F3D04145F1D158
:1075D00030460622514600931AF0A4FF009B002873
:1075E000E8D107EBC40787F8019001E04FF0000BEA
:1075F0004B444FEA4B1215F8331042F0010221F0D0
:1076000021010A43002005F8332005B0BDE8F08FC2
:10761000DFF884E0DFF884C09EF800108BF81710C4
:107620000CF80190DFF878B04FF0FF3C0CEB011C38
:1076300001318EF80010DC4406F10F01013E11F813
:1076400001E90CF801EFB142F9D100289ED0D61D16
:10765000A81903EB0901D8F800B0D8F804E0D8F86D
:1076600008C0D8F80C8045F806B005EBC101C0F899
:1076700004E0C0F808C0C0F80C800020486285E72C
:10768000072005B0BDE8F08F122005B0BDE8F08FEF
:10769000508B0020928C00209EA80020C88A0020D9
:1076A000D08A0020072807D8044B00EB800013F88D
:1076B0003000C0F3C000704700207047508B00209E
:1076C000072812D800EB8000094A12F8303013F076
:1076D000080F4FEAC001C3F3C00007D0C3F3400056
:1076E0009B0703D50A44506A70470020704700BFCB
:1076F000508B0020024B1B7803700248704700BF7C
:107700009EA80020D08A002070B50C4658B10729E9
:1077100015D82E4D15F8343013F0010624D005EBA2
:10772000C405687870BD072930D8294B04EB840262
:1077300013F8323013F0010538D0204670BD254AC9
:107740002549264840F2773311F0A3F8002383F34C
:107750001188BFF36F8F0323184602DF1B4D15F806
:10776000343013F00106DAD11A4A1D491B484FF490
:107770005E7311F08EF886F31188BFF36F8F0323C9
:10778000184602DF05EBC4056878CBE7114A1549B6
:10779000054640F27B33114811F07BF885F31188E0
:1077A000BFF36F8F0323184602DFBEE7094A0E4975
:1077B0000A4840F27D3311F06CF885F31188BFF36D
:1077C0006F8F0323184602DF2046B7E7908C002016
:1077D000508B002044700600C07006003C63060019
:1077E0006C710600847106002C72060038B5234BBC
:1077F0001B78834204460DD9214B1C5D072C1CD8F5
:10780000204B04EB840213F8323013F0010524D02E
:10781000204638BD1C4A1D491D4840F2873311F0EF
:1078200038F8002383F31188BFF36F8F03231846C2
:1078300002DF134B1C5D072CE2D9134A154914488B
:1078400040F2893311F025F8002383F31188BFF348
:107850006F8F0323184602DFD2E70B4A0E490C480C
:1078600040F28A3311F015F885F31188BFF36F8F5A
:107870000323184602DF204638BD00BF9EA8002023
:10788000C88A0020508B0020447006003872060021
:107890003C630600587206002C720600072825D8A3
:1078A000F8B5134F00EB8003044617F8333013F09C
:1078B00001054FEA800605D0264417F83600C0F3CC
:1078C0004010F8BD0B4A0C490C4840F2953310F0BB
:1078D000E0FF85F31188BFF36F8F0323184602DFA3
:1078E000264417F83600C0F34010F8BD002070475A
:1078F000508B002044700600947006003C63060024
:10790000F8B5144B1B788BB107290C460ED868B913
:10791000114F01EB81038E0017F8333013F001058E
:1079200009D0264417F83600430701D40120F8BDDA
:10793000C0F30010F8BD094A09490A4840F2AE33C5
:1079400010F0A7FF85F31188BFF36F8F032318464C
:1079500002DFE6E79FA80020508B0020447006005D
:10796000947006003C6306001378FF2B19D12DE9B3
:10797000F047194D0446AE46002303EB830C9E00EE
:1079800015F83CC01CF0010003D0CCF3801CA445CA
:1079900009D00133082B0EF1280EEED10120BDE8ED
:1079A000F0870120704701F1FF3877464FF0000C57
:1079B00017F801AF18F8019FCA450CF1010CE8D186
:1079C000BCF1060FF4D11E44137015F836305A0777
:1079D000E5D5C3F30010E2E7508B002010B40F4B45
:1079E0001C787CB1072A0DD80D4C02EB820C14F8E0
:1079F0003CC01CF0080F05D020B14B7903F0C00348
:107A0000402B03D000205DF8044B7047282303FB74
:107A1000024007305DF8044B12F0A0B89FA8002088
:107A2000508B0020024B1878003818BF0120704797
:107A30009FA8002000F0C0BB08B5002303F0F8FBAE
:107A4000002008BD10B584B0079BD3E90020904703
:107A5000012812D004460DF10F010DF10E00F5F7CB
:107A60003BFA0021064B00919DF80F209DF80E0077
:107A70000121F4F795F9034BDC6004B010BD00BFA1
:107A8000897A04001C8D002000B585B00DF10F012E
:107A90000DF10E00F5F720FA9DF80F20064B9DF82A
:107AA0000E00002101320091D2B20221F4F778F9E0
:107AB00005B05DF804FB00BF597B0400F0B58DB044
:107AC0000E4605460DF12F010DF12E001C461746FE
:107AD000F5F702FA9DF82FC006940CF1010C002472
:107AE000CDE90744CDE90344CDE901449DF82E00DA
:107AF000059700962B465FFA8CF20121F4F7A4F863
:107B000010F0FD0F0AD006480094064BC4609DF8A3
:107B10002F209DF82E000121F4F742F90DB0F0BDA1
:107B20001C8D0020897A0400019B024A3121FFF755
:107B3000C5BF00BF397B040070B5059D0446F5F74D
:107B4000D1F92B462046034ABDE870400621FFF7D5
:107B5000B5BF00BF457A040001480CF063BC00BF0C
:107B6000048D002008B501220021024819F0F0FF21
:107B7000002008BD048D0020024BA0F2A462C3E9DE
:107B8000002070471C8D00200020F4F737B800BF9C
:107B900008B5F4F7EFF9014B986008BD1C8D002083
:107BA000684620F007018D4601B502F0A9FCE9F70F
:107BB000DFFFBDE801408546704700BF08B50A4BAE
:107BC000D3F840213AB90120F2F738FDBDE808406A
:107BD0000220F2F733BD0020C3F84001D3F8403152
:107BE000F4F718F8EFE700BF00B000400020F2F70C
:107BF00025BD00BF70B508BB214B224C1A782178F7
:107C00009142D3B20FD0204A2049214840F2344358
:107C100010F03FFE002383F31188BFF36F8F03231F
:107C2000184602DF23781B4E1B4D32780133237038
:107C30002B78934212D033782B7070BD124A1749BB
:107C4000134840F22F4310F024FE002383F31188E1
:107C5000BFF36F8F0323184602DFCDE70A4A1049AE
:107C60000B4840F23A4310F014FE002383F31188CE
:107C7000BFF36F8F0323184602DF33782B7070BD7C
:107C8000A0A80020A1A8002060720600A87206002B
:107C90003C630600A5A80020A4A80020686906008F
:107CA000C472060070B51A4E1A4D33782A789A427B
:107CB00004460BD033782B70174E184D1CB933780F
:107CC0002A789A4212D033782B7070BD144A154925
:107CD000154840F21B4310F0DCFD002383F31188AC
:107CE000BFF36F8F0323184602DFE3E70C4A0F4907
:107CF0000D4840F2264310F0CCFD84F31188BFF309
:107D00006F8F0323184602DF33782B7070BD00BFDE
:107D1000A3A80020A2A80020A0A80020A1A80020BD
:107D200060720600EC7206003C63060014730600E5
:107D300002F0FABC38B5194C194D237829788B42DA
:107D40001AD0184B21700022059999600120114624
:107D5000F2F716FC00B938BD134A1449144840F232
:107D6000B34310F096FD002383F31188BFF36F8FA8
:107D70000323184602DF38BD0B4A0E490C4840F277
:107D8000AD4310F086FD002383F31188BFF36F8F9E
:107D90000323184602DF2978D3E700BFA0A80020FC
:107DA000A1A80020880A0020607206001065060065
:107DB0003C630600307306002DE9F04F494A4A4FF4
:107DC00012783B789A428BB00C4605D1474B484A13
:107DD0001B7812789A4271D0E368D4F800801B684F
:107DE000DFF83091DD68D3E9012191422CBFC5EB6A
:107DF0000105C5EB020508EB050626F07F46D9F81C
:107E000000103046F4F7B8F810F4000002D10BB0BF
:107E1000BDE8F08F374A384B11781A78914232D149
:107E2000324A33491278097891422CD01A780132BB
:107E30004FF0000AD2B21A705146304BCDF800A074
:107E400052465046F3F7ACFF10F0FD0F1BD02C4A02
:107E50002C492D4840F29F4310F01BFD8AF31188F6
:107E6000BFF36F8F4FF0030B584602DF244A2549BA
:107E7000254840F2674310F00CFD8AF31188BFF3E8
:107E80006F8F584602DFE368C9F8006006931F4B06
:107E90000022CDE907321E4BCDE90222CDE90423B1
:107EA000CDE900523C780134E4B243461146104615
:107EB0003C70F3F7C9FE0BB0BDE8F08FC368D0F893
:107EC00000801A68DFF84C90D568D2E9011088422A
:107ED0002CBFC5EB0005C5EB010508EB050626F038
:107EE0007F46D1E7A4A80020A5A80020A0A80020D4
:107EF000A1A80020A2A80020A3A80020A57C04001F
:107F000060720600386706003C630600F57B0400DB
:107F1000357D0400348D0020804A9368002B7ED08C
:107F20002DE9F04F136889B082467BB14FF0FF33E3
:107F30008DF80A3003E0067F16F0030609D00DF134
:107F40000A00F5F773F905460028F4D109B0BDE839
:107F5000F08FC368534576D00768B146B04602E05B
:107F6000037F990722D00DF10A00F5F75FF9044667
:107F70000028F5D1B8F1000F08BFA8464146404699
:107F8000FFF71AFF30F00203E0D0654A6549664802
:107F900040F2FA4310F07DFC84F31188BFF36F8F39
:107FA0000323184602DF09B0BDE8F08FC368B9F1BA
:107FB000000F0ED0534527D0D4F800B039465846AC
:107FC000F3F7DAFF00F4000000281CBFA0465F466C
:107FD000C9E79A458146EFD12B7FE96843F0020358
:107FE0002B772846AB699847FF238DF80A3003E0CA
:107FF000037F13F0030413D00DF10A00F5F716F90F
:1080000005460028F4D1A1E72B7FE96843F002037D
:108010002B772846AB699847A14587D1E4E770479D
:10802000C36853450FD03E4A40493F4840F21D5374
:1080300010F02FFC84F31188BFF36F8F03231846D1
:1080400002DFD5F80CA0354A50465368116803AAE0
:1080500098470446F0B110F1100F3FF477AF2F4A64
:10806000002093681168984714F10B0F1BD08C34D3
:108070003FF46CAF2A4A2E492B4840F25A5310F075
:1080800008FC002383F31188BFF36F8F0323184686
:1080900002DF5BE72B7FAA69E96843F002032B77D5
:1080A0002846904752E70224FF258DF80B500DF12A
:1080B0000B00F5F7BBF898B1037F9A07F7D40EB918
:1080C000DB07F4D4154AC36811689942EFD1037FE6
:1080D00043F002030377836998478DF80B50E6E776
:1080E0000126B44201D03446DFE70C4D039B2868DB
:1080F00000940021CDE9041106910790296004AA9B
:10810000D5E90101F5F74AF8044600287FF41EAFCF
:10811000034A084904484FF4AB633BE7388D00201D
:1081200060720600386706003C6306004C73060068
:10813000787306007073060010B5154819F015FB2A
:1081400010B3144B00249C6000F04CFB00281ADB99
:10815000214601202246E9F73FFF22460B2001215C
:10816000E9F73AFF224621461820E9F735FF0120BA
:10817000E9F702FF0B20E9F7FFFE1820E9F7FCFE04
:1081800002F0EEF9204610BD6FF0120010BD00BFE6
:10819000F42B0600388D002008B500F033FB0028D2
:1081A00009DB0120E9F7F6FE0B20E9F7F3FE1820C2
:1081B000E9F7F0FE002008BD034603488AB21946DD
:1081C00083681B68184700BFF42B060030B4074DC6
:1081D000AB685C6834B18AB2A446014600232846E5
:1081E00030BC60476FF0850030BC7047F42B060050
:1081F00030B4074DAB685C6834B18AB2A44601461E
:108200000023284630BC60476FF0850030BC7047C3
:10821000F42B06000020704730B5254B83B0044690
:1082200070B31A68824225D0FF250DF107008DF842
:108230000750F4F7FBFF38B91AE0A1420AD00DF15C
:108240000700F4F7F3FF98B1037F9B07F7D4C168E9
:10825000002CF2D1037F826943F002030377904739
:108260000DF107008DF80750F4F7E0FF0028EBD17F
:1082700003B030BD9D6865B101460020A847D3E733
:108280009D68002DD0D019680029CDD00020A847C6
:10829000CAE7084A0849094840F2BF1310F0F9FA42
:1082A00085F31188BFF36F8F0323184602DFBBE706
:1082B000388D002060720600847306003C6306005F
:1082C0000020704738B50446F4F7A2FF64B10546B4
:1082D00020B324680020F4F7C3FF2046F5F766F8C2
:1082E000044658B1002038BD1B4DAC682CB32C6837
:1082F0000023AB602B60002CEBD1EBE7174A184949
:1083000018484FF40C7310F0C4FA84F31188BFF3CB
:108310006F8F0323184602DF002038BD0F4A124931
:10832000104840F2F91310F0B4FA85F31188BFF346
:108330006F8F0323184602DFCBE7084A0B49094831
:108340004FF4FF7310F0A5FA84F31188BFF36F8F19
:108350000323184602DFCAE7388D0020607206004A
:10836000B07306003C6306008C7306009C73060025
:10837000054A136892681B1A18BF0123B2FA82F0EB
:108380000B704009704700BF388D0020D0E90132E2
:10839000002A04DB9A4238BF1A4610467047C0686C
:1083A000984238BF1846704710B51446F3F7E2FDFF
:1083B0002146F3F7E1FD034610F4000004D1033336
:1083C000092B88BF184610BD002010BD262810B507
:1083D00004461CD0272812D0252808D00A281ED9E8
:1083E000272821D80330400002F008F902E00220DB
:1083F00002F004F92046BDE8104002F005B9502013
:1084000002F0FCF82046BDE8104002F0FDB81A204A
:1084100002F0F4F82046BDE8104002F0F5B8023052
:10842000400002F0EBF8E5E7074A0849084840F247
:10843000A22310F02EFA002383F31188BFF36F8F6D
:108440000323184602DFD5E76072060014640600B5
:108450003C63060002F036B902F03CB908B502F000
:1084600063F9BDE8084002F0DDBA00BF08B502F0CC
:108470005BF902F0D7FABDE8084002F07BBA00BF12
:1084800008B502F051F902F0CDFA02F0B1FA02F0AB
:10849000E5FCBDE8084002F06DBA00BF08B5014632
:1084A000184802F03DF802F075F960B102F080FB67
:1084B00002F08EF800F0EAF900280EDBBDE8084073
:1084C0000020FFF7FFBE02F019F902F071FB02F085
:1084D0007FF800F0DBF90028F0DA0B4A0B490C4872
:1084E00040F21E3310F0D5F9002383F31188BFF357
:1084F0006F8F0323184602DF0020BDE80840FFF716
:10850000E1BE00BF317D040060720600B873060052
:108510003C63060010B5044602F006F902F082FA48
:1085200002F066FA02F09AFC02F024FA2046BDE856
:108530001040FFF7B3BF00BF08B50146144801F073
:10854000EFFF02F027F940B100F0A0F900280ADBA4
:10855000BDE808400020FFF7B5BE02F0CFF800F0FC
:1085600095F90028F4DA0B4A0B490C4840F22D33F8
:1085700010F08FF9002383F31188BFF36F8F03236B
:10858000184602DF0020BDE80840FFF79BBE00BF91
:10859000317D040060720600B87306003C6306007B
:1085A0002DE9F04F89B01F46FF239DF848B08DF8A4
:1085B0001F3080468946924602E0037F9C0722D006
:1085C0000DF11F00F4F732FE0028F6D1684DAB68BC
:1085D0000446002B40F08180FB682B60C5E90189CF
:1085E0003846D047054603E0037F13F0030356D017
:1085F0000DF11F00F4F71AFE01460028F4D12846B9
:1086000009B0BDE8F08F05683E689DF81F300593FE
:10861000044629463046F3F7AFFCBBF1000F01D109
:10862000010254D4BC4214BF2646002602E0027F59
:10863000920724D00DF11F00F4F7F8FD0028F6D1C1
:108640004B4D059B8DF81F30AB68002B46D1002E9B
:1086500044D1002CC0D0BBF1000F66D1BC42BBD0CE
:10866000444A4549454840F2B23310F012F98BF3C1
:108670001188BFF36F8F0323184602DFACE702684F
:108680000490294610460392F3F776FC039A049B64
:1086900000F4000000281CBF15461E46CAE71C4611
:1086A000FFF78AFB30F00203A9D0324A344933483D
:1086B00040F2D23310F0EDF884F31188BFF36F8FDE
:1086C0000323184602DF284609B0BDE8F08FFF23D8
:1086D000354605935C465E46ACE726464946CDF8EE
:1086E00000B053463A464046F4F758FD014638B3C9
:1086F000BBF1000F16D1002E35D03046FFF75CFBE2
:1087000030F002030ED01B4A1D491C4840F28D3345
:1087100010F0BFF8002383F31188BFF36F8F03239A
:10872000184602DF6FF0760569E7CDF800B05346D2
:108730003A4649464046F4F731FD06460028F1D155
:108740000C4A10490D4840F27B3310F0A2F800218A
:1087500081F31188BFF36F8F0323184602DFBBF14B
:10876000000FC8D0DEE7002C14BF26460E46C4E733
:10877000388D002060720600CC7306003C63060052
:1087800038670600C473060001F110000BF04ABE02
:1087900070B505468AB00C460122002104A819F0E4
:1087A000D7F90F4B01930026032369462846039609
:1087B000029310F07CF9002810DB4FF4004331469F
:1087C00040F2E730E4FB03014FF47A720023DEF756
:1087D000E7FC02460B4604A80BF05EFE0AB070BD33
:1087E0008987040010B5012004F054FD04490023DA
:1087F00001244B608C60CB60BDE8104010F057B98D
:10880000488D002010B5012004F044FD04490446C1
:1088100010F0C8F92046BDE8104010F09FB900BF25
:10882000488D00200C4B1A780AB10020704710B513
:108830000120187004F02EFD4FF4FA710446FFF782
:10884000A7FF38B9204610F089F902280CBF002094
:108850006FF0040010BD00BFA6A8002008B50A4BA9
:10886000BFF35B8F53E8002F511C43E80010002832
:10887000F8D1BFF35B8F002A01DD002008BD04F0B2
:1088800011FD002008BD00BF448D002008B50C4B31
:108890001A68002A11DDBFF35B8F53E8002F511EC9
:1088A00043E800100028F8D1BFF35B8F012A01DDF7
:1088B000002008BD04F00CFDFAE76FF0770008BD5A
:1088C000448D00200520704732207047014B33F85B
:1088D000100070470074060010B50446FFF7D0FD85
:1088E00002F07CF82046BDE81040FFF7D7BD00BF7E
:1088F00030B583B00546FFF7B1FD962002F0A2F82F
:10890000002318461A46194601F0B4FF0120F4F777
:10891000E9FB0446002845D004F11C0001F0C6FE26
:1089200001F018FFE0B92748294601F0F9FDFFF7EB
:1089300079F860BB02F090F900210446084601F086
:10894000CBFE00210546084601F0C2FE2C44CB3484
:10895000201A02F039F903B0BDE8304002F06EB9D8
:10896000194A1A491A4840F29C430FF092FF00231B
:1089700083F31188BFF36F8F0323184602DF11487A
:10898000294601F0CDFDFFF74DF80028D2D00DF1BA
:108990000700FEF7AFFE002201469DF8070002F037
:1089A0001BFAC7E7084A0B4909484FF493630FF0D5
:1089B00070FF84F31188BFF36F8F0323184602DF23
:1089C000AAE700BF7D9004001074060064740600DE
:1089D0003C6306005C740600814208B50ED00B7A39
:1089E000DB0702D46FF08B0008BD134B1360FFF759
:1089F00035FF00280FDB6FF00A0008BD0B7B01EB91
:108A000083010B691B7803F00F03012B14BF6FF078
:108A10008B00002008BD094A09490A4840F2514329
:108A20000FF037FF002383F31188BFF36F8F032309
:108A3000184602DFDFE700BF858E040010740600D1
:108A4000B87306003C63060010B50446FFF718FD36
:108A500001F0C4FF2046FFF721FD0C4B002101224D
:108A600008469C60F1F78CFD00B910BD084A094921
:108A7000094840F2B1530FF00CFF002383F3118833
:108A8000BFF36F8F0323184602DF10BD980A002042
:108A900010740600106506003C63060010B5E8B1CE
:108AA0000C46FFF7F3FE002804DB2046BDE810402B
:108AB000FFF708BC0D4A0E490E4840F277430FF00D
:108AC000E8FE002383F31188BFF36F8F032318465A
:108AD00002DF2046BDE81040FFF7F4BB064801F076
:108AE0001FFDBDE8104001F009BE00BF1074060074
:108AF000B87306003C630600D9880400084B0422C2
:108B000010B598182821F1F741FC064B00249C81F0
:108B100002222146044819F01BF8204610BD00BF70
:108B2000888D0020788D0020608D0020084B042265
:108B300010B598182821F1F729FC064B00249C81D8
:108B400002222146044819F003F8204610BD00BF58
:108B5000888D0020788D0020608D002010B504469F
:108B60000548F1F739FC20B10346002058706360D6
:108B700010BD6FF00B0010BD888D00200346002053
:108B8000187058709860704738B52B4D2B7B6A7BF6
:108B90009A4202D055F8234034B92848F1F71CFC1A
:108BA000044680B1204638BD25480BF09BFC2B7B4A
:108BB0006A7B9A42F6D00133DBB2032B08BF002355
:108BC0002B73204638BD1E484FF4203200230BF093
:108BD00063FC90B91A480BF085FC2A7B6B7B9342AF
:108BE0001AD0531CDBB255F82220032B08BF0023F8
:108BF0002B738AB11446204638BD124A12491348D5
:108C00004FF4DB730FF045FE84F31188BFF36F8FD1
:108C10000323184602DFDDE70A4A0D490B4840F2FC
:108C2000BB130FF036FE002383F31188BFF36F8F61
:108C30000323184602DFB5E7788D0020888D0020D9
:108C4000608D002010740600F06306003C6306008F
:108C50007874060010B5027843789A4214D0D4B2E2
:108C600044700278944204D05A1C4370D3B2022B51
:108C70000ED01A4600EB82040B70606800B110BD84
:108C8000FFF782FF606010BD0133DBB2022BF0D131
:108C900000221346EEE700BFF8B50278437893420E
:108CA000044625D0D5B2154A00EB8507507B92F8D3
:108CB0000CC0431CDBB2032B08BF00239C450E46AF
:108CC000796806D042F8201053730D480BF0AAFBC8
:108CD00000216B1CDBB2022B0ABF00221A4613468E
:108CE00079602370012104EB820431706068F8BD63
:108CF0001A4604EB82046068F8BD00BF788D00203E
:108D0000608D002070B5057AC5F302150446002D6C
:108D100095FAA5F0B0FA80F008BF4FF0FF3082B0AE
:108D200000F1010646D0227A6B1E2B4063F3061237
:108D300006F124002272FFF749FB00230DF1070121
:108D400004F10C008DF80730FFF7A6FF0546002858
:108D500042D0284601F0B0FC2B7803F00F03022B21
:108D60001FD00DF1070104F11800FFF795FF06462B
:108D7000002840D09DF8073063B92146254801F00E
:108D8000CFFB962001F05EFE002002B0BDE87040EF
:108D900001F028BDD5F80230C6F80230EB88F38028
:108DA000EBE71D48214601F0BBFB02B0BDE8704077
:108DB00001F0C0BD194A1A491A4840F2BC530FF0DD
:108DC00068FD85F31188BFF36F8F0323184602DF18
:108DD000257AC5F30215A6E7104A1349114840F257
:108DE000C5530FF056FD85F31188BFF36F8F032332
:108DF000184602DFADE7094A0C490A4840F2CF5352
:108E00000FF047FD86F31188BFF36F8F03231846D9
:108E100002DFAFE7F1880400318E04001074060011
:108E20007C7406003C6306008474060088740600A7
:108E300010B5044601F0ACFCFFF722FB237A03F0E7
:108E40007102012A05D1C3F3420262F306132372B1
:108E5000DBB213F0700F05D0636853B193F82C3078
:108E60009B0706D501F0BAFD2046BDE81040FFF78C
:108E700015BB2046FFF746FF01F03AFCBDE8104065
:108E800001F0DCBE70B5C36804461E68F3F772F8E3
:108E900005463046FFF77AFA00232D1AC4E900533D
:108EA00023812046BDE87040E0F73EBD10B582B09A
:108EB0000446FFF7D3FC00281CDB164A1649174866
:108EC00000940023F4F7A0FA08B1773001D102B082
:108ED00010BD134A1349144840F2AF230FF0D9FCD8
:108EE000002383F31188BFF36F8F0323184602DF3B
:108EF00002B010BD0A4A0D490B484FF42B730FF016
:108F0000C8FC002383F31188BFF36F8F0323184637
:108F100002DFD2E7299902009D8A0400D989040062
:108F200010740600646506003C630600B873060012
:108F30002DE9F0410D46417A9DF818801746CA0781
:108F40001E4609D5B8F1000F17D02B78B7EBD31F09
:108F50001AD00020BDE8F0812946044611F8020B22
:108F6000079AC0F38010FEF7FFFC0028EDD1637A6A
:108F7000DB07EED5B8F1000FE7D1079B1878FEF7B5
:108F80008DFC0028E1D1E4E7062205F10801304616
:108F900019F0C8FAB0FA80F04009BDE8F08100BFCE
:108FA0002DE9F84F1F460B9B9DF828909DF83050F7
:108FB00006460C4692466BB9437A03F00303012B35
:108FC0002CD9002D3AD02378BAEBD31F4AD00020F9
:108FD000BDE8F88F88460D9A18F8020BC0F3801090
:108FE0004146FEF7C1FC0028F2D094F800B0BAEB7D
:108FF000DB1FECD104F108013846062219F092FA81
:109000000028E4D10D9B1B78FF2B1ED0B27AFF2ADB
:109010001BD0981AB0FA80F04009D9E711F8020B7A
:109020000D9AC0F38010FEF79FFC0028CBD1737A15
:1090300003F00303012BCAD9002DC4D10D9B18786E
:10904000FEF72CFC0028BED1C1E7CBF3801BCB453B
:10905000BDD10B980622414619F064FAB0FA80F0AF
:109060004009B5E7062204F10801384619F05AFA1A
:10907000B0FA80F04009BDE8F88F00BF2DE9F04755
:109080008AB0044601F07AFBC0B250B9FFF7F8F994
:109090007D48214601F044FA0AB0BDE8F04701F0EE
:1090A0002DBB01F08DFB054601F0ACFC824601F0C2
:1090B000B3FC01F0EBFE064601F0CAFEEDB28046BD
:1090C00001F062FCFFF7DCF9002DE1D016F0FF069D
:1090D0007AD1FF2301208DF82730F4F703F80546F5
:1090E000002800F0A480237B95F81C8004EB830308
:1090F00008F00F081F693B4605F11C0113F8020B2D
:1091000000F00F0CBCF1010F0CBF07F108094FF084
:109110000009B8F1030FC0F380125FFA8AFA4FEA30
:10912000D01759D0B8F1050FB2D1687F2228AFD13E
:1091300060680028ACD090F82C5015F00205A7D13B
:109140000DF127000390CDE9019A00972046FFF723
:1091500027FF00289CD00420F3F7C4FF002897D0F5
:109160004A48214601F0DCF901F0C8FA01F0F2FAB0
:1091700000284DD1626892F82C3043F0010382F848
:109180002C30F3F7C9FF17224FF6FF730271C3802B
:109190008460054601F004FD286101F057FD0021BF
:1091A0000446084601F098FA241A6C6196B19DF8BD
:1091B00027306B76F3F7B0FF2946E8602868F3F7AD
:1091C000D5FF0AB0BDE8F0875FFA88F0FEF70EFB26
:1091D00003467FE7FF23ECE7687F0C287FF458AF56
:1091E000B9F1000F7FF454AF0DF127000190CDF8D5
:1091F00000A02046CDE906230591FFF799FE28BB84
:1092000095F81C80079BDDE9051208F00F0889E737
:109210001F4A2049204840F25F630FF03AFB85F374
:109220001188BFF36F8F0323184602DFA2E7184AA5
:109230001A49194840F2FF530FF02BFB85F31188B0
:10924000BFF36F8F0323184602DF4CE70E48214619
:1092500001F066F901F06EFB237E04EB8303D8690D
:1092600001F02AFA01F076FA0028AAD0084A094942
:1092700009484FF4C3630FF00CFB89F31188BFF367
:109280006F8F404602DF9CE7318E0400498A04005C
:1092900010740600647406003C6306005C740600EB
:1092A0000021E0F7FDBB00BF30B5044683B0FFF7F7
:1092B000E7F8A37D6FF30003A3759B0602D46368F0
:1092C000002B37D0962001F0BDFB00231A4619462B
:1092D000184601F0CFFA0120F3F704FF0546D0B19C
:1092E00005F11C0001F0E2F9FEF79CFB40B901F02A
:1092F00031FB1248214603B0BDE8304001F010B9FF
:109300000DF10700FEF7F6F9002201469DF807006F
:1093100001F062FDEBE70A4A0A490B4840F25F336D
:109320000FF0B7FA85F31188BFF36F8F0323184648
:1093300002DFD5E701F0FEFACDE700BF119E020083
:10934000CC7406005C7406003C63060010B504464D
:10935000FFF796F801F042FB2046BDE81040FFF70A
:109360009DB800BF08B5FFF79FFF01F0BBF9BDE84E
:10937000084001F063BC00BF70B582B00546FFF73E
:109380006DF801F0D7FA0120F3F7ACFE044600288F
:1093900041D004F11C0001F089F901F0DBF9E0B9DA
:1093A000FEF740FB60BB01F057FC00210446084675
:1093B00001F092F900210646084601F089F934448B
:1093C000CB34201A01F000FC01F0C4FA19482946F8
:1093D00002B0BDE8704001F0A3B8174A1749184819
:1093E00040F21A330FF055FA002383F31188BFF3CC
:1093F0006F8F0323184602DFFEF714FB0028D2D03C
:109400000DF10700FEF776F9002201469DF80700EE
:1094100001F0E2FCC7E7084A0A49094840F216335E
:109420000FF037FA84F31188BFF36F8F03231846C8
:1094300002DFAEE7119E0200CC74060064740600E1
:109440003C6306005C74060070B5C36804461E6881
:10945000F2F790FD05463046FEF798FF00232D1ADF
:10946000C4E90053238120460121BDE87040E0F7A4
:1094700017BB00BF00B9704708B5084A084909483A
:1094800040F28F230FF005FA002383F31188BFF316
:109490006F8F0323184602DF08BD00BFCC7406009F
:1094A000686906003C6306004B6823B14B6893F87B
:1094B0002C30DB0710D4814210B51ED04C6A14B199
:1094C0006FF08B0010BD104B1360FFF7C7F9002839
:1094D00004DB6FF00A0010BD002070470B4A0C49F6
:1094E0000C484FF40D730FF0D4F984F31188BFF3D7
:1094F0006F8F0323184602DFEBE7074801F010F8EF
:1095000001F0FCF8002010BD49940400CC74060062
:10951000B87306003C630600719D020008B50D4B50
:1095200003989860002211460120F1F729F800B94C
:1095300008BD094A09490A484FF422730FF0A9F9F6
:10954000002383F31188BFF36F8F0323184602DFD4
:1095500008BD00BFA80A0020CC74060010650600F4
:109560003C63060030B5044685B0FEF789FF0DF177
:109570000F012046FEF7FCFEC0B9054601F02EFAA9
:10958000A27D0095C2F34103013303F00303032BD3
:1095900008BF002363F34202A2752B46032229462B
:1095A0002846F2F7FDFB2046FEF778FF05B030BDF8
:1095B0002DE9F8439DF82090164680460D464A4610
:1095C000194630461F46FEF709FA0446A0B91DB1F8
:1095D00098F817309B071CD498F81650C5F38013E1
:1095E000B3420CD0C5F3C105012D05D926B17B7955
:1095F00003F0C003402B12D02046BDE8F88308F1E9
:1096000019000622394618F08DFF0028EAD10124FE
:10961000F2E74846FEF754F80028EDD1DCE7099B55
:10962000002BF4D0099A01231370F0E710B5E8B1CC
:109630000C46FFF72BF9002804DB2046BDE810405C
:10964000FEF740BE0D4A0E490E484FF41E730FF050
:1096500020F9002383F31188BFF36F8F032318468B
:1096600002DF2046BDE81040FEF72CBE064800F0A1
:1096700057FFBDE8104001F041B800BFCC740600B0
:10968000B87306003C63060065950400002070472F
:109690000020704710B582B00446FFF7DFF80028BD
:1096A0001BDB154A1549164800940023F3F7ACFE5E
:1096B00008B1773001D102B010BD124A12491348E7
:1096C00083230FF0E6F8002383F31188BFF36F8F35
:1096D0000323184602DF02B010BD0A4A0C490B48AA
:1096E00080230FF0D6F8002383F31188BFF36F8F28
:1096F0000323184602DFD4E7A19204002D9604004C
:10970000A9940400CC740600646506003C6306005E
:10971000B873060090F816C01CF0080F02D132B9D9
:1097200001207047002AFBD11846FEF7B7B810B5E4
:10973000044608461946FEF7E3F818B9A07DC0F3C1
:10974000C00010BD012010BD2DE9F04F83B01546BB
:109750009DF8382046680C4692019DF830109846D6
:1097600002F04002237842F0250242EAC11203F0DF
:1097700010031A4322210F9B227061701A68C4F8EB
:1097800002209B88E3800D9B1968A1609B88A381C0
:109790007368C4F80E303389B17A2175012263826F
:1097A0006275B6F81690824601F050FA0746002D11
:1097B0003DD005F0030B0BF12B0B4FEACB0BC5F3A0
:1097C00040032BFA03FB4146284600F085FF07F5CE
:1097D000AF67DAF810305F448046A7EB000B4BBB55
:1097E000109AC2F800B0A375E375F38A2383338B14
:1097F0006383BAF81430A383D6F82230C4F81E303D
:1098000096F8263084F8223096F8282094F82330F1
:1098100062F3040384F82330FFF754F894F82330FC
:1098200060F3471384F8233003B0BDE8F08F4FF4A2
:10983000B07BC8E740F2E24303FB09F901F0B6F957
:10984000DAF8102001920346012128461D4600F057
:1098500041FF019A2B181344002B01DB5B4501D219
:109860004B44F9E7109AA8EB07081360044A4344F5
:10987000A2FB0323627D9B0A0132E3826275B4E797
:109880005917B7D1F8B50546FEF7FAFDF3F780FD95
:10989000044600283FD0274B274A1B781178A2792D
:1098A00026485B0001F0010103F002030B4322F0A4
:1098B00003021343224A01881278A18001202070FC
:1098C000A371227219B195F92730002B04DB2846C9
:1098D000BDE8F840FEF7E2BD95F82C30C3F3021363
:1098E000022B16D0042B0CBF4FF4BC77282701F0B5
:1098F00099F9064601F09CF9361AE660EA6BC4E96C
:1099000004270023EB636B642846BDE8F840FEF7AC
:10991000C5BD1827EBE70B4A0B490C484FF4787389
:109920000EF0B7FF84F31188BFF36F8F032318463F
:1099300002DFB0E7A8A80020A9A8002030A60020D8
:10994000A7A800202C750600AC6B06003C6306003F
:1099500008B500F03FFF02780346012161F30102E0
:109960001A70002008BD00BF00207047704700BF7C
:1099700030B4074A074D084C0848094900231380B2
:10998000084A2B80237003700B70137030BC704733
:1099900030A6002032A60020A9A80020AAA80020F6
:1099A000A8A80020A7A8002091F82C305B070AD4B3
:1099B00081420AD1064B1B88002B14BF6FF08B002D
:1099C0006FF00F007047002070476FF08B007047FA
:1099D00030A6002091F82C305B070AD481420AD1CE
:1099E000064B1B88002B14BF6FF08B006FF00F002D
:1099F0007047002070476FF08B00704732A6002040
:109A000038B50D46002842D00446FEF73FFF002837
:109A100051DBE2682389518B938301330B4492F924
:109A200027105383002913DBF3F7B2FC0446F8B187
:109A3000A37923F00303002243F0020301212170E4
:109A4000A280A37122722846BDE83840FEF73ABCD6
:109A50002089136B916B00FB03330B44516B8B42DA
:109A600028BF0B469363F3F793FC04460028DFD12D
:109A7000184A1949194840F207130EF00AFF84F3F7
:109A80001188BFF36F8F0323184602DFD0E791F9E7
:109A90002730002B07DB2946114800F041FDBDE8C7
:109AA000384000F02BBE0F4B1B88002BF3D10E4B20
:109AB00001221A70EFE7074A0C490848EE230EF01E
:109AC000E8FE002383F31188BFF36F8F032318464A
:109AD00002DF9EE72C750600AC6B06003C630600B7
:109AE0008598040032A60020A8A80020B8730600BC
:109AF000F8B506460120F3F7F5FA044670B30021E5
:109B0000617796F86750B6F85A7005F00705284651
:109B100000F060FD96F87E301B0704F11C044FEA4C
:109B2000850210D5391D42F00102C9B2082000F0AB
:109B300093FD2246294606F17F0001F093F8BDE827
:109B4000F84000F0B3BDF9B2082042F0010200F085
:109B500083FD2046BDE8F84000F0A8BD074A08494B
:109B6000084840F213330EF094FE84F31188BFF3DB
:109B70006F8F0323184602DFC1E700BF2C75060074
:109B80005C7406003C63060038B50446FEF766FCCC
:109B90002B4AA08913880133138000F053FF94F8F7
:109BA000662094F86700C2F3C00300F0070002F0DB
:109BB0000702002100F05EFE2046FFF799FF00F04B
:109BC000D3FD60BB01F048F8258A034694F867008E
:109BD0000D35012100F007001D4400F07DFD94F8D3
:109BE000673003F00703022B054416D0042B0CBF8B
:109BF0004FF4BC73282394F86600C0F3C00100F052
:109C000007001D4400F064FD281A00F0DDFF214626
:109C10000C48BDE8384000F083BC1823EBE70A4A43
:109C20000A490B4840F2AF230EF033FE002383F3C2
:109C30001188BFF36F8F0323184602DFC2E700BF0E
:109C400032A60020699D04002C7506007875060078
:109C50003C630600F8B50F4690F86610B0F85860FF
:109C600001F007040546C1F3C001204600F0B2FC34
:109C700095F87E30A200DB0642F00102F1B20DD56C
:109C80000431C9B2082000F0E7FC394605F1A00014
:109C900001F036F8BDE8F84000F00EBD082000F0F5
:109CA000DBFC3846BDE8F84000F006BDF0B50546DF
:109CB00083B001AA806E0F46E96EF0F7F3FB95F8CA
:109CC0007E305A07064638D448B3019C95F87D305B
:109CD00095F87C2004341C4412B9627885F87C2005
:109CE00033B12378012262F30103237095F87D30AC
:109CF00095F87C20D31A63702846F6F739FF63780D
:109D000083422AD960700121237803F00F030022D7
:109D100043EA01132370A2703C6003B0F0BD43F02E
:109D2000040385F87E3000F055FD044623786FF378
:109D3000041323703C6003B0F0BD43F0040385F8C6
:109D40007E3000F047FD0446002EEFD0037843F04C
:109D5000100303703C6003B0F0BD3268EB6E9A42B2
:109D6000D1D10021D0E700BF2DE9F04383B00446F4
:109D700000F004FDC0B250B9FEF778FBBC482146A4
:109D800000F0CEFB03B0BDE8F04300F0B7BC00F03C
:109D900017FDC5B200F0F8FDFEF768FBB54A138861
:109DA000012003441380F3F79DF90746002800F0D3
:109DB0000381002D4DD1B04A1378002B40F0C180B3
:109DC000012301A920461370FFF770FF4FF0000830
:109DD000019E4546E08900F035FE94F8670000F0EA
:109DE000070000F0FFFCA548214600F099FB00F0B9
:109DF00025FF94F87E20337862F3C303337094F820
:109E00007E303278C3F3400363F38202327031460E
:109E10002046FFF71FFF00F0A7FC002840F0048158
:109E200000F000FF00287FD0002D00F08480A08A81
:109E30004FF6FF73984200F009812946F6F7FCFDC2
:109E4000B8F1000F40F09B8003B0BDE8F043F3F79A
:109E500085B994F87E303A7F03F00101C2F38000A7
:109E6000884200F0BB8094F9272081F0010161F362
:109E70000003002A84F87E3005DA94F82C3043F091
:109E8000080384F82C3094F87E3013F0040640F078
:109E90000581D4E91A0101AAF0F704FB0546002860
:109EA00000F01281019B94F87D9003F1040808EB07
:109EB00009035A7872B194F87E30DB060AD5D4F8DB
:109EC000B0300133C4F8B030D4F8B43043F10003FB
:109ED000C4F8B43094F87C304A44D2B29A42C0F00C
:109EE000F98000F02581664A6649674840F26D4373
:109EF0000EF0CFFC002383F31188BFF36F8F032391
:109F0000184602DF002594F92730002BC0F20581A6
:109F10003A7F94F87E30D0065EBF18F8096086F06C
:109F20001006C6F300165BE000F070FE00F074FE51
:109F3000002D7FF47CAFB8F1000F20D103B0BDE855
:109F4000F08303F1FF3894F87E305FFA88F801A9B6
:109F5000204682F80080C3F38009FFF7A7FEB8F11E
:109F6000000F7FF433AF4248214600F0D9FA94F94C
:109F70002730002B12DA00F0DDFC019E39E7F3F701
:109F8000CBF803233B71A38A3868FB803946F3F78B
:109F9000D5F803B0BDE8F043F3F7E0B800F0AEFB4E
:109FA00000F0D8FB002840F0A88094F87E3069F3D8
:109FB000820384F87E3033E7314A344932484FF423
:109FC000AA730EF066FC87F31188BFF36F8F03232B
:109FD000184602DF002D3FF4EEAE3AE70026354684
:109FE000C2F3C002C3F340018A4276D04FF00008AA
:109FF000214A0021C3F38009254B1170204601221C
:10A0000001A91A70FFF752FE002EACD13B7F019ED2
:10A01000DA063FF5DFAE3378DB063FF5DBAE73786B
:10A02000002B7FF4D7AE9EE7154A1A49164840F236
:10A03000E9130EF02EFC002383F31188BFF36F8F1A
:10A040000323184602DFEBE64FF000080C4A1249E2
:10A050000D4840F209230EF01CFC002383F3118805
:10A06000BFF36F8F0323184602DFA08AE5E600BF27
:10A070008598040030A60020AAA80020899B04002F
:10A080002C750600146406003C6306005C74060030
:10A09000A9A8002078750600947506006FF3820366
:10A0A00084F87E3000F096FB94F92730002B0BDB10
:10A0B0003A7F12F0100508D1067894F87E3086F0C9
:10A0C0001006C6F300168BE73A7F94F87E30002620
:10A0D000354685E784F87D2014E70320F3F702F87E
:10A0E00094F87E30002881D083F0020384F87E301B
:10A0F0007B7FB3B994F87E3078E7544A5449554889
:10A100004FF4D6730EF0C5FB002383F31188BFF321
:10A110006F8F0323184602DF47E794F87E303A7FBB
:10A120005EE794F87E30190711D44FF001085FE71D
:10A130000022E06EA4F87C2004F16801F0F7BAF97F
:10A14000019B1B682B60019B1D60019DDBE600F0FD
:10A1500011FE804600286AD000F034FE002854D159
:10A16000D4F88F30D4F89320134304D13B7F03F00D
:10A170000303032B32D0384B3848022221461A7091
:10A1800000F0CEF900F0BAFA00F0E4FA78B900F085
:10A1900049FDE0B1002D3FF4D1AEA08A4FF6FF7328
:10A1A00098423FF451AF2946F6F746FC4CE6274A61
:10A1B0002749284840F265130EF06BFB002383F318
:10A1C0001188BFF36F8F0323184602DFDFE700F02B
:10A1D0001DFD00F021FD002DDFD1AFE600F0FEFAFD
:10A1E0004378272B0146C6D80333DAB207F11C00A7
:10A1F00017F0E6FFD4F88F30013BC4F88F30D4F865
:10A20000933043F1FF33C4F89330D4F88F300133E7
:10A21000C4F88F30D4F8933004F18F0243F1000377
:10A2200053600D4B01221A7094F87E307DE7074A87
:10A230000B4908484FF491630EF02BFB88F311880B
:10A24000BFF36F8F0323184602DF85E72C750600E6
:10A25000647406003C630600A7A8002085980400EB
:10A260008C75060010B582B00446FEF7F7FA002898
:10A270001BDB154A1549164800940023F3F7C4F870
:10A2800008B1773001D102B010BD124A124913480B
:10A2900055230EF0FEFA002383F31188BFF36F8F6E
:10A2A0000323184602DF02B010BD0A4A0C490B48CE
:10A2B0004C230EF0EEFA002383F31188BFF36F8F67
:10A2C0000323184602DFD4E799A30200019A040091
:10A2D000D5990400AC750600646506003C63060071
:10A2E000B873060010B582B00446FEF7B7FA00282E
:10A2F0001BDB154A1549164800940023F3F784F830
:10A3000008B1773001D102B010BD124A124913488A
:10A3100050230EF0BEFA002383F31188BFF36F8F32
:10A320000323184602DF02B010BD0A4A0C490B484D
:10A330004B230EF0AEFA002383F31188BFF36F8F27
:10A340000323184602DFD4E7F9A50200019A0400AE
:10A35000A99904000C760600646506003C630600BB
:10A36000B87306004FF080530246D3F8A4100131B1
:10A3700007D04FF08051D1F8A00010F0010009D1B2
:10A380007047D3F8A8304FF6FF719BB28B42F0D1E3
:10A3900000207047D1F8A4301360D1F8A8301371B1
:10A3A000C3F3072363F03F035371D1F890300133B7
:10A3B0001CD0D1F89430013318D0D1F89830013343
:10A3C00014D0D1F89C30013310D0D1F89030C2F8BD
:10A3D0000630D1F89430C2F80A30D1F89830C2F87B
:10A3E0000E30D1F89C30C2F8123008E00023C2F8D9
:10A3F0000630C2F80A30C2F80E30C2F8123001201E
:10A40000704700BF00234FF08052036043608360B9
:10A41000C360D2F88030013318D0D2F884300133D1
:10A4200014D0D2F88830013310D0D2F88C300133F8
:10A430000CD0D2F880300B60D2F884304B60D2F868
:10A4400088308B60D2F88C30CB60704700230B6073
:10A450004B608B60CB607047054B4FF4803200211E
:10A46000C3F80815C3F84423C3F80423704700BF9A
:10A4700000B00040054B1878421C1A7018B9044B04
:10A4800001221A6070470120704700BFABA800206E
:10A4900000B0004038B50E4D2C784CB1601EC0B2F3
:10A4A000287018B90B4B01225A6038BD012038BD05
:10A4B000094A0A490A4871230EF0EBF984F311881E
:10A4C000BFF36F8F0323184602DF2C78E6E700BF47
:10A4D000ABA8002000B0004068760600B476060005
:10A4E0003C630600014BD3F80405704700B0004000
:10A4F000024B00F5A87043F82010704700B00040F0
:10A50000044BD3F8103123B1034A044B10681B6885
:10A5100018477047001000405491002058910020C7
:10A5200038B5044601200D46E7F734FD084B094ACB
:10A530001C600949094B156010200222C1F8040370
:10A54000C3F88021BDE838400120E7F715BD00BF02
:10A5500058910020549100200010004000E100E0DC
:10A560004FF080434FF0FF320021C3F8002EC3F8B4
:10A57000042EC3F8081EC3F80C2EC3F8101EC3F82F
:10A58000142EC3F8182EC3F81C2EC3F8202EC3F8BF
:10A59000242EC3F8282EC3F82C2EC3F8302EC3F86F
:10A5A000342E704710B50120E7F7F4FC064B07483E
:10A5B00000244FF490514FF41052C0F81845C3F8DE
:10A5C0000018C3F8042810BD00F00140001000403E
:10A5D000704700BF054B02280CBF0421032140F245
:10A5E0000122C3F81015C3F8502670470010004030
:10A5F000014BC3F80C05704700100040014BC3F835
:10A600000805704700100040084B00F07F00C3F8B9
:10A610005405D3F8182522F00072C3F81825D3F892
:10A62000182542F00072C3F818257047001000404A
:10A63000084A00210123C2F82C15C2F83035C3782E
:10A64000C2F824358178038843EA01431B02C2F82B
:10A650001C35704700100040C2F38203A3F10203CF
:10A6600002F00302B3FA83F3013A5B091B06022AE4
:10A6700098BF43F4801300F00F000A4A184340F4D7
:10A680008070C2F81405D2F81805074B0340C2F8D1
:10A690001835D2F81835194341F44031C2F818156D
:10A6A000704700BF001000400000F8FE014BC3F8E7
:10A6B0000405704700100040014BC3F804057047C3
:10A6C0000010004002280CBF28202920704700BF3E
:10A6D000012070472920704702280CBF05200A205E
:10A6E000704700BF014B01225A60704700100040C4
:10A6F000014B01221A60704700100040084A0949C6
:10A7000010B401234FF410640020C2F808455360D0
:10A71000D360C1F800020B615DF8044B704700BFC5
:10A7200000F0014000100040094B0022C3F8002156
:10A73000D3F80011C3F80421D3F80411C3F80C2195
:10A74000D3F80C11C3F81021D3F81031704700BFB3
:10A7500000100040034BD3F80001003818BF01205F
:10A76000704700BF00100040034BD3F804010038CD
:10A7700018BF0120704700BF00100040034BD3F802
:10A780000C01003818BF0120704700BF00100040C6
:10A7900001207047034BD3F85005B0FA80F0400910
:10A7A000704700BF00100040044B40F20312C3F892
:10A7B0003425C3F83805C3F83C1570470010004035
:10A7C000034BD3F80004003818BF0120704700BFC6
:10A7D0000010004000487047549000200048704727
:10A7E000508F0020F0B41D4B1D4D1E4E1E4C1F4FB0
:10A7F0000322C3F800222A78C6F8687502F10C0318
:10A80000DBB2D000DB00910003F1804300F1804017
:10A8100003F5F83300F5F83001F18041C6F86C0516
:10A8200001F5104104EB82041148C3F81045C3F848
:10A830001405D1F840352D2B8ABFD1F840350123BE
:10A840002D3BC1F840350132064B4FF4106102F048
:10A850000102C3F804152A70F0BC704700100040D4
:10A86000ACA8002000F00140409100400C110040D5
:10A87000041000402DE9F041284E294C294FDFF803
:10A88000ACE0DFF8AC800323C6F800322178CEF8C4
:10A89000688501F10C03DBB2DB00CD0003F18043DE
:10A8A00003F5F83305F1804507EB810705F5F83529
:10A8B000CEF86C554FEA810CC3F8107549F6346533
:10A8C000C3F814654AF2B813022A18BF1D460CF1EA
:10A8D000804C42F2B84241F28833022818BF134636
:10A8E0000CF5104C104A2B44A2FB0323DCF8402546
:10A8F000B2EB931F85BF9809DCF8403501231B1A82
:10A90000CCF840350131094B4FF4106201F00101E0
:10A91000C3F804252170BDE8F08100BF001000409D
:10A92000ACA8002040910040D34D621000F00140DF
:10A930000C1100400449054B03204FF41062C1F88C
:10A940000002C3F8082570470010004000F00140E5
:10A9500000207047034AD2F8003243F48873C2F8EB
:10A960000032704700100040014BD3F84805704793
:10A9700000100040034B0022C3F81C21D3F81C3107
:10A98000704700BF00100040034BD3F81C01003893
:10A9900018BF0120704700BF0010004010B44FF0F6
:10A9A000000C4FEA8C0303F1804303F580531468D5
:10A9B000C3F800460CF1010C9488C3F82046BCF1A2
:10A9C000080F02F10602ECD1034B40EA0120C3F864
:10A9D00040065DF8044B704700100040034AD2F86F
:10A9E000403623F0FF03C2F84036704700100040A5
:10A9F000034B0022C3F81421D3F81431704700BF71
:10AA000000100040034BD3F81401003818BF012098
:10AA1000704700BF00100040014BD3F8100470478E
:10AA2000001000400449054B054A4FF48020C1F84E
:10AA30004803C3F80825704700B0004000F001400B
:10AA4000C001700E034B044A1B7803F5A87342F84B
:10AA500023007047ACA8002000900040F0B4A2F59D
:10AA600074232F4DA3F51073AB42044606D902F1AF
:10AA7000E87202F5D432013902F5A572294B2A4851
:10AA80002A4D2B4E0127DF600027C3F80475A0FB79
:10AA900002020427C3F81075900C0227C3F808754A
:10AAA000244AC3F84005C5F848154FF48021C5F87D
:10AAB00044134021C2F84065C2F84435C2F8041579
:10AAC0004CB34FF48013C2F804351B4A0121002413
:10AAD0000423D160C2F80445C2F81035154BC2F802
:10AAE000084511601549C3F850150C32C3F85425B8
:10AAF00002F5AF32124CC3F8584502F5FC7201F56D
:10AB00000041C3F85C2538310832C3F86015C3F83A
:10AB10006425F0BC70474FF40013C2F80435D4E745
:10AB2000BFBDF07F0080004083DE1B4300B00040CB
:10AB300048B1004000F00140009000400C1100407E
:10AB400040910040134A30B40123134C53604FF43A
:10AB50008025D360C2F84035104BC4F84815C4F8BE
:10AB60004453402104F5A474C3F84045C3F8442578
:10AB7000C3F8041530B14FF48012C3F80425012046
:10AB800030BC70474FF40012C3F80425012030BCDC
:10AB9000704700BF0080004000B0004000F001405E
:10ABA000014BD3F84805704700B0004000207047C3
:10ABB0000349044A01234B600B61536013617047E2
:10ABC00000800040009000400449054BC1F8440556
:10ABD0004FF08862C3F80425704700BF0080004032
:10ABE00000F00140054B06480649074AC3F84805EE
:10ABF000C3F84C15C3F80425704700BF00F00140AE
:10AC0000001100404080004080000004014BD3F858
:10AC10004405704700800040014B1860704700BF3A
:10AC20004C8F0020014B1868704700BF4C8F0020EC
:10AC3000014BD3F84005704700800040024B4FF0B5
:10AC40000062C3F80425704700F00140014BD3F8BF
:10AC50004805704700800040014BD3F84805704715
:10AC6000008000401F4B30B40024C3F8004502248C
:10AC7000A142C3F8004505462DD003F580334FF0BF
:10AC80000071194CC3F80415164B1849C3F8044554
:10AC9000D1F818151648174CC9B20439C3F818155D
:10ACA0000021C3F80855C3F80C05C3F81025C3F8F4
:10ACB0001445C3F80012C3F80011D3F80021C3F8FB
:10ACC0000411D3F80421C3F808110122D3F80811A4
:10ACD0001A6030BC7047084B084C4FF00071C3F845
:10ACE0000415D1E700F00040010000010010004011
:10ACF000508F0020408E002000F001400100010133
:10AD000030B4174B00240222C3F80045C3F80025D5
:10AD1000144AC3F80425144AD2F81825D2B20546BD
:10AD2000043AC3F818251148C3F808550122C3F89E
:10AD30000C150F49C3F81005C3F81415C3F8002209
:10AD4000C3F80041D3F80011C3F80441D3F804114B
:10AD5000C3F80841D3F808111A6030BC704700BF2F
:10AD600000F000400000010100100040508F002062
:10AD7000408E002038B5114C0223C4F80433D4F8B7
:10AD8000043163B92025EFF3118085F31288BFF3F6
:10AD90006F8F0EF0AAFDD4F80431002BF3D0074BCF
:10ADA000074A02204FF40041C3F80803C2F880119B
:10ADB000D3F80801B0FA80F0400938BD00F0004037
:10ADC00000E100E0034BD3F80004003818BF012075
:10ADD000704700BF00F00040F0B4194A194BD2F898
:10ADE0000455194E0024013D0327C3F80075C3F82C
:10ADF0000405C3F80815C3F81055C3F81465C3F863
:10AE00000041D3F80011C3F80441D3F80411C3F88A
:10AE100008414021D3F80831C2F86015D2F8003259
:10AE20000A4943F04003C2F80032C2F828414FF407
:10AE30000003D2F82821C1F80435F0BC704700BFE8
:10AE40000010004000F000403C8E002000F0014067
:10AE5000014BD3F80004704700F0004010B4084ADA
:10AE6000084C09490023C2F828314FF40000D2F8F9
:10AE70002821C4F80035C1F808055DF8044B704777
:10AE80000010004000F0004000F0014038B5164BC3
:10AE9000D3F828312BB3154C0123C4F80433D4F86C
:10AEA000003163B92025EFF3118085F31288BFF3D9
:10AEB0006F8F0EF01AFDD4F80031002BF3D00B4B3E
:10AEC0000B4A01204FF40041C3F80803C2F8801177
:10AED000D3F804212AB1D3F80801B0FA80F0400970
:10AEE00038BD002038BD00BF0010004000F0004019
:10AEF00000E100E00139012905D80B200AB1E7F78C
:10AF00003BB8E7F747B808B5074A084908482D2372
:10AF10000DF0BFFC002383F31188BFF36F8F032371
:10AF2000184602DF08BD00BFC076060014640600A4
:10AF30003C63060029B10139012905D80B20E7F748
:10AF40003DB81820E7F73AB808B5084A0849094853
:10AF500041230DF09EFC002383F31188BFF36F8F14
:10AF60000322104602DF184608BD00BFC076060067
:10AF7000146406003C63060088420FD0012807D005
:10AF800002280DD1A1F10100B0FA80F0400970470C
:10AF9000A1F10200B0FA80F040097047012070472B
:10AFA00000207047012908B511D002290FD0A1B1A6
:10AFB0000D4A0E490E487B230DF06BFC002383F3F2
:10AFC0001188BFF36F8F0323184602DF08BD094BBA
:10AFD0004FF40062C3F8002108BD064B4FF08072A9
:10AFE000C3F8002108BD00BFC07606001464060047
:10AFF0003C63060000E100E008B516F0E6FE08BD7F
:10B00000032810B5044604D8124B1C5D9CB12046A1
:10B0100010BD114A1149124829230DF03AFC0023B2
:10B0200083F31188BFF36F8F0323184602DF094BA8
:10B030001C5D002CEBD1084A0A4909482C230DF06D
:10B0400028FC84F31188BFF36F8F0323184602DFB7
:10B05000204610BD90770600107706006077060046
:10B060003C63060080770600013810B51C460428B2
:10B0700063D8DFE800F014221B29030004292CD038
:10B08000304A31493148B8230DF003FC002383F3E3
:10B090001188BFF36F8F0323184602DF10BD042908
:10B0A0002BD0284A284929484C23EDE704291CD0F5
:10B0B000244A254925487A23E6E7032925D0214A51
:10B0C000214922486323DFE703292ED0042924D015
:10B0D0001C4A1D491D48A023D6E71D4B9C60BDE8B6
:10B0E000104002210320EFF74BBA1A4B9C60BDE8D9
:10B0F000104002210120EFF743BA174B9C60BDE8D6
:10B10000104002210020EFF73BBA144B01219C6054
:10B11000BDE810400846EFF733BA114B02219C609E
:10B12000BDE810400846EFF72BBA0E4B9C60BDE817
:10B13000104001210220EFF723BA024A02490348D6
:10B14000BE23A1E710770600146406003C630600E6
:10B15000C80A0020F80A0020180B0020080B002065
:10B16000D80A0020E80A002001460020FFF7C0B9F5
:10B17000124B30B40121044600205960C3F8044545
:10B18000C3F80001C3F80401196005E0D3F80421F5
:10B1900032B9D3F804251AB1D3F80021002AF5D02A
:10B1A0005960D3F80421002AE7D1D3F80455002DC3
:10B1B000E3D0C3F8042530BC704700BF00E0004076
:10B1C00070B5174C0126D4F8045566600E20E6F7DA
:10B1D000E1FED4F8040140B10021C4F80411D5E91E
:10B1E0000E323046BDE870401847D4F8006146B1D1
:10B1F000C4F80001D5E90E3205F12001BDE8704028
:10B200001847084A08490948E4230DF042FB86F331
:10B210001188BFF36F8F0323184602DF70BD00BF94
:10B2200000E0004094770600146406003C630600CA
:10B2300070B58CB00E4615460146102268461C4675
:10B24000EFF7FEF810220DEB02003146EFF7F8F8A9
:10B250006846FFF78DFF25B1102208A92846EFF7B1
:10B26000EFF82CB108AD0FCD20606160A260E36003
:10B270000CB070BD7FB50D4D0D4E4FF0FF324FF04D
:10B28000FF3301A9284608F071FF0028F5D1094CC9
:10B29000B442F2D2236813B1019A934203D1D4E9A4
:10B2A000013101A898470C34F2E700BF9C0F002041
:10B2B00018340600D0330600F0B585B0DDE90C5433
:10B2C00017461E46019023469DF828008DF8080079
:10B2D0002C432A468DF80910ADF80A70039608D061
:10B2E00017F036FB074908580749884204BF002277
:10B2F0001346064801A908F0DBFE00EAE07005B03D
:10B30000F0BD00BF08000000D04500209C0F0020C9
:10B31000054B1B7833B14FF0FF324FF0FF33043051
:10B3200008F086BF704700BFC5A80020034B1B78FC
:10B3300013B1043008F0F4BF704700BFC5A8002067
:10B3400007B501238DF807000DF10702002103481E
:10B3500012F005FF03B05DF804FB00BF242F0600C8
:10B36000020600F07F0312D5082B05D1010700F07B
:10B370000F0306D50E48704710F0780F12D100F079
:10B380000F034C2000EB43100A4B18447047082B66
:10B3900005D1020700F00F0306D50748704710F0EB
:10B3A000780FF6D000207047044800EB4310704738
:10B3B00008930020BC9100202894002028930020AE
:10B3C0000149024816F072BCE4910020C0420020FE
:10B3D0000146014816F0A3BBAC1100200248002230
:10B3E000002308F0EDBF00BFAC11002013B51248D8
:10B3F00000F0FCFE114B98421AD1114805F002FCF6
:10B400000024104805F044FC0F49104800944FF008
:10B41000FF334FF4806209F01FFA0D490B4816F014
:10B42000DAFC0C480C4916F016FC204602B010BDA0
:10B430006FF00400FAE700BF41B604000000AD0B56
:10B44000AC9406002478060080DD0020C042002075
:10B450009E940600E49100205DB7040010B50E49EB
:10B46000BFF35B8F002351E8002F012A03D141E88D
:10B4700000300028F7D1BFF35B8F0CD151F8044C9A
:10B48000143920460DF08EFB783004D12046BDE8FB
:10B4900010400DF063BB10BDDC91002038B50024D6
:10B4A00064F07F00C0B2FFF75BFF013412F010FFC1
:10B4B000082CF5D10E4D0024E0B2FFF751FF0369CF
:10B4C00003B90561013412F003FF082C05F14005B2
:10B4D000F2D1084812F0FCFE074BD3F87C2212B9D7
:10B4E000064AC3F87C22064812F0F2FE002038BD5E
:10B4F0004C98002008930020BC9100204C94002020
:10B500002894002010B5054CFFF768FF20B1416872
:10B51000204616F0DDF9F7E710BD00BF280F002028
:10B5200007B500230E48002201A908F093FD90B151
:10B53000FFF7E8FF0A480022002301A908F08AFD6E
:10B5400038B90198042340600374FFF741FFFFF707
:10B5500037FF002001E00198406003B05DF804FB74
:10B56000280F0020022810B511D8094B1C5CFFF7EA
:10B57000D7FF60B1002202740472FFF729FF054B68
:10B5800093F824301BB1BDE81040FFF719BF10BD80
:10B59000A9940600BC910020F8B587780646384685
:10B5A000FFF7DEFE3B06F578044612D5002D43D1A9
:10B5B000FFF7B6FF034600283ED00122A5770274AC
:10B5C000032202739C60FFF703FFBDE8F840FFF71A
:10B5D000F7BE4DB1012D2FD1FFF7A2FF034658B39F
:10B5E000657705740573EDE7FFF79AFF20B3B2782E
:10B5F000124B12F0800F02F0080111D041B1D3F8C4
:10B60000A836E36001230374022303738460DAE73E
:10B6100002F00F02142101FB0233D3F80836F0E7E1
:10B6200011B1D3F8A837ECE702F00F02142101FBA7
:10B630000233D3F80837E4E7F8BD00BF00700240DA
:10B64000F0B5064689B01422002103A816F0E0FDEB
:10B650003378013B052B21D8DFE803F07A0314147B
:10B660006A1603238DF814300024FFF759FF0346B0
:10B67000A0B1047400F10802DDE9050182E80300CD
:10B6800018461DE00423EDE7B7783846FFF768FE5B
:10B69000837A044623B1013B022B43D909B0F0BDA4
:10B6A0003B06F57813D5002DF8D1FFF739FF034697
:10B6B0000028F3D00122A5770274032202739C6054
:10B6C000FFF786FE09B0BDE8F040FFF779BE55B13F
:10B6D000012DE3D1FFF724FF03460028DED0657774
:10B6E00005740573EBE7FFF71BFF07460028D5D06D
:10B6F0000123037402230373846004F10C01B07806
:10B7000012F050FE134AE168B2F88C328B4206D92F
:10B710005B1AA2F88C3201F0B7F83846D0E7A2F8ED
:10B720008C52FAE7304609B0BDE8F040FFF734BF6D
:10B7300001A801F087F89DF80530052B04D19DF88C
:10B74000043013F0600FA9D0034B059301248CE75C
:10B7500002248AE7BC910020289300202DE9F043C1
:10B76000A64CDFF89C9285B08046FFF737FE07466F
:10B7700010B905B0BDE8F08394F825303A7C3BB9A8
:10B78000002A00F0868079689D4816F0A1F8ECE761
:10B79000042A42D8DFE812F07D00050000011601FE
:10B7A00040013B7BBD68032B37D8DFE803F0023D47
:10B7B0005A5F6E69934B002232607260D3F8801436
:10B7C0003170D3F884147170D3F88814D3F88C04D2
:10B7D00041EA00217180D3F89014D3F8940441EA2F
:10B7E0000021B180D3F89814D3F89C3441EA0323A4
:10B7F000F3800823EB6030687168834B03C3114604
:10B800002B68687A984796F90030002B08DBF3889C
:10B8100033B1A4F88C3201F037F879684846B4E7C0
:10B820000023A4F88C32F8E76B7F002BF5D02B7F38
:10B83000002BF2D000266E774FF0FF3273482E7740
:10B840004FF0FF3312F057FD6B6901936B68CDE940
:10B85000023601A9687A00F01FFD6C4812F04DFD18
:10B86000DBE72B680121687A9847D6E7AB7A6BB99A
:10B87000EB7F5BB965484FF0FF324FF0FF3312F0BA
:10B880003AFD01F007F8614812F037FD2B680221FC
:10B89000E9E73A7A042AC0D8DFE802F059032367BF
:10B8A000730000F02BFC05460028B6D100F066FBC3
:10B8B000BFF35B8F5649012351E8002F002A03D1C3
:10B8C00041E800300028F7D1BFF35B8FA5D141F8E4
:10B8D000085C41F8105CE069636114390DF0E7F829
:10B8E0009BE7002565F07F00C0B2FFF739FD037AC2
:10B8F00013B1407A01F032F90135082DF2D194F8F4
:10B9000054311BB194F8550101F028F90025E8B233
:10B91000FFF726FD037A13B1407A01F01FF90135D4
:10B92000082DF4D194F874321BB194F8750201F02B
:10B9300015F9002000F0C6FB012384F825302368A8
:10B94000002B3FF46AAF00210220984765E70025ED
:10B9500084F8255001F068F8FFF780FD2368002B7C
:10B960003FF45BAF29460420EFE7002B3FF455AFCF
:10B9700000F0CEFB2368002B3FF44FAF00210520E1
:10B98000E3E72268002A3FF448AF002B3FF445AFBD
:10B9900000210620904740E708F110054FF0FF33E3
:10B9A0004FF0FF32284612F0A6FCFFF777FD28463D
:10B9B00012F0A3FC58F8283C002B3FF42EAF0021D6
:10B9C0000120C2E794F874327BB1012584F88952D2
:10B9D00084F88852FFF7A4FD38B10E4A0574057348
:10B9E0008260FFF7F5FCFFF7EBFC58F8283C002BD2
:10B9F0003FF413AF00210A20A7E700BFBC9100204D
:10BA0000280F002000700240C0910020F491002017
:10BA1000DC9100202894002014F0F9FB01F004F8D8
:10BA200000F0A2FAFFF76EFDFFF738FD14F0E8FB17
:10BA3000014800F0DBFBF0E641B6040038B5164DD6
:10BA400095F824402CBB05F1380015F098FF2046EE
:10BA500001F020FC22460121E8612720E6F7BCFA2C
:10BA600014F0CEFBFFF71AFD044610B9012385F848
:10BA700024300A4B1B680BB1FFF7A2FC4FF0804348
:10BA8000D3F83834DB0702D50020FFF76BFD2046E2
:10BA900038BD0024FBE700BFBC910020AC110020A2
:10BAA000074B93F824203AB193F82530002B14BFAC
:10BAB00000206FF0120070476FF01200704700BF57
:10BAC000BC91002038B5104B93F824300446C3B124
:10BAD00005782846FFF744FC10B96FF0150038BD13
:10BAE000457223798372638843602078618810F0FF
:10BAF000080F02D14B1E0B42EFD112F04EFC00207A
:10BB0000EDE76FF01200EAE7BC91002038B5124B68
:10BB100093F824200546CAB193F82530B3B1FFF756
:10BB20001FFC0446A8B1837A012B12D007D9023B2F
:10BB3000012B07D96369A3610020E06038BD00F0E4
:10BB4000AFFEF7E7284600F051FEF3E76FF0120072
:10BB5000F4E76FF01500F1E7BC91002038B50E4B0B
:10BB600093F82420054682B193F825306BB1FFF796
:10BB7000F7FB68B115F008040AD1284600F058FE1A
:10BB8000284601F023F8204638BD6FF01200FBE78D
:10BB90006FF01500F8E700BFBC91002038B50C4BE2
:10BBA00093F8242005460C4662B193F825304BB13A
:10BBB000FFF7D6FB48B144B1284600F01FFE2070C5
:10BBC000002038BD6FF01200FBE76FF01500F8E7BA
:10BBD000BC91002070B5134E96F824300446C3B1D2
:10BBE000FFF7BEFB0546B8B1230705D4204600F099
:10BBF0001FFE204600F0EAFF2B7A83B901232B7247
:10BC000096F825300BB9002070BD204600F0A6FF45
:10BC1000F9E76FF01200F7E76FF01500F4E76FF047
:10BC20007700F1E7BC9100202DE9F043DFF8EC80CC
:10BC30001E4698F8243085B0074689461546002BE5
:10BC400061D098F82530002B5DD003065ED5FFF754
:10BC500087FB0446002859D0037A002B56D04FF0BA
:10BC6000FF334FF0FF3208F1380012F044FBA37F9E
:10BC70004BB108F1380012F040FB6FF00A04204687
:10BC800005B0BDE8F083A37AC5B13BB30123A37728
:10BC90004FF0000801A93846CDE90195CDF80C8098
:10BCA00000F0FAFA1B4B984229D084F81E801EBB84
:10BCB0006FF00404184812F020FBE0E7E27F02B1C5
:10BCC000E577002BE2D100F0F1FD8742DED000F0F5
:10BCD000E1FD114812F011FB0024D0E7B8F80A305A
:10BCE000AB42F0D96268B5FBF2F302FB1353002BB1
:10BCF000E9D10123E377E6E7C6F80080D8E706B18B
:10BD000035600024D6E76FF01204B8E76FF0150431
:10BD1000B5E700BF0000AD0BF4910020BC910020FE
:10BD20002DE9F0411D46204B174693F824200E467E
:10BD3000002A33D093F8253083B3030631D401B9F8
:10BD40007FBBFFF70DFB044658B3037A4BB34FF0AC
:10BD5000FF3316484FF0FF3212F0CDFAE368BB42D2
:10BD6000984628BFB84646B93FB905B12B600F4881
:10BD700012F0C3FA0020BDE8F081A16942463046C6
:10BD800016F01EFAA3694344A361E368A3EB08031A
:10BD9000E360002DEBD0C5F80080E8E76FF01200FB
:10BDA000E9E76FF01500E6E7BC910020F491002070
:10BDB00070B51E4D95F82420034682B395F82520D2
:10BDC0006AB31B062ED4FFF7CBFA044650B3037AAE
:10BDD00043B34FF0FF334FF0FF3205F1380012F05C
:10BDE0008AFAE368B3B9012663692677A361637FA2
:10BDF00083B1FFF795FB30B905F1380012F07DFAF9
:10BE00006FF00B0070BD067484600673FFF7E0FAF4
:10BE1000FFF7D6FA064812F070FA0020F2E76FF04A
:10BE20001200EFE76FF01500ECE700BFBC910020B7
:10BE3000F491002010B5084B93F824300C462BB138
:10BE4000FFF78EFA28B10460002010BD6FF01200D9
:10BE5000FBE76FF01500F8E7BC910020014B18607C
:10BE6000704700BFBC91002008B5074B93F8243001
:10BE700023B1FFF775FA20B1406808BD6FF01200DA
:10BE8000FBE76FF01500F8E7BC9100204FF08053FE
:10BE9000D3F83021082A06D1D3F83431052B04D841
:10BEA000034AD05C7047002070470120704700BFF4
:10BEB000AD940600064B10F0800FA3F1D80208BF26
:10BEC000134600F00F00182202FB0030704700BF3D
:10BED000649B0020EFF31180202383F31288BFF3CB
:10BEE0006F8F0A4BD3F8001C032261B949F27531F8
:10BEF000C3F8001CC3F8142DC3F8001C80F311888C
:10BF0000BFF36F8F7047C3F8142DF7E700E00640CA
:10BF1000EFF31180202383F31288BFF36F8F0A4B56
:10BF2000D3F8001C61B949F27532C3F8002CC3F88C
:10BF3000141DC3F8002C80F31188BFF36F8F704776
:10BF40000022C3F8142DF6E700E006404FF08053BE
:10BF5000D3F83031082B02BF024B0022C3F81C2C4F
:10BF6000704700BF00700240024A00231360024A7B
:10BF700013707047449C0020B1A8002008B54A4BBC
:10BF80004FF40062C3F80024FFF780FF08B1FFF709
:10BF9000A1FF4FF08053D3F83031082B18D1EFF3C5
:10BFA0001180202383F31288BFF36F8F3F4BD3F8A8
:10BFB000001CC02200296ED149F27531C3F8001C63
:10BFC000C3F8142CC3F8001C80F31188BFF36F8FE3
:10BFD000354B0122C3F80025D3F800241205FBD508
:10BFE0004FF40062C3F800244FF08053D3F830318F
:10BFF000082B17D1EFF31180202383F31288BFF3AE
:10C000006F8F2A4BD3F8001C002947D149F27532B3
:10C01000C3F8002CC3F8141CC3F8002C80F311885B
:10C02000BFF36F8FFFF732FF30B1FFF771FFFFF7FC
:10C030002DFF08B1FFF74EFF4FF08053D3F830319A
:10C04000082B194B0AD140F2E372C3F800284022B2
:10C05000C3F80428BFF36F8FBFF34F8F8022C3F85C
:10C060001C250122C3F83025114B40F2FF121A6043
:10C07000104B00211960104B1970FFF767FF0F4B31
:10C0800019700F4B02221A70FFF700FF50B1BDE884
:10C090000840FFF73DBFC3F8142C95E70022C3F812
:10C0A000142CBBE708BD00BF0070024000E0064052
:10C0B000409C00203C9C0020ADA80020AFA80020A0
:10C0C000B1A80020094B002210B51A70084A094B8C
:10C0D000094C002808BF1346C4F800332720E5F7B1
:10C0E0004BFF0123C4F8043510BD00BFB0A80020E9
:10C0F000FDFFDF01FDFFFF0100700240034B1878D8
:10C10000012894BF00200120704700BFB1A8002083
:10C1100010B54FF0FF324FF0FF33154808F0BCF96F
:10C12000EFF31181202383F31288BFF36F8F114B3C
:10C130001B7803F0FF0483B10F4BD3F8002412F4F3
:10C1400000720AD10120C3F82C05D3F82C05D3F8CE
:10C150000004800502D5C3F82C25002481F3118842
:10C16000BFF36F8F024808F05DF9204610BD00BF95
:10C170001C110020B0A800200070024010B5EFF3A1
:10C180001184202383F31288BFF36F8F144B1B7825
:10C1900003F0FF00CBB1134AD2F82C35EBB10023EA
:10C1A000C2F82C354FF08053D3F83031082B0CD126
:10C1B0000D4BD3F8001CC02261B949F27531C3F8A8
:10C1C000001CC3F8142CC3F8001C84F31188BFF3BF
:10C1D0006F8F10BDC3F8142CF7E71846F5E700BFC2
:10C1E000B0A800200070024000E00640F8B51C4BEB
:10C1F0001C7894BB1B4A106001221A7040F2FF1792
:10C20000264664F07F0514F0080FEDB214BF3946DE
:10C210004021284612F0C1F82846FFF74BFE0134B2
:10C22000092C867506730661EBD1002440F2FF17D6
:10C23000254614F0080FE6B214BF394640213046B7
:10C2400012F0ABF83046FFF735FE0134092C857546
:10C2500005730561EDD10448F8BD0448FCE700BF53
:10C26000B1A80020449C00200000AD0B0500AD0BE0
:10C27000084B10F0800F00F00F0114BFD3F8102509
:10C28000D3F8142501238B40134214BF0120002052
:10C29000704700BF007002402DE9F8430246EFF3FB
:10C2A0001187202383F31288BFF36F8F030703D115
:10C2B000184B1B78834229D1174B184E1C683568E0
:10C2C000104612F062F8E443A4B24FF001092C4387
:10C2D00009FA00F814EA08041AD11046FFF7EAFD3B
:10C2E00080F80C90034607C91C6183E807009C7521
:10C2F0000B4B0C4845EA080580223560C3F8042141
:10C3000087F31188BFF36F8FBDE8F8830648F7E71E
:10C310000648F5E7AFA80020409C00203C9C002088
:10C3200000E100E00000AD0B0A00AD0B0B00AD0B0F
:10C3300010F0080F074B06D0D3F8C00410F4803F6C
:10C3400018BF0020704700F00F0000F5947053F8FC
:10C3500020007047007002402DE9F74FAB4BAC4E08
:10C36000D3F85421DAB10022C3F85421D3F80413CE
:10C37000890214D58DF80420D3F82025ADF80620C5
:10C38000D3F8C034002B336814BF4FF001224FF4B0
:10C390008072134333609F4B01A81B6898479B4BE7
:10C3A000D3F8604134B10022C3F86021D3F86C4463
:10C3B000C3F86C44D3F828214AB10022C3F82821DD
:10C3C000954B187811F0E1FF012383401C43DFF8FF
:10C3D0006482924F98F8005098F9009015F0080187
:10C3E00043D1B9F1000F05F00F032EDA8C4A52F851
:10C3F000230020B342F823101422534303F1804357
:10C4000003F51C33D3F80836864A117803F001038C
:10C410004B401370FFF79AFD834808F003F8284655
:10C42000FFF748FD837D032B37D1284611F0ADFF80
:10C43000012303FA00F03B6823EA00033B60DFF8C6
:10C44000D4A101254FF006095DE0784A52F8230097
:10C450000028F4D042F823101422534303F1804300
:10C4600003F51C33D3F80837CEE7B9F1000F674B5B
:10C4700009DBD3F85021002AE1D00022C3F8502173
:10C48000D3F8A837C0E7D3F82C21002AD7D0002250
:10C49000C3F82C21D3F8A836B6E7037BDBB92846CE
:10C4A00011F073FF012303FA00F03B68B9F1000FAC
:10C4B00023EA00033B6001DA882DC0D106238DF802
:10C4C000043000238DF80730524B8DF806501B685E
:10C4D00001A89847B3E7002DB1D14C4B0122DA6493
:10C4E000ADE794FAA4F03268B0FA80F005FA00F3F0
:10C4F0001A430F28326024EA03043A6840F39C8010
:10C50000134200F0A980002CEBD1404BD3F800215E
:10C510005AB1C3F80041464B1C703F4B1C700123BD
:10C5200001933C4B01A81B689847384BD3F858211E
:10C53000002A2ED00022C3F85821D3F80044C3F8B3
:10C540000044E30508D53A4B01221A7002230193F7
:10C55000304B01A81B689847A50508D5344B00222D
:10C560001A70032301932B4B01A81B6898476005A1
:10C570000FD52F4B1A7862B100221A70234B01227B
:10C58000C3F808259A6504230193224B01A81B6870
:10C5900098471E4BD3F85C3103B3234B9B681BB900
:10C5A00098F80030590619D0184B0022C3F85C21C6
:10C5B000D3F88034184A23F07F0313703B6823F0CC
:10C5C00001133B60336823F4803343F0010333608D
:10C5D000052301930F4B01A81B6898473A683368FD
:10C5E0001A4200F0EB8010480022002307F054FFAD
:10C5F000002840F0E380054BD3F82C35002B7BD08E
:10C60000094803B0BDE8F04F07F00CBF00700240CE
:10C61000409C0020449C0020AFA800203C9C0020AF
:10C6200008710240ADA800201C11002030710240AA
:10C63000B0A80020AEA8002013407FF464AF60F0E3
:10C640007F018DF804908DF806108DF80730DAF828
:10C65000003001A8984756E7A0F110018DF804902A
:10C660008DF806108DF80750F1E749F0800528464F
:10C67000FFF720FC4368B0F814A001689A4528BF72
:10C680009A4601F06043B3F1005F044604D0544879
:10C69000524615F095FD5249226863685244226063
:10C6A000A268A3EB0A03D20768B2636053D5BAF15C
:10C6B000000F52D1002323734FE011464FF0000AC0
:10C6C000604545D1003B18BF0123002A42D05045A8
:10C6D00040D9012303FA09F32BEA03033B60062345
:10C6E0008DF804303F4B8DF8065002221B68A2756E
:10C6F0008DF8072001A89847D7F800B033681BEAE7
:10C7000003093FF47DAF19F0012314BF93FAA3F995
:10C7100099FAA9F9B9FA89F9B9F10F0FA5D9A9F1CF
:10C720001005EDB22846FFF7C5FB04462846FFF783
:10C73000FFFD6368B4F814C022689842BDD81B1A84
:10C7400000EB020E11466360C4F800E08246B7E7D2
:10C750000023BAE768B2002BACD04FF08053D3F877
:10C760003031082B02BF204B8222C3F81C2C3368C7
:10C7700088F80050012202FA09F923EA090333601C
:10C78000236915F0080F53442361174B19D1002872
:10C7900005F00F054FF0140000FB0530A9BF0A3566
:10C7A00003EB8503C0F80017C0F804A7AFBF43F838
:10C7B0002520C0F80016C0F804A65A6003B0BDE8F2
:10C7C000F08F0028B5BFC3F8A016C3F8A017C3F8B0
:10C7D000A4A6C3F8A4A7B4BF5A629A64EEE700BF48
:10C7E0004C9A0020449C002000700240024B40F410
:10C7F0008070C3F81805704700700240030713D417
:10C8000000F00F0310F0800F084A0BBF03F5887388
:10C8100003F5847302EB830252F8230008BF5068CB
:10C82000003818BF01207047002070470070024098
:10C83000034BC3F80C0540F48070C3F80C05704737
:10C84000007002400023036043600E4BD3F8802445
:10C850000270D3F884244270D3F88824D3F88C145F
:10C8600042EA01224280D3F89024D3F8941442EA99
:10C8700001228280D3F89824D3F89C3442EA03231F
:10C88000C380704700700240014B0122DA64704798
:10C8900000700240014B01221A657047007002408F
:10C8A000014B01225A65704700700240014B187815
:10C8B000704700BFAFA8002010B50246EFF3118407
:10C8C000202383F31288BFF36F8F11F05EFD0B49B5
:10C8D000012303FA00F00B6823EA00030B6012F057
:10C8E000080101BF02F00F02054B02F5947243F8F4
:10C8F000221084F31188BFF36F8F10BD409C00207D
:10C9000000700240F7B50146EFF31185202383F351
:10C910001288BFF36F8FFFF7CDFA0646084611F075
:10C9200034FD012211F0800F02FA00F22D4818D1D7
:10C93000036832EA03040AD00846FFF7BDFF032369
:10C94000B37585F31188BFF36F8F03B0F0BD26492F
:10C95000347323EA020303600B6823EA02030B60CB
:10C96000EDE70B0715D48029204B2FD001F00F04E1
:10C9700004F2DA346400C3F80048D3F80448D3F86A
:10C980000478E4B244F002043C43C3F80448D3F80A
:10C990000438154F04683B6864EA030C1CEA020F74
:10C9A000CFD013433B60002333730323B3758DF85B
:10C9B00007300F4B8DF8061024EA020406220460AB
:10C9C0001B688DF8042001A89847BAE740F2B474B8
:10C9D000C3F80048D3F80448D3F80478E4B244F02C
:10C9E0000404D1E73C9C0020409C002000700240E1
:10C9F000449C002038B50446094D4FF0FF324FF0FB
:10CA0000FF33284607F048FD2046FFF77BFF284606
:10CA100007F008FD034B8022C3F8042138BD00BF96
:10CA20001C11002000E100E0F8B54FF0FF324FF09C
:10CA3000FF332B4807F030FD2A4B8022C3F88421B6
:10CA40002720E5F7BBFA98B1274E284B34681B68BE
:10CA5000240C24041C43012764BB254D40F2FF1322
:10CA600033602720C5F80445E5F794FAC5F800437C
:10CA7000204A13788BB11E4B0021C3F80811012105
:10CA8000C3F80026C3F804165960D3F8081100292A
:10CA9000FBD00021C3F808111170154B0022C3F818
:10CAA0000025FFF753FA0E4807F0BCFC124B012299
:10CAB0001A70F8BD94FAA4F5B5FA85F50F2D28463D
:10CAC000C6BFA5F11000C0B240F08000030701D43A
:10CAD000FFF718FF07FA05F524EA0504BCE700BFD5
:10CAE0001C11002000E100E0409C00203C9C002044
:10CAF00000700240ADA80020B1A8002010B5044687
:10CB00004FF0FF324FF0FF33114807F0C5FC2046CD
:10CB1000FFF7F8FE04F00F02012393400D4A14F0D2
:10CB2000800F14BFD2F81015D2F814156FEA030362
:10CB300015BF0B400B40C2F81035C2F8143504483D
:10CB400007F070FC044B8022C3F8042110BD00BF25
:10CB50001C1100200070024000E100E070B50446A6
:10CB6000FFF786FB68B904F00F02012514F0800F6F
:10CB7000144B05FA02F205D0D3F810150A43C3F896
:10CB8000102570BDD3F814150A43C3F81425631E8D
:10CB9000062BF6D8EFF31186202383F31288BFF318
:10CBA0006F8F2046FFF788FE204611F0EEFB064A05
:10CBB0001368854023EA0503136086F31188BFF3E9
:10CBC0006F8FDEE7007002403C9C0020030610B52A
:10CBD000044605D4FFF712FE10B12046FFF76CFEA5
:10CBE000014BC3F8184510BD0070024014280ED840
:10CBF000084A12F8103053B102EB4002527832B1B9
:10CC000008684343002093FBF2F30B6070476FF01A
:10CC100015007047B394060021B1012902D06FF0CE
:10CC200085007047024B0020C3F80015704700BF15
:10CC300000700040054B0122C3F8002590F88610D3
:10CC400009B1DA6070471A605A607047007000409E
:10CC50002DE9F0410D7905F01F03072B1DD80C7845
:10CC60000C2C1AD8DFE804F00808081907191C1959
:10CC7000191E2019220003244A78032A18D0042AF6
:10CC80000BD100204A8844F20A06B24264D843F627
:10CC9000FE76B2420ED8002A6CD06FF0150057E035
:10CCA0000424E9E70524E7E70624E5E70724E3E7AA
:10CCB0000120E7E7A2F57F523F3A0B2AEDD801A603
:10CCC00056F822F07DCD04009BCC04009BCC0400E0
:10CCD0009BCC0400F5CC04009BCC040055CD040093
:10CCE0009BCC04009BCC04009BCC04009BCC040098
:10CCF00075CD04000022224F8E7997F8A8C04FF01E
:10CD00000108000308FA03FE40EA042015F020059C
:10CD10005FFA8EFE40EA02404FEA031214BF2CEA8B
:10CD20000E0C4CEA0E0C02F1804287F8A8C002F506
:10CD3000E04218BF45461F44497987F8A01040EAF1
:10CD40000550C2F818050020C2F81005C2F8146595
:10CD5000BDE8F0810122CEE744F21406B2420BD0C6
:10CD600044F22806B24209D044F20F06B24294D1EE
:10CD70000322C0E70222BEE70422BCE70522BAE78D
:10CD8000F0010020F7B50D464FF0FF335B484FF040
:10CD9000FF3207F081FB6E68731EFE2B44D8002320
:10CDA0005748584F1A4626FA03F111F0010126D0D0
:10CDB00017F803C0BCF1000F36D000EB031E6C7CEB
:10CDC000DEF81815003C18BF012421F0807141EAFB
:10CDD0000461CEF8181503F151010901013240F840
:10CDE00001C0D2B20133082BDDD12B7C083B062BCE
:10CDF0001AD8DFE803F0111925192119230000EBD7
:10CE0000031CDCF8184524F08074CCF8184503F1B5
:10CE1000510424010151E5E700233949012AC1F8F1
:10CE2000F0356B7C0ED97BB16FF01504334807F0F9
:10CE3000F9FA204603B0F0BD0223EEE70323ECE746
:10CE40000123EAE7082BEFD8C1F8F435296853002D
:10CE500011B1898901FB0333E96899424AD3284B10
:10CE6000A968C3F82C162F46C3F830260FCF264CDE
:10CE700004F174060FC63B683360002626672B68F2
:10CE800027469BB30FCB04F1880585E80F00656743
:10CE9000A4F8986050B3BFF35B8F57E8003F47E8B2
:10CEA0000062002AF9D1BFF35B8F1849D4F888508B
:10CEB000174A4FF400400F463146E5FB007100234E
:10CEC0003846DAF76DF90022CDE90001002304F1BC
:10CED000080008F083FB0F484FF0FF324FF0FF339C
:10CEE00007F0DAFA00B12067246F9FE70648FFF7E2
:10CEF000A1FEF0E76FF00B0498E700BF30020020BE
:10CF00000070004090020020F00100203F420F001E
:10CF100040420F004802002038B5114B0025C3F8ED
:10CF20000451D3F80421C3F81051D3F81021122270
:10CF3000C3F8042304460720E5F71EF82A4601211A
:10CF40000720E5F749F80748836C13B9403007F02C
:10CF500069FA20460449BDE838400CF092BA00BF97
:10CF600000700040F001002019CC0400F8B53C4BE3
:10CF7000D3F80421002A66D00021C3F80411D3F8A5
:10CF80000421384C01229A60C3F80015A66F94F86A
:10CF9000A8703742254606D1636FC3B93248BDE851
:10CFA000F84007F03FBAD3F82C16F6B213461E42EB
:10CFB00008D01F4205D0B1F90020002ABCBF0022D2
:10CFC0000A8002315B009BB29F42F0D2E4E7D4F8C2
:10CFD0008C30B4F898202BB124499847012814D0FC
:10CFE000022828D0B4F89830B4F894209A4222D974
:10CFF0000133A4F898301A4BD3F82C26D3F8341602
:10D0000089B202EB4102C3F82C26D4F8883023B948
:10D01000BDE8F8401348FFF70DBEBFF35B8F55E83E
:10D02000003F5A1E45E800210029F8D1BFF35B8F6D
:10D03000012BEDDCF8BDD4F88830002BAED00C48C5
:10D0400015F039F8AAE7D3F810110029F2D0C3F887
:10D050001021D3F8102101229A601A605A60E9E782
:10D0600000700040F001002048020020640200200F
:10D07000F8010020084B70B5C31A0D4607499B10F4
:10D08000044659430648402211F0C4F92B46014694
:10D090002046BDE8704018475C9C0020B76DDBB6A9
:10D0A000AC2B060073B50C4C0C4A4023041B0093B8
:10D0B0000D460B460A49A41061430646094811F083
:10D0C000D5F9011E05DA30462B4602B0BDE87040A6
:10D0D000184702B070BD00BF5C9C0020D7E405007B
:10D0E000B76DDBB6AC2B060010B5EFF3118420232F
:10D0F00083F31288BFF36F8F074A136823F002018E
:10D10000DB07116002D4012012F0CAFF84F31188FA
:10D11000BFF36F8F10BD00BFAC9C0020002270B524
:10D12000012104461046E4F757FF0F4803F090F83A
:10D130000E4B984215D103F09BF826690C493046F6
:10D140000BF0A2FC00280BDB01253564246908499B
:10D1500004F11C000BF098FC002801DBE5640020C2
:10D1600070BD6FF00400FBE779D204000000AD0B46
:10D17000287806007FB500220123CDE9022304AB05
:10D18000CDE90433094ACDF800D06B46CDF804D080
:10D1900011F09AF9002805DB4FF48042002368461D
:10D1A00007F07AF907B05DF804FB00BFF7E405006B
:10D1B00030B4104B0C2202FB003301460020D3E9AF
:10D1C0000E529863EFF31180202484F31288BFF38A
:10D1D0006F8F1C6C04F0C00444F002041C6480F3E4
:10D1E0001188BFF36F8F1DB12B46034830BC184721
:10D1F00030BC70475C9C0020AC2B060010B4EFF3F1
:10D200001182202383F31288BFF36F8F18480168BF
:10D2100041F002040460C80708D482F31188BFF308
:10D220006F8F01205DF8044B03F03AB84FF0804156
:10D23000D1F80C04D1F80C14C907EED5EFF3118026
:10D2400083F31288BFF36F8F0A490B6C03F0C0039E
:10D2500043F002030B6480F31188BFF36F8F82F3F6
:10D260001188BFF36F8F00205DF8044BFFF7A0BF5C
:10D27000AC9C00205C9C002010B1012804D07047B9
:10D28000034B1B6C5B0701D1FFF792BF704700BFD8
:10D290005C9C0020024AC3B21C2003FB00207047A4
:10D2A0005C9C0020094BBFF35B8F53E8002F42F0DA
:10D2B000010143E800100028F7D1BFF35B8F93070B
:10D2C00002D4012002F0ECBF704700BFAC9C0020EC
:10D2D00010B5EFF31184202383F31288BFF36F8F0F
:10D2E000074A136823F001019B07116002D4012053
:10D2F00012F0D6FE84F31188BFF36F8F10BD00BF0C
:10D30000AC9C00202DE9F0413849BFF35B8F074604
:10D31000012251E8003F41E800200028F9D1BFF385
:10D320005B8F33B9324933484B60CB608A600BF076
:10D33000BEFB7B1E012B2BD8012F07D14FF0804362
:10D34000D3F81C3403F00303012B21D014F03DFD6E
:10D350000546F8B9284B1B78E3B14FF08043022211
:10D36000C3F808230646DFF894804FF08044D4F8D1
:10D370001824D4F81834D20315D503F00303012B75
:10D3800001D0012F0FD155B386F31188BFF36F8FF2
:10D39000BDE8F081EFF31186202383F31288BFF3F9
:10D3A0006F8F0125DFE7ADB130460CF09EFAD4F85F
:10D3B0001835002BDBD1D4F80421002AD7D0C4F8CB
:10D3C0000431D4F804310123C4F81835C8F8803189
:10D3D000A360CCE70021212014F0ADFDE7E74FF07A
:10D3E00080430222C3F80423D2E700BF589C0020E8
:10D3F000489C0020789C0020C5A8002000E100E0A7
:10D40000EFF31182202383F31288BFF36F8F0A4B4F
:10D41000D3F8001161B10021D3F80805C3F8001159
:10D42000D3F80031C0B282F31188BFF36F8F704719
:10D430006FF00A00F7E700BF00D00040F0B50346E8
:10D4400010469C7893F803C0EFF31182202585F3F2
:10D450001288BFF36F8F1F7893F801E0E41B04EA92
:10D460000C04A04288BFA0B23E180CEA06063D4656
:10D470001E7082F31188BFF36F8F0A188A4216D18B
:10D4800077450CD1EFF31182202181F31288BFF38D
:10D490006F8F1978597082F31188BFF36F8F1B79E2
:10D4A000241AA34222BF064B01221A60F0BD5E1966
:10D4B0000135767901F8016B05EA0C05DEE700BF5E
:10D4C00000D00040DB432DE9F04713F001050E4684
:10D4D000144604D02248FFF7B1FFBDE8F0879AB3A5
:10D4E000EFF31188202383F31288BFF36F8F0D2091
:10D4F000E4F764FD07460D20E4F74CFD88F311883E
:10D50000BFF36F8FDFF85CA0DFF85C80CAF80051D2
:10D51000DAF800314FF400590123CAF800302546EB
:10D52000C8F88091DAF8003183B1FFF769FF031E74
:10D53000C8F88091F6DB013DADB27355002DF1D1F5
:10D5400017B10D20E4F718FD2046C6E7EFF3118070
:10D55000202383F31288BFF36F8F0CF0C6F9E1E745
:10D56000E09C002000D0004000E100E02DE9F04107
:10D57000124F0D46144607F1450814B92046BDE880
:10D58000F0814FF0FF334FF0FF32384606F084FF52
:10D59000224629464046FFF751FF0646384606F028
:10D5A00041FF3EB94FF0FF324FF0FF33044806F021
:10D5B00073FFE6E7A41BA4B23544DEE7B09C00206D
:10D5C000C89C002038B5194C01221146204614F0A1
:10D5D000BFFA0122002104F1180014F0B9FA40F258
:10D5E0000743A4F848304FF0706323630C2384F89A
:10D5F000343000250E4B84F84550A4F84650D3F83B
:10D60000042542F00102C3F804250121C3F80051AA
:10D61000D3F80021C3F804132A4619600D20E4F75B
:10D62000DBFC0D20E4F7A8FC284638BDB09C0020A8
:10D6300000D0004010B5FFF7E3FE002820DB174BB9
:10D6400093F8322093F8314093F83310141B31EAE9
:10D650000404C0B20DD193F8472093F8464093F8E4
:10D660004810141B31EA04040BD10D4B01225A60FF
:10D670000EE09C180132114084F8350083F8321016
:10D6800010BD9C180132114084F84A0083F84710FD
:10D690000448BDE8104006F0C5BE00BFB09C0020A5
:10D6A00000D00040C89C002000F1744000F5A600A6
:10D6B0000A289ABF024B33F910006FF00F00704731
:10D6C000D2880600024B0B6001231360704700BF35
:10D6D000D078060000487047447806000268154B71
:10D6E000FF2A08BF4FF0FF32C3F824254268FF2A03
:10D6F00008BF4FF0FF32C3F828258268FF2A08BF11
:10D700004FF0FF32C3F83025C268FF2A08BF4FF040
:10D71000FF32C3F834250269FF2A08BF4FF0FF32F9
:10D72000C3F838254269FF2A08BF4FF0FF32C3F81B
:10D730003C2570470090024030B5224D0FCD91B08E
:10D740000AAC0FC495E8030084E803000024CDE987
:10D750000144AB238DF804301B4B0394D3F82425EC
:10D76000D2B20492D3F82825D2B20592D3F830254C
:10D77000D2B20692D3F83425D2B20792D3F8382524
:10D78000D2B20892D3F83C350AA8DBB20993FFF76E
:10D79000A5FF012003F0E0FD014604A8FFF79EFF6E
:10D7A0000A4B99420BD1214601A810F01DFF002819
:10D7B00003DB082013F0D4FF204611B030BD6FF01A
:10D7C0000400FAE7D4340600009002400000AD0BDC
:10D7D000054B994206D14FF0FF324FF0FF3318301E
:10D7E00006F05ABE704700BF0000AD0B2DE9F043B4
:10D7F000436889B006460021586B10F059FF041E9B
:10D800006FDB002201212920E4F7E6FB776832690B
:10D810003949384603F0CCFCFFF746FF041E5BDBBA
:10D82000FFF78AFF041E57DB00219F230DF1080834
:10D830004FF0030903AD05A8CDE90491CDF80C80A4
:10D8400006918DF81430079510F0CEFE041E43DBD0
:10D850004A46414607F1300014F064FE04460028B1
:10D8600045D17268537F023B012B3ED9167F023EA1
:10D87000022E8CBF00260126022010F0FBFE00289D
:10D8800038DBC3B2C0F34000864225D083F00203E8
:10D8900000260120ADF804608DF8053010F0EAFE96
:10D8A000041E19DB01AB03930121022305A8CDE976
:10D8B00004368DF8044007968DF81410069510F084
:10D8C00093FE044640B9012010F0D4FE041E01DB93
:10D8D000E307F8D404EAE47403F05CFD08B103F054
:10D8E00047FD204609B0BDE8F0830126C4E76FF08C
:10D8F0001204F1E70446EFE7DDE50500F0B585B079
:10D9000005460C460BF053FD0646002842D1286917
:10D9100010F0DDFE4CB1012C24D06FF08504286995
:10D9200006F080FD204605B0F0BD6E6803F0B6FC41
:10D930001A4B984228D1B923214601A8CDE90144C8
:10D9400003948DF8043010F04FFE041EE7DB032033
:10D9500013F006FF03F0C4FC706B012110F0A8FE69
:10D960000446DCE76F683146786B10F0A1FE041EB8
:10D97000D5DB2A690A49384603F01AFC074B98425E
:10D9800005D1FFF7D9FEEBE76FF00F04C7E76FF0A3
:10D990000404C4E76FF00F04C4E700BF0000AD0B40
:10D9A000DDE505002DE9F3470F46054641681E46B3
:10D9B0009046002A79D0002B77D0042B01D9B307E9
:10D9C00073D117F0030470D1002F6EDBCA6ABB1944
:10D9D00093426AD8284610F080FE204610F035FEAB
:10D9E000044648B1012010F030FE284610F091FEA8
:10D9F000204602B0BDE8F087032E1ED804213A4627
:10DA00000DEB010012F017FC044601462869FFF7F0
:10DA1000DFFE274B9C4235D13246414601A814F027
:10DA2000CFFB04213A460DEB010012F001FC044645
:10DA300001462869FFF7CCFE24E008F06043B3F10B
:10DA4000005F02D118F0030F2BD0DFF864A0042E82
:10DA5000B14628BF4FF004094A46414601A814F0D8
:10DA6000AFFB3A46494601A812F0E2FB04460146E4
:10DA70002869FFF7ADFE544504D1B6EB0906C8444A
:10DA80004F44E4D12046FFF70FFE0446012010F07A
:10DA9000DCFD0646284610F03CFE002C08BF34464C
:10DAA000A6E73A4631464046BFE76FF015049FE7C8
:10DAB0000000AD0B2DE9F04F824685B088461C462C
:10DAC0001746002A00F08F80002B00F08880002984
:10DAD000C0F289804268D26ACB18934200F28380F8
:10DAE000C8F1000505F0030510F0F7FDA54228BFB9
:10DAF00025467B4203F0030307F0030658BF5E424E
:10DB0000764206F00306A64228BF2646631BA41BE6
:10DB100024F0030423F00309A145C8BFA14603F084
:10DB2000030BC8BFA3EB040BB9F1000F18D0BB194E
:10DB300008EB050249461846019312F07CFB0446A7
:10DB40000146DAF81000FFF743FE284A94423DD11F
:10DB5000B54205D0019B4A461946781914F03EFBA0
:10DB6000C5B1C5F10406A8EB0602042102A812F013
:10DB700062FB04460146DAF81000FFF729FE1B4B52
:10DB80009C4223D106F108032A460DEB03013846D7
:10DB900014F016FBBBF1000F17D0082108EB0502AB
:10DBA0004A440DEB010012F046FB04460146DAF848
:10DBB0001000FFF70DFE0D4B9C4207D109EB05004D
:10DBC0005A4602A9384414F0FBFA084C504610F0AB
:10DBD000A0FD204605B0BDE8F04FFFF765BD184633
:10DBE00005B0BDE8F08F6FF01500F9E70000AD0B50
:10DBF0002DE9F047C1F30B03D0F804C007460E46E9
:10DC00001546002A6CD0C2F30B0252EA030467D116
:10DC1000002965DBDCF82C204B19934260D810F00A
:10DC20005CFD2046D7F8048010F00FFD0446002864
:10DC300050D1DFF8B890D8F82C30AB4222D112F096
:10DC4000FDFAAA46044638692146FFF7C1FD4C4556
:10DC50002DD15644A5EB0A0500214FF4A47014F011
:10DC60006AF9012010F006FD041E30DB14F00104F7
:10DC7000F2D1002DDFD1012010F0E7FC002C08BF0D
:10DC8000044627E0B5F5803F09D3B3B2A3B93146C6
:10DC9000012003F089FB4FF4803A0446D3E7B5F541
:10DCA000805F09D2104938690F4CFFF791FD20467B
:10DCB000FFF7FAFC0446DEE7C6F30B000028F1D1BB
:10DCC000314603F071FB4FF4805A0446BBE7012054
:10DCD00010F0BBFC384610F01CFD2046BDE8F08774
:10DCE0006FF01504F9E700BF0400AD0B0000AD0BA9
:10DCF000024B0B6001231360704700BF049D00209E
:10DD000000487047D878060010B501221146074830
:10DD1000074C13F01DFFF9F725FF12F061FA2060A0
:10DD200012F05AFA6060002010BD00BF0C9D002068
:10DD3000049D00204FF08042D2F81015D2F8103523
:10DD400001F01E0123F01F030B4343F00103C2F84F
:10DD50001035024B00221A70704700BFB2A8002095
:10DD60004FF08053D3F83031082B20D14FF0804250
:10DD7000D2F81015CB071AD5D2F8103501F01E01D4
:10DD800023F01F030B43C2F81035D2F808315BB102
:10DD9000D2F8103523F01F030B4343F00103C2F800
:10DDA00010356FF08B007047024B01221A70002073
:10DDB000704700BFB2A80020F8B5044612F00CFA74
:10DDC000237B05460BB1F9F7E3FE134F0026FFF75F
:10DDD000C7FFE8B9606802F0E7FEA3685B1BA360B9
:10DDE00063682B4463603B780BB1FFF7A3FF237B91
:10DDF00001363BB9A368002BE9D1A068003818BFF1
:10DE00000120F8BD3046DBF76BFD0028F2D0F4E7C7
:10DE10006FF08B00F5E700BFB2A80020F0B587B027
:10DE20000E46154612F0D8F929460746304610F03E
:10DE300097FCC8B3B6FBF7F307FB1363A3BBB5FBB3
:10DE4000F7F407FB14547CBBBD4222D34FF0FF32E2
:10DE50004FF0FF33164806F01FFBF9F795FE02ABB3
:10DE600001461022C0B12146184614F0D1F9012212
:10DE70008DF814200F4ACDE900200F48CDE9036545
:10DE8000F9F77AFE6846DBF7AFFC0446084806F06F
:10DE9000C9FA204607B0F0BD184614F0B9F9CDE92B
:10DEA0000365FFF789FFF0E76FF01504F1E700BFA6
:10DEB0000C9D0020B9DD0400645E010070B5037B99
:10DEC00004460BB1F9F764FE194E0125A368032B34
:10DED00006D8184AD2F80034DB07FBD5002070BD05
:10DEE000FFF73EFF08BB23686068196802F07CFEFC
:10DEF00033780BB1FFF71EFF636804336360236858
:10DF000004332360A368043BA360237B0135002B0B
:10DF1000DCD02846DBF7E4FC0028D7D0054AD2F84D
:10DF20000034D907FBD50120D9E76FF08B00D6E785
:10DF3000B2A8002000E0014070B50D4686B0194639
:10DF4000284616461C4610F00BFC60B345EA040355
:10DF50009B0728D1FCB14FF0FF334FF0FF3213483D
:10DF600006F09AFAF9F710FE0346CDE9026502A819
:10DF700004949BB101238DF814300D4BCDE9003092
:10DF800041F64C50F9F7F8FD6846DBF72DFC0446E6
:10DF9000064806F047FA204606B070BD8DF81430EA
:10DFA000FFF78CFFF3E76FF01504F4E70C9D0020FA
:10DFB000BDDE0400F0B54068057B01F01F0444EAB3
:10DFC0004514056987B0002D64D0B2F5001F00F13B
:10DFD000100506D12146284612F0F3F8002007B0BC
:10DFE000F0BD01AE0027B2F5800F0197776039D1FF
:10DFF000B3F1007F14BF052304238DF80430002300
:10E00000CDE904630393836823FA01F111F0010160
:10E010001AD1B2F1A07F17D104F01F03620903F5F2
:10E02000E0732AD0012A3BD11F4A52F82330DB0784
:10E030000AD40DF1030632462146284602F00EFCB2
:10E040001A4B98421CD0029603AA2146284602F099
:10E05000C7FA174B984220D101222146284602F0E8
:10E0600061FCBBE7B3F1C06F05D0B3F1007F14BF13
:10E0700001230223C1E70323BFE74FF0A042D4E707
:10E080003146284602F048FC094B9842DBD06FF03D
:10E090000B00A4E76FF08500A1E76FF015009EE785
:10E0A00051F82330FFDE00BF000300500400AD0B29
:10E0B0000000AD0B38B545682B69B3B11035284663
:10E0C00002F01AFC044680B90146284602F0E0FB43
:10E0D000084B98420BD108492246284602F0B8FB6B
:10E0E000224605210620E3F777FF002038BD6FF0B8
:10E0F0000400FBE70000AD0BFDE00400420970B531
:10E10000034602D0012A17D070BD0D4E3269516806
:10E110000029F9D003F01F0301250C689D40002958
:10E12000F2D08A682A4002D04B68304698472CB11A
:10E13000236821461C46F2E7024EE7E72346F8E74C
:10E14000DC2B0600C42B06002DE9F043466840F2A4
:10E150000635D006337B87B002EA050554BFC2F30B
:10E160004010032001F01F07B5F5837F144647EAEE
:10E1700043178DF8030045D00FD8062D18D007D8C7
:10E18000B5B1022D40D06FF0150007B0BDE8F083A7
:10E19000B5F5807FF7D101250AE040F202229542D1
:10E1A00034D0B5F5407F33D0B5F5007FEBD10225F3
:10E1B0000123220303FA01F12CD57368C3F8081573
:10E1C000326982BB07F01F037F0929D0012F77D165
:10E1D0003E4A02EB830284F48033D2F80017C3F383
:10E1E0000043C4F3404444EA430421F4E16144EAB7
:10E1F000800421F0070144EA05230B43C2F80037ED
:10E200000020C2E70725D3E70425D1E70525CFE79E
:10E210000325CDE7630344BF7368C3F80C15CFE74C
:10E220004FF0A042D5E710360DF1020239463046D4
:10E2300002F014FB14F4403F80460CD139463046BE
:10E2400011F0BDFF224B9845DAD19DF802103046FF
:10E2500002F05CFBD4E701AB4FF0000903AA39469A
:10E260003046CDE90439CDE90199CDF80C9002F0A2
:10E27000B7F9174B984286D114F4003315D09DF8A6
:10E2800003308DF80E3084F48034C4F300444B46E0
:10E2900003AA394630468DF80C508DF80D4002F037
:10E2A00059FA0B4B9842CDD06DE7CDE9043303AA60
:10E2B0000DF1030339463046039302F091F9F0E77C
:10E2C00003F5E07352F82330FFDE00BF0003005077
:10E2D0000000AD0B0B680068C01A024BC010584319
:10E2E000704700BFABAAAAAAD0E90001014B0C22DB
:10E2F00013F0CDBFD5E2040038B5056904462846C1
:10E3000040F8044BFFF7F0FF05F11000034913F04C
:10E31000FEFC636901221A71002038BDABEA0500DA
:10E320002DE9F047DFF8649006460C4600250C27DF
:10E3300001F40008B368AB4202D80020BDE8F087C2
:10E34000726807FB05F3D118D05809798368026910
:10E35000D3F818A0BAF1000F14D0B8F1000F0FD005
:10E36000126801238B4013420AD084F0C06202EA93
:10E37000090302F0B072D0470028DFD10135D9E798
:10E380002246F4E76FF05700D8E700BF40000006D0
:10E390002DE9F84F04460D4629B1012925D06FF02B
:10E3A0008500BDE8F88F06690C27B368AB4206D933
:10E3B0007068002107FB050010F078FA88B16668E4
:10E3C00000250C277368AB4206D93068002107FB93
:10E3D000050010F06BFA30B12046BDE8F84F10F0A0
:10E3E00077BB0135E1E70135ECE7D0F81080DFF8C5
:10E3F000A8A000254FF00C09D8F808309D4209D29A
:10E40000D8F8047009FB05F607EB060BB85913F0B2
:10E41000ACF9B8B9666800250C277368AB4208D917
:10E42000326807FB05F302EB0308D05813F09DF99F
:10E4300048BB6068002110F06AFA2046BDE8F84F3A
:10E4400010F06EBB4FF48031584610F02FFA0028C0
:10E45000E0D1DBF8083022691901126C54509BF8A6
:10E46000040002EB0313012202FA00F0C3E902A048
:10E47000B859191D8368DB69002BCBD09847002859
:10E48000C8D10135B8E74FF40031404610F00EFA1C
:10E490000028CED10135C0E7E7EA0500036803F0A4
:10E4A0001F025B09026004D0012B034818BF002043
:10E4B00070474FF0A0407047000300502DE9F04F27
:10E4C000DFF88091DFF880A185B01546834600EB28
:10E4D000810140F2FF18594503D1002005B0BDE885
:10E4E000F08FDBF800305E04C3F3C322C3F30804EB
:10E4F00000F1A2801B0E043B19F80270444508BFCE
:10E500004FF0FF341E2B00F29A80DFE803F0101763
:10E5100027989898982E5B98989898989898989893
:10E520005E686B6E9898987178878A8D9000601CF1
:10E53000C5F808457ED10BF1040BCCE7621CC5F889
:10E540000C45F8D0012603A80394FFF7A7FF039B0F
:10E55000012202FA03F3C0F80C350FE0C5F81045AC
:10E56000631CE8D00026324608E0C5F80845002FB5
:10E57000F6D1631CDFD0002632460627DBF80030D8
:10E58000019303F40040002818BF002203A8009262
:10E5900018BF01260394FFF781FF039C019B009A9B
:10E5A00000EB8400C3F3412CD0F800473B0243EA60
:10E5B0008C03134304EA0A04234343EA4603C0F8E6
:10E5C0000037B8E7C5F80C45D1E7C5F86045661CCB
:10E5D000DBF80030AFD0C3F30043A3B9B2E7C5F80E
:10E5E0006445F4E7C5F86845F1E7C5F86C45EEE722
:10E5F000C5F82445601C9ED000220126BEE7C5F860
:10E600002845621C97D003A80394FFF747FF039B9C
:10E61000012606FA03F3C0F80835A4E7C5F830452B
:10E62000E8E7C5F83445E5E7C5F83845E2E7C5F859
:10E630003C45E6E7002686E76FF015004EE76FF0F1
:10E6400085004BE75E950600F0F8FCFF014B0122C8
:10E650001A60704700C000400C2903690BD1DB6AC7
:10E66000064907484B4393FBF0F100FB113311605F
:10E670005360002070476FF08500704790D0030012
:10E6800040420F00044B00690022C3F80021D3F878
:10E69000003105F0C7BE00BF00C000407FB505696E
:10E6A0002B6B63B3402901D00C292BD105F118063F
:10E6B0004FF0FF324FF0FF33304605F0B9FD134BFA
:10E6C0000193286B032300246946039402930AF004
:10E6D000EEF94FF0FF324FF0FF33284605F0DCFE35
:10E6E000286B0AF03BFA0A4BD3F80825EA620122AC
:10E6F0005A60304605F014FE204604B070BD6FF03D
:10E700000A00FAE76FF08500F7E700BF4DE6040066
:10E7100000C0004010B504690020FEF7BBFD206377
:10E720004FF0FF320021204613F012FA04F11800D6
:10E7300013F025F9002201210C20E3F74DFC0C20F9
:10E74000E3F71AFC024B0122C3F80423002010BD9A
:10E7500000C000407FB50546406829698A6D0B6E90
:10E760000ABBABB14C6D8B6616461A46C96D029159
:10E77000CDE9004611B3002B18BF134600226946AD
:10E78000039302F0E1FF0E4B98420AD06FF00403AE
:10E790002C69236404F1280005F044FE002384F86A
:10E7A0006C3004B070BD4C6D13B19A4228BF1A464C
:10E7B000002C8A6614BF16460026D7E70B46DDE715
:10E7C0000000AD0B2DE9F04F89B004690093436858
:10E7D00001938B88074698040E46914629D44FF042
:10E7E000FF324FF0FF3304F1100005F055FE666074
:10E7F000D7F81080D7F804A098F86D3023B1D8F876
:10E8000000309E4200F0B180B6F804C01CF4006FE6
:10E8100016D06FF0850523689B8813F4005304D14C
:10E82000636004F1100005F0FDFD284609B0BDE865
:10E83000F08FA369002BD2D163689942CFD1D7E77B
:10E840001CF0090F02D06FF01505E4E7CCF3451377
:10E85000082BF8D13568A34B9D42F4D90AF1080B77
:10E86000BBE80F000DF10C0EAEE80F00DBF8003036
:10E87000CEF800309C4B9D4250D99C4B9D4250D9C4
:10E880009B4B9D4250D99B4B9D4250D99A4B9D42E8
:10E8900050D99A4B9D422CBF4FF000454FF0804518
:10E8A0001CF0020F05950CF0040346D0002B14BF9A
:10E8B000032302238DF81830CCF300138DF81930A0
:10E8C000DAF80030D3F80835591C12D01CF0020FCA
:10E8D00003F01F00CCF340014FEA53134FF0010245
:10E8E00032D173B3934240F0F680854B8240C3F837
:10E8F0000C2598F86D302BB1504602F0EDFE002348
:10E9000088F86D3043467F4A03A9504602F0B0FEB6
:10E910007D4B984224D06FF004057CE74FF00075E2
:10E92000BEE74FF08065BBE74FF00065B8E74FF0FA
:10E930008055B5E74FF00055B2E7003B18BF012303
:10E94000B8E74FF0A043D1E73BB1012B40F0C680C0
:10E950006B4B8240C3F80825CBE74FF0A043F8E7A4
:10E96000012388F86D30C8F80060012384F86C300A
:10E97000019B596A4A1C03D003F1280010F06FFA7A
:10E98000B9F1000F40F08780C4F844900023A364DD
:10E9900004F1580204F1480104F1440010F03FF979
:10E9A000009B6065002B7FD1E3640023236504F1A5
:10E9B000600204F1500104F14C0010F030F9E06500
:10E9C00020680023236448B183683BB101210830EB
:10E9D00010F061F92368186912F0C2FE3846FFF79B
:10E9E000B9FE0023A06C1A46824266D10022256D32
:10E9F0001146A94268D19342264638BF13464FF4C8
:10EA0000FA5202FB03F556F8283B4FF000081B684A
:10EA1000B5FBF3F54FF4004CC835414640F2E73002
:10EA20004FF47A720023E5FB0C01D8F7B9FB0246DC
:10EA30000B46304605F030FD18B9256C15F1740F02
:10EA400013D10198C4F8688002F046FE84F86D8006
:10EA50003F696FF073053D6407F1280005F0E2FCA3
:10EA600087F86C80304605F03DFD2368002B3FF4AD
:10EA7000D2AE9A68002A3FF4CEAE998811F480563F
:10EA80007FF4C9AE186912F06BFE20683146083079
:10EA900010F001F9BFE6D9F800306364002B3FF4B1
:10EAA00075AFD9F8043072E7009B1B68E364002B54
:10EAB0003FF47BAF009B5B6878E7616C01EBC201C0
:10EAC000013249680B448FE7E06C00EBC100013173
:10EAD000406802448DE7C1F80C15FFDE0023C3F83F
:10EAE0000835FAE747E801008FD003001FA10700AF
:10EAF0003F420F007F841E00FF083D0000127A0095
:10EB000000030050C3ED05000000AD0B00F01F0234
:10EB100040090DD001280ED10A4B03EB82030A4AAB
:10EB2000D3F80007024042EA8102C3F80027704789
:10EB30004FF0A043F1E702F5E072002353F82230D2
:10EB4000FFDE00BF00030050F0F8FCFFF0B587B017
:10EB500001238DF8023002238DF804306B440393B7
:10EB60000F4601AB0DF10301002404930546029109
:10EB7000059401F0D1FE0C4B984206460FD103AA32
:10EB80003946284601F02CFDB0420BD09DF8031009
:10EB9000284601F0BBFE6FF0040007B0F0BD6FF037
:10EBA0001200FAE72046F8E70000AD0B2DE9F84324
:10EBB0004468066905460021606B10F090F9002852
:10EBC00021DBA16B481C15D1E36A9847B468012783
:10EBD0000834D6E9023203EBC203A4F108029342DF
:10EBE00013D8304610F0DAF928461F49BDE8F8433B
:10EBF0000AF047BC04F13C00FFF7A8FF10F1130F27
:10EC000001D0411DE0D1BDE8F88354F8080C12F0A2
:10EC1000ACFD28B354F8080C14F8041C34F8023C7A
:10EC2000D0F810E0D0F80890DEF800C0DA0754BF42
:10EC300043F4B01383F4D01323F4801207FA01F8DD
:10EC4000DB074CBF48EA0C032CEA0803CEF800307F
:10EC5000D9F800309847002804F10804B9DAD2E75F
:10EC60006FF01200CFE700BFFDEE05002DE9FF4178
:10EC70000569D0F804802B6E0646A86D002835D1B2
:10EC8000002B53D0B8F830406A6DEF6D9C4228BF1E
:10EC90001C46EB6D53B1296E41B107F06041B1F1F3
:10ECA000005F03D0082C6F6F28BF082400926A6DA4
:10ECB000AC661AB1AA6D002A18BF2246CDE9012719
:10ECC0001BB12B6E002B18BF23460022694640461D
:10ECD000039302F0E5FF184B984229D06FF004012E
:10ECE000304604B0BDE8F04110F07AB9696DEF6DBF
:10ECF000B8F830400A46ABB1834228BF03469C4275
:10ED000028BF1C460029C4D001F06043B3F1005F66
:10ED1000BFD0082C28BF08242246286F13F050FAD1
:10ED20002A6FB6E7844228BF0446EBE71946D7E7C7
:10ED300004B0BDE8F08100BF0000AD0B2DE9F04F3D
:10ED40008DB004690193436802938B88064698044A
:10ED5000884691462DD44FF0FF324FF0FF3304F137
:10ED6000100005F099FBC4F80480D6F804B0D6F87A
:10ED700010A0DBF8083003939AF86D3023B1DAF86D
:10ED80000030984500F0B380B8F804E01EF4006F3E
:10ED900016D06FF0850523689B8813F4005304D1C7
:10EDA000636004F1100005F03DFB28460DB0BDE89E
:10EDB000F08FA369002BCED163689942CBD1D4E701
:10EDC0001EF0090F02D06FF01505E4E7CEF34513EE
:10EDD000082BF8D1D8F80050974B9D42F3D90BF18E
:10EDE0000C0CBCE80F0004AF0FC79CE80F0087E8CD
:10EDF0000F00039BAB4228BF2B461D468F4B9D4205
:10EE000017D28F4B9D4214D28E4B9D4211D28E4B06
:10EE10009D424CD88D4B9D424BD88D4B9D424AD83C
:10EE20008C4B9D4249D88C498C4B8D4A8D4288BF72
:10EE300013461EF0020F09930EF004033FD0002B7F
:10EE400014BF032302238DF82830CEF300138DF86E
:10EE50002930DBF80030D3F80835591C12D01EF0E9
:10EE6000020F03F01F00CEF340014FEA53134FF09F
:10EE700001022BD13BB3934240F0D680794B8240C4
:10EE8000C3F80C259AF86D302BB1584602F0CEFE2F
:10EE900000238AF86D303346734A04A9584602F0BD
:10EEA00091FE724B98421DD06FF0040573E7704BD2
:10EEB000BFE7704BBDE7704BBBE7704BB9E7003B5A
:10EEC00018BF0123BFE74FF0A043D8E73BB1012BA8
:10EED00040F0AD80634B8240C3F80825D2E74FF085
:10EEE000A043F8E701238AF86D30CAF800800123B7
:10EEF00084F86C30029B996B4A1C03D003F13C00F0
:10EF00000FF0ADFFB9F1000F68D1C4F844900023B1
:10EF1000A36404F1580204F1480104F144000FF025
:10EF2000CBFF019B6065002B60D1E3640023236568
:10EF300004F1600204F1500104F14C000FF0BCFF39
:10EF400000252A46E06501212046256410F006F8D8
:10EF50003046FFF78BFEA06C2A462B4683424DD1EC
:10EF60000023256D1946A9424FD19A42274638BF42
:10EF70001A464FF4FA5303FB02F557F8283B4FF0BB
:10EF800000081B68B5FBF3F54FF4004CC83541464B
:10EF900040F2E7304FF47A720023E5FB0C01D8F71A
:10EFA000FFF802460B46384605F076FA024618B9D5
:10EFB000256C15F1740F2FD10298C4F8688002F007
:10EFC00035FE84F86D806FF07301304610F008F85C
:10EFD000384605F087FA6FF07305DCE6D9F80030A3
:10EFE0006364002B93D0D9F8043091E7019B1B6830
:10EFF000E364002B9AD0019B5B6898E7616C01EB9E
:10F00000C301013349680A44A8E7E06C00EBC10082
:10F01000013140680344A6E7002D3FF4BCAE014631
:10F0200030690FF09BFFB6E6C1F80C15FFDE002338
:10F03000C3F80835FAE700BF47E801000048E801D7
:10F040000024F40000127A00FF083D007F841E00B7
:10F050003F420F001FA107008FD0030048E80100C6
:10F0600090D003000003005003F005000000AD0B3A
:10F0700000093D0080841E0040420F0020A10700CF
:10F0800070B5012383400E4ABFF35B8FDC4352E827
:10F09000001F01EA040542E80056002EF7D1BFF335
:10F0A0005B8F4FF4803282400648C0F80823BFF3DC
:10F0B0005F8FBFF36F8F0B4214BF0120002070BD24
:10F0C000DC9D00200010014070B40E49D1E90034ED
:10F0D000D01AC31844F1000422F07F46C1E900347D
:10F0E000A6F50013B3F5400F09D2074B1B681A0AA7
:10F0F0001B069C19054B42F10005C3E9004570BC95
:10F1000006F08CB9B8430020E09D0020C0430020E9
:10F1100011B3BFF35B8F0123104A834052E800CF45
:10F120004CEA030C42E800C10029F7D1BFF35B8F22
:10F130000B4A4FF480338340C2F80433094BBFF3CA
:10F140005B8F1B68BFF35B8FC340DB0742BF064B7F
:10F150004FF40032C3F80021704700BFDC9D00204F
:10F1600000100140D89D002000E100E00D4B186820
:10F17000010A0006BFF35F8F0B4BD3F80435181854
:10F1800041F10001B3F5801F0AD2084BD3E90023F7
:10F19000904271EB030303D210F1807041F1000142
:10F1A000704700BFE09D002000100140C0430020D8
:10F1B0002DE9F04F85B016461F469DF840A0044645
:10F1C000FFF75EFF0190FFF7D1FFB04271EB07033D
:10F1D00054D23E4B301A67EB0101984271F10001A5
:10F1E0004FD23B4B03EB0413D3E902239F4208BFEA
:10F1F00096425ED037494FF4803804F1500508FA42
:10F2000004F8AD00C1F848832046ADB20FF052FFBC
:10F2100026F07F4B05F1804504F5A87305F5883588
:10F22000DC464FF003090293029A2CF07F4341F829
:10F230002230C1F84483D1F80435274A6FF0020028
:10F24000C01A604420F07F40904232D9286868B1EB
:10F25000D1F804350393A3EB0B0020F07F40B0F509
:10F26000000F26D920460FF025FF039BBAF1000FAF
:10F2700007D109EB030C09F10109D5E7BAF1000F39
:10F2800009D06FF0150520460199FFF741FF284688
:10F2900005B0BDE8F08F0123104ABFF35B8FA34098
:10F2A00052E8000F184342E800010029F8D1BFF3EB
:10F2B0005B8F07490E98230101EB0412C8500F9B86
:10F2C0005360C2E902670025DDE700BF010080004E
:10F2D000A843002000100140FDFF7F00D89D0020C2
:10F2E0007FB51C4C1C4BC4F80833C4F848331B4B87
:10F2F00000254FF0FF304FF0FF31C4F80855C3E947
:10F3000002014FF48033C4F80433154B02264FF446
:10F3100000320121C4F804631120C3F880212A4679
:10F32000E2F75AFE1120E2F727FE0E4A0123A360FE
:10F33000236013600C4B0D4A0093CDE90155002367
:10F340002846FFF735FF3046FDF7DCFF284604B0BE
:10F3500070BD00BF0010014003000F00A843002053
:10F3600000E100E0DC9D0020C9F00400FFFF7F0009
:10F370002DE9F7432F4CD4F8043399070BD5D4F873
:10F38000043143B12C4A0023C4F80431D4F80431C9
:10F39000136801331360D4F80433DA0329D5BFF3BB
:10F3A0005B8F264B53E8002F22F0010143E8001049
:10F3B0000028F7D1BFF35B8FD30702D4D4F84031D4
:10F3C000BBB10025C4F84051D4F84031FFF7CEFE60
:10F3D000EFF31182202383F31288BFF36F8F184B52
:10F3E000D3E90267B042B94106D282F31188BFF374
:10F3F0006F8F03B0BDE8F0834FF0FF384FF0FF3957
:10F40000C3E90289D3E900101D604FF48033C4F8CA
:10F410004833C4F84051D4F8403182F31188BFF327
:10F420006F8F0029E5D0009032463B46284688473A
:10F43000DFE700BF00100140E09D0020D89D0020C4
:10F44000A843002030B5431C124C85B005D084423F
:10F45000A8BF0446012CB8BF0124FFF787FE0E4B5E
:10F460000C4DD3E90013401AB0F5000F10D222184A
:10F47000AA4228BF2A4652184FF0000007490091BF
:10F48000CDE9010043F10003FFF792FE05B030BD66
:10F490002A46F0E7FFFF7F00B8430020C9F00400D0
:10F4A00008B5FFF763FE024B1B68C01A08BD00BF1A
:10F4B000B843002010B5084C012363601120E2F727
:10F4C00069FD064BC4F80833C4F84833044B4FF4C5
:10F4D0000032C3F8802110BD0010014003000F006E
:10F4E00000E100E070B5184B026B50F8285C53F84F
:10F4F00022300446284698470146A06318BB236B78
:10F500000133042B236307D1012184F83410686888
:10F51000BDE870400FF0FDBD0C4A52F823504FF487
:10F52000004625EAE57540F2E7304FF47A72002391
:10F53000C5FB0601D7F734FE02460B462046BDE860
:10F54000704005F0F1B970BD887A0600987A06001F
:10F550001D2910B411D01F2913D01B2915D1202328
:10F560004FF4FF54A24215D89A4213D3B2FBF3F2E0
:10F570005DF8044BD2B20FF03BBE084C4FF4207341
:10F58000F0E7074C4FF44853ECE76FF085005DF867
:10F59000044B70476FF01500F9E700BF807D020053
:10F5A00000CE310008B5DBF7BFFF30B10178044869
:10F5B000B1FA81F149090FF04AFE002008BD00BFF1
:10F5C0009C2F06002DE9F04350F8145CD5F81090FC
:10F5D0006E6899F85C3087B0002B00F0AF8007238D
:10F5E00004AA122130460FF075FD8046002840F035
:10F5F000A5809DF813209DF811709DF8124013010D
:10F6000003F470631F449DF8153004EB02241B02C1
:10F610009DF8162003F48073134499F8042047F3EF
:10F620000B0744F30B04002A44D02C2B06D80246C7
:10F63000322128460FF0DCFD89F80480DFF820C174
:10F64000DFF82081DCE90032FB1842EBE77E424F15
:10F65000D7E90021A21841EBE4714FF0FF34434594
:10F660007EEB0400CCE9003EC7E900212DDA4245DB
:10F6700071EB040469DB47F6FF74A24271F10001EB
:10F68000B8BF14B2354B96F8262000200021C7E9F8
:10F690000001CCE9000196F82570CDE90201B4FA29
:10F6A00084F04009009039462846FBF705FE002CFF
:10F6B00044D029E02D2BC1D98022322128460FF0D9
:10F6C00097FD012389F80430B8E747F6FF708342BD
:10F6D0007EF1000E0ADB424571EB040437DB824207
:10F6E00071F1000135DA14B20346CCE7424571EB03
:10F6F00004041BB217DA194C002BC4D100220023DA
:10F70000CCE90023C7E9002396F8251096F82720B6
:10F710000027002601230093CDE9026723462846EF
:10F72000FBF7CAFD0AE0824271F1000101DB0446E9
:10F73000E2E714B2002BA6D1002CDFD168680121CA
:10F7400007B0BDE8F0430FF0E4BC044C9AE7034C6B
:10F75000CAE70446034696E7C84300200080FFFF3F
:10F76000D04300200180FFFF2DE9F341A1F1C8053E
:10F7700040F6B834A54206469DF820003CD8C8247F
:10F78000B1FBF4F149B20AB161F07F010BB141F074
:10F79000400108B141F02001194B8DF805101A887D
:10F7A0009B78ADF800208DF802307068FF230024AC
:10F7B000BA2241218DF804308DF806400FF0FEFC8E
:10F7C0000A20002112F0B7FB6F460DF1040818F86B
:10F7D000012B17F8011B70680FF0F0FC054610B9FB
:10F7E0000134032CF3D17068B52241210FF0E6FCFF
:10F7F000284602B0BDE8F0816FF01505F8E700BFBC
:10F80000B4950600F8B5456806690446286811F005
:10F81000ACFF18B96FF012042046F8BDE868002864
:10F8200059D1002306F114002F493460337112F0CE
:10F8300012FA65682769A86911F097FF0028E9D0D6
:10F84000EB8BA869297F43F48032D0F810C0D0F840
:10F8500008E013F0010F4FF00104DCF8003004FA67
:10F8600001F414BF2343A343CCF80030DEF800308A
:10F87000984704460028CFD12B7F1C48012202FA6A
:10F8800003F3C7E90303A8698368DB6907F108018B
:10F8900033B3984704460028BED106F128073846FE
:10F8A000134912F034FAB26D124B53F822504FF450
:10F8B000004625EAE575214640F2E7304FF47A72BA
:10F8C0000023C5FB0601D7F76BFC02460B46384602
:10F8D00005F02AF8A0E711F048FF0028A1D199E728
:10F8E0006FF0570498E700BFC5F5040057F1050015
:10F8F000E5F40400987A060000B5837D3F2B8BB0B9
:10F90000014649D813F030001CD0202802D10B6AE0
:10F91000188806E03028FAD0102806D10A6A22B1E9
:10F920001078B0FA80F040090CE00A68906880B95D
:10F9300003F00F02052A0ED8CB694A8A1A44934273
:10F9400003D101200BB05DF804FB13F8011B002963
:10F95000F5D00020F6E7062A01D1CB69D8E7072ABF
:10F9600002D1CB691878DCE70B2A01D1488AD8E7A5
:10F9700003F00E03082BE5D1CA69496A68460FF007
:10F98000CFFD0028DDD06846FFF7B6FF0028D9D0AC
:10F9900068460FF0E8FDF4E703F0C002802A01D1C9
:10F9A000C069BEE7402AD4D103F00F030A2B02D16D
:10F9B000CB691868B5E70368024AD8689042B0D1AD
:10F9C000F6E700BF29F6050038B5CB6905460C46B9
:10F9D000002B00F085800FF0ECFE08B9002038BD48
:10F9E000A07D00F00F030B2BF8D801A252F823F0F2
:10F9F00021FA040035FA040035FA040035FA04004F
:10FA000041FA040041FA040053FA040075FA0400B4
:10FA1000A7FA0400A7FA0400DDF90400DBFA0400E9
:10FA2000E36919780039284618BF0121BDE838403C
:10FA30000FF02CBE21462846BDE838400FF053BEDB
:10FA4000638A042BCAD1E1692846BDE838400FF02B
:10FA5000A9BEE16909B90A4607E03F280A8803D828
:10FA6000638A023B9A42B9D802312846BDE8384041
:10FA70000FF0B9BE00F0C0008028638AE1690CD0A5
:10FA8000002BABD0013B0029E5D000229A42885CD4
:10FA900006D00028E9D00132F8E74FF0FF33F2E753
:10FAA00000289BD1E1E7626A002A97D0092B06D093
:10FAB000E269616A2846BDE838400FF0A4BE226AB8
:10FAC000002AF5D052F8083C002BF1D0043A214628
:10FAD000284698470028EBD180E7628AE169C4E7AD
:10FAE00001207CE730B5044685B015463AB3A9B984
:10FAF0000268144B9A4211D0102D06D82A46694646
:10FB00002046FFF7EFFF05B030BD102269462046C2
:10FB1000FFF7E8FF0028F6D0103DEDE7A368AB4201
:10FB200001D20020EFE723682A46204698470028A4
:10FB3000F7D0A368AB4234BF00235B1BA360012056
:10FB4000E1E700BFD3FA0500F7B51F4600233B707D
:10FB50000B701360836804460D46164623B90123D3
:10FB60003B70002003B0F0BD01A90FF0BDFF38B914
:10FB70002268074B9A42F4D0A368002BEFD0F0E73D
:10FB8000019BDA0803F0070332602B70EAE700BF3D
:10FB9000D3FA0500F0B5937D13F0C00C8FB0064684
:10FBA0000D46144604D0BCF1400F78D000255CE02F
:10FBB00003F03007202F35D00ED847B1102FF5D1E4
:10FBC000136A0BB101221A702246294630460FB043
:10FBD000BDE8F04010F04FB8302FE7D103F00E032E
:10FBE000082B116A128A19D10B88934216D06146EC
:10FBF000628AE06912F00CFB616A8B6823B9CB68FA
:10FC000013B94B681B684BB1E26904A80FF088FC7C
:10FC100020B104A800F09CF80028C7D0236A228AEB
:10FC20001A80D1E7176A518AB7F800C09269022D8D
:10FC30000CFB0122E2612BD103F00F03052B27D827
:10FC400004A90FF0C9FF05460028AFD0069B1BB1E1
:10FC50003A88A38A9A420BD3069B002BA6D104A90B
:10FC600030460FF0D1FF0028A0D028460FB0F0BDDD
:10FC70002246FF2104A80FF0FEFF38B13B88013374
:10FC80003B80E369628A1344E361DFE70546E3E70B
:10FC90003B885A1C3A80A28A9A4287D994E7136813
:10FCA000DB6823B90FB0BDE8F0400FF06DBF02294B
:10FCB00019D104A90FF090FF00283FF477AF236813
:10FCC000069DDB682246002104A8984700283FF4DF
:10FCD0006DAF069B0BB19D42F1D804A930460FF0E1
:10FCE00093FF0546C1E7012921D0052927D0002926
:10FCF0007FF45CAF01AF01350B2D3FF457AF01220C
:10FD000039463046FFF7EEFE00283FF44FAF17F9B3
:10FD1000013B002BEFDB0D4B049301ABCDE9053527
:10FD200023682246DB68002104A89847D9E7082207
:10FD300001A9FFF7D7FE08250028ECD136E70422F9
:10FD40000DEB0201FFF7CEFE0425F5E7D3FA05001F
:10FD500070B590B000230593CDE9033302938DF87D
:10FD6000063003689B68044643BB0025A37D03F06F
:10FD70000F020A2A42D1E3691E68002E31D1029B8C
:10FD8000ABB1228A934212D19DF80610224603A8F5
:10FD9000FFF700FF10B30DF1070302AA0DF10601F2
:10FDA00003A8FFF7D1FEC8B1236A03B11D70204636
:10FDB0000FF0D9FB0028D9D1012010E02A4ACDE963
:10FDC00003234FF0FF33059302AA0DF107030DF152
:10FDD000060103A8FFF7B8FE0028C6D1002010B026
:10FDE00070BD314606A80FF0ABFB28B1357306A8ED
:10FDF000FFF7AEFF0028F1D0B668BEE73F2B2AD848
:10FE000003F03002102A1BD1236A03B11D70A37DB9
:10FE100003F00E03082B18D1616A8B6823B9CB68F5
:10FE200013B94B681B6883B1E26906A80FF078FB31
:10FE30000028A4D006A8FFF78BFF00289FD1CDE7AC
:10FE40009A06E4D5236A1D8099E7628AE069002159
:10FE500012F0DEF993E703F0C002802A8FD1A26985
:10FE60009B0615608BD5EDE7D3FA0500BFF34F8FE6
:10FE70000549064BCA6802F4E0621343CB60BFF346
:10FE80004F8F00BFFDE700BF00ED00E00400FA0562
:10FE90004FF08053D3F83021082A06D1D3F83431FB
:10FEA000052B02D8024AD05C70470020704700BF83
:10FEB000CC950600024AD2F80034002BFBD07047E4
:10FEC00000E0014010B54FF08053D3F83021082AEC
:10FED0004ED14FF080420021C2F80C11C2F810112F
:10FEE000C2F8381502F54042D3F80414C2F82015C0
:10FEF000D3F80814C2F82415D3F80C14C2F8281546
:10FF0000D3F81014C2F82C15D3F81414C2F8301515
:10FF1000D3F81814C2F83415D3F81C14C2F84015DD
:10FF2000D3F82014C2F84415D3F82414C2F84815A5
:10FF3000D3F82814C2F84C15D3F82C14C2F8501575
:10FF4000D3F83014C2F85415D3F83414C2F860153D
:10FF5000D3F83814C2F86415D3F83C14C2F8681505
:10FF6000D3F84014C2F86C15D3F84434C2F8703595
:10FF7000FFF78EFF18B1474B474AC3F88C26FFF7AF
:10FF800087FF18B1454BFB22C3F81825FFF780FF08
:10FF900070B14FF080414FF08053D1F8E42ED3F888
:10FFA000583222F00F0203F00F031343C1F8E43E6E
:10FFB000FFF76EFF20B13A4B4FF40072C3F84026B2
:10FFC0004FF08053D3F83031082B09D14FF08043E4
:10FFD000D3F80024D20744BF6FF00102C3F8002415
:10FFE000304AD2F8883043F47003C2F88830BFF347
:10FFF0004F8FBFF36F8F4FF08053D3F83021082A13
:020000025000AC
:100000000ED1D3F83431052B02D8274AD35C3BB14B
:100010004FF01023D3F808224FF08043C3F858253F
:100020004FF01021D1F80C32DB0714D51F48012303
:10003000C0F80435FFF73EFFD1F80C3223F001037E
:10004000C1F80C32FFF736FF0023C0F80435FFF784
:1000500031FFFFF70BFFD1F80032002B03DBD1F8A3
:100060000432002B14DA114901234FF01020C1F89B
:1000700004351224FFF71EFFC0F80042FFF71AFFF5
:10008000C0F80442FFF716FF0023C1F80435DEE78D
:1000900010BD00BF005000404881030000F0004048
:1000A0000090024000ED00E0C695060000E001402F
:1000B00030B50468CCB1BFF35B8FB4FA84F3C3F1FD
:1000C0001F03DBB201229A4024EA020250E8005FDB
:1000D000A54204D140E8002CBCF1000FF6D1BFF3DB
:1000E0005B8FE6D102480B7030BD0248FCE700BFD1
:1000F0000000AD0B0200AD0B10B50368CB40DB0771
:1001000014D401238B400268BFF35B8F43EA0201E2
:1001100050E8004F944204D140E8001CBCF1000FAD
:10012000F6D1BFF35B8FEED1014810BD0148FCE76B
:100130000000AD0B0400AD0B2DE9F04700F160406D
:100140004C1E0444DFF834801F461646050B240B72
:10015000FF234FF0010AA54201D9BDE8F08718F846
:100160000510994201F00F00894604D00909324672
:100170000AFA01F1B84701354B46ECE7D295060083
:10018000014BFFF7D9BF00BF8B000600F7B505464E
:10019000F8B101281BD104224FF4807301464FF0BF
:1001A000804003440244C0F8081300260121116076
:1001B0001E608D421B688DF8071008BF0DF1070601
:1001C00042F210744FF0804745B1012D28D003B0A2
:1001D000F0BD0C224FF482730221E0E7D7F8183407
:1001E00003F480333EB9002BF1D001200FF04BFF18
:1001F000013CF3D1EBE7D7F8182402F00302326098
:10020000002BE4D09DF80700012803D10FF03BFF3D
:10021000013CD9D1012DDAD10C4B00225A71D6E71D
:10022000D7F80C3403F480333EB9002BF4D001200E
:100230000FF029FF013CF3D1EEE7D7F80C2402F0D0
:1002400001023270002BDDD1E6E700BFE49D002003
:10025000044B1A7922B9012218609A80024870472B
:1002600002487047E49D00200000AD0B0C00AD0B70
:1002700008B5094B1B682BB10020E1F79FFE08B9B8
:10028000E1F77AFE4FF080430022C3F81825034BB4
:1002900001221A7008BD00BFE49D0020C3A8002001
:1002A00010B510B1012843D010BD4FF08043D3F8F2
:1002B0001814D3F81824C80321D502F00303012B26
:1002C00004D013B10020FFF761FF00234FF08042FC
:1002D0000220C2F8183508224FF4827303F18043DC
:1002E0000021196002F180421C6801241460154A43
:1002F00012680AB34FF08043C3F80403D4E7D3F87D
:100300001424D107E1D5D3F81C249207DAD40D4A7E
:1003100012681AB10222C3F80423C5E7D3F80421F6
:10032000002AFBD00022C3F80421D3F80431BBE734
:1003300000224FF48073D1E71A68002AFCD01960BC
:100340001B68B1E7E49D002010B54FF08043D3F85F
:1003500000216AB10022C3F80021D3F80021012254
:10036000C3F80823114B587910B95A711B68984784
:100370004FF08043D3F8042172B10022C3F8042166
:10038000D3F80421D3F81824D3F81824920704D101
:100390000122C3F818259A6010BD0222C3F8082371
:1003A000024BBDE810401B6801201847E49D002067
:1003B000036803F01F025B09026004D0012B0348AD
:1003C00018BF002070474FF0A04070470003005056
:1003D000034A430900F01F00D35C1844C0B27047C1
:1003E0001296060070B50546FFF7F2FF0C4C083078
:1003F0000E4634F81030DA0508D5C3F3432304EB76
:10040000C302284654F8333052689847A3682BB18A
:10041000E26831462846BDE87040184770BD00BF0D
:10042000040D002008B5FFF7D3FF034B083033F865
:100430001000400B08BD00BF040D002008B5FFF7F9
:10044000C7FF034B083033F81000C0F3400008BD6D
:10045000040D002008B5FFF7BBFF034B083033F84D
:100460001000C0F3401008BD040D0020034611F039
:10047000010010B5CCB20DD1A207C4F3400012D5D3
:10048000094AD2F820055860C2F82005003818BF84
:10049000012008E04FF0A041D1F820251A60C1F8F2
:1004A0002025002AE8D010BD0003005010B5FFF74A
:1004B0008FFF124A083032F81030D9051CD5C3F32B
:1004C000432123F4F85322F8103002F10E040020E7
:1004D00034F8023F13F4807F03D0C3F343239942DF
:1004E0000AD001303028F3D1002342F831300448DB
:1004F000BDE81040FFF700BE10BD00BF040D002096
:100500007C0D0020F0B50546002004460126074674
:100510008C420BD1114BD3F87C2132B10022C3F8AD
:100520007C21D3F87C3140F00040F0BDE3B29B0069
:1005300003F580729B0806FA03F31D420BD002F10B
:10054000804202F5C042D2F800C0BCF1000F02D0D8
:100550001760126818430134DAE700BF00600040FA
:10056000F7B506460846FFF733FF194F00F10805B7
:100570000C4637F81530DB0727D530460FF0FBFD6A
:100580002046FFF767FF40B12046FFF74BFF316879
:1005900000F5A270002341F820302046FFF786FFC7
:1005A000002301A827F815300194FFF701FF019BF4
:1005B00000EB8300074BD0F80027134043F0020301
:1005C000C0F80037044803B0F0BD0448FBE700BFA3
:1005D000040D0020F0F8FCFF0000AD0B0400AD0B93
:1005E0002DE9FF41164680460846FFF7F1FE0D460D
:1005F0003168044609B32846FFF720FF18B12846A2
:10060000FFF728FF10BB0023CDE900338DF80E3033
:100610008DF80F300DF10F020B4628460DF10E013B
:100620000FF040FD474A04F1080132F8113023F081
:10063000020343F0010322F81130736863B32846C4
:100640001F785968FFF7FAFE10B1D1B13E4826E095
:100650003C4A04F1080032F8103023F02003DB0498
:10066000DB0C22F8103061B1032FEFD871684968B4
:1006700091F800C0D8F80010A7B90CF5A27C41F899
:100680002C70304A04F1080132F8113023F01C03B9
:1006900043EA870322F81130B3684BBB2B4804B000
:1006A000BDE8F08101EB8C0143EA4C33D1F810E551
:1006B0002EF0030EC1F810E5D8F8001001EB8C0EF7
:1006C00043F02003DEF8101522F8103021F44F31EA
:1006D00021F44071CEF810152902DEF8108501F4DE
:1006E0007C5141EA074141EA0801CEF81015C8E7FC
:1006F000D3E900672846FFF7D9FE002ECED0114D72
:10070000D5E90023964203D19F4201D1002209E09E
:100710000F480DF10F01FFF7CBFC0C4B9842BED1F7
:100720009DF80F2045F8326005EBC20308345F6086
:1007300035F8143043EA422343F4807325F814302B
:10074000ACE700BF040D00200400AD0B0000AD0BB2
:100750007C0D00202DE9F0430C4685B080462046F4
:1007600011461E46FFF734FE054629B32046FFF723
:1007700065FE18B92046FFF76DFE18BB314F05F135
:10078000080937F8193013F01C0F02D04B78012BF1
:1007900018D001238DF80F300023CDE900134A1C37
:1007A0008B1C20460DF10F010FF07CFC37F819303F
:1007B00043F0030327F81930002E41D02046FFF7FD
:1007C0003DFE18B9204805B0BDE8F08396F800C09A
:1007D000D8F800301B4F0CF5A272002143F822100C
:1007E00005F1080237F8121021F02001C904C90CE4
:1007F00027F8121075781DB3D8F80000B67800EB12
:100800008C002D04D0F8103523F4991323F4F853F9
:10081000C0F81035230203F47C5305F44035360547
:10082000D0F810E52B4306F4801641EA4C313343EF
:1008300041F0200143EA0E0327F81210C0F81035EA
:100840000248C0E7040D00200400AD0B0000AD0B12
:10085000014BC3E902127047040D002010B5084691
:100860001446FFF7F7FD50B10846FFF7B1FD054B01
:10087000083033F8103004485B0B237010BD034878
:10088000FCE700BF040D00200000AD0B0400AD0B21
:1008900070B5164D95F8804006462CBB2146602267
:1008A00005F1100011F0B4FC30682E6F21468E4225
:1008B0000ED10023C0F87C31D0F87C3140F30730F2
:1008C000E1F75AFB01230A4885F88030AB6770BD19
:1008D000CBB29B0003F580727C2B08BF845001F1E2
:1008E000010108BF8358E2E70248F0E7040D002049
:1008F0000000AD0B0C00AD0B034B93F880000038EB
:1009000018BF0120704700BF040D00200148FFF709
:10091000F3BB00BF780D00200148FFF7C9BB00BF43
:10092000780D002073B503681646D3F80423002A17
:10093000A8BF4FF000420546A8BFC3F804230846ED
:100940000C46FFF787FD00B30846FFF777FD014629
:10095000D8B92046FFF766FD04B2A40004F5807202
:10096000034628688150296882582144D1F810250F
:1009700042F00102C1F810252EB12968012202FAC5
:1009800003F3C1F8043302B070BD2046FFF720FD29
:100990000F4B083033F81030C3F38203042B12D00E
:1009A000052B12D001A80194FFF702FD019AD0F89F
:1009B0001035D34003F00103991C204602B0BDE876
:1009C00070400FF0B8BB0321F7E70221F5E700BF45
:1009D000040D00202DE9F04F694BDFF8B081D3F80A
:1009E0000403D8F87010C0B289B040F00040FFF79F
:1009F00089FD051E2FDAC24600235AF87C1F06A87F
:100A0000CDE90633FFF732FD5E4B01930DF1180976
:100A10004FF0000B019A12F8013B0192DA0803F043
:100A200007031AF8022022FA03F3DA071CD409F1AB
:100A30000409BBF1000F14D0D8F870104FF000403B
:100A4000FFF760FDD8F87C1006A8FFF70FFD00281F
:100A5000DAD125F000450124002D79D109B0BDE897
:100A6000F08F4FF0010BD5E7474B5B440293D9F869
:100A700000100029DBD0029B91FAA1F11C78B1FA99
:100A800081F141EA44142046FFF7A2FC08300594A6
:100A900038F81070C808BB0819F80020039301F05B
:100AA0000701012303FA01F122EA010209F80020FB
:100AB00005A8FFF77DFC059A039B02F5E072C7F3DA
:100AC000820650F822205B073746C2F3014224D544
:100AD00020463946D6B2FFF785FC05A80594FFF7F6
:100AE00067FC059B03F5E07350F82330C3F3014323
:100AF0009E4207D1002120460FF01DFB31462046C3
:100B00000FF019FB05A80594FFF752FC059B012285
:100B100002FA03F3C0F82035A9E7022A0CD1032119
:100B200020460FF008FB06F00503012BEAD13946F9
:100B30002046FFF757FCE5E70221204603920FF01D
:100B4000FAFA032EF3D0039A032ADBD1022EEDE743
:100B500095FAA5F3B3FA83F304FA03F29B0003F1C9
:100B6000804303F5C04325EA0205D3F81005D3F806
:100B70001015C0F30520C1F30141FFF733FC6BE70B
:100B8000006000402296060022960600040D002018
:100B9000044AD2F80034DB07FBD50160BFF35F8F56
:100BA000704700BF00E001404FF080531A69B0FB6E
:100BB000F2F302FB130373B9084B0222C3F80425B6
:100BC000C3F80805D3F80024D207FBD50022044857
:100BD000C3F8042570470348704700BF00E0014098
:100BE0000000AD0B0A00AD0B10B5054C0123C4F895
:100BF0000435FFF7CDFF0023C4F8043510BD00BF56
:100C000000E0014010B5184C237853BB0278C2F3C2
:100C10004003920712D54FF08053D3F83021082AB1
:100C20000BD1D3F83431052B07D8104AD35C23B14C
:100C30004FF080430122C3F8382601234FF0804251
:100C4000C2F88035037803F00103C2F8783500203C
:100C5000E1F7B4F908B9E1F78FF9012304482370EB
:100C600010BD0448FCE700BFC4A80020249606007D
:100C70000000AD0B0C00AD0B4FF080434FF46072E1
:100C8000C3F80823014B00221A607047EC9D002036
:100C900008B5FFF7F1FF03680BB1014A136008BD07
:100CA000EC9D002010B54FF08043D3F80443620759
:100CB00007D54FF484700FF097FA10B11E4B1B68E4
:100CC0009847A30608D54FF48A700FF08DFA18B133
:100CD0001A4B00201B689847600608D54FF48C70AB
:100CE0000FF082FA18B1154B01201B6898472106B6
:100CF00008D54FF48E700FF077FA18B1104B002022
:100D00001B689847E20508D54FF490700FF06CFA15
:100D100018B10B4B01201B689847A3050AD54FF467
:100D200092700FF061FA28B1054BBDE810401B68C6
:100D30000220184710BD00BFF49D0020F09D002048
:100D4000EC9D002070B5104D6C6B9CB14FF47A7324
:100D50005C430A23B4FBF3F40C4ED6F8003163B9BC
:100D600095F839304BB90A200FF08DF9013CF4D1D8
:100D7000074870BD4CF25034EEE795F83930002B3F
:100D8000F6D10448F5E700BFF89D0020009002402E
:100D90000700AD0B0000AD0B094B10B5002201247C
:100DA000C3F80045C3F800211C6038B1FFF7CAFF43
:100DB000044B984203D1044B83F83840014810BDDE
:100DC000009002400000AD0BF89D002070B500F0CF
:100DD0006044B4F1005F5DD184075BD12F4C94F87F
:100DE0003050012D05D09D4256D194F83850002D39
:100DF00052D02B4D022B0BBFC5F81025C5F804258A
:100E0000C5F81405C5F808050CBFC5F81815C5F8D0
:100E10000C154FF0000684F8396026680CBF0825D1
:100E20000425BEB994F838306BB11D4B05F18045EF
:100E300005F524350022C3F8002101232B60BDE80D
:100E40007040FFF77FBF0120FFF7A6FF154B9842C8
:100E5000EBD170BDA66826B1E0606161E261124825
:100E6000F7E7A2610E4A84F830300123A0602161C7
:100E7000C2F80061C2F8043394F8382002F0FF0091
:100E800012B9FFF789FFEAE705F1804505F524353A
:100E90002B60E4E70548DCE70548DAE7F89D002029
:100EA000009002400700AD0B0000AD0B0A00AD0B37
:100EB0000B00AD0B084B9A685A621A699A629A69DC
:100EC000DA62DA689A6032B15A691A61DA699A614B
:100ED0000022DA6070477047F89D002000F01F0381
:100EE00040090FD0012810D10B4A02EB83020B4BB3
:100EF000D2F80007034043EA012343F00203C2F89B
:100F0000003770474FF0A042EFE7002203F5E0738F
:100F100052F82330FFDE00BF00030050F0F8FCFF62
:100F200010B50E4B0238D3F83C26D3F838360728D4
:100F300013D8DFE800F0110F0D0B0A080604100E9D
:100F4000C871100C8871100A48710A711A0ECA70A3
:100F50001A0C8A701A0A4A700B7010BD0090024079
:100F6000023807281FD8DFE800F0292725112321A0
:100F70001F04CB791B068A7943EA02434A7943EA84
:100F800002230A7913430E4AC2F83C36CB781B067B
:100F90008A7843EA02434A7843EA02230A781343F1
:100FA000074AC2F8383670470023E4E70023E5E734
:100FB0000023E6E70023EBE70023ECE70023EDE75F
:100FC000009002400268154BFF2A08BF4FF0FF3225
:100FD000C3F824254268FF2A08BF4FF0FF32C3F848
:100FE00028258268FF2A08BF4FF0FF32C3F830255A
:100FF000C268FF2A08BF4FF0FF32C3F834250269E8
:10100000FF2A08BF4FF0FF32C3F838254269FF2A94
:1010100008BF4FF0FF32C3F83C25704700900240F4
:101020000A4B002283F83820094B01214FF08050F1
:10103000C3F808131961D0F83001082808BF5965B2
:10104000C3F80025C3F80021704700BFF89D0020B9
:101050000090024030B5194D0FCD8DB006AC0FC4D5
:1010600095E8030084E803001549D1F82435DBB284
:101070000093D1F82835DBB20193D1F83035DBB2DB
:101080000293D1F83435DBB20393D1F83835DBB2B3
:101090000493D1F83C3506A8DBB20593FFF792FF25
:1010A0000023C1F8003101230B60D1F80031002B7F
:1010B000FBD06846FFF786FF0DB030BDEC3406006C
:1010C0000090024070B590F82930044613B190F8B2
:1010D0002A204ABB6068FF2860D0A268FF2A5DD042
:1010E000E268FF2A5AD02269FF2A57D0B3B90321F8
:1010F000FFF7F4FEA068FFF7F1FEE068FFF7EEFEF1
:101100002069FFF7EBFE6069FF2801D0FFF7E6FEDC
:10111000A069FF2802D00321FFF7E0FE94F82A30EF
:1011200013B9201DFFF74EFF1D4E636A73631D4DFB
:1011300094F8293086F83A300123C5F80833FFF7D0
:1011400089FF2368C5F84035A37F617F227F9B011B
:1011500043EAC1031343E27F43EAC213C5F84435AF
:10116000D5F8002694F8203022F07F4222F0FF02CA
:10117000134394F8212043EA026394F8222043EABF
:10118000426394F8232043EA0273C5F800363368BB
:1011900013B12920E0F7F0FE034870BD0348FCE7D7
:1011A000F89D0020009002400000AD0B0400AD0B44
:1011B00038B50C4C94F8305095B9C4E9001248B9D0
:1011C0000023C4E902330122074884F8302084F860
:1011D000383038BDFFF776FF034B9842F9D1EFE77F
:1011E0000248F6E7F89D00200000AD0B0C00AD0BA7
:1011F0002DE9F843DFF8A090074699F83000012860
:10120000884614463DD199F838301F4E6BB31F4DB8
:101210000123C5F80833FFF71DFFB8F1000F2BD1EC
:101220004FF0000889F83980C5F80081BB787A78DA
:101230001B0343EA02233A781343FA7843EA423322
:101240003A7943EA82337A7943EAC233C5F83436CD
:10125000FFF778FDB0420CD0C5F800811CB178785A
:101260002146FFF75DFE0A4804E0FFF795FDB04216
:10127000CDD10548BDE8F88378784146FFF770FE88
:10128000CEE70448F6E700BF0700AD0B0090024030
:101290000000AD0B0B00AD0BF89D00201FB50D4AF3
:1012A00002920DF107020023114602A88DF80730C3
:1012B000ADF80C30FFF79CFF074B984206D19DF824
:1012C000073013F0010F054B18BF184605B05DF845
:1012D00004FB00BF050200010000AD0B0B00AD0BCD
:1012E0002DE9F8431A4E2920E0F754FEFFF798FE47
:1012F00096F83A3033BB174BD3F82405D3F828952A
:10130000D3F83085D3F83475D3F83855D3F83C4545
:10131000C0B20EF08AFF5FFA89F00EF086FF5FFA26
:1013200088F00EF082FFEDB2F8B20EF07EFFFF2DD6
:10133000E4B202D028460EF078FFFF2C02D02046FF
:101340000EF073FF002386F83030BDE8F88300BF4D
:10135000F89D002000900240034B93F838300BB901
:10136000FFF71ABD01487047F89D00200C00AD0B37
:1013700008B5054B93F83030012B03D1FFF750FE31
:10138000024808BD0248FCE7F89D00200000AD0BB4
:101390000B00AD0B034B93F83000003818BF012051
:1013A000704700BFF89D002038B511F0030539D112
:1013B0001E4B1A68D2B193F83040012C34D11C4A2C
:1013C000C2F81C150421C2F8200583F8395083F8AF
:1013D0003010C2F80051C2F8044393F8383003F0DB
:1013E000FF00EBB9FFF7D8FC124818E0104CC4F826
:1013F0001C15C4F8200583F8392093F8383043B120
:101400000023C4F800310123E360BDE83840FFF752
:1014100099BC0120FFF7C0FC074B9842F0D138BDC2
:10142000D460E1E70548FAE70548F8E7F89D0020B1
:10143000009002400000AD0B0700AD0B0A00AD0BA1
:101440000B00AD0B10B5224BD3F8002192B1214C0B
:101450000022C3F8002194F8381094F8302071B9B4
:101460000121032A84F8381005D0042A05D0022A65
:1014700000D1996010BD5960FCE7D960FAE7032AF2
:1014800019D0042A19D0022A04D1012384F820306B
:10149000FFF710FDA36813B9012384F8303094F8E6
:1014A000393003F0FF0013B9D4E900319847002325
:1014B00084F82030DEE70223E8E7032284F82020C6
:1014C000D3F81C256262D3F8203584F82830E1E790
:1014D00000900240F89D0020036803F01F025B09A2
:1014E000026004D0012B034818BF002070474FF062
:1014F000A04070470003005007B5019001A8FFF716
:10150000EBFF019B00EB8300054BD0F80027134055
:1015100043F00303C0F8003703B05DF804FB00BFDD
:10152000F0F8FCFF73B5CB7B0446002B38D10B7B66
:101530000878012B77D80EF092FE0B78019301A862
:10154000FFF7CAFF019B00EB83003C4BD0F800275C
:10155000134043F00103C0F800374878FF2804D057
:101560000EF07DFE4878FFF7C7FF8B78FF2B0FD07A
:1015700001A88D7B0193FFF7AFFF019B00EB830078
:101580002E4BD0F80027134043EA8503C0F80037FC
:10159000C878FF2804D00EF055FEC878FFF7ACFFDE
:1015A00023792748CA78282505FB03039A770B7C03
:1015B0009BB94B7825680E78FF2B18BF1A468B789D
:1015C000C5F8086508BF4FF0FF32FF2B08BF4FF08A
:1015D000FF33C5F80C25C5F8103523688A68C3F8B1
:1015E00024254B7B0A7B2568003B18BF0123022A78
:1015F0001CD0032A1DD0012A01D143F00203C5F8F3
:10160000543523794979282202FB0303D9772379BA
:101610005343C35883B1206840F3073002B0BDE89C
:101620007040E0F7A9BC0EF00DFE86E743F004031E
:10163000E5E743F00603E2E702B070BDF0F8FCFF17
:10164000349E002007B5019001A8FFF745FF019BDC
:1016500000EB8300054BD0F80027134043F0020352
:10166000C0F8003703B05DF804FB00BFF0F8FCFFE2
:101670002DE9F04190F80480144C4FF0280C0CFB3D
:1016800008FC04EB0C06074696F81CE0BEF1000FC0
:1016900019D144F80C20736041B1CB7B86F825301A
:1016A000CB78B3774B79F377FFF73CFF3A6808487C
:1016B0000123C2F80035282202FB08440022627789
:1016C0002377BDE8F0810348FBE700BF349E00208C
:1016D0000000AD0B0C00AD0B70B50679194C056818
:1016E00028237343E35833B145F30730E0F752FC46
:1016F0000423C5F808330023C5F80035282303FB6D
:10170000064393F82530BBB9D5F80805FFF79AFFD3
:10171000D5F81005421C01D0FFF794FFD5F80C0551
:10172000431C01D0FFF78EFF282303FB0643987F5D
:10173000FF2801D0FFF786FF282303FB0644002380
:10174000237770BD349E00202DE9F8430779394C8A
:1017500028237B439046E2180E46517F814600299C
:1017600066D1E3580BB10123537796E80F00282583
:1017700005FB074505F10C0C8CE80F00A87F002342
:10178000FF2885F8243001D00EF069FD2823B8F138
:10179000000F06D003FB0743002227485A77BDE815
:1017A000F883D9F8005003FB07430422C5F8082347
:1017B000C3F82080C5F80881D5F8082172689AB16D
:1017C00033681B78C5F81C357368012B0ED9336854
:1017D0005B78C5F81C3528237B43E65876B1042393
:1017E000C5F804331548DAE7DB7FEBE7F368012B34
:1017F000F1D9282303FB0743DB7FEAE707EB8701E7
:1018000004EBC101D5F80831002BFBD0C5F8086105
:101810002846D5F808310EF02FFD0028F2D12823F4
:1018200003FB0744A07FFF28DCD00EF00BFDD9E7B7
:101830000348B4E7349E00200300AD0B0000AD0B5D
:101840000B00AD0B10B50C480C490023C0F8083153
:10185000D0F808310EF010FD68B9887FFF2801D05C
:101860000EF0F0FC00234B770B72BDE81040D1E97D
:1018700000310348184710BD00300240349E00205C
:101880003C9E0020036803F01F025B09026004D045
:10189000012B034818BF002070474FF0A04070474D
:1018A00000030050012370B504460D4643616426D1
:1018B0000022022120460EF027FD20B901200EF063
:1018C000E2FB013EF4D100236B774FF08051D1E968
:1018D0004C1208291AD1052A18D80E498A5CAAB1D7
:1018E0004FF0FF32D4F80805D4F80C15C4F80035D1
:1018F000C4F80825C4F80C250922C4F80025C4F84A
:101900000035C4F80805C4F80C1570BD0023C4F8F0
:101910000035FAE72A9606000F4B984219D00DD8E9
:101920000E4B984215D007D80D4B984211D00D4B55
:10193000C31A5842584170470B4BF9E70B4B98427A
:1019400007D004D80A4B984203D00A4BF0E70A4B61
:10195000EEE70120704700BF80841E0020A1070031
:1019600048E8010090D0030040420F000024F4003A
:1019700000093D0000127A000048E80173B51646E0
:10198000421C1C460546069B18D0012902D1BBB15A
:101990000EF0F8FC01A80195FFF774FF019B00EB26
:1019A00083002402D0F80027074B44EA86040C4346
:1019B00013401C4344EA4101C0F8001702B070BD57
:1019C0000EF0EDFCE6E700BFF0F8FCFF2DE9F34771
:1019D000674B4D6990F804909D4206460C4600F016
:1019E000AE8000F29E80634B9D4200F0AB8000F21F
:1019F0009080614B9D4200F0A880604B9D420CBFDF
:101A00004FF080654FF08045DFF88481E07E24222E
:101A100002FB0983997F60F3000199773379217C78
:101A200002FB03839A7F61F341029A77E77E5FBBF3
:101A30006269534B9A420CBF4FF0030A4FF0000A01
:101A4000237E012B94BF002301230093206853467B
:101A50003A460121FFF792FF0097606853463A46E5
:101A60000121FFF78BFF0097A27EA06853463946FD
:101A7000FFF784FF237C83F001030093E068534663
:101A80003A460121FFF77AFF242303FB0983E2682A
:101A90001A62217C9A7F61F341029A77207FA77CAA
:101AA000217E627E336890B9D4E900ECA468C3F863
:101AB00008E5C3F80CC5C3F810454FF0FF34C3F870
:101AC0006C45C3F81445C3F86805C3F86405003ACB
:101AD00018BF01220229C3F8C075C3F824553DD0B0
:101AE00003293ED0012901D142F00202C3F8542556
:101AF0000222C3F8602533792422534358F8033077
:101B000093B3306840F3073002B0BDE8F047E0F728
:101B100033BA1C4B9D420CBF4FF080554FF08045AF
:101B200072E7194B9D4213D0154B9D4213D0174BB2
:101B30009D420CBF4FF000454FF0804564E74FF0E9
:101B4000005561E74FF000655EE74FF000755BE719
:101B50004FF0206558E74FF0A05555E742F00402DA
:101B6000C4E742F00602C1E702B0BDE8F08700BF5B
:101B700080841E0020A1070048E8010090D00300E7
:101B80000048E80140420F000024F40000127A00EF
:101B90005C9E0020431C07B50ED0019001A8FFF702
:101BA00071FE019B00EB8300054BD0F8002713402A
:101BB00043F00203C0F8003703B05DF804FB00BF38
:101BC000F0F8FCFF2DE9F8430746144C97F8048021
:101BD000242505FB08F504EB05091E4699F81C3081
:101BE000C3B999B14869FFF797FEA8B13846625169
:101BF000C9F80460FFF7EAFE242303FB084400232E
:101C00006377074801232377BDE8F8836251C9F859
:101C10000460F1E70348F7E70348F5E75C9E00201E
:101C20000000AD0B0C00AD0B0400AD0BF8B5044685
:101C300006790068184D40F30730E0F7ABF924232C
:101C40007343EB5853B12368144AC3F8082306EBD7
:101C5000C601206805EB8101FFF724FE24212368DB
:101C600001FB0651D3F80805D3F80C45D3F81075DD
:101C70008B7FDB070AD4FFF78DFF3846FFF78AFF1B
:101C80002046FFF787FF086AFFF784FF242303FB42
:101C9000065500232B77F8BD5C9E002052010800FA
:101CA0002DE9F0430779554D24237B439046EA18EC
:101CB0000E46517F85B08146002940F09C80EB584C
:101CC00023B118F0140F04BF0123537796E80F00D7
:101CD000242404FB075404F10C0C8CE80F00206A48
:101CE000421C04D0A37F9B071AD50EF04BFB336830
:101CF000D9F8004023B103F06043B3F1005F06D18F
:101D0000B36883B103F06043B3F1005F0BD02423C9
:101D100003FB075300223A485A7705B0BDE8F08329
:101D20000EF03DFBE3E718F0010318BF0123C4F8F0
:101D3000503518F0020318BF0123C4F8403596E867
:101D40000F00EC468CE80F00039BC4F84405C4F870
:101D50004815C4F83425C4F838350023C4F81831C0
:101D6000D4F818310723C4F8003524237B4318F036
:101D7000080F05EB03021DD1E8580121216158B974
:101D8000D4F81831002BFBD06246402120460EF0DB
:101D9000BBFA24237B43EA18EB5813BB106A461C9A
:101DA00013D107EBC70705EB87012046FFF77AFD44
:101DB0001448B2E7EB58A3B9106A411CF8D0937FDE
:101DC0009A070BD50EF0EBFAF2E7937F9B0702D54B
:101DD0000EF0E5FAE5E70EF0D5FAE2E70EF0D2FAFA
:101DE000E6E718F0040F4FF0400314BFC4F80833BF
:101DF000C4F80433DCE704488FE700BF5C9E002092
:101E00000A00AD0B0000AD0B0B00AD0B10B5104A76
:101E1000104840210EF078FAC8B10F4C206A421CDD
:101E200004D0A37F9B070FD50EF0B9FA637F1BB1D7
:101E300009490848FFF736FD002323720748D4E913
:101E40000031BDE8104018470EF09CFAEEE710BDD7
:101E5000689E0020003000405C9E0020649E0020B0
:101E6000C02AF0B540D0B2F5807F3FD0802A40F044
:101E7000BB800A23036003460024520943F8044F41
:101E800001EB82028A4233D103680C2B35D00E2B32
:101E900063D00A2B26D1564D564900F1A00642695F
:101EA00055F8044B8768C2F307237C40CB5C634042
:101EB000140E10300C5D83EA0443D4B20C5D83EA47
:101EC0000463C2F307440C5D83EA042350F8044C16
:101ED000836063400468C36063405A4003614261A9
:101EE0008642DCD10020F0BD0C23C3E70E23C1E7FE
:101EF00051F8044B43F8044FC4E73D4C3D4900F111
:101F0000C005C26954F8046B8768C2F307237E409A
:101F1000CB5C7340160E18308E5D83EA0643D6B252
:101F20008E5D83EA0663C2F307468E5D83EA06236D
:101F300050F80C6C8360734050F8086CC3607340B9
:101F400050F8046C036173400668436173405A4063
:101F50008361C2618542D4D1C4E7254D254900F192
:101F6000E006446A55F8042B8768C4F307237A40D7
:101F7000CB5C87695340220E20308A5C83EA02439F
:101F8000E2B28A5C83EA0263C4F307428A5C83EAB2
:101F9000022350F8142C8360534050F8102CC36077
:101FA000534050F80C2C03615340DAB243618A5C11
:101FB0007A401F0ECF5D82EA0762C3F30727C3F39F
:101FC0000743CF5DCB5C82EA072282EA034350F8E5
:101FD000042C836153400268C36153405C40036238
:101FE00044628642BDD17DE76FF01F007BE700BFF2
:101FF000A87A0600309706002DE9F04FC9B00446D4
:1020000002A816460D460EF0D7F90023324663604B
:10201000294602A8FFF724FF0646002862D1029F46
:10202000039B3548DFF8D4C0276004A903EB87037E
:1020300001EB830251F82330A3605368E360936897
:102040002361D368636104F1180E103A7B1E994630
:1020500071469046B9F1000F2CDD01F11004A8F192
:10206000040B01945BF8044F250E1CF8055050F842
:1020700025A0E5B21CF8055050F8255085EA3A2A0B
:10208000C4F30725C4F307441CF805501CF80440AA
:1020900050F8255050F824408AEA356585EA3445E1
:1020A00041F8045B019CA142DCD109F1FF39A8F1A0
:1020B0001008CFE76FF00F014B43002FCCBF1C4639
:1020C000002402EB0400C3F10003D8BF00230EEB91
:1020D000030112594EF8032043684B6083688B60FC
:1020E000C368CB6002A84FF48C7100F0F3FE304659
:1020F00049B0BDE8F08F00BFD07A060030970600E7
:102100002DE9F04F904644680E684D6800F10802D2
:1021100002EB840352F824208C68C9688FB07240A7
:10212000019206925A6855409A6807955440DA68B9
:1021300008945140026809914FEA620E03F13000A1
:10214000CC4B0EF1FF3E002250E906A6029650F855
:10215000106C039650F80C6C049650E9087B50F80C
:10216000086C0596BEF1000F00F1200050F8249C89
:1021700000F3C68022B1019ACDE90841CDE90625D8
:10218000DDE90640DDE90865E1B22A0E53F82110C9
:1021900053F8222081EA3221C0F3072253F822208B
:1021A00081EA3261C6F3074253F8222081EA3241C4
:1021B000220E794053F822700A91C2B253F82220BD
:1021C00082EA3722C6F3072753F8277082EA37627C
:1021D000C5F3074753F8277082EA3742070EC0F36A
:1021E000074053F827C053F82000F7B2360E53F8D3
:1021F000277053F8266087EA3C27C5F3072CEDB219
:1022000053F82CC053F8255087EA3C67C4F3074CB9
:10221000C4F3072485EA362553F8244053F82CC02C
:10222000029B039E85EA346484EA30405840040EE1
:10223000914B0D901D5DCCB282EA0B021C5D0B929E
:10224000744084EA0564C2F3072587EA3C475D5D74
:1022500087EA0A0784EA0524C7F307450C975D5D02
:1022600084EA054E0D0ECDF818E05E5DD5B25D5DD9
:10227000049CC8F800E0654085EA0665C7F30726B8
:10228000059C9E5D85EA0625C0F307469E5D85EAAE
:102290000645160EC2F3074213F806C0C8F80450EC
:1022A000FEB23F0E9E5DDF5D0795664086EA0C66D6
:1022B000C0F3072CC0B213F80CC0185C86EA0C26D9
:1022C000C1F3074CC1F3072180EA0900595C13F8F8
:1022D0000CC09B5C80EA076080EA012181EA03432D
:1022E00086EA0C4606A8C8F80860C8F80C30202119
:1022F0000896099300F0EEFD00200FB0BDE8F08FC6
:102300000A0E029E53F822C09DF8042053F82220A2
:102310007A4082EA3C2CC5F30722EFB253F8222020
:1023200053F827708CEA326CC4F307428BEA070734
:1023300053F822208CEA324C019A120E0EF1FF3E25
:1023400053F8222087EA3227C4F3072253F82220C9
:1023500087EA3267C1F3074253F8222087EA3247FF
:102360002A0EC5F3074553F822B0E2B2240E53F803
:10237000222053F824408AEA0202C1F3072AC9B294
:1023800053F82AA053F821104E4086EA3421019CCC
:10239000C4F3072682EA3B2253F8264081EA3461DF
:1023A00053F825405FFA8CF581EA34410C0E53F85E
:1023B0002560039D53F8244082EA3A6A019A7540E9
:1023C000C2F3074285EA3426C7F3072453F82220D4
:1023D00053F824408AEA324286EA3466C2F307445C
:1023E000FDB253F8244053F8255086EA3444019452
:1023F0004FEA1C64049E53F824406E4086EA34255C
:10240000C2F3072453F8244085EA3465C1F3074436
:1024100053F8244085EA34453C0EC7F3074753F888
:1024200024A0059ED4B2120E53F8244053F8222063
:10243000664086EA3A24C1F3072AC9B253F82AA0B3
:1024400053F8211084EA3A64CCF3074ACCF3072C02
:1024500089EA010181EA322153F82C2053F82AA09D
:1024600081EA326153F8272084EA3A4481EA324112
:10247000012269E6D07E0600309706002DE9F04F74
:10248000904644680E684D6800F1080202EB840330
:1024900052F824208C68C96856405A6855409A689A
:1024A0005440DA688FB051400268069630334FEAE4
:1024B000620E0193CE4B0795089409910EF1FF3EF1
:1024C0000022019850E9087B50E906A0029001988B
:1024D00050F8100C0390019850F80C0C04900198DF
:1024E00050F8080C05900198BEF1000F00F1200093
:1024F000019050F8249C00F3C5801AB1CDE906651F
:10250000CDE908410798069E020EDDE9084553F81B
:102510002210F2B253F8222082EA3122C5F30721B9
:1025200053F8211082EA3162C4F3074153F82110B5
:1025300082EA31425740220E0A9753F82210C2B263
:1025400053F8222082EA3122C6F3072153F82110E2
:1025500082EA3162C5F3074153F8211082EA314221
:10256000290EEDB253F821C053F82550E1B2C4F35F
:10257000072453F8211053F8244081EA3C21C0F38A
:10258000072CC0F3074053F82CC053F8200081EA11
:102590003C61C6F3074C360E53F82CC053F8266046
:1025A000029B85EA362585EA346482EA0B0284EAD6
:1025B00030405840140E8F4B039E1D5D0B92FCB2B1
:1025C00081EA3C411C5D0D90744084EA0564C0F3CF
:1025D000072581EA0A015D5D0C9184EA0524C1F3B7
:1025E00007455D5D84EA054E0D0ECDF818E05E5D91
:1025F000D5B25D5D049CC8F800E0654085EA0665DB
:10260000C7F30726059C9E5D85EA0625C0F30746AD
:102610009E5D85EA0645060EC0B213F806C0185C3A
:10262000C8F80450CEB2C1F307219E5D595C0795EE
:10263000664086EA0C66C2F3072CC2F3074213F821
:102640000CC086EA0C26C7F3074C3F0E80EA09004F
:10265000DF5D13F80CC09B5C80EA076080EA012113
:1026600081EA034386EA0C4606A8C8F80860C8F861
:102670000C3020210896099300F02CFC00200FB0AC
:10268000BDE8F08F2A0E029853F822C0F2B20EF184
:10269000FF3E53F822207A4082EA3C2CC1F3072205
:1026A000EFB253F8222053F827708CEA326CC4F34F
:1026B00007428BEA070753F822208CEA324C220E9D
:1026C00053F8222087EA3227C6F3072253F8222044
:1026D00087EA3267C1F3074253F8222087EA32477C
:1026E0000A0EC9B253F822B053F82110E2B2C4F373
:1026F000072453F8222053F824408AEA0202C5F343
:10270000072A82EA3B2253F82AA082EA3A6AC6F3F1
:102710000742360E484053F8266053F82220C5F38E
:10272000074580EA362181EA346153F82540039851
:102730005FFA8CF581EA34413C0E53F8256053F87A
:102740002440704080EA3426C1F307248AEA3242EA
:1027500053F82440049886EA3466C2F30744FDB275
:1027600053F8244053F8255086EA3446140E684046
:1027700053F8244080EA3425CCF30724059853F815
:10278000244085EA3465C1F3074453F8244085EAC0
:1027900034450C0EC9B253F824A0D4B2C2F30722B8
:1027A00053F82440604080EA3A24C7F3072AC7F36D
:1027B000074753F82AA084EA3A64CCF3074A4FEA61
:1027C0001C6C53F82AA053F82CC053F8211053F86E
:1027D000222089EA010181EA3C2181EA326153F831
:1027E000272084EA3A4481EA3241012269E600BFA7
:1027F000D07A060030960600F0B50C4B0C4E04461D
:10280000586800B9F0BDC579C5F3840556F8255060
:102810002D78A54208D1457905F00F07B1EB871F48
:1028200002D1B2EB151FEDD00833E9E7D0820600E4
:10283000880D002038B5044638B390F84430012B99
:1028400011D1C56B4DB12B7A012B02D168680EF006
:10285000D4F80C2128460DF057FE20464821BDE84B
:10286000384000F037BB006C10B124210DF04CFE55
:10287000E06B0028F1D02368044ADB79C3F38403BA
:1028800052F823309B699847E7E738BD880D002050
:1028900038B505460C46A9B1482200210FF0B8FC16
:1028A000E379094AC3F3840352F823305B6913B90F
:1028B0002C60002038BD9847E8630028F8D1A0F5C7
:1028C000C340F7E70148F5E7880D0020009FFFFFB0
:1028D0002DE9F0431E46DBB2012B87B00446884643
:1028E000154672D8D0F80090B9F1000F6DD090F86D
:1028F0004430012B39D1C76B1822002168460FF0F4
:1029000087FC6B0761D13B7A002B5ED199F80620DA
:10291000102A08D80D2A08D8023A052A05D92C48C9
:1029200007B0BDE8F083263AF7E74FF41053ADF84F
:1029300000304FF4407302933B46414653F8042B5A
:102940000392EA1DD20868460EF028F910F1860FAE
:10295000E5D028B18D301F4818BF6FF06F00DFE75A
:1029600001233B7265602672DAE799F8073003F0BD
:102970000303012B06D899F8053003F00F03B2EBDF
:10298000831F22D165602672012EE06B99F8073013
:10299000114909D099F8052002F0F004302C03D039
:1029A00002F0E002402A0AD1C3F3840351F8233035
:1029B000DB682A46414607B0BDE8F0431847C3F339
:1029C000840351F823301B69F3E70448A8E700BFEC
:1029D000809FFFFF809EFFFF880D0020009FFFFF6C
:1029E0002DE9F04F154685B00268DDF838A00446A1
:1029F000884699461AB9634805B0BDE8F08F90F84B
:102A00004420012A01D16048F6E70022CAF80020DC
:102A10000268002A00F0B280167916F01F0600F056
:102A2000AD80527902F0F002102A15D1B54240F083
:102A3000A780CAF8005002685449D279C2F38402D0
:102A400051F8222090F908105568C06B4246AC46F8
:102A500005B0BDE8F04F6047994208D1436A002BAA
:102A6000C9D1B5FBF6F306FB1353002BC3D1202AC3
:102A7000C9D194F90830626A03928BB9039BE2686A
:102A8000F31A8AB1AB4249D3039814302A4641461F
:102A900020440FF095FB636A2B4463620020ABE790
:102AA000012B03D1039BF31AAB42EDD8039B002B00
:102AB00037D1002DF2D0B5FBF6F706FB175737B923
:102AC00094F908301BB9E368002B18BF3746ED1B9B
:102AD0003A4608EB050104F114000FF071FB636A3C
:102AE0003B446362002DD9D02368284ADB79C3F3C5
:102AF000840352F82330CDE900892A469E6894F970
:102B00000810E06B04F12803B04700287FF474AF8D
:102B1000DAF800302B44CAF80030BFE7039B002BE3
:102B2000C9D0039BA6EB030B03F114005A464146A0
:102B300020440FF045FB2346144953F8142BD27957
:102B4000C2F3840251F82220CDE90039936894F948
:102B50000810E06B1F46324604F12803B8470028EE
:102B60007FF44AAFDAF80030039F33442F44CAF8A9
:102B70000030B1446062D844BD1B9AE704483BE78B
:102B8000044839E7009FFFFF809FFFFF880D00206A
:102B9000809CFFFF809DFFFF70B50C230024CD5863
:102BA00022462EBA42EA460212BAC250043B1A1D0D
:102BB000C5F3C014F3D1084B1A680B7882EAD3121C
:102BC00053085B4252421343DB17C27B03F0870377
:102BD0005340C373002070BD809E002038B5054669
:102BE000D0B10468C4B1B9B10123FFF771FE044646
:102BF00098B92B6883B19B79042B0BD8012B0BD987
:102C00002421012000F072F948B12864102100F05D
:102C100061F902E0242BF3D0024C204638BD024C6F
:102C2000FBE700BF009FFFFF809EFFFF2DE9F04FF5
:102C30000F4685B016468046002879D00368002BE1
:102C400076D0002974D0046C002C71D01D79206AD4
:102C500005F01F05F8B12A1AB2421CD210302044E8
:102C60000FF0AEFA04F110020023191DA9422CD96D
:102C700023441A1B954231D803AB00932A462346BE
:102C800021464046FFF7ACFEE0B9236A2062EA1A0B
:102C9000334417445E1B05F1FF394FF0010A0DF173
:102CA0000C0BB144B9FBF5F9CA4538D34EB1206AD3
:102CB00010303246394620440FF082FA236A3344FA
:102CC0002362002005B0BDE8F08F52F8100C1368A5
:102CD000434042F8103C04320B46C6E71A7C197890
:102CE0004A4003F8012BC4E7FA58E0584240E2504A
:102CF0000B46191D8D4204EB0302F5D2AB4210D3F3
:102D0000CDF800B023462A4621464046FFF768FE2C
:102D10000028D7D1761B2F440AF1010AC4E700230B
:102D2000E7E7F85C1178414002F8011B0133E5E761
:102D30000048C7E7009FFFFF2DE9F04F8B4691B099
:102D40008046002800F0C2800368002B00F0BE809F
:102D5000056C002D00F0BA80002900F0B7800DF15D
:102D60001009102148460DF1200A1C7900F0B2F834
:102D70001021504600F0AEF810210CA800F0AAF87F
:102D8000D8F8006004F01F0416B1367906F01F066B
:102D900003AF0CAB0097324619464046FFF720FEC2
:102DA00050B9102E08D10CA94846FFF7F5FE18B906
:102DB00049465046FFF7F0FE10210CA800F08AF8B3
:102DC000D5F820C0A44505F110060FD349460CA83C
:102DD00000231A1DA2425FD9A3421BD2F25C19F84C
:102DE00003104A400CA9CA540133F5E70CA9084660
:102DF00000239C453BD9F25C00F8012B01339C4237
:102E0000F7D8D44600231A1DA24235D90CAA1A4479
:102E1000A34239D30CA90023281F1A1DA24245D969
:102E2000EA18A3424AD300972B4622462946404639
:102E3000FFF7D6FD074620B92246294658460FF02F
:102E4000BFF91021484600F045F81021504600F027
:102E500041F80023102130462B6200F03BF810218E
:102E6000284600F037F8384611B0BDE8F08F0CBFA7
:102E700001220022D201BFE708685CF8043B43400E
:102E800041F8043B1346BEE711781AF803004140AD
:102E900002F8011B0133BBE7AB1851F804CBDB6828
:102EA00083EA0C0340F8043B134692E7835851F839
:102EB00004CB83EA0C0383501346AEE70CA81178C9
:102EC000C05C414002F8011B0133AAE7004FCAE78A
:102ED000009FFFFF10B50A46044619B1024B0021BE
:102EE0001B68984710BD00BF8C0D0020014B1B686C
:102EF000184700BF940D0020014B1B68184700BF06
:102F0000900D002010B500F0FE44B4F1A06F029ABD
:102F100014D0B4F1806F0CBF0B4C0C4CA0420DD1FF
:102F20000124B1F5105F1C7008D10AB1022313709F
:102F3000054B984205D0054B984202D06FF08500B2
:102F400010BD0020FCE700BF004440040002C003A5
:102F50007FB5036816460E4A23F47E1393420D464E
:102F600013D169460430FFF7E7FE044620B9324624
:102F7000694628460FF024F968461021FFF7AAFF9A
:102F800020460DF036FC04B070BD6FF08800FAE703
:102F90000002C00310B5036804464BB1094A23F48C
:102FA0007E13934206D10430FFF744FC00232360D4
:102FB000002010BD4C2200210FF02AF96FF088008C
:102FC000F7E700BF0002C0032DE9F843D0F80090F6
:102FD00005460E461746B9F1000F30D123F47E1492
:102FE0000360184B9C420FD100F1040840460DF0DD
:102FF00087FA318872884B4620460DF0A4FA0146C4
:1030000058B96FF0850416E04C2249460FF000F9DC
:103010006FF085042046BDE8F8834046FFF738FC92
:1030200020B9728839464046FFF7D8FD0DF0E1FB24
:1030300004460028EED02846FFF7ACFFEAE76FF021
:103040008804E7E70002C00310B503685BB1074CD2
:1030500023F47E13A34206D10430FFF7E7FDBDE859
:1030600010400DF0C6BB6FF0880010BD0002C00319
:103070000E4B0340B3F1607F06D1B1F5885F14BFFA
:103080006FF0860000207047B3F1707F0BD101F420
:10309000E043B3F5005F06D111F4E06F0CBF6FF0B1
:1030A0008600002070476FF0860070470000C07FE8
:1030B0008A42F8B506460C4600F0DB806F4922F4E0
:1030C000FF7323F001038B420ED06D4B22F0FF0102
:1030D000994209D06B4822F47F7323F003038342A3
:1030E00002D0694B994228D1684B24F0FF019942E4
:1030F0000FD114F0FF000BD0654B40F000709842E8
:1031000040F0B98082EA0400FF288CBF0020012033
:10311000F8BD5B4B9942ECD0A3F588539942E8D0B7
:1031200024F4FF7323F00103B3F1062FE1D05648D6
:103130008142DED053498B42DBD004F0FE43B3F131
:10314000A06F14D102F0FE43B3F1A06F40F0938062
:1031500082EA040333F47E1340F08D8014F40040BF
:10316000D6D0C4F30540C2F305429042CDE7B3F197
:10317000407F6AD102F0FE43B3F1407F7BD182EA07
:10318000040535F47E1576D131462046FFF770FFF1
:10319000002870D13F4B12F47C1703EA02031BD0C6
:1031A000B3F1607FC2F305473FD13B49D3B243F04F
:1031B00000738B423DD003F17E43043B0F2B01D8BB
:1031C0003649CD5C14F47C1FC4F3054333D1BD42B2
:1031D00014BF002001209BE7B3F1607F0DD12E4981
:1031E000D3B243F000738B421DD003F17E43043B06
:1031F0000F2BDAD82A49CF5CD7E7B3F1707FE1D142
:1032000006F4E043B3F5005F03D1C6F302230127C0
:103210009F4006F4E043B3F5005FD3D1C6F302212B
:1032200001258D40CEE71027BFE7B3F1707FC9D1EC
:10323000EFE71025C6E712F47C1F01D1AB4218D08E
:1032400022047FF565AFBB425FE7B3F1106F12D187
:1032500024F01F6020F4702068B902F0FE43B3F13F
:10326000106F7FF455AF0F48104040F01060A0423F
:10327000AEE701204CE700204AE700BF000200064D
:103280000013000600040006000900060003000603
:10329000FF0000020000C07F0300000278980600D3
:1032A000789806000000FFF637B50D4D6B78022BBD
:1032B0000C4612D12B78072B0FD1002301930A461D
:1032C00001AB0146281D0DF031F920B9019BA34245
:1032D00018BF6FF0930003B030BD6FF08800FAE7BD
:1032E000849E0020F0B50446084604F0FE41B1F18A
:1032F000106F87B02BD124F01F6121F4702131BBF6
:1033000045682D0A00F1200121D1068806F44F45B9
:10331000B5F5824F1BD10F4D0F4F254045F010657D
:10332000BD4214D1F6B2122E11D14588B5F5807F79
:103330000DD10E9D04950D9D03950C9D0092CDE938
:1033400001352346426E0DF083FF07B0F0BD6FF0EC
:103350008500FAE70000FFF6000002092DE9F843B6
:10336000884617461C4600F0E9F9054688BBD8F8A0
:103370000060B6F8009009F4E043B3F5804FB368FD
:1033800008BF27F0010737EA03031AD10CB3254B16
:1033900024F0FF029A421FD114F0FF0304D0224A06
:1033A00043F00073934232D0F16822464846FFF75B
:1033B0007FFE074668B9316922464846FFF778FE26
:1033C00070BB6FF084050023C8F8003030460DF064
:1033D000B2FE2846BDE8F883144B9A42DCD0A3F530
:1033E00088539A42D8D024F4FF7323F00103B3F139
:1033F000062FD1D00E498A42CED00E4A9342CBD06E
:1034000004F0FE43B3F1407F04D12304CCD56FF028
:103410008605D8E7B3F1A06FF7D0034B9C42C2E713
:103420003D46D6E700030006FF0000020013000639
:10343000000900060004000638B500F0FE43B3F1B1
:10344000407F04460D4602D06FF0860038BDFFF77E
:103450000FFE0028FAD114F47C1F12D0C4F30543E8
:10346000032B137022D9284A2240B2F1607F3DD14C
:10347000264AE4B244F0007494422BD1102BE5D9D3
:10348000E2E7214B2340B3F1607F15D11F49E3B23E
:1034900043F000738B4202D110231370D6E703F17F
:1034A0007E43043B0F2B04D9002313706FF085007B
:1034B000CCE71749CB5CD3E7B3F1707FF4D101F4CB
:1034C000E043B3F5005FEFD1C1F3022101238B404C
:1034D000DBB2C5E704F17E44043C0F2CB4D80D4A9E
:1034E000125D9342B0D8202BB0D9DFE7B2F1707FE4
:1034F000AAD105F4E042B2F5005FA5D1C5F30225DB
:103500000122AA40EDE700BF0000C07F03000002D7
:10351000789806007898060007B5002300911A46AF
:1035200002490DF0F6FC03B05DF804FB548306007D
:1035300010B5114C2378580744BF23F004032370BF
:103540002378990705D500F097F8237823F0020334
:10355000237063781BB1094A002363605360002322
:10356000064863700821FFF7B5FC2378DA0744BFEB
:1035700023F00103237010BD849E0020889E00204C
:1035800038B5184C62782378022A01D1072B09D06C
:103590009B070AD52378DD0713D562782378A2B17B
:1035A00058071AD50025284638BD00F05DF8237865
:1035B00043F00203237005460028EBD0FFF7B8FF65
:1035C000F1E743F001032370E7E7D907E8D506499F
:1035D00062604A6002226270E2E743F004032370F3
:1035E000E0E700BF849E0020889E002000F140425A
:1035F0000F2A38B504460D460CD81A4B682101FB3A
:1036000002331A7E022A02D15A69824218D06FF020
:103610008B001FE001210DF068FDE0B1114A002090
:103620001346117E022902D15169A14205D0013011
:10363000102802F16802F4D1E9E7682202FB0033A6
:103640001A7E022A0AD1DA69511C07D00132DA61E6
:1036500000202B6038BD6FF08700FBE76FF096000D
:10366000F8E700BF909E0020024B012283F88026DD
:1036700000207047909E00202DE9F0410A4C002563
:1036800026464FF001080327C4F81C802776204601
:1036900001350DF095F9102D04F16804F4D10023E3
:1036A00086F88036BDE8F081909E0020F8B5214D67
:1036B00095F8803606460F46002B34D000242B4662
:1036C0002246197EF9B13CB9022905D1D96919B947
:1036D0001979002918BF1C460132102A03F168032A
:1036E000EFD114B96FF08C000BE0237E022B04D1D4
:1036F000E3695A1C1CBF0133E36120460DF060F9F9
:1037000010B100240DE01C46237E7BB901232376F3
:1037100036B1094B651BED105D4305F18045356001
:1037200000203C60F8BD6FF08800EAE76FF096007B
:10373000E7E700BF909E0020C54EECC438B5094BAA
:1037400000250D6093F880360C4643B1FFF74EFF1D
:1037500010F18C0F02D125606FF0870038BD6FF03B
:103760008800FBE7909E0020043004289ABF034B9A
:1037700033F910006FF08300704700BFE88806003F
:10378000014B0DF040BE00BFFC83060070B514462F
:1037900088B006460D46204621460C4A0DF093FEA1
:1037A000224621466846FFF7EBFF6A46314630461F
:1037B000FFF7E6FF224669466846FFF7E1FF6A46E3
:1037C00029462846FFF7DCFF08B070BDFC830600E1
:1037D00030B5044689B00DF0DBFD0C4A2146684641
:1037E0000DF06EFD0121054668460DF04DFD6A465F
:1037F000214610460DF064FD2DB1003818BF0120A0
:10380000404209B030BD4FF0FF30FAE7B883060000
:1038100030B589B004460DF053FD21460546054AF2
:1038200068460DF037FD2A46694620460DF05FFDDB
:1038300009B030BDFC83060070B5044690B00D465B
:10384000114616460DF0A4FD234A214608A80DF0A6
:1038500037FD01283DD1114620460DF013FE06F13B
:10386000200128460DF094FD1B4A294608A80DF0BA
:1038700027FD01282DD1114628460DF003FE2A46CA
:1038800029466846FFF77CFF2246214608A8FFF735
:1038900077FF08A908462246FFF772FF08A90846E5
:1038A0002246FFF7B5FF08A908462246FFF7B0FFFA
:1038B00008A908462246FFF7ABFF08A90846064BB1
:1038C000064A0DF08BFD08A968460DF021FD10B0E9
:1038D00070BD4FF0FF30FAE7FC83060098830600C6
:1038E000F0B5384E99B004460D4608A81146174663
:1038F000FFF746FF334608AA214668460DF06EFDE5
:1039000008AA214610A8FFF783FF10AA694608A855
:10391000FFF736FF08AA3346114668460DF05EFDF4
:10392000334608AA694668460DF058FD2A462946DE
:1039300010A8FFF725FF10AA3346114610460DF0D8
:103940004DFD10AA214608A8FFF71AFF08AA334622
:10395000114610460DF042FD10AA11461046FFF721
:103960000FFF10AA3346114610460DF037FD6A4688
:1039700069462046FFF704FF08AA21462046FFF7C4
:1039800047FF08AA21462046FFF742FF3A4629464C
:103990003846FFF7F5FE33463A46394638460DF0CD
:1039A0001DFD224608A92846FFF732FF6A46294630
:1039B0002846FFF7E5FE10AA29462846FFF728FF0C
:1039C00019B0F0BDFC8306002DE9F04FA3B00C4602
:1039D0002C9E31490546924602A8324699460DF082
:1039E0006FFCD6F800B031460BF0010202A80DF1D1
:1039F00048080DF07CFC002140460DF045FC4A468D
:103A000041460AA8FFF704FF0122514628460DF05F
:103A10006EFC0122494620460DF069FC1F4A012137
:103A20001AA80DF045FD6FEA0B0202F001020AA987
:103A300020460DF05CFCFF277B0922AA02EB8303E2
:103A400007F01F0253F8806CD64086EA0B06F2435B
:103A500002F00102494640460DF049FC06F0010221
:103A60000AA940460DF043FC1AAA21462846FFF752
:103A700037FFCDF8008053461AAA214628460DF09C
:103A800064FD013FD8D11AAA21462846FFF77EFEE1
:103A900023B0BDE8F08F00BFB8830600FC830600AA
:103AA0002DE9F74306460D46174698464FF005099F
:103AB000B9F1010905D14FF0FF34204603B0BDE84C
:103AC000F083202130460DF0A1FD0028F3D13146CE
:103AD0002846FFF77DFE04460028E9D1034B044A3F
:103AE000009541463846FFF76FFFE6E7588306002A
:103AF0007883060030B599B00D4610AB694608AA28
:103B0000FFF7CEFF202104466846FFF7E3F96CB9C2
:103B1000084A08A928460DF006FD064A10A905F135
:103B200020000DF000FD204619B030BD4FF0FF34ED
:103B3000F9E700BFFC83060070B5AAB002AD0646E7
:103B400028461446FFF744FEC8B9224612A90AA81F
:103B5000FFF772FE0446A8B90AAA22A91AA800957E
:103B600012ABFFF731FF094A1AA930460DF0DBFC12
:103B700028462021FFF7AEF920462AB070BD6FF02D
:103B80000204F5E76FF00104F2E700BFFC830600D2
:103B900070B59AB002AE05463046FFF719FE0446EE
:103BA000C0B90E4B0E4A009612A90AA8FFF70CFFE7
:103BB00020213046FFF78EF90A4A0AA928460DF05F
:103BC000B2FC084A12A905F120000DF0ACFC204619
:103BD0001AB070BD6FF00204F9E700BF5883060009
:103BE00078830600FC8306002DE9F04104694668ED
:103BF000236823B96FF012052846BDE8F08170688C
:103C00000DF0B3FD0028F5D07068317A7389D0F8D3
:103C100010C0D0F808E0DCF80050DA0754BF43F4D5
:103C2000B01383F4D013012723F480128F40DB07F5
:103C30004CBF3D43BD43CCF80050DEF80030984700
:103C400005460028D8D10146142204F10C000EF0DC
:103C5000DFFA04F1200262610222A2610123042240
:103C600062772361A3773378074A0133C4E90125DA
:103C7000214663720C23237751F8040B8368BDE857
:103C8000F0411B68184700BF000428402DE9F743A6
:103C90002B3989B215290669476848D8254B0B414D
:103CA00013F0010543D107F10408012140460DF04E
:103CB00003FD0446002836D100214FF4A4700EF015
:103CC0003AF9314651F80C0B83685B689847B57731
:103CD000044608BB3368358C9B6830791B8996F89D
:103CE0001C906B4301A90193F8F780FF10B9019D67
:103CF00045FA09F53969FA684FEAE57CA1FB050543
:103D000001FB0C510023D3F74BFA054600B20DF02E
:103D1000C0FC758486F82400002140460DF0CCFCE0
:103D2000002818BF0446204603B0BDE8F0836FF0BA
:103D30008504F8E7DEFFDFFF034A044B02609B1AAD
:103D40001820B3FBF0F07047942B0600CC2F060030
:103D500070B5044688B10378C3B10D4D0D4EB54220
:103D600001D3002409E02968A14208D128460DF0BA
:103D7000FCFC002814BF2C460024204670BD2046C1
:103D8000D3F728FA0028F1D01835E8E71C46F4E705
:103D9000942B0600CC2F060038B5EFF311852023B5
:103DA00083F31288BFF36F8F064B9C680DF0F0FC15
:103DB00085F31188BFF36F8F2046BDE83840DEF7EA
:103DC00065B800BF14A5002038B5094B53F8204052
:103DD000013053F82050A54200D838BD636823B1A4
:103DE00020460DF0D8FC0834F5E723689847FAE739
:103DF0007084060070B52B4B2B4C2C4D012286B0E5
:103E000003201A70FFF7E0FF01F06AFC0DF0DFFC01
:103E10000420FFF7D9FF2646AE4204F1300410D348
:103E200000F0E8FF204C224EAC4226D300F0F6FF13
:103E300004F020FA1F4A137B23F00103137306B02A
:103E400070BD54F80C3C059354F8103C049354F89E
:103E5000143C039354F8183C029354F81C3C01930F
:103E600054F8203C009354E90A2354E90C0100F073
:103E7000CFFD54F8303C5E65CDE7D4E90A23B3F1B9
:103E8000FF3F08BFB2F1FF3F05D052EA03012068AF
:103E900003D101F0A1F83034C6E73146183001F003
:103EA00047FAF8E7C5A8002050310600B0310600F7
:103EB000CB1E06000845002008B50348034A002130
:103EC000121A0DF080FC08BD70140020C8A8002054
:103ED00070B5154E154D1649C82386B003FB006614
:103EE00001220023CDE904230F22CDE90232019300
:103EF000182303FB0055044601EB40210D4B0095B0
:103F00004FF4C072304600F083FD737B0A4AEE60C6
:103F100023F0040373734FF4086304FB0333134467
:103F20002C746B6006B070BD4044002014A50020C6
:103F300080EA00203F19060000E20020BFB5002003
:103F4000FFF742FF294B83F30888294C294F636907
:103F500043F4007363610025E02384F82230E577A1
:103F600025766576A57684F82050636A43F4E023CD
:103F7000636284F82350DDF749FFDEF723F94FF041
:103F8000FF33A362E362DEF7E9F9DEF73FF91A488F
:103F90001A4C00F0B5FD0DF0E7FB0120FFF714FF10
:103FA0000220FFF711FF00F06DFF154B15499C61D2
:103FB000154B05930123CDE903534FF480623B4633
:103FC000CDE901550095204600F022FD627B0646B2
:103FD00022F00402204662730DF03AFF2846FFF7F4
:103FE00077FF3A4631462046DEF7C0F880EA0020E7
:103FF00000ED00E0F53D0500B84600200845002032
:1040000014A5002080EC00208E98060038B5064CE0
:10401000064DAC4201D3002038BDD4E90112204640
:104020000DF0D6FB1434F4E7600F0020600F002081
:1040300038B5064C064D0020AC4200D338BD2046B2
:104040000DF02CFC0028F9DB1C34F5E7F00E002005
:10405000600F002073B50C46EFF31181202585F326
:104060001288BFF36F8FC5685DB125602B68C36090
:10407000836901338361002081F31188BFF36F8F5F
:1040800011E052EA030603D125606FF00B00F3E75D
:10409000CDE900230246083000F00AFE18B9034BB0
:1040A0009B685B69236002B070BD00BF14A500204F
:1040B0002DE9F34104460E4600F10808EFF311879D
:1040C000202181F31288BFF36F8F006AE168884274
:1040D00037D22568AC4217D0B5B128460DF03AFC6E
:1040E00005F118000DF07BFFA268686931460EF0FB
:1040F00067F80023EB6728460DF0AAFE40463946D4
:1041000000F052FE002029E0A268E06931460EF07E
:1041100057F8E369A26813446269E361934204BFFC
:104120002369E361236A01332362102104F124002F
:104130000EF020F80028E1D187F31188BFF36F8FCC
:104140000CE052EA03010CD00749896840464E61F1
:10415000CDE900233946224600F0AAFD02B0BDE8B1
:10416000F0816FF02200E7E714A50020F7B50446C0
:1041700004F108070846EFF31186202181F3128825
:10418000BFF36F8F216A002939D0A268A1690EF0B0
:1041900017F8A369A268256813446269A361934272
:1041A00004BF2369A361236AAC4203F1FF33236296
:1041B00033D02846002D31D00DF0CCFB05F118008E
:1041C0000DF00DFFA2686969E0690DF0F9FFE36980
:1041D000A26813446269E361934204BF2369E36107
:1041E000236A0133236200242846EC670DF030FE79
:1041F0003846314600F0D8FD204603B0F0BD52EA03
:10420000030110D0094989684861CDE9002331468E
:104210002246384600F04CFDEFE7002086F3118877
:10422000BFF36F8FE9E76FF02200F7E714A50020D6
:104230002DE9F341044617461E46EFF3118820236B
:1042400083F31288BFF36F8FC368334A7BB18068F2
:104250009168884219D057EA060318D188F311886B
:10426000BFF36F8F6FF00F0002B0BDE8F08191686F
:1042700091F90E1021610133E3609368A36088F324
:104280001188BFF36F8F0020EEE72169F2E791F903
:104290000E1090F90E309942A8BF19466FF07E02B9
:1042A0009142B8BF11468B422DDD0DF060FB0546F3
:1042B000CDE9007619482246414600F0F9FC002875
:1042C000E1D0EFF31186202383F31288BFF36F8FC1
:1042D000A068D0B1236821699C420AD04BB193F900
:1042E0000E309942A8BF19466FF07E039942B8BFBD
:1042F00019460DF03CFB40B10848314600F054FD32
:104300006FF00A00B0E70025D2E7002DF4D186F364
:104310001188BFF36F8FF3E714A50020C6A8002013
:10432000F8B583680546002B3FD0234A9268934234
:104330003ED1C368012B03D9013BC3600020F8BD07
:10434000EFF31187202383F31288BFF36F8F016986
:1043500080680DF00CFB2C68A54207D10023C5E94D
:10436000023387F31188BFF36F8FE7E7002CF5D096
:10437000D4E9003213605A60637B002623F0020305
:104380006373C4E90066A66004F118000DF027FE0F
:10439000AC6094F90E302B612046E6670DF058FDB5
:1043A0000648394600F000FDC8E76FF01500C6E783
:1043B0004FF0FF30C3E700BF14A50020C6A80020BF
:1043C00037B51146EFF31185202282F31288BFF32F
:1043D0006F8F04689CB12368426823F00303944202
:1043E000036008BF4360012120460DF04EFB0446E8
:1043F00085F31188BFF36F8F204603B030BD51EABB
:104400000302F5D000F10802CDE900131046294659
:1044100000F04EFC0028EFD1014B9B685C69EBE794
:1044200014A5002070B5EFF31186202383F31288C2
:10443000BFF36F8F0468A0421AD0CCB1D4E9003228
:1044400013605A60637B002523F00203C4E9005522
:104450006373A56004F118000DF0C1FDE567204607
:104460000DF0F6FC31460B48BDE8704000F09CBCF6
:10447000D0E902329A4218BF013383600221103022
:104480000DF078FE0028EDD186F31188BFF36F8F11
:1044900070BD00BFC6A8002013B5EFF31181202422
:1044A00084F31288BFF36F8F846844B1013C846049
:1044B00081F31188BFF36F8F002002B010BD52EA64
:1044C000030406D181F31188BFF36F8F6FF00F00E3
:1044D000F3E7CDE900230246014800F0E9FBECE7F1
:1044E000C6A800202DE9F8430546EFF311882023E4
:1044F00083F31288BFF36F8F002637466FF00A09E7
:104500002C68A54216D0ACB1D4E9003213605A60D1
:10451000637BA76023F002036373C4E9007704F1AF
:1045200018000DF05CFDC4F87C9020460DF090FC66
:104530000126E5E70023AB60022105F110000DF034
:1045400019FE30B92EB988F31188BFF36F8FBDE81B
:10455000F88341460248BDE8F84300F025BC00BF9F
:10456000C6A800201FB5094A92E8030002AB83E801
:1045700003004FF400620093054906484FF0FF33F3
:1045800000F06AF9002005B05DF804FB0435060070
:1045900000F10020D04500202DE9FF414F4E044698
:1045A0002027EFF3118887F31288BFF36F8FD4F8B9
:1045B000C850F5B9022104F1E0000DF0D9FA002845
:1045C00068D004F1D8050022012128460DF0CCFC6A
:1045D0000028F8D1002302934FF0FF324FF0FF3351
:1045E000CDE90023414604F1D0023D4800F0BEFD74
:1045F000D7E7D4F8CC202B68C4F8C830954208BF60
:10460000C4F8CC30D4F8E03043F00203C4F8E03012
:10461000EB6823F0040343F00103EB606B6888F35D
:104620001188BFF36F8F28469847EFF3118887F3FF
:104630001288BFF36F8FEB68D80623F0010236D4DF
:10464000EA60EB689A0716D5306823F00203EB6046
:1046500088B10368002170B14268954235D1036882
:1046600069BB72683360824200D17360002340F8F6
:10467000083BFFF7D7FED4F8E03023F00203C4F87C
:10468000E03088F31188BFF36F8FDB0589D400F029
:1046900001FC86E7D4F8E030D9069BD5C4F8E000E9
:1046A00088F31188BFF36F8F04B0BDE8F08123F069
:1046B0001103EB6005F11000FFF7B4FEC1E70B60DA
:1046C0007368834208BF7160D0E723B11A6801465E
:1046D00018461346BFE71A46F9E700BF3CA500207D
:1046E000C6A8002070B5C368C3F340069B07054603
:1046F0000C460DD50122002104F108000DF028FA26
:1047000000232360054B65605A681AB9C3E9004469
:10471000304670BD14605C60FAE700BF3CA5002025
:10472000F8B5C3689A0704460F46C3F340062CD475
:104730005B071AD40B680BB983680B60E368DD076D
:1047400044BFA3683B603D684CBF02260126002D94
:104750003AD01F4B9B68AB420AD0D5F8E030D8075F
:10476000C3F3800214D46FF0120600233B6025E0EF
:104770000DF02BFBD5F8E0300028F0D1D907C3F3BA
:10478000C002F0D552B15B0708D46FF00F06ECE71A
:10479000002AFAD1C3F3C003002BF6D10023236013
:1047A000D5F8CC3063B9C5E9324428460DF0FBF9A1
:1047B000E36843F00403E3603B68A3603046F8BD60
:1047C0001C60C5F8CC40F0E76FF01506CDE700BFE0
:1047D00014A50020F8B5C36803F00503002B0646B6
:1047E0000C4614BF012700271CD085680122002138
:1047F00004F110000DF0ACF9134920460DF02BFA2E
:10480000E36843F01003E360F3685B0712D5336895
:1048100023606BB9D5F8CC3033B9C5E932442846AA
:104820000DF0C1F93846F8BD1C60C5F8CC40F6E77C
:104830003460F4E7D5F8C8302360D5F8CC30C5F83B
:10484000C840002BEBD1F0E7871B0600014601486A
:104850000DF02CBAD0450020F0B589B004460020F8
:10486000C4E932000E9D04F1D000C4E9340004F123
:10487000D800C4E936004DB32879002840F2011071
:1048800008BF0120C4F8E00000204FF0FF364FF0D1
:10489000FF37CDE90330CDE90100CDE906670C4BC8
:1048A0000094204600F000F955B1296811B1204666
:1048B0000DF091FA6B791BB1237B43F00103237355
:1048C000204609B0BDE8F04000F086BB0120D9E7E2
:1048D0009945050037B501900846EFF31184202172
:1048E00081F31288BFF36F8FC16811F01E0F16D1CC
:1048F00053EA020508D101A9FFF712FF84F31188DA
:10490000BFF36F8F03B030BD41F00801C160019962
:1049100081621030034900F00BFD0120EEE700201A
:10492000ECE700BF1B1C060001460148FFF7D2BFA1
:10493000D0450020F7B50C46019016461D46EFF312
:104940001187202383F31288BFF36F8F08460DF081
:104950001BF955EA060309D101A92046FFF7E0FE3D
:1049600087F31188BFF36F8F03B0F0BDE368074989
:1049700043F00803E360019BA36204F11000324698
:104980002B4600F0D5FC0120EAE700BF1B1C060007
:1049900001460148FFF7CEBFD04500202DE9F04188
:1049A0000546EFF31187202383F31288BFF36F8F3F
:1049B0000468A04223D014B320460DF0F9F904F1A5
:1049C00018000DF00CFB0026B046C4F87C80204691
:1049D0000DF03EFA2C68A54206F1010608D03CB164
:1049E00020460DF0E5F904F118000DF0F8FAECE7B7
:1049F0000648394600F0D8F93046BDE8F08187F323
:104A00001188BFF36F8F0026F6E700BFC6A800200D
:104A10002DE9F043073285B022F007020E461F460B
:104A20001099017300F15803FF32C0E916330446B0
:104A3000002322F07F020421836041737F2A0F98B4
:104A4000A073C4E90633E37306F18009A2F180087C
:104A500005D883F31188BFF36F8F084602DFB518BE
:104A600029462046DDF764F807300E9B20F007004A
:104A7000E066C4E9199802930D9B01932D1A0C9BD3
:104A800000932A463B4631462046DDF7EBFA0023E9
:104A90006365044B9B6803B11B6F2367284605B011
:104AA000BDE8F08314A50020F0B587B0002505957A
:104AB000109D04950F9D03950E9D0295DDE91276DC
:104AC0000D9D01950C9D00950446FFF7A1FFB6F1E1
:104AD000FF3F08BFB7F1FF3F05D056EA070305D1F6
:104AE000204600F079FA204607B0F0BD03493A4667
:104AF000334604F1180000F01BFCF4E7CB1E06005F
:104B000040F2011383810023C0E919330367014B8D
:104B10009860704714A50020094A93686FF00A0155
:104B2000D967084998674B6843F080534B6000236E
:104B300083F31188BFF36F8F9368D86F704700BFFE
:104B400014A5002000ED00E070B590F90D20437B26
:104B5000002A36DBD90634D11B4C63F07F03224692
:104B6000437352F81C3F216A934207D1C0E90021E8
:104B70000860206211E09942F8D01B68002BF5D044
:104B800090F90E5093F90E60B542F4D0AE42F2DDCA
:104B90005968C0E9003108605860E569954200D065
:104BA00005B9E568A3685A7BD20604D1DA897F2A61
:104BB00001D9AA6932B1AB4202D0284600F016FBF7
:104BC000A56170BDA361FCE714A5002038B590F97C
:104BD0000D20437B002A014604DA03F07F03437370
:104BE0000DF0FCF80D4D2A46AB6852F81C4F94426C
:104BF00000D004B9EC688B4207D05A7BD20604D1AE
:104C0000DA897F2A01D9A2692AB1A34202D02046BB
:104C100000F0ECFA2346AB6138BD00BF14A50020BC
:104C200070B590F90D20437B002A014604DA03F0A9
:104C30007F0343730DF0D2F84B7B1C4C63F07F0372
:104C400022464B7352F81C3F206A934207D1C1E9B8
:104C500000200160216211E09842F8D01B68002B0F
:104C6000F5D091F90E5093F90E60B542F4D0AE42F2
:104C7000F2DD5868C1E9003001605960E569A36858
:104C8000954200D005B9E5688B4207D05A7BD20621
:104C900004D1DA897F2A01D9AA692AB1AB4202D0AC
:104CA000284600F0A3FA2B46A36170BD14A500208E
:104CB000F8B5124B0C461146114A98681060DDE9B0
:104CC0000676EFF31182202282F31288BFF36F8FF2
:104CD0009D6828460DF094F8B6F1FF3F08BFB7F184
:104CE000FF3F06D007493A46334605F1180000F069
:104CF0001FFB2046BDE8F840FFF70EBF14A50020BB
:104D000044A50020CB1E0600F8B50446EFF311873A
:104D1000202383F31288BFF36F8F437B03F01F02BE
:104D2000002A0CBF0126002649B239D103F07F03C7
:104D300043730DF053F81B4D437B817363F07F0386
:104D40002A46437352F81C3F934227D1286AC4E98C
:104D5000002004602C620FE08342F8D01B68002B17
:104D6000F5D093F90EC06145F6D08C45F4DD596855
:104D7000C4E900310C605C60EC69944200D004B975
:104D8000EC68AB689C4202D0204600F02FFAAC6180
:104D900087F31188BFF36F8F3046F8BD286ADEE7CE
:104DA0008173F5E714A5002049B9EFF3058030B908
:104DB000054B9A699B689A4201D0FFF7ADBE81F31B
:104DC0001188BFF36F8F704714A50020034648B9C0
:104DD000EFF3058232B9064A91699268914201D097
:104DE000FFF79ABE83F31188BFF36F8F704700BF40
:104DF00014A50020EFF31181202383F31288BFF361
:104E00006F8F054B9A68D37B013BD37381F3118875
:104E1000BFF36F8F704700BF14A5002070B5EFF38C
:104E20001186202383F31288BFF36F8F144DAB6874
:104E3000DA7B0132DA732A4652F81C4F944200D0D2
:104E400004B9EC685A7BD20604D1DA897F2A01D9E9
:104E5000A2692AB1A34202D0204600F0C7F9234636
:104E6000AB6186F31188BFF36F8FEFF311802023BE
:104E700083F31288BFF36F8FBDE87040FFF7A6BFC2
:104E800014A50020024B03F11C02C3E9072270475E
:104E900014A5002070B5EFF31186202383F3128848
:104EA000BFF36F8F1B4CA168206A0B68814214BF4F
:104EB0001A46002249680B605960A368216A2AB922
:104EC000154AC3E900210B6023620CE093F90E0040
:104ED00092F90E50A84218D0854216DD5168C3E9F8
:104EE00000210B605360E5690B4B9D4200D005B972
:104EF000E568A3689D4202D0284600F077F9A561D5
:104F00003046BDE87040FFF707BE8A42D8D012682D
:104F1000D5E700BF14A5002030A5002050EA01030A
:104F20002DE9F04105460E4604D1FFF7B3FF0020FE
:104F3000BDE8F081831C71F1FF3324DB0DF070F8C4
:104F40004419EFF31188202383F31288BFF36F8F86
:104F50000F4F104BB8681860FFF738FEB8680E495D
:104F60002A463346183000F0E3F9BA68537B43F021
:104F7000040353734046FFF7CFFD0DF051F8201A9C
:104F800020EAE070D4E76FF00104241AD9E700BFEB
:104F900014A5002044A50020CB1E06000C490D4A94
:104FA00038B500244FF400458C462146C0FB05C1AE
:104FB00000236046D2F7F4F8C117FFF7AFFF054AA8
:104FC00047F6FF73C0FB0234DB0B43EA444038BDB5
:104FD0003F420F0040420F0038B50446EFF3118501
:104FE000202383F31288BFF36F8F437B5B070FD5BA
:104FF00018300CF0F4FF637B23F004032046637346
:10500000FFF7A2FD29460548BDE83840FFF7CCBEB2
:1050100085F31188BFF36F8F38BD00BFC6A800208D
:10502000014B9868704700BF14A500202DE9F84394
:105030000446077BEFF31185202383F31288BFF327
:105040006F8F437B190705D585F31188BFF36F8FE9
:10505000BDE8F883D90943F008025DD14273A36823
:1050600013B120460CF0C2FE04F118000CF0B7FF9B
:10507000A66D04F15808B04511D04FF0000976B183
:1050800030460CF0B3FE06F118000CF0A8FFC6F88D
:105090007C903046FFF758FDA66DB045EFD1DFF8A4
:1050A000C880D8F808309C423ED1EFF30589B9F1A9
:1050B000000918BF4FF00109D8F81C60284A964231
:1050C00000D00EB9D8F80C60B34202D0304600F0E0
:1050D0008DF82046C8F81860DDF724F8B9F1000F04
:1050E00002D02048FFF70CFDD8F808309C4231D19F
:1050F000EFF3058373BB227BD20718D42846FFF752
:105100000BFDFB07A4D5002383F31188BFF36F8F3A
:105110000423184602DF9BE703F07F0343F00803F4
:1051200043730CF05BFE9AE74FF00009C4E785F388
:105130001188BFF36F8F83F31188BFF36F8F042340
:10514000184602DFEFF31180202383F31288BFF3A8
:105150006F8FD4E785F31188BFF36F8FD1E700BF5E
:1051600030A50020B846002014A50020D3B5DDE905
:105170000667089CCDE90067FFF79AFD1CB1034B59
:105180009B685B69236002B0D0BD00BF14A50020FE
:10519000044BC01A044BC0105843044B01221A544C
:1051A000704700BF80470020ABAAAAAAC6A800206B
:1051B000C3897F2B12D80A4B1B6863B1094B90F946
:1051C0000E201B689A4209DB437BDB0606D1064BA7
:1051D000C31A18BF012303F0010070470023FAE748
:1051E0004CA5002048A500204044002070B50E4B7F
:1051F0000E4C1E7C06EB460304EBC304054620461A
:105200000CF0EDFE0A4B002228469A55FFF7D0FF1E
:1052100048B1084B08491A68013A2046D317BDE83F
:10522000704000F085B870BD14A5002080470020B4
:10523000C6A800204CA500209151050038B5EFF319
:105240001185202383F31288BFF36F8F104B114A0F
:105250009C681068A04206D1FFF7C8FF85F311884B
:10526000BFF36F8F38BD00211B7C11600A4AD35CED
:10527000002BF3D02046FFF79BFF0028EED0637B86
:10528000DB0602D12046FFF7CBFC2046E4E700BF57
:1052900014A5002044A50020C6A800200748084AFD
:1052A000084908B5121A0CF090FA0748074A08494D
:1052B000BDE80840121A0CF088BA00BF00000020B8
:1052C00070140020A89906000000002000000020B3
:1052D000A8990600024B1868984208BF0020704742
:1052E000C00D0020034B1B680BB9FAF7D9B800209A
:1052F000704700BF50A5002030B570B10B4B5B6804
:1053000098420AD0036843B1D3E90421D0E90445A7
:10531000121941EB0501C3E90421D0E90032136001
:105320005A600023C0E9003330BD00BFC00D00202B
:10533000B3F1FF3F08BFB2F1FF3FF8B504461D4689
:1053400016465AD08160EFF31187202383F3128829
:10535000BFF36F8F013275F1FF3321DA2C49D1E9A8
:1053600000206FF001039B1A4FF0FF3262EB000048
:105370009E1B60EB0500012E70F1000301DA01268F
:105380000020C4E90460FFF7A5FF224E8446706840
:10539000BCF1000F0DD1C4E90060046074601CE032
:1053A000FFF7A0FF013645F10005361845EBE07028
:1053B000E7E7DCE90425D4E90431934271EB050EFB
:1053C0001CDAD21ADCF8043065EB0105CCE90425BF
:1053D000C4E900C31C60CCF80440FFF77BFF8442A3
:1053E00007D10D4B1C6824B90CF0E0FD2146FAF7FB
:1053F00029F887F31188BFF36F8FF8BD9B1A61EB13
:1054000005018445C4E90431C5D0DCF800C0BFE71C
:1054100098470020C00D002050A500202DE9F0473E
:10542000EFF31185202383F31288BFF36F8F254F8D
:10543000254E3860FFF74EFF4FF000084FF000098F
:105440003B68D6E9001E4FEAE37C50B1D0E9044244
:10545000A3427CEB020A18DAE41A62EB0C02C0E900
:1054600004425B184EEB0C020024C6E900323C609B
:105470000CF09CFD2146F9F7E5FF85F31188BFF399
:105480006F8FBDE8F047FFF7D9BE61184EEBE473AC
:10549000C0E90489C6E90013FFF72EFF85F31188E0
:1054A000BFF36F8F83689847EFF31185202383F351
:1054B0001288BFF36F8F3B681B1B3B60FFF70AFF2F
:1054C000BEE700BF50A500209847002010B5EFF3BD
:1054D0001184202383F31288BFF36F8FFFF702FF3D
:1054E000054A0346D2E90001181841EBE37184F341
:1054F0001188BFF36F8F10BD98470020F8B50446A0
:10550000EFF31187202383F31288BFF36F8F0268B4
:1055100022B187F31188BFF36F8FF8BDD0E90A3647
:10552000581C46F10001022871F1000127D3012B1C
:1055300076F10001BCBF012316465D1E46F1FF3621
:105540000CF072FD013041F10001401946EB010100
:10555000012871F1000139DB0CF066FD013041F1E9
:1055600000016FF00102401946EB0103121A4FF0DF
:10557000FF3161EB030318492046FFF7D9FE236B87
:1055800001332363236A6BB187F31188BFF36F8FF5
:10559000236A20469847EFF31187202383F312886C
:1055A000BFF36F8F54F8185FA542B2D0002DB0D072
:1055B00028460CF05CFC0023EB6787F31188BFF3EF
:1055C0006F8F2846BDE8F8400CF042BC6FF0010236
:1055D0004FF0FF33CFE700BFFD5405002DE9F04148
:1055E00005461C4690461F46EFF31186202383F3A1
:1055F0001288BFF36F8FB4F1FF3F08BFB2F1FF3FD6
:1056000005D186F31188BFF36F8FBDE8F081531C7D
:1056100074F1FF3309DB012A74F10003BCBF0122DE
:10562000002412F1FF3844F1FF3728460CF0D7FC74
:10563000DDE90623C5E90A2300232B63034942461B
:105640003B462846FFF774FEDBE700BFFD5405002C
:1056500038B50346EFF31185202282F31288BFF399
:105660006F8FC160012181600068834206D185F39C
:105670001188BFF36F8F0024204638BDD0E9003277
:1056800013605A600023C0E900330CF030FD294656
:1056900004460248FFF788FBEEE700BFC7A80020DA
:1056A00073B506460D460CF090FB78B90B4B9B6822
:1056B0001C6F7CB12A1D09D200200021CDE9000118
:1056C00046F0040120460CF08CF808B9002401E0F3
:1056D0000460041D204602B070BD00BF14A5002068
:1056E000014803F0C9B800BF9C9806000CB430B55F
:1056F00089B005460C461C22002101A80CF088FD4B
:1057000002238DF806300E4B0293059523462CB1EB
:10571000B4F1004F28BF4FF00043013B1D440DAAD8
:105720000C99069501A8009200F0ACF914B1059B04
:1057300000221A7009B0BDE8304002B0704700BFC7
:105740003F2906000EB470B589B00DAD04461C2289
:10575000002101A855F8046B0CF05AFD02238DF8C6
:1057600006300B4B029304F10043013B2A463146BD
:1057700001A806930594009500F084F90028A4BFC1
:105780000023235409B0BDE8704003B0704700BF48
:105790003F290600242A2DE9F041044601D8012AB8
:1057A0004CD10DF0D5F8354B16221A5001B10C60D2
:1057B00000273846BDE8F08135462E4616F8010B25
:1057C0002028F9D0A0F10907042F0346F4D92B288B
:1057D00036D02D2837D14FF0010C6B78AE1C302B12
:1057E00038D1307840F0200078282FD132F01000E6
:1057F0002CD173783446102202360CF10040013867
:105800000027B0FBF2FE02FB1E08392B82BF03F11A
:10581000FF3343F02003263B303B9A421ED97745A5
:1058200002DC03D1984501D24CF0020C354607FB4F
:10583000023715F8013B34462E46E6E70546BCE73D
:105840004FF0000CC9E74FF0000CC8E7002A08BF72
:105850000822D2E7002A08BF0A22CEE701B10C6075
:105860001CF0010F18BF7F421CF0020FA1D00746A9
:105870000DF06EF8014B22221A509AE70C0000003E
:10588000242AF0B5044601D8012A40D10DF060F871
:105890002D4B16221A5001B10C600020F0BD2F468E
:1058A0003D4615F8010B2028F9D0A0F10906042E79
:1058B0000346F4D92B282CD02D282CD101267B7817
:1058C000BD1C302B2DD1287840F02000782824D121
:1058D00032F0100021D16B782C46102202350020C6
:1058E000392B82BF03F1FF3343F02003263B303BCB
:1058F0009A421AD9A0FB02040CB9C01801D346F091
:1059000002062F462C4617F8013B3D46E8E70746BE
:10591000C6E70026D3E70026D3E7002A08BF0822FF
:10592000DDE7002A08BF0A22D9E701B10C60F207BF
:1059300048BF4042B307B1D50DF00AF8024B22220E
:105940001A504FF0FF30A9E70C0000002DE9F0419C
:1059500001260746B24201DCBDE8F0813B461F4606
:1059600013F8014B002CF7D0252CF8D11C78252CEE
:1059700007F10207F2D00023DFF804819C461D46A0
:105980001F2D18D8A4F1200EBEF1100F09D9A4F1D3
:10599000300EBEF1090F1ED80A2404FB03E32025B4
:1059A00004E028FA0EFE1EF0010F06D017F8014B96
:1059B000002CE5D128E07F2D1CD8A4F1300EBEF1DB
:1059C000090FE9D9242C10D1BCF1000F46D0B34205
:1059D00046D00023EAE724F0040EBEF12A0FF8D0E7
:1059E0006C2C09D145F08005E0E724F0040EBEF1EF
:1059F0002A0FEED06C2C22D06C2C1BD8682C23D014
:105A00006A2C28D04C2C26D0BCF1000FA4D0B44571
:105A1000A0D144F02007A7F1650CBCF1020F0B6880
:105A200001D9612F1ED1073323F0070308330B6020
:105A300001368EE7742CB9D07A2CB7D0E4E72C0667
:105A400048BF45F40075CDE7EC0548BF45F4007547
:105A500045F48075AAE745F42075A7E79C46B8E7AA
:105A60006324D6E7692C02D007D8632C03D02F0615
:105A700001D5AC05D7D40433D9E7732CF6E700BFC2
:105A8000892801002DE9F04F93B043680193837892
:105A900080469807CDE9061217D50B920B460025D4
:105AA0001F78A7B1252F16D001330593019B4146DE
:105AB00038469847002805F1010580F2528498F88D
:105AC000023043F0040388F802304FF0FF352846D7
:105AD00013B0BDE8F08F5F789A1C252F0592E5D0B2
:105AE00000242646A246A346BBF11F0F32D8A7F1D9
:105AF0002003102B0AD8DFE803F02409092A09093A
:105B0000091B09090922092709091900A7F130030E
:105B1000092B2DD92A2F39D154B90B9B1BF0400FDB
:105B200053F8042B0B9329D0164601E04BF0010BE0
:105B3000059B13F8017B0593002FD5D15BE04BF05B
:105B4000020B4BF0040BF3E74BF0080BF0E74BF0C4
:105B5000100BEDE7BBF17F0F3FD8A7F13003092B06
:105B6000D8D81BF0400F03D00A2202FB0636DFE72D
:105B70000A2202FB0A3A4BF0200BD9E7B2F1000AE5
:105B8000F9DACAF1000A4BF0280BD1E72E2F05D124
:105B90001BF0400F9BD14BF0400BC9E7242F1CD1C9
:105BA000002C00F04381079B0B931BF0400F0AD1A0
:105BB000524606980BA9FFF7C9FE0B9B1A1DD3F896
:105BC00000A00B92B4E7324606980BA9FFF7BEFE81
:105BD0000B9B1A1D1E680B92AAE76C2F00F0138115
:105BE00000F20A81682F00F016816A2F00F01B81F5
:105BF0004C2F00F0188134B1079B06980B93224676
:105C00000BA9FFF7A3FE002E47F02003B8BF2BF02F
:105C1000400B0293A3F16503BCBF1FFA8BFB002668
:105C2000022B40F20881029B612B40F08382FF43EC
:105C300007F0200304930B9B073323F0070303F1C2
:105C400008021BF0400F93ED000B0B9218BF31467A
:105C5000049A08BF4FF0FF310CA80CF0B0FD431CB4
:105C6000DBB24BF4C0540393DDF83090702306464A
:105C7000A3460127029309F10903122B0CD909F15C
:105C80006303C62B40F2118109F2E73340F2CE7272
:105C9000934294BF032704279DF8342002F00C039D
:105CA00012F0010240F01C811BF0020F40F0158140
:105CB0001BF0040400F0FB80002B40F01481202333
:105CC0001BF4405F21D1039A4832002E6A4408BF7A
:105CD0000126133A039921B112F8011D302900F071
:105CE00039811BF0100F039A18BF324619F1040FC7
:105CF000C0F23581B14580F232814A454BF4005BF8
:105D000040F32F8109F10106961B1BF40052089203
:105D100000F0298129EAE974013403B10134002E2D
:105D200000F02881721C1444A245CCBFAAEB0404E5
:105D300000241BF0090F04D12C44A54240F01F8120
:105D4000002443B118464146019B9847002805F1BD
:105D50000105FFF6B4AE1BF4006F13D0019B414662
:105D6000302098470028FFF6AAAE049BC3F17800C4
:105D70004146019B00F0F8009847002805F1020514
:105D8000FFF69DAE1BF0080F05D12C44AC4240F04D
:105D9000028125460024089B002B00F02C8129EA73
:105DA000E97AA9EB0A027642039B0292934284BFEE
:105DB0000CABD3180AF1FF3A8CBF58793020564506
:105DC00005F1010700F3F180019B41469847029AD3
:105DD000002802F10102FFF672AEBAF1FF3F09D1CD
:105DE000019B029241462E2098470028FFF667AE9D
:105DF000029AAF1C3D46D7E7742F3FF499AE7A2F35
:105E00003FF496AEF7E61BF0800F18BF4BF4007B13
:105E10004BF0800B8CE61BF4807F18BF4BF4007BAB
:105E20004BF4807B84E64BF4207B81E62646B34628
:105E30005446B2467CE6FF4307F0200304930B9BD5
:105E4000073323F0070303F1080293ED000B029BD5
:105E50000B921BF0400F08BF0626652B11D1711C59
:105E60000022C9B24BF4805B1346112928BF1121CF
:105E70000CA800F015FBC3B2DDF8309003930227A5
:105E8000F9E6029B662B05D14BF4005B33460122F9
:105E90001121EAE7F1B201294FF000024FF065004D
:105EA00038BF012113460290DFE70227F4E6002BFA
:105EB0003FF406AFBAF1030F3BDC9DF834309B4E44
:105EC00013F0080F9A4B08BF1E46B1464F4619F80B
:105ED000010BB0BBAE1B374488E033BB2B23EFE68E
:105EE0002BBB2D23ECE62022BAF1040F13DD1BF0AF
:105EF000080FAAF104040FD12C44019B02924146E1
:105F000020209847002805F10105FFF6D8ADA542ED
:105F1000029AF2D19AB10024019B4146104698475B
:105F2000002805F10105C8DAC9E52B22DCE72D229E
:105F3000DAE71BF0080FAAF10304BED1DCE7144630
:105F4000BBE7049BC01A4146019BC0B2984700289A
:105F5000BCDAB4E503990139C9B20391BAE6561E19
:105F6000D3E60026D1E61BF4006F0CBF0324052402
:105F70003C44D2E61BF0100F18BF0134D4E609935D
:105F80004146019B202098470028099B05F1010507
:105F9000BFF6D3AE93E5019B4146302098470028D9
:105FA00005F10105BFF6F2AE89E5D1450AD19DF8AC
:105FB0003530352B1DD805D19DF8343013F0100F36
:105FC00008BF3120019B414698470028FFF677AD76
:105FD0001BF0100F0AD0BAF1FF3F07D1AF1C4146AA
:105FE0002E20019B98470028FFF669AD3D463C44B2
:105FF0003EE23120E6E79DF8350031281EBF9DF8CE
:10600000343023F010038DF834304146019B98471B
:106010000028FFF654AD002E6BDD019B41462E207B
:1060200098470028FFF64BAD4FF0010A039B9A45B5
:10603000BBBF0CAB534430205879019B4146984775
:106040000028D346FFF63BAD0AF1010A5645EDDACA
:1060500002355D44029B049A981A4146019BC0B2E6
:1060600098470028FFF62BADB9F1000F04DB4ED1A5
:106070009DF83430DB064AD5C9F100092D20019B7B
:10608000414698470028FFF61AAD042F41D14FF43E
:106090007A7799FBF7F606F13000019B4146C0B2D2
:1060A0009847002805F10305FFF609AD07FB16998F
:1060B000642799FBF7F606F13000019B4146C0B218
:1060C0009847002805F10105FFF6F9AC07FB169982
:1060D0000A2799FBF7F606F13000019B4146C0B252
:1060E0009847002805F10105FFF6E9AC07FB169972
:1060F00015E01BF0100F01D10135ABE7019B4146C4
:106100002E209847002805F10205A3DAD7E42B20BA
:10611000B5E7032F05F10205CAD0012FD8D109F147
:1061200030006F1C4146C0B25BE700BFCE9806004E
:10613000CA980600A7F16303122B00F2FB80DFE888
:1061400013F013005300F900F900F900F9005300AF
:10615000F900F900F900F900F9001301F400F90061
:10616000F9002800F900B5000B9B1A1D1B680B9263
:106170008DF8303001240CAF1BF0080F2AD007EB4C
:1061800004093E464E4527D1EF1B3744AAEB0404D1
:106190002CE70B9B1A1D0B921F68AB4B002F08BFFF
:1061A0001F461BF0400F14BF31464FF0FF313846F9
:1061B0000CF0DAF90446DFE7019B414620209847BE
:1061C0000028FFF67CAC013EB442F5D35544AD1B2C
:1061D000B246D4E75646F7E716F8010B019B414655
:1061E00098470028CEDA6AE41BF0800F0B9B35D06D
:1061F0001BF4007F2DD0073323F00703D3E9000100
:1062000003F108020B922BF0100900291FFA89F9FB
:1062100036DA404261EB410149F480690DF1300BFF
:106220000A235A460CF0ACF919F0400FA0EB0B0B07
:1062300065D029F001025E4592B240F3B280002F92
:1062400000F0A98019F010033446914626D002349C
:106250005CE01A1D18680B92C117D4E71A1D1BF4D5
:10626000807F19680B9201D10846F5E71BF4007F87
:1062700015BF48B208B241F3C01141F3C031C2E7C3
:1062800050EA0103CAD11BF0400FC7D0002EC5D180
:106290002BF0110B1FFA8BF93446B34640F206433C
:1062A00019EA03031CBF013400232FE02BF0100B6D
:1062B0001FFA8BFB0A231BF080040B9A57D01BF4A8
:1062C00000711DBF073222F0070202F10801101D04
:1062D00019BF0B91D2E900010B90106850EA01023E
:1062E00052D12BF016091BF0400F1FFA89F94FD03D
:1062F000002E4DD12BF0170B1FFA8BF9B34619F076
:10630000100352D0002F4ED10BF1010419F0080FE9
:106310005ED119F0010F06D0A2456DDDAAEB040491
:1063200004EB0B06544622464DE04BF0100B1023B5
:106330007827C0E7029B782B04D1C7F1780343F09C
:106340001003B8E7019B4146252098470028FFF637
:10635000B6AB019B4146384698470028FFF6AFABE5
:106360000235059BFFF79CBB08230027A3E7111DFF
:106370000B911BF480711068B0D01BF400711ABF30
:10638000C0B2214680B2A9E72BF0060B1FFA8BF9A9
:106390000DF1300B45E729F011091FFA89F9344650
:1063A0007CE79146ABE75C4651E75C4676E7CDE992
:1063B00002234146019B202098470028FFF67FAB2F
:1063C000029A039B01329245F1DC2C1BA51814465E
:1063D000EBB1019B4146302098470028FFF66FAB98
:1063E00067B901352F462E44F31B5B4521DC5D4622
:1063F0000CAE5DBB5F44C9E65E4694E7023541469C
:106400003846019B98470028ECDAFFF758BB40F26A
:10641000064319EA030FE5D019F0020F14BF2B2031
:10642000202019F4806F05F10105414618BF2D2089
:10643000E7E7019B414630209847002807F1010714
:10644000D2DAFFF73CBB00BFD2980600013D019BAA
:10645000705D414698470028CBDAFFF730BB019BBF
:10646000414620209847002805F10105FFF627AB9B
:10647000631B002BF3DC74E71FB502AB0093074AE4
:106480004FF0CC330CF061F9DDE90201C00840EABD
:106490004170C90805B05DF804FB00BFCDCCCCCC81
:1064A0002DE9F04F55EC104B9DB0CDE90B122A466B
:1064B0000D93290DC5F31303D20FC5F30A550790A9
:1064C0008DED050A0A9275B922461A431BD1302375
:1064D00043710A9B056043F00203037101273846AC
:1064E0001DB0BDE8F08F40F2FF7295424DD1059A84
:1064F00013430A9B079A14BF43F0080343F00403B5
:1065000013710027EBE7059AB24D02F001020992E0
:10651000059A4FEA830848EA9278970001229A4642
:106520001646C5F1000B5846089200F015FAB5F171
:10653000FF3FACBF8146A0F10109ABEB090B09EBB2
:1065400005035846069300F00DFA18A9A0F17D0541
:10655000584600F027FA14AB089A0193A9EB0505F9
:1065600012AB0292009305982B4618AA51460CF0E4
:106570002FF8B9F1010F04460D4600F2D880099BAF
:10658000002B40F0CB8001276FE0059A02F001025A
:106590000992059A43F4801A4FEA8A081343A5F238
:1065A000354548EA92784FEA82074BD140F2FE73B4
:1065B00019420CBF01260026002D3246B1DB2846C9
:1065C00000F0C4F90346032DC8BF013B18460693EB
:1065D00000F0C8F9069B7C305D1B054418A91846DD
:1065E00000F054FA14AB019312AB00930598029695
:1065F0002B4618AA51460BF0EBFF069B152B0446C1
:106600000D4600F2888016AB734A009338464FF06F
:10661000CC3341460CF099F8169B179A9B0843EA35
:10662000827303EB8303BB42DDE9129A0CD1384637
:10663000414600F09FF9069B83428CBF002701274B
:10664000002612E00126B7E7099B002B53D1013F3A
:1066500048F1FF31B81B61F1000100F08BF9069B96
:10666000099F83428CBF002601260C9B002B40F023
:106670009280DDF82CB04FF00008CDF82080CDF8E6
:1066800014804FF00A0ADDE91201FFF7F5FE149BB2
:106690001093CDE90E0118461599FFF7EDFE0E9BFC
:1066A0000F9A119198420B469341814680F08D805C
:1066B00020462946FFF7E0FE109A0AFB09F39342B1
:1066C00014BF002606F001060E9B12930F9BCDE926
:1066D0001339119B1593089BB8F1000F14BF0027C5
:1066E00007F0010701330AFB10485FFA88F80893A6
:1066F00004460D46C7E7B81C48F1000100F03AF91E
:10670000069B83428CBF00200120B9EB00006AF198
:106710000002CDE9120200273E46A6E7129B139A1B
:10672000013B42F1FF32CDE91232012788E7B9F18E
:106730003E0FF0D84FF0FF33A9F1200003FA09F221
:1067400003FA00F0C9F1200123FA01F102430A43E0
:1067500003FA09F327EA030728EA020857EA0807B9
:106760000CBF012700276BE700FB02FCA1FB001216
:10677000013362448C4275EB020CF5D2069A134445
:106780000D9A1344012B0B9AB8BF01239A42A8BF5C
:106790001A4693466FE70A21002201230846E9E7DB
:1067A0000AFB03F0A2FB0A2301310344944275EB78
:1067B0000300F5D2594511DDBBF1000F02D154EAB7
:1067C00005030BD00123059372E70A220023012160
:1067D000ECE700BFCCFBFFFFCDCCCCCC7EB34FF0C1
:1067E0000A0A149B15990F931846FFF745FE0F9B55
:1067F0000E910AFB00F29A42814620D1DDE9120196
:10680000FFF73AFE10900F9120462946FFF734FE1D
:106810000F9B109A1292CDE913390E9B1593089B8A
:10682000B8F1000F14BF002707F0010701330AFB7E
:1068300010485FFA88F8089304460D46D1E7069B96
:10684000089A13449946002F58D0B8F1050F55D136
:1068500014F0010348D1059A32B9DDE914239D42B1
:1068600008BF94425DD0059B18194FF00A0445F10A
:106870000001002201262546A04271EB020753D2F7
:10688000E3B1B3451ADA0C9B63B10D9A06EB090329
:106890001A4422EAE2730B9A9A42A8BF1A46964219
:1068A00093460BDD05304FF00A024FF0000341F133
:1068B0000001D0F775FC09F10109013E5E45A8BF52
:1068C0005E4637B20FFA89F9079B09FA86F607F197
:1068D0000508013E98444FF00009B9452BDB079BA2
:1068E0000A9A1E601A71FAE5059B2BB9DDE914239B
:1068F0009D4208BF944209D00123B5E7059B53B9D7
:10690000DDE914239D4208BF944204D1099B002B6A
:10691000F2D1002EF0D0B8F1040F94BF0023012370
:10692000A2E74FF00408F1E705FB02F7A4FB0542DC
:1069300001363A44A0E70A220023D0F731FC303276
:1069400008F8012D09F10109C7E700BF014B5843C1
:10695000800C704741340100014B5843000D7047D3
:10696000FB2E0B00024B5843C00C0130704700BF98
:106970004F9312000A4A70B503464FF0CC36002000
:106980004FF0333506FB03F402FB0144A3FB023155
:1069900021449D4275EB010401D30130F2E770BD43
:1069A000CDCCCCCC2DE9F04F1A23354EB0FBF3FA09
:1069B00003FB1A0389B004460D4606EB0A1653B9C9
:1069C000D6E90023C1E90023D6E90201C5E90201A5
:1069D00009B0BDE8F08F2B4A02EBC303D3E900896D
:1069E00004AB0093D6E90223404649460BF0ADFEC6
:1069F00006AB0093D6E9002383460F46404649463E
:106A00000BF0A3FEDDE9066216EB0B0652EB07085E
:106A10004FF0000328BF0123814633B1049B059A40
:106A2000013342F10002CDE9043220460391FFF721
:106A300099FF07461A2000FB0AF0FFF793FF3F1A61
:106A4000324643460399009748460BF099FE4FEAB9
:106A5000141C0D4A640004F01E0352F82C40DC4064
:106A600004F00304241841F10001C5E90041DDE907
:106A700004230097304641460BF082FEA6E700BF94
:106A80003836060068350600888406002DE9F04F88
:106A90001A27DFF8ECA000F11905B5FBF7F56F43F5
:106AA0003A1A4FEA051B89B004460E460AEB051553
:106AB0000AD1D5E90023C1E90023D5E90201C6E9DD
:106AC000020109B0BDE8F08F2B4B03EBC203D3E901
:106AD000008904AB0093D5E90223404649460BF0F8
:106AE00034FE5AF80B206B68013ACDE9020106A981
:106AF00063F100030091404649460BF026FEDDE9B4
:106B000006528A4602996D18039952EB01084FF01C
:106B1000000328BF0123814633B1049B059A01334A
:106B200042F10002CDE904323846FFF71BFF074669
:106B30002046FFF717FF3F1A2A464346009748466C
:106B400051460BF01DFE4FEA141C0C4A640004F081
:106B50001E0352F82C40DC4004F0030401342418D6
:106B600041F10001C6E90041DDE904230097284610
:106B700041460BF005FEA2E768350600DC840600FE
:106B800008370600024610EE100AC0F3C75320F083
:106B9000004183B9A9B3DFED1B7A1B4960EE277A68
:106BA0008A4217EE900AC0F3C753A3F1190307DA1C
:106BB000C00F00F02DB8FF2B02D130EE000A704755
:106BC0004CF250318A4202DDC00F00F031B813445C
:106BD000FE2BF9DC002B06DD20F0FF4040EAC3531A
:106BE00000EE103A704713F1180FE1DB193320F073
:106BF000FF4040EAC3509FED050A07EE900A27EEDA
:106C0000800A70470000004CB03CFFFF00000033DA
:106C10009FED050ADFED057A002808BFF0EE407A07
:106C200027EE800A704700BF0000800000008080CF
:106C30009FED050ADFED057A002808BFF0EE407AE7
:106C400027EE800A704700BFFFFF7F7FFFFF7FFFB7
:106C50000028BFEE007A9FED050AF7EE007A18BF14
:106C6000F0EE477A87EE800A704700BF0000000010
:106C700008B52DED028BB0EE408A00F00DF820B97A
:106C800038EE080ABDEC028B08BDDFED027A87EE14
:106C9000A70AF7E70000000010EE103A33F00040BA
:106CA0000DD0A0F50003B3F1FE4F0AD3074B421EEF
:106CB0009A4208D9A0F1FF43584258417047022038
:106CC0007047042070470320704700BFFEFF7F001D
:106CD00070470020704782B08DE80C00002002B0A1
:106CE000704782B08DE80C00002002B07047012090
:106CF0007047F8B5064608460F461446D0F77CFAAA
:106D0000054654B1013C84422246394628BF02461A
:106D100030460BF055FA002333552846F8BDD4F71A
:106D200015B9D4F713B9D4F7B7B982B02DE9F0414A
:106D30008CB012A981E80C009DF8603007460DF177
:106D400018082BB30D460FCD6C460FC495E8030011
:106D500084E803006E460FCE45460FC594E8030055
:106D600085E803007868D4F797F940B383689D6895
:106D700065B30CAB13E90F0014AC84E80F0098E87E
:106D80000C00384629460CB0BDE8F04102B0084777
:106D900012AC0FCC6D460FC594E8030085E80300E4
:106DA0006C460FCC46460FC695E8030086E8030004
:106DB0007868D4F771F910B18368DD68D8E76FF0AF
:106DC00015000CB0BDE8F04102B070476FF08500CF
:106DD000F7E782B02DE9F04196B01CA981E80C00DC
:106DE0000FC806AC84E80F009DF888709DF880609D
:106DF0000846D4F751F98046002868D00DF1700C90
:106E0000BCE80F000AAD0FC58DF880609CE8030058
:106E100085E803008DF838600DF1280EBEE80F00FC
:106E20000DF1400CACE80F0095E803008CE803007E
:106E30000798D4F731F983685D680DF1400C4DB1C6
:106E400016AB13E90F008DE80F0020469CE80C00FC
:106E5000A84728BBD8F808301B78012B0DD0022B8F
:106E600023D0002B35D18DF8806004971EAB0FCB5B
:106E70008DE80F001CAB0CCB0AE004971EAB8DF81D
:106E800080600FCB8DE80F00FF2E1CAB0CCB03D125
:106E90002046FFF74AFF03E021463046D7F7DCFFE4
:106EA00016B0BDE8F04102B0704704978DF88060DD
:106EB0001EAD95E80F008DE80F001CAB0CCB2146F2
:106EC0000020D7F7C9FF049795E80F00D0E701200D
:106ED000E6E76FF08500E3E7002008607047F0B553
:106EE00069B3C2F30744002395B2067B042E05D88C
:106EF000DFE806F0031B1F0C18008AB101338B4238
:106F000000F11000F1D16FF01500F0BD072C05D095
:106F10000C2CF3D1B5F5805F02D3EFE7002DEDD057
:106F20000020F2E7272AFBD9E8E74668B242F7D00B
:106F3000E4E74668B242E1D38668B242F3E76FF015
:106F40001200E2E72DE9F0410E46144608B1076849
:106F500037B9344314BF6FF012000020BDE8F08150
:106F600045684FF00008D5E900103246FFF7B7FF3B
:106F7000002802DA13300AD14EB9D5E902102246B0
:106F8000FFF7ADFF00280BDA133000D154B108F140
:106F90000108B84505F11005E5D16FF01500DDE7F2
:106FA0000020DBE72046D9E713B504464068D4F754
:106FB00073F818B96FF0120002B010BD83689A69B7
:106FC0004AB1694690470028F6DBD4E902126846C8
:106FD000FFF7B8FFF0E7DB69002BEBD093E8030085
:106FE00002AB03E90300F0E710B5837A04681A44A2
:106FF000C37A1944437A14B901FB032010BD13FB73
:1070000001F3134442689BB2934204D254F8230024
:1070100008B10138F2E76FF01500EFE7084307D138
:10702000824201D10020704743F820000130F7E789
:107030006FF015007047D4F7AFB90021D4F7D2B97B
:1070400001790131C9B2D4F7CDB970B5A1F1080405
:10705000064605460FCC0FC594E80F0085E80F00E3
:10706000304670BD82B008B502A9406881E80C00C6
:10707000FFF759FE43681878F4F762F900284FF0DB
:10708000000001DBD9F7D2F8BDE8084002B0704734
:1070900083681B6803B118476FF0850070478368E9
:1070A0005B6803B118476FF08500704783689B6881
:1070B00003B118476FF08500704782B08DE80C006F
:1070C000002002B070472DE9F04F002585B09B46A7
:1070D00007460E4690462B460DF1080A3268954247
:1070E00001D3002037E0726802EB051128010C7B08
:1070F0005CB3D8F8044014EBC30403F101090FD0CA
:107100009BF80530022B22D1BBF80630082B1ED885
:10711000DFE803F006051D1D1D1D191D17000234B3
:1071200003948DF808701058D1E9012381680C6828
:107130007CB1CDF800A05946A04760B901354B4657
:10714000CCE70434ECE70634EAE79946E8E70024A4
:10715000E6E76FF0850005B0BDE8F08F2DE9F84F48
:10716000136806460C461546A3B100F1180701F155
:10717000180A4FF00009F36899450DD331462B46A4
:1071800011F8040B04F11002FFF79DFF002801DB4A
:10719000012828D1BDE8F88F57F8088C4FF0000B74
:1071A000B8F1000F05D109F1010910370AF1080AF9
:1071B000E1E718F0010F04D14FEA58080BF1010B79
:1071C000EEE75FFA8BF0D5F711FF0028F4D03078A6
:1071D0002B4652463946FFF776FF0028DADB17F8D0
:1071E000043C002BE8D16B79012B53D0022B0FD13B
:1071F000EB88082B0CD8DFE803F005380B0B0B0BE2
:10720000460B3F0001232370AB6862881344638000
:107210002B79002BBED0A379012B05D1B4F90A102C
:10722000B4F90800D4F726FC2378012B05D1B4F972
:107230000410B4F90200D4F717FC237B002B4BD1C8
:10724000637B002B54D1D5F7CDFC00210846D4F741
:1072500011FC00210846D4F707FC0023A3806380BB
:107260002370A371A360A38194E701232370AB680B
:10727000A2881344A380CBE70123A371AB68628982
:1072800013446381C4E70123A371AB6822891344CB
:107290002381BDE7EA88B2F5827F0AD8FF2AB7D9F1
:1072A00052B29340AA68002ADBB212DD227B13435C
:1072B00008E0B2F5A57FABD1AB68002B04DD237BE2
:1072C00043F001032373A3E7637B43F0010363737C
:1072D0009EE7627B1343FAE70025237BEB40DA0746
:1072E00002D5A8B2D4F784FB0135052DF5D1A7E767
:1072F0000025637BEB40DB0702D5A8B2D4F794FBF3
:107300000135052DF5D19EE710B5034600209042CA
:1073100002D16FF0120010BD31F810409C42FAD03B
:107320000130F4E72DE9F041456816462B7A4A7999
:107330009A420C4624D1F1070DD5B4F80680EF68C7
:107340002A6839464046FFF7DFFF002829691ADB23
:1073500031F81030E380B20706D52A68E968E08882
:10736000FFF7D2FF002808DA730709D56A68296990
:10737000E088FFF7C9FF002802DBA3685B42A36037
:107380000020BDE8F0816A684046FFF7BDFF002895
:10739000E1DB37F81030DDE700207047F0B5144628
:1073A00042684D791078059E854222D1951D52681C
:1073B000002090421DD035F802CFCF88BC451AD1AD
:1073C0008A6812FB04F290B21DB212B21EB992FB8F
:1073D000F5F212B20CE07668002EF8D03288104434
:1073E00004B294FBF5F422B213FB04F4001B3080CA
:1073F0008A600020F0BD0130DBE770B54368487952
:107400001A7890420FD15A6803F1080450080022FC
:10741000824208D034F82260CD88AE4205D103EB19
:1074200082035B89CB80002070BD0132F0E7002031
:107430007047F0B545684A792B899A428DB00F465E
:1074400003D16B6800249C4201D1002038E0EA6837
:1074500032F81410FA88914234D106AE1822002175
:1074600030460AF0D5FE129B29781A780523293276
:1074700013FB012307930AF0D7FD4FF47A73A0FBA7
:10748000030203FB0122FF238DF82830C00BBB68E9
:107490002D6940EA4240D20B003BCDE9080218BFFB
:1074A000012304930CAB13E90F008DE80F0005EBEB
:1074B000041096E80C00FFF78CFC0028A8BF012000
:1074C0000DB0F0BD0134BEE770B500240646254678
:1074D00046FA04F3DB0703D5E0B2D4F75BF90544C1
:1074E0000134082CF4D1284670BD70B5002406463E
:1074F000254646FA04F3DB0703D5E0B2D4F770F96A
:1075000005440134082CF4D1284670BDC0F307436C
:10751000072B04D00C2B05D06FF01500704780B2FC
:10752000D4F7CAB980B2D4F71BBAC0F30743072B0C
:1075300004D00C2B05D06FF01500704780B2D4F743
:10754000D3B980B2D4F726BAC0F30743072B03D0D0
:107550000C2B04D00020704780B2D4F7E1B980B280
:10756000D4F734BA70B510F47F0F86B2C0F3074475
:1075700088B0A6F1E0054FEA10601AD1072D1CD99A
:107580000724C5B20020CDE9062308AB8DF8110011
:107590008DF8121013E903008DE80300ADF80840E0
:1075A00003968DF8105002AB0FCBD5F7D7FF08B07C
:1075B00070BD072DE5D8072CE3D1C0B20724002504
:1075C000E1E782B08DE80C008068DDE9022300214C
:1075D00002B0FFF7C7BF82B08DE80C008068DDE91C
:1075E0000223012102B0FFF7BDBF10B40A4670B1FB
:1075F0008468A36913B15DF8044B1847E16949B188
:1076000003C982E8030018465DF8044B70476FF029
:107610001500F9E76FF01200F6E730B591B00446B7
:107620000AAD1822002128460AF0F2FD23680B93C8
:10763000D4E904230021CDE90C2306A823798DF891
:10764000383010220AF0E4FDE3695B680793A36811
:1076500008930023049310AB13E90F008DE80F008B
:1076600006A895E80C00FFF7B4FB11B030BD70B56B
:10767000C669037EF27D90B004460AB1032B2CD07C
:10768000023B012B05D8204610B0BDE87040FFF743
:10769000C4BF0AAD1822002128460AF0B9FD2368AC
:1076A0000B93D4E904230021CDE90C2306A8237908
:1076B0008DF8383010220AF0ABFDB3680793E36809
:1076C00008930023049310AB13E90F008DE80F001B
:1076D00006A895E80C00FFF77CFB10B070BD30B534
:1076E00091B004460AAD1822002128460AF090FD08
:1076F00023680B93D4E904230021CDE90C2306A8C9
:1077000023798DF8383010220AF082FDE3695B6836
:107710000793A36808930123049310AB13E90F00A8
:107720008DE80F0006A895E80C00FFF752FB11B09A
:1077300030BD90F830304BB142F20F7340F8203C2E
:10774000002300F8083C80F83030704704212038CE
:10775000D4F732BA73B54668046970680D46FFF70E
:10776000E2FA6946FFF741FF00281ADB009B2BB1C4
:10777000019B5B686360019B1B682360B068FFF737
:10778000D2FA6946FFF731FF00280ADB009B23B1DC
:10779000019B5A68E2601B68A36001236C602B6048
:1077A000002002B070BD2DE9F04F102289B0D0F852
:1077B00004B004690E460DEB020000210AF028FD1A
:1077C0000BF10C074FF000080DF10809DBF8083049
:1077D000434503D9636933B1E36923B1012310340D
:1077E000336074602EE0394604A8D4F70DFC0028FD
:1077F0003AD1BDF81E30002B36D07868FFF793FAE7
:1078000030B183689A6942B14946904700280BDA43
:107810006FF0850009B0BDE8F08FDB69002BF7D071
:1078200093E8030089E80300029A002AF0D09DF84B
:107830001E509DF81FA085B1039BBAF1000F03D025
:10784000C6E900230020E5E7D3E90032012D0CBF93
:10785000C4E90432C4E9063202E0BAF1000F08D1EB
:107860004FF00003ADF81E3008F101081037ADE706
:107870000135029B9D42F3D20399BA682B0101EBBB
:107880000510C95840680193FFF729FB0028019BA8
:10789000EEDB039A1344D3E90232BAF1010FD6E7C3
:1078A00082B02DE9F04F89B0064612A8BDF852A06B
:1078B000DDF8588080E80C0001EB0A15D14604ACD5
:1078C0004FF0000BBDF854305344994504DB09B028
:1078D000BDE8F04F02B07047294612A8D4F794FBD8
:1078E00070BB95E80F0084E80F009DF85610012941
:1078F0002AD002292BD09DF8571001292AD002291D
:107900002BD09DF85070ADF856B0012F28D0022F23
:107910002CD0AFB9CDE90623139A02920122CDE90A
:107920000032304694E80E00D5F794F8129BCDE96A
:107930000173079B009394E80E003046D5F78AF850
:1079400009F101091035BDE7D8F80820D3E7D8F8C8
:107950000C20D0E7D8F80830D3E7D8F80C30D0E7BF
:10796000CDE90623129ACDE90172E3E7CDE90623BA
:10797000129ACDE901B2DDE782B030B585B008A931
:107980000446406881E80C00FFF7CDF903694568BB
:107990000294D3E902018DE8030008A80CCB05F19D
:1079A0000C01FFF77DFF002005B0BDE8304002B0BC
:1079B000704782B070B588B00CA90446406881E871
:1079C0000C00FFF7B0F90025466802693168126AB9
:1079D0000491CDE906557168ADF81C2006AB029400
:1079E000059193E80300DDE904238DE803000CA86A
:1079F00006F10C01FFF754FF284608B0BDE87040BF
:107A000002B0704782B010B5044602A9406881E810
:107A10000C00FFF788F94368207A1978BDE8104018
:107A200002B000F0FFB982B010B5044602A9406868
:107A300081E80C00FFF777F94368207A1978BDE8F0
:107A4000104002B000F0EAB982B08DE80C000020CE
:107A500002B0704782B010B5044602A9406881E8C0
:107A60000C00FFF760F94368207A197800F0DEF91E
:107A7000BDE81040002002B0704782B08DE80C00D5
:107A8000012002B0704782B08DE80C00012002B0E6
:107A9000704782B08DE80C00002002B0704782B0C1
:107AA0008DE80C00002002B0704782B02DE9F04351
:107AB00089B010A9054640689DF8586081E80C001F
:107AC000FFF731F9119B109944680269283BDB00EC
:107AD0000B4426B1002142F8231001202CE052F87B
:107AE0002370002F2DDD94E80F0008AE06E90F008B
:107AF00094F824300BB1AB680693FF2300268DF871
:107B000050304FF0010904ADB046236ACDE901932E
:107B1000079B009395E80E0010A8D4F79BFFCDE9D2
:107B20000188079B009395E80E0010A80136D4F752
:107B300091FFB742E9D1002009B0BDE8F04302B09F
:107B40007047CAD004F110030FCB08AE06E90F004E
:107B500094F824300BB97F42CFE7EB680693FAE73D
:107B60002DE9FF4D06460D46174600244FF001084B
:107B70004FF0FF3A4FF0FF3B25FA04F3DA0710D538
:107B800008FA04F18D430CBF0123002304F5807231
:107B90000093CDE902AB3B4692B201213046F3F7A8
:107BA0008BFB0134052CE7D104B0BDE8F08D82B029
:107BB00010B5044602A9406881E80C00FFF7B3F84D
:107BC000A1680022FFF7CCFFBDE81040002002B002
:107BD000704782B010B5044602A9406881E80C00E5
:107BE000FFF7A1F8A1680122FFF7BAFFBDE8104036
:107BF000002002B0704782B08DE80C00002002B077
:107C0000704782B008B502A981E80C00D7F7D8FC0C
:107C1000BDE80840002002B0704710B5B0F904304C
:107C2000044643B1D0E90232134303D10AF0FCF910
:107C3000C4E9020110BD00220023C0E90223F9E7D4
:107C400038B503699C8F21449987B3F84C100A44D6
:107C5000A3F84C200469456804F13800FFF7DDFF04
:107C600004F14800FFF7D9FFB4F93C3053B9B4F937
:107C70004C303BB920460AF058F80023A364A363B4
:107C8000002038BD287AC0034FF47A72002300F236
:107C9000E7300021CFF784FA02460B462046FCF776
:107CA00043FEEDE782B010B5044602A9406881E8C2
:107CB0000C00FFF738F8A1684A42090C494212B299
:107CC00009B2FFF7BDFFBDE81040002002B07047C9
:107CD00082B010B5044602A9406881E80C00FFF7A5
:107CE00022F8A1680AB20914FFF7AAFFBDE8104004
:107CF000002002B0704784B00DF1100C0CE90300B5
:107D0000694681E80C009DF808209DF800309342F8
:107D10000BD143B1012B08D10398019BC31A5842E0
:107D2000584104B070470120FBE70020F9E707281D
:107D300004D00C2804D06FF085007047D4F7DCBE67
:107D4000D4F7F0BE08B5D3F703FED3F737FED3F769
:107D500097FED4F7D1FEBDE80840D4F7E3BE08B5DE
:107D6000D4F756FF002008BD38B5D5F713FC0446FC
:107D7000002835D003884268A17A42EA034089B3DB
:107D8000E03A072A02D8DBB2072B0DD0FFF7DCFB65
:107D900050B12088636843EA0040FFF7C6FB002823
:107DA0001EDB2088FFF7C3FF2088636843EA00409A
:107DB000FFF7ACFB002813DB607AFFF785FB054675
:107DC000207AD3F747FD2388072B06D0002D01DC4E
:107DD000002802DD0720FFF7AAFF2088FFF7A7FF92
:107DE000002038BDFFF7A1FB0028F9DB607AFFF720
:107DF0007CFB0546D3F748FDE5E708B5D4F76AFFF5
:107E0000D4F788FF002008BD0346012000FA03F2E2
:107E10008A431CBFB3FA83F0400970470A46012128
:107E2000D4F784BF0A460021D4F780BF70B5064658
:107E30000C460725E8B22146FFF7F4FF013DF9D2D1
:107E400021463046FFF7EAFF002070BDF0B50D4631
:107E50008DB0074691B2284614461E46D5F7F4F871
:107E6000DDE91223CDE908238DF8287004960CABC8
:107E7000844613E90F00CDE906548DE80F00234630
:107E80002A466046FEF7A5FF0DB0F0BD37B5D3F723
:107E900071FB034650B1D3E90445027A0078CDE97D
:107EA00000455968D5F704FB03B030BD6FF085007D
:107EB000FAE770B5A1F10804064605460FCC0FC5D8
:107EC00094E80F0085E80F00304670BD82B08DE861
:107ED0000C00002002B0704782B008B502A981E80A
:107EE0000C008368052B24D8DFE803F0030A0F1485
:107EF0001A1DD5F7C7FD0020BDE8084002B0704745
:107F0000BDE8084002B0D5F7EBBDBDE8084002B0BF
:107F1000D5F7F4BDBDE80840007B02B0D5F7C4BD7D
:107F200000F043F8E7E7BDE80840007B02B0D5F772
:107F3000F3BD6FF08500DFE7D5F74CBB07220AF0F1
:107F4000F1BA00B589B002F0CEFF6946D5F778FBEB
:107F500009B05DF804FB00B589B002F0C4FF6946C2
:107F6000D5F76EFB09B05DF804FB00B589B002F0EF
:107F7000BAFF6946D5F764FB09B05DF804FB00B5AC
:107F80008BB06946DDF71CFF9DF80130012B08D14D
:107F9000D5F738FC002814BF002006200BB05DF890
:107FA00004FB0020FAE7D5F7ADBC08B50020D5F7F3
:107FB0005DFC0120D5F75AFC0220D5F757FC0320C1
:107FC000D5F754FC0420D5F751FC0020D5F76CFD03
:107FD000BDE80840D5F796BC704738B50C46BDF8EB
:107FE0001000E5681C46C318012B114605DC22462B
:107FF00028440AF0E5F8204638BD6FF00604FAE799
:10800000F0B585B01F4604460D461646D3F748FD29
:10801000092302930130BDF82830019000933246C5
:108020003B462946204604F0B8FB05B0F0BD1FB51D
:1080300002240294CC680194BDF81840009404F026
:10804000ACFB04B010BD1FB504240294CC680194AD
:10805000BDF81840009404F0A0FB04B010BDF0B5CA
:1080600085B01F4604460D461646D3F715FD0C2372
:1080700002930130BDF828300190009332463B4610
:108080002946204604F089FB05B0F0BDF0B585B067
:108090001F4604460D461646D3F7FAFC0823029302
:1080A0000130BDF828300190009332463B46294606
:1080B000204604F072FB05B0F0BD00207047FBF7CE
:1080C000F7BF30B401F118030122BFF35B8F53E80F
:1080D000004F43E80025002DF9D1BFF35B8F30BC82
:1080E000E0F7EABB10B5037886B0022B04468DF8A2
:1080F000171013D1B0F8B03083B1406802F0EBFE36
:1081000001280BD90023CDE9013301230093B4F8F2
:10811000B01060680DF1170204F04AFF06B010BD00
:1081200084B030B48AB00DAC84E80E009DF83430D1
:10813000F8B9013B022B22D88DF804000DF105039C
:1081400015AD224603CAAA4218605960144603F1CD
:108150000803F6D112781A7005AD0FCD10AC0FC41C
:108160002B68238001AB0FCB0AB030BC04B0D6F72C
:10817000D7B86FF015000AB030BC04B070476FF08C
:108180008500F8E708B5D6F70DF9002803DBBDE850
:108190000840D6F7C1BB08BD70472DE9F0439846AB
:1081A00087B0CB680DF1170906460D4618780024F4
:1081B000494617468DF81740D6F79EFE16300ED06A
:1081C0000123CDE90193BDF8383000933A46434688
:1081D0002946304604F0E1FA07B0BDE8F0832046B6
:1081E000FAE708B5D6F7A4FEBDE80840D3F7E8B92A
:1081F0004B8803F47F43B3F5007F14BF6FF0850015
:108200006FF01500704738B549881D4601F47F436B
:10821000B3F5807F144612D1C9B2012904D00229D6
:1082200009D06FF0150038BDD3F732FC0923286060
:1082300023600020F7E7D3F72FFC0D23F7E76FF05B
:108240008500F0E708B5D3F723FCBDE80840092115
:10825000D6F7CCBE08B5D3F71FFCBDE808400D210A
:10826000D6F7C4BE08B5D3F71BFCBDE808400A2109
:10827000D6F7BCBE08B5D9F799FB01F0C9F90020C3
:1082800008BD0378042B0AD8DFE803F00B0F1B03AB
:108290000B00AB2907D0AD2901D1002303700020CA
:1082A0007047AB29FBD10123F8E7AC2905D0AD29F4
:1082B00005D0AB2907D10323F0E70223EEE704231F
:1082C000ECE70123037001207047704710B50446A6
:1082D000137AD7F707F9204610BD38B515682B6813
:1082E00004466BB107F065FA58B12D682846CEF701
:1082F00083FF294602462046BDE8384007F073BA9E
:10830000012038BD38B50446156807F052FA50B15F
:108310006D682846CEF770FF294602462046BDE824
:10832000384007F060BA38BD10B50446137AD7F765
:10833000D9F8204610BD38B50446D7F73BF92E22B0
:1083400005460021A01C09F063FF012323800323BD
:1083500023810223A3812574204638BD10B50C4625
:10836000D7F71EF938B102220378228001226280F9
:108370002371002010BD6FF08500FBE770B5044647
:1083800088B00E462021684606F064FA051E0BDD13
:108390003146204607F00DFA20B12A4669462046AC
:1083A00007F021FA08B070BD0120FBE700207047FC
:1083B00010B50446137AD7F795F8204610BD70B56E
:1083C0001368054618780E46D4F732FE044670B19D
:1083D0003146284607F0EDF950B12046CEF70CFFA4
:1083E000214602462846BDE8704007F0FCB901204E
:1083F00070BD38B515682B6804465BB107F0D9F934
:1084000048B12D682846CEF7F7FE29460246204699
:1084100007F0E9F9012038BD38B50446D2F726FF48
:108420000546D4F715FF002D11DC0028D4BF002528
:1084300001252E220021A01C09F0EAFE0123238041
:10844000052323810323A3812574204638BD0125FC
:10845000EFE7D4F7D3BF38B500241423C0E90243B3
:108460000546E0B2D4F7BAFDFF2803D1C4F10804F1
:10847000AC6038BD0134082CF3D1FAE70020704716
:1084800037B50D46D5F770FB044690B1022D14BFE9
:108490001E230A234FF00C12ADF8043069464FF446
:1084A000C8730092ADF8063002F04EFD2046DDF7AD
:1084B00069F803B030BD00B58BB018B917200BB008
:1084C0005DF804FB6946DDF77BFC0028F6DB089BC2
:1084D0001888F4E708B5D7F793FD002008BD00EB36
:1084E000C100408840087047F8B50346FFF7F7FF22
:1084F000B0FA80F0C0F11F0003EB800CCA00DCF87A
:108500001060171D0C4606328DB256B9012101FAD2
:1085100000F0D9680143D960CCF81040DD539D527A
:10852000F8BDF1000431585AD85303EBC0009E52F5
:10853000C5805D52F4E710B500EBC104E3889942B1
:1085400002F104010AD1012303FA02F2C36823EA0B
:108550000203C360002340F8213010BDA28840F818
:10856000213000EBC20100EBC300CB808280F4E736
:1085700008B50346FFF7B3FFB0FA80F2C2F11F025D
:108580001846BDE80840FFF7D6BF2DE9F843B1FA19
:1085900081F5C5F11F0900EB89080346D8F81020C2
:1085A0000E46C2B10327D8F8104018462146FFF7FF
:1085B00096FFB04206D34A461846FFF7BCFF204656
:1085C000BDE8F88303EBC404013FE088C8F810005D
:1085D00001D08242E7D1C5F120024FF0FF34944030
:1085E000DA681440EBD094FAA4F2B2FA82F2111DC8
:1085F00053F821402146DFE738B50346FFF76FFF08
:108600000D46044611461846FFF769FF03EBC50502
:108610000444600068801846FFF761FF014423F8B6
:10862000314038BD38B50346FFF759FF0C46A51A4F
:10863000511A03EBC40405444800608003EBC200F8
:108640006C00448023F8321018461146FFF747FFAC
:10865000014423F8315038BD38B50546FFF73FFFD8
:108660000C46014405EBC1035B88DA070AD42846AF
:10867000FFF77EFF21462846FFF731FF22182846E4
:10868000FFF7BAFF35F83410611A05EBC1035B88B8
:10869000DB070CD42846FFF76BFF35F83410224671
:1086A000611A2846FFF7A8FF35F83430E41A21464E
:1086B0002846BDE83840FFF717BF61B100680439AC
:1086C000091A21F007030344C9085A8822F001025D
:1086D0005A80FFF7C1BF704770B5056809B900201F
:1086E00070BDAB68B3EBD10FF9D90B31CC08214683
:1086F0002846FFF74AFF06460028F0D001462846E4
:10870000FFF7EDFEA04207D932192846FFF78AFF8E
:1087100011462846FFF7E8FE05EBC60210465388CF
:1087200043F0010353800430DAE72DE9F84301F107
:10873000FF3919EA010906680F4614460CD04B426E
:108740000B40042B1A464F4628BF0422994664B9B1
:1087500000252846BDE8F883042904D8BDE8F8437D
:108760001146FFF7B9BF0422F1E7B368B3EBD40FAA
:10877000EED904F10B013944891AC9083046FFF7D4
:1087800004FF80460028E3D009F1040505EBC0058D
:108790007B1E35441D44B5FBF7F57D43A5EB09056C
:1087A0002C442B1F07349B1B24F00704A41BB0EBA5
:1087B000D30F4FEAD3074FEAE40408D201463A4602
:1087C0003046FFF72FFF41463046FFF78DFE394612
:1087D0003046FFF784FE3844844207D230462246B2
:1087E000FFF720FF21463046FFF77EFE06EBC70667
:1087F000738843F001037380ABE7043A2DE9F0413D
:10880000CC1D114424F0070421F007010E1BF708CA
:10881000B7FA87F2C2F12405AD004FF00008073522
:10882000C2F12002ED0804604146A760C4F80C8044
:10883000920004F1100009F0EBFC6B0043F001031F
:10884000638004EBC5027B1B5900A4F800805180B3
:10885000A21924F83550A2F80280A35304EBC703F1
:1088600029465A8842F001025A802046BDE8F0416C
:10887000FFF73ABE002070470FB407B504A951F8BE
:10888000040B0191D7F7A0FC03B05DF804EB04B032
:1088900070470FB407B504A951F8040B0191D7F73D
:1088A00093FC03B05DF804EB04B0704708B5EFF338
:1088B0001183202383F31288BFF36F8F01F001F936
:1088C000F0B564230546042600200A2769B9F0BDE7
:1088D0009A42B2FBF3F40CD2012B0AD048B903FB45
:1088E0001422D2B20A24B3FBF4F3013EF0D12E706D
:1088F000EDE7303405F8014BB2FBF3F4013903FB2B
:1089000014220130B3FBF7F3C9B2C0B2D2B2DBB26A
:10891000DCE7A0F13003DBB2092B02D80B7000209A
:108920007047A0F16103052B02D85738C3B2F5E7B1
:10893000A0F14103052B01D83738F7E76FF0150098
:108940007047F7B5054601F0010000EB51069E4265
:108950004FEA510703D90026304603B0F0BD58B1A5
:1089600028780DF10701FFF7D4FF0028F3DB9DF80D
:10897000073002F8013B013501351744BA42EBD00C
:1089800015F8010C0DF10701FFF7C3FF0028E2DB2A
:108990009DF807402401E4B2147015F8020BFFF7AC
:1089A000B8FF0028D7DB9DF807301C4402F8014BC4
:1089B000E4E7036800220BB9184670478B4210D1D8
:1089C0000B6842B942680360914200D143600023C2
:1089D0000B600120704713604368994208BF4260F2
:1089E000F5E71A461B68E6E7038B13F0070305D18A
:1089F0000368002B0CBF002003207047022B05D119
:108A0000408BB0FA80F0400980007047012B05D1FF
:108A10000368002B0CBF0020052070470020704722
:108A200010B50C4600B111B96FF0150010BD081D4E
:108A300000F0D3F80028F9D1A368032BF6D9F3E7A7
:108A40002DE9F0410D4607461946281D90461E4661
:108A500000F0D7F8044638B1334642462946384636
:108A6000A446BDE8F0416047BDE8F08110B4EFF3E3
:108A70001182202484F31288BFF36F8F41615DF867
:108A8000044B0121D7F7E8BB38B50C46054658B171
:108A900051B10B6843B14B6833B11C22002109F07E
:108AA000B7FB2C61002038BD6FF01500FBE770B5F7
:108AB00005460E46FFF7B4FF041E14DBEFF31182E8
:108AC000202383F31288BFF36F8F6B8B2C8B4FF6B1
:108AD000FF718B4204F0070407D182F31188BFF3C2
:108AE0006F8F6FF00A04204670BD022C0CD1013349
:108AF0006B8382F31188BFF36F8F002322463146C8
:108B00002846FFF79DFFEEE7062C14D8DFE804F0B7
:108B100004131313041A0400002333606B683BB979
:108B2000C5E90066ACB902212846D7F795FBDAE71C
:108B30001E606E60F6E782F31188BFF36F8F6FF0EF
:108B40000404D0E782F31188BFF36F8F6FF08504C0
:108B5000C9E782F31188BFF36F8FC4E710B5EFF355
:108B60001182202383F31288BFF36F8F048B04F0EC
:108B70000704022C0AD0012C0CBF6FF004006FF028
:108B8000850082F31188BFF36F8F08E0438B013BB0
:108B90009BB2438323B92146D7F75EFB204610BD25
:108BA0002046EEE738B5A8B1A1B1EFF31185202238
:108BB00082F31288BFF36F8F048BFFF7FAFE30B198
:108BC00004F0070085F31188BFF36F8F38BD6FF095
:108BD0007700F7E76FF01500F8E7034640B1426809
:108BE00002F00302022A06D0032A04D0012A05D08B
:108BF0006FF0150070471A68002AF9D000209860BD
:108C0000704710B54268816002F00302022A0346F1
:108C10004FF0000407D0032A02D05C60002001E07E
:108C200018685C6010BD18685C600028F6D0FCF71E
:108C30000FFDF3E7F0B506468F680D68F469E81B91
:108C4000844298BF001BA4EB000098BF3F199842D4
:108C500028BF18463368ED1B2B4413600B68034490
:108C60000B60F0BD70B445684369EE1AC569AB1B73
:108C7000934228BF134670BC0A46011DFFF7DABFB6
:108C800010B5D1E90043E41A94420CD31A44C1E967
:108C900000228B68C069D21A904201D9002010BD11
:108CA00003448B60FAE76FF01500F8E72DE9F34114
:108CB00006460F4615464FF000082A4601A93046E1
:108CC000FFF7D0FF044640B102463946019809F04B
:108CD00077FA2D1BA0442744EFD14246311D304680
:108CE000FFF7CEFF404602B0BDE8F081704770B498
:108CF00006688489806A0D0C16FA81F105FB04115F
:108D000084682468A44670BC60472DE9F0431C4683
:108D1000C36A1D686D4289B006468846174605F04D
:108D200020051CB9204609B0BDE8F083AC42A1463D
:108D300028BFA9464B466A4641463046FFF7D7FF53
:108D40000028F0D16B46484502D1241A8044E8E758
:108D500013F8012BBA4201D10130F4E70120E2E718
:108D60000B6803F580330B60C0891A0CB0EB134F0E
:108D700004BFA3EB02430B60704738B582890368D8
:108D80000D0C090C04462D04806A02FB013100F031
:108D90006FFD50B9E26AA389527929462046FFF750
:108DA000B4FF002818BF6FF0050038BD10B50146AC
:108DB00004460722FF20D7F7EBF9E07110BD0368E6
:108DC000012B81BFC91801F1FF315B4219400846F0
:108DD00070472DE9F0410C4605460821C06AFFF7AF
:108DE000EEFF072207462146FF206688B4F804807C
:108DF000D7F7CEF9E379834208D1A8894644C01B4E
:108E0000B04294BF00200120BDE8F0810020FBE7C4
:108E100038B505460C46FFF7DCFFA0B1A08898B92D
:108E200022884FF6FF739A420DD1E86A0821FFF7B6
:108E3000C6FF6288AB899B1AB3FBF0F202FB1030CD
:108E4000B0FA80F0400938BD0020FCE7F7B50446D1
:108E50000D46C06A0821FFF7B2FF296807460823BC
:108E60002046FFF744FF0646002836D12B683B44D6
:108E70002B60A28999B2D21B91422ED11A0C03BF4A
:108E8000E28902F1FF3203EB0241A3F58031296050
:108E900008236A462046FFF72AFFE8B9E36A5A79B1
:108EA0006B4613F8011B8A420CD101300828F8D117
:108EB000636805E02B68BDF802201B0C1B041344FB
:108EC0002B600AE069462046FFF7A2FF0028F1D197
:108ED00029462046D7F7CEFA0646304603B0F0BD05
:108EE0002DE9F043074689B090461E461BB9002085
:108EF00009B0BDE8F0833C688389080C14FA81F15D
:108F000000FB0314FB6A1D686D4235400CD0B86A43
:108F100083682146D3F804902B46C8470028E7D140
:108F2000761BE4D02C44A84432464146684609F0FA
:108F300047F9FD6A2A686979921B0DEB060009F072
:108F400067F9B86A2B688268214655686A46A8475F
:108F5000CEE710B50A46082341680446FFF7C0FF74
:108F600008210246E06AFFF72AFF63681B1A636064
:108F7000104610BD13B54FF6FF7300220446ADF83E
:108F800000308DF806308368ADF804206846ADF8EF
:108F90000230FFF70BFF69462046FFF7DAFF02B009
:108FA00010BD2DE9F04F044695B0C06A0821FFF7C7
:108FB00006FF63681B0C1B04054603A920460393A8
:108FC000FFF7CEFEDDF80CB0A6895E44761B06AA3C
:108FD0000823314620460496FFF789FE021EC0F2A0
:108FE000A980E36A06AA5979002312F8010B81428D
:108FF00040F08F800133082BF7D1A36862682B44BF
:109000009A427ED259462046FFF7B7FE024691E0CB
:10901000BDF81A30360C36041E44049608AA04A97A
:109020002046DDF810A0FFF711FF0246002840F0AF
:10903000818008A92046FFF7CCFE18B9019B534553
:10904000ECD1DAE7636805930AAA05A92046059ED4
:10905000FFF7FCFE024600286CD1BDF82820BDF8C1
:1090600020309A4227D06268059B9A42ECD1B245E3
:10907000E4D1BDF82430002BE0D0BDF822704FEAD7
:109080001A431B041F4408A8A368ADF82230FFF759
:109090008DFEE36ABDF824901E68764206F0200635
:1090A000B9F1000F0ED108A92046FFF752FF024682
:1090B0000028C3D03EE00AA92046FFF78AFE002818
:1090C000D1D0D4E74E45B04628BFC8460CAA434687
:1090D00039462046FFF70BFE024658BB4346A168BF
:1090E0000CAA2046FFF7FCFE41460246E06AFFF765
:1090F00066FEA3680344A360E2B9A9EB08094744EC
:10910000CEE72046FFF736FF024600283FF47AAF4D
:1091100010E0731B06A920460193FFF779FE002893
:109120007FF476AF04A92046D7F7A4F902460028B9
:109130003FF474AF104615B0BDE8F08F2DE9F04F45
:109140001D4691B0037C029104460092002B00F072
:10915000BD80C26A08211046FFF731FE2946019002
:109160001046FFF72CFEA389019AA3EB8203AB42C2
:109170000746C0F0AE801DB1009B002B00F0A98017
:109180006368059306AA05A92046DDF814A0FFF739
:109190005DFE064600283DD1BDF81830029A934284
:1091A00006D06268059B9A42ECD1002D38D131E09F
:1091B00006A92046FFF70DFE0028F2D0BDF81A8060
:1091C000BDF81C3055B39D422AD1E36ADDF800B0EA
:1091D0001B684FEA1A4A5B424FEA0A4A03F020032F
:1091E000D0440393AA46039B534528BF534608AA7D
:1091F000414620469946FFF77AFD00284DD14A4660
:1092000008A9584609F08EF950B9BAEB090AC844C2
:10921000CB44E8D1304611B0BDE8F08F002BF9D037
:10922000002F3DD1B84604F1140A4FF0FF324FF041
:10923000FF335046FAF7FCFFE3899E4243D0A16812
:10924000626808EB01039A422FD3029BADF82030ED
:10925000FF238DF82630009AADF822102B462046C9
:10926000ADF82450FFF73CFE29460746E06AFFF7B9
:10927000A6FDA3680344A36057B908A8FFF796FDAD
:1092800008A92046FFF765FE002814BF07462F46B1
:109290005046FBF745F83E46BCE7C1DC0646B9E759
:1092A000019B1F441FFA87F8BDE72046D7F714F942
:1092B00007460028ECD12046FFF773FE074600283A
:1092C000E6D10136B8E76FF01B07E1E76FF00C0657
:1092D000A0E76FF015069DE700231A46FFF72EBFA3
:1092E0002DE9FF471E46037CBDF8309004460F462B
:1092F0009046002B4ED0C06A0821FFF760FDA3897D
:10930000A3EB4003B34248D3D4F804A0CDF804A0A3
:1093100000254D455146DDF804A00BD9636853453F
:1093200020D1BDF80830BB421CD06FF0010004B062
:10933000BDE8F08702AA01A92046FFF787FD0028B3
:10934000F5D1BDF80830BB4206D102A92046FFF78F
:1093500040FD08B10135ADB26268019B9A42D8D197
:109360005146DEE7BDF80C30002BDED0A945DCD835
:10937000BDF80A00090CB3424FEA014128BF334649
:10938000014442462046FFF7B2FC0028CFD1BDF889
:109390000C00CCE76FF00C00C9E76FF01500C6E7D2
:1093A00013B500240094FFF79BFF02B010BD406985
:1093B00030B1BFF35B8F0068BFF35B8F00F001003B
:1093C000704743695BB1BFF35B8F53E8001F41F007
:1093D000010143E80012002AF7D1BFF35B8F704709
:1093E00043695BB1BFF35B8F53E8001F21F00101BC
:1093F00043E80012002AF7D1BFF35B8F704743693F
:109400000BB900207047BFF35B8F1A68BFF35B8F07
:109410001007F6D591B142F01001BFF35B8F53E80E
:10942000000F904204D143E8001CBCF1000FF6D1BC
:10943000BFF35B8F0CBF01200020704722F01001AA
:10944000EBE7406930B1BFF35B8F0068BFF35B8F20
:10945000C0F300107047406930B1BFF35B8F006804
:10946000BFF35B8FC0F3C000704743693BB1DB685B
:109470002BB15B691879B0FA80F040097047012080
:10948000704770B5044642690D46FFF7EEFF10B90C
:109490000323137170BD03212046A847002802DA78
:1094A00010F1860FF6D120462B460121BDE8704011
:1094B0001847704770B54C680368A34201D2012079
:1094C00070BD8A682244934201D30020F8E7D1E9B5
:1094D00003254E69B54203D36FF00B038B61F4E7AC
:1094E0001B1B42F835304368086902EBC002536029
:1094F0000B6901330B61E2E737B50C46C0B201A935
:109500001546D7F7CDF900280CDB019850B121465C
:109510002A46D7F7EBF904460198FFF7CAFF204621
:1095200003B030BD6FF01504F9E710F0700F08D1EB
:1095300000F07F0310F0800F18BF10330120984017
:109540007047002070472DE9F84306460F469046C5
:1095500099460B254B46424639463046F2F764FBA6
:1095600010F10B0F044603D1FBF794FC013DF1D140
:109570002046BDE8F883006840B150F8043C5B68C1
:109580008B42A0F1040001D04068F5E77047006805
:1095900050B150F8043C5B685B689B788B42A0F14B
:1095A000040001D04068F3E7704730B5006888B127
:1095B00050F8043C5B681A6A1D7F04380023043AA3
:1095C000DCB2A54201D84068F1E7013312F833401C
:1095D0008C42F5D130BD2DE9FF41D1F80C80054614
:1095E00040461F460C461646CDF706FEBDF828300D
:1095F000009380B2CDE901803B46324621462846A1
:1096000003F0CBF804B0BDE8F0817047002070474C
:109610000020D8F787B800221146D8F749B80021B2
:10962000D8F7D6B8034610B508460AB10021116034
:1096300053B1D0B1411E11F8010F80B113F8014BA5
:10964000A04201D13D28F6D100200EE00133136085
:109650000AE03D2808D0B0FA80F0400905E018780B
:109660002F28F6D1002AF1D1012010BD10B509B183
:1096700000230B6058B103461A781C4601332AB107
:109680003D2A03D02F2AF7D101B10B60201A10BD5B
:109690002DE9F341DDF82080019007460C46154680
:1096A0001E46B8F1000F07D0D8F8001081B9D8F8DD
:1096B00004E0BEF1000F14D101A93846D8F7CAF86A
:1096C00058B1C768019833462A462146B84704E096
:1096D00001AAFFF7A7FF0028E9D1002002B0BDE8EA
:1096E000F081D8F80830019808932A46334621467D
:1096F000F44602B0BDE8F04160470830704710B54D
:10970000134614460A4681880068FFF749FEA042C6
:10971000A8BF204610BD2DE9F04F97B00446019236
:109720009A46894600297CD0DAB1BAFA8AF67609D7
:10973000258F0135ADB2A84604F1080B6F1EBFB2EC
:10974000B7F5004F26D04A2303AA39465846FFF7FB
:1097500027FE002807DA10F1020F08BFB8463D4681
:10976000ECE70126E4E700F158030DEB03000023CA
:1097700000F84C3C03A94846CDF72CFD0028EED15B
:1097800026B339465846FFF7A7FD002805DA17B07B
:10979000BDE8F08FBEB30020F9E705F57F513F31FA
:1097A00089B25846FFF798FD0028F0DB238FBB42B3
:1097B000F1D12246013B22F8383F4FF40041022309
:1097C0005846FFF7BBFC00EAE070E0E7B846B8F5A2
:1097D000404F29D0238F434504F1080515D308F5E0
:1097E0008041019A534689B22846FFF7A7FC00281A
:1097F000CDDB002ECFD04846CDF7FEFC4A460346CF
:1098000041462846DDE70126E1E72246022322F809
:10981000388F4FF400412846FFF790FC0028DEDA2D
:10982000B5E76FF01500B2E76FF00B00AFE773B567
:10983000C36B03630446C3B100F108063046D6F794
:1098400077FE054670B902230DF106024FF4004180
:109850003046FFF7A5FD0028ACBFBDF806304FF439
:1098600000432387284602B070BD6FF01205F9E768
:109870002DE9F0418768FB6804460D461646984777
:10988000BB682BB1324629462046BDE8F041184757
:109890006FF05700BDE8F081012801D1EFF3058397
:1098A000FAF77ABA01460068FFF7F6BF08B5D8F7AD
:1098B0003BF9BDE80840D8F75BB900210120FFF76C
:1098C000EBBF61B662B680F31188BFF36F8F70474C
:1098D00072B6002383F31188BFF36F8FBFF34F8FEE
:1098E00030BF62B6BFF36F8F704772B6002383F349
:1098F0001188BFF36F8FBFF34F8F20BF80F31188A4
:10990000BFF36F8F62B67047202809D9B0F1004FBE
:1099100008D80138B0FA80F0C0F11F00400070474D
:10992000082070473E207047704700230382436938
:10993000C3607047416A8968D8F76EBEEFF3118241
:10994000202383F31288BFF36F8F00230B604368DB
:1099500033B9C0E9001182F31188BFF36F8F7047EC
:1099600019604160F7E710B50346EFF3118120223B
:1099700082F31288BFF36F8F006828B15C680268B9
:109980001A60A04208BF5A6081F31188BFF36F8F3D
:1099900010BD027A013202727047034618465B68B6
:1099A000002BFBD17047426810B52AB10B461C460C
:1099B0005B68002BFBD16260416010BD10B50446AE
:1099C00020B90B7A01330B72084610BD03461846C6
:1099D0005B68002BFBD1FFF7E6FF2046F5E710B5EB
:1099E00008B14B6843604C68002308464B60D8F7C9
:1099F00091FE204610BD92B281600160C2808280DB
:109A0000704783680B440360704703680B604368CA
:109A10004B6083688B60704783880268194481803B
:109A2000D018704730B484880568A318838028193B
:109A300030BC08F0C5BB10B5838802685C1C84800C
:109A4000D154D01810BD8388026830B5D4189D1C3D
:109A50008580D154090A617030BD034600689A8838
:109A6000401A11441860998070478288521A034640
:109A700082800068084418607047034600689A882E
:109A8000521A01449A801960704710B503681C7817
:109A90000121FFF7EAFF204610BD10B503681C88BE
:109AA0000221FFF7E2FF204610BD02688068101A0D
:109AB00070478388C2888168D21A03685B1AD01AFB
:109AC000704708B500224FF480214FF00050F6F7A0
:109AD00057FB4FF080430122C3F80025BFF34F8F9F
:109AE00020BFFDE78170704700207047036942681E
:109AF0005B6852681374C3F30723537400207047E4
:109B000030B444680069057B35B1407B20B9206AD8
:109B100030BC0079FFF717BD6FF00A0030BC70470A
:109B200030B585B014460A888B78ADF8002005461C
:109B30000D2200210DF103008DF8023008F068FBC2
:109B40006A4669462846EDF777FF28B9BDF8002038
:109B50009DF802302280A37005B030BD13B50C46CD
:109B600001AA0331FFF7DCFF48B9032201A920460F
:109B700008F0D8FCB0FA80F0400902B010BD002017
:109B8000FBE770B5CE1C05460C4630460321EDF7C9
:109B900051FF60B9637903F03F0343F04003637101
:109BA000224631462846BDE87040FFF7B9BF70BD78
:109BB00070B50D4600210446FFF758FD0D2818D159
:109BC000237B302B13D0312B13D1012305F8063B17
:109BD00004F10C062A462046012302210234FEF736
:109BE000B0FEB44205F1FF35F4D1002070BD002372
:109BF000ECE76FF01500F9E7D7F7D8BE0020704703
:109C000010B50C46017822788A428AB00FD0694696
:109C1000D9F7B2F805A92046D9F7AEF810220DF110
:109C200015010DF1010008F07DFC0AB010BD012AFC
:109C300006D0022A07D072B940886388C01AF4E7B8
:109C400040686368FAE71022611C01300AB0BDE881
:109C5000104008F067BC6FF01500E6E7042A0AD050
:109C6000102A0DD0022A4FF0000315D103700B8883
:109C7000438001207047012303700B684360F8E7BD
:109C8000022300F8013B01F1100351F8042B40F8C6
:109C9000042B9942F9D1ECE718467047012310B51F
:109CA0000621044600F8013BEDF7C4FE18B9A3797C
:109CB00063F03F03A37110BD0B6803608B88838042
:109CC0008B798371037823F0020303707047007867
:109CD000C0F34000704738B50446807AD8F772FC6C
:109CE0006169054649B1637ADB0704D4436A1B689E
:109CF00020469B6898470023636121462846BDE8BB
:109D0000384007F017BF2DE9F04101F10C080C466F
:109D1000054600F10C01404617461E46FFF775FE4A
:109D20004046FFF7C2FE012310FA87F068826B728B
:109D30002F8239464046FFF798FEE3687360628AD7
:109D40000023E3607281638234602846BDE8F081BD
:109D500038B5D1E90032DA600B684A895A820C467C
:109D600005460868D8F7D6FC20461022002108F0E6
:109D70004FFA2846BDE83840FFF7ADBF438A23B904
:109D8000C068B0FA80F04009704700207047F7B50E
:109D900004460E461746A388012B01D803B0F0BD38
:109DA0002046FFF772FE05460028F7D0A3888342BD
:109DB000F4D32046FFF769FE013D23688DF80000CB
:109DC000394668468DF801500193B0470028E5D028
:109DD00029462046FFF749FEDDE77047D0F8A0305E
:109DE00083B15A7BD1070DD5D2060DD51B7B102B25
:109DF00014BF032304234372807A98428CBF00204F
:109E0000012070470223F6E70323F4E70F2807D861
:109E10000D280BD8052808BF032018BF0220704763
:109E2000132803D01A2808BF0120F6E70120704745
:109E300010B50346BFF35B8F53E8000F40EA010201
:109E400043E80024002CF7D1BFF35B8F10BD0B68F3
:109E500003608B8883808B79837170470B46014642
:109E60001878D9F73DB838B5C3681D78B3F8010044
:109E7000F5B90F21DBF762FC0446C8B12946DBF7D0
:109E8000ABFBA378012B04D02046BDE83840DBF7BC
:109E900079BBBFF35B8F6368BFF35B8FDB07F3D5E1
:109EA00020460321DBF798FB032000F0CAFDEBE717
:109EB00038BD01210C30FFF7E0BD70B5C568012148
:109EC0002888DBF73BFC044690B16E88EA88A988B5
:109ED0002B89A0F8AC30A0F8A660A0F8A810A0F8D4
:109EE000AA20DBF7CFFD2046BDE87040DBF74ABB78
:109EF00070BD38B5C5680121B5F80100DBF71EFC5F
:109F0000044698B12B783BB9D5F80330C0F89530AA
:109F1000D5F80730C0F89930201D4FF40031FFF715
:109F200087FF2046BDE83840DBF72CBB38BD30B496
:109F300002EBC303044608469A4201D130BC704785
:109F4000114611F8085BA54206D1018A537899425F
:109F5000F4D330BC536818470A46EDE7BFF35B8F74
:109F600050E8003F0B4040E80032002AF8D1BFF330
:109F70005B8F7047C0F307231070000E5370D070D2
:109F80000023C1F30720090E937013715071937170
:109F9000D17170472DE9F843C7683A78012303EB84
:109FA0008203028A93423FD9BDE8F88307EB850319
:109FB0000F21B3F80100B3F80360DBF7BFFB0446E1
:109FC00060B100F1CC0836B12046DBF7D9F9FAF7D9
:109FD00029FA63693BB92046DBF7D4FA01353B78AF
:109FE0009D42E3DBE0E7A1691A6862618B4208BF2A
:109FF000A261C3F80090226A9AB9C4E90733BFF39B
:10A000005B8F58E8003F013B48E80032002AF8D156
:10A01000BFF35B8F00212046013EDBF7BDF9B6B2EE
:10A02000D1E713602362EAE70025A946D7E773B5B5
:10A03000C5680121B5F80100DBF780FB0446002864
:10A040004ED02B781A2B00F1040619D1C378012BBE
:10A050002AD14FF480413046FFF7EAFE42040FD484
:10A06000D4F8883000936946D4F8903001932046A4
:10A07000DCF77EF9204602B0BDE87040DBF782BA1B
:10A080002B788BB9B5F80330A4F88630B5F80530D5
:10A09000A4F88C30B5F80730A4F88E306FF48051F6
:10A0A0003046FFF75BFF17E0BFF35B8F6368BFF3DA
:10A0B0005B8FDB04F2D52B78202BEFD194F8943012
:10A0C000002BEBD0013B84F894304FF42032002376
:10A0D00004F14000FAF728FC2046DBF789FCC9E7C9
:10A0E00002B070BD81767047704738B5C5680121F0
:10A0F000B5F80100DBF722FB044688B1E878D9F710
:10A10000DDF884F8A4002879D9F7D8F884F8A500F8
:10A110002046DBF7DDFC2046BDE83840DBF732BAED
:10A1200038BD10B503884288934219D8052B17D93A
:10A13000B2F5486F14D88388B3F5FA7F10D2C0887F
:10A14000A0F10A0189B240F67644A14208D8013351
:10A150009BB25343B3EB800F34BF0120002010BDEE
:10A160000020FCE738B5C3680F21B3F801001D7863
:10A17000DBF7E4FA044620B365B12846D9F7CAF8FC
:10A18000294602462046DBF735FD2046BDE838402B
:10A19000DBF7F8B98378012BEFD103F02FFE2046CF
:10A1A000FFF71CFE0028E8D10520D9F7B3F80521F8
:10A1B00002462046DBF71EFD0521204600F06AFD21
:10A1C000E3E738BD70B5C6680F21B6F801003578F1
:10A1D000DBF7B4FA044688B34DB12846D9F79AF8AC
:10A1E000294602462046DBF705FD204603E0F378CA
:10A1F000C27A9A4203D1BDE87040DBF7C3B98278D6
:10A20000C372012A05D00020D9F784F80021024644
:10A21000E8E70BB103F0F2FD2046FFF7DFFD002871
:10A22000F1D10520D9F776F8052102462046DBF763
:10A23000E1FC0521204600F02DFDD6E770BD40F27F
:10A24000C130704708B5DFF7B3FF18B1C0890038D7
:10A2500018BF012008BDF0B5C5682F8887B001215F
:10A26000B8B2DBF76BFA064658B302ACD5F8022059
:10A27000D5F8063001946989009103F0A9FB10B369
:10A28000122142F21A00D8F7DDFF0546B0B11221C3
:10A290000C30FFF7C1FB0346224623F8027B06AFD2
:10A2A000144603CCBC4218605960224603F10803EF
:10A2B000F6D1294642F21A00D9F7EEF83046DBF71C
:10A2C00061F907B0F0BD022142F21B00D8F7BAFFD6
:10A2D00004460028F2D002210C30FFF79DFB2146F6
:10A2E000078042F21B00E7E770B506460D4642F2D2
:10A2F00021000321D8F7A6FF044660B103210C30EA
:10A30000FFF78AFB06808570214642F22100BDE8F6
:10A310007040D9F7C1B870BD73B5C368D9789A7861
:10A320001E8842EA0122ADF8002059791A7942EAE2
:10A330000122ADF80220D9799A7942EA0122ADF8DA
:10A3400004201A7A5B7AB4B242EA03230121204640
:10A35000ADF80630DBF7F2F9054628B902212046B0
:10A36000FFF7C2FF02B070BD6946DBF7D7FB38B913
:10A370001E212046FFF7B8FF2846DBF703F9F1E777
:10A380000E2142F22000D8F75DFF04460028F3D0EA
:10A390000E210C30FFF740FB00230680C0F80A3086
:10A3A000BDF800304380BDF802308380BDF8043032
:10A3B000C380BDF806300381214642F22000D9F760
:10A3C0006BF8D9E7D9F730BA3C2838B5054614D12F
:10A3D000DAF728F86FF080011030FFF7BFFD00209A
:10A3E000D8F7F0FD044680B305730021DBF7F4F8DD
:10A3F0002046BDE83840DBF7C5B8022825D100214A
:10A4000002460846DBF7AEFC044660B1BFF35B8F43
:10A410004368BFF35B8FDB070AD50321DBF7DCF86A
:10A420002046DBF7AFF8BDE83840032000F009BB59
:10A43000403007F078FC10F00C0102D12573204663
:10A44000ECE72046D9F7F0F9EAE738BD70B50646E3
:10A450000D4640F206400321D8F7F4FE044668B1E9
:10A4600003210C30FFF7D8FA0680857021460022C0
:10A47000BDE8704040F20640D9F78AB86FF0680036
:10A4800070BDC368187808B1FFF79EBF1846D9F7AA
:10A4900043BA38B50221054642F21600D8F7D2FE7B
:10A4A000044668B102210C30FFF7B6FA2B8803800E
:10A4B00021460022BDE8384042F21600D9F768B8BC
:10A4C0006FF0680038BD2DE9F0478146884642F2BA
:10A4D000320007219DF820A017461E46D8F7B2FE8D
:10A4E0000546A0B107210C30FFF796FAB9F8003005
:10A4F000038080F80280C7700671A0F805A0294685
:10A500000022BDE8F04742F23200D9F741B86FF0BF
:10A510006800BDE8F08708B500200021D8F7E0FF0B
:10A5200018B1BDE80840D8F7B1BFBDE80840DBF777
:10A5300081B9033138B5C9B205460E20D9F73CFBC5
:10A54000032104460C30FFF767FA01230370A0F8DB
:10A550000150204638BD70B505460E460F20042137
:10A56000D9F72AFB042104460C30FFF755FA0122E3
:10A57000067042704580204670BD08B5072207F07E
:10A58000D1FFB0FA80F0400908BD0B6803608B88EA
:10A5900083808B7983717047BFF35B8F0068BFF353
:10A5A0005B8F7047F8B50F46144630BB272142F247
:10A5B0002700D8F747FE054610B327210C30FFF7D8
:10A5C0002BFA3946FFF7E1FF06462246C31D04F188
:10A5D000100152F8040B43F8040B8A42F9D11022FF
:10A5E000002106F1170007F013FE29460022BDE8FE
:10A5F000F84042F22700D8F7CBBF6FF01500F8BD46
:10A600006FF06800FBE7037A5B07024605D5014659
:10A610002A3211F8010BFFF7C5BF704738B5012189
:10A62000054642F22D00D8F70DFE044658B12946E2
:10A630000C30FFF700FA21460022BDE8384042F214
:10A640002D00D8F7A5BF6FF0680038BD10B400F139
:10A650001003BFF35B8F53E8002F22F4004143E85F
:10A660000014002CF7D1BFF35B8F130404D55DF801
:10A67000044B012100F0D8B95DF8044B70472DE977
:10A68000F041D1F8048086B004460D46B8F1000FC1
:10A690001DD1037A5B071AD50E68411C701CFFF7A9
:10A6A0006CFF2A36162241460746684607F0B0FD81
:10A6B00010226946304607F035FF30B1102204F110
:10A6C0002A01304607F02EFF00B107B16C6006B0DA
:10A6D000BDE8F08100F1100208B503461046FFF70F
:10A6E0005BFF010611D5BFF35B8F52E8000F40F40A
:10A6F000004042E800010029F7D1BFF35B8F184604
:10A700000021BDE8084000F08FB908BD10B50C4627
:10A7100030B919B1DFF7F8FC00B1441C204610BD78
:10A720000024FBE718B111B10846D9F7BDBA6FF0A4
:10A730001500704713B5044680B106216846EDF751
:10A7400079F948B99DF80530694603F03F03204682
:10A750008DF80530FFF7E6FF02B010BD6FF0150071
:10A76000FAE708B5D9F75EFE10B11030FFF714FF15
:10A77000012008BD037AD90704D523F00103037231
:10A78000D9F71ABB990704D523F002030372D9F74E
:10A79000BBBB704700207047034610F4004F0CBF4E
:10A7A00007200620DA0348BF00F005009B0348BFDE
:10A7B00000F0FB007047BFF35B8F0068BFF35B8F57
:10A7C000704710B50346BFF35B8F53E8000F00EAF4
:10A7D000010243E80024002CF7D1BFF35B8F10BDCA
:10A7E0002DE9F74F0C46202100909246D8F72AFD1C
:10A7F0000546002850D020210C30FFF70DF920220B
:10A800000021814607F004FD09F1010B04EBCA0A9F
:10A810000026D4F800800023626893420CD30834E9
:10A82000A245F6D1009889F800600022294603B0BD
:10A83000BDE8F04FD8F7ACBE98F8012098F800C0FA
:10A84000B01C11181F2908D9BCF1090FC0F11F0253
:10A850001AD1002A18DD4FF0080CD7B2791C0BF87A
:10A860000610711CC9B25BFA80F00BF801C0D8F871
:10A8700004100193023707F0A3FC019B3744FEB29A
:10A88000013308F10808C7E72846D7F743FF6FF000
:10A89000150003B0BDE8F08F6FF06800F9E7012301
:10A8A00010B403FA01F104466AB1BFF35B8F54E8B8
:10A8B000003F0B4344E80032002AF8D1BFF35B8F1E
:10A8C0005DF8044B70475DF8044BC943FFF779BF4F
:10A8D0002DE9F04F87B005469DF84860DDF84090BF
:10A8E0009DF844A00C4690460021102202A81F4665
:10A8F00007F08EFCEEB9CDE90248012202A942F22E
:10A900000800FFF76DFF044678B9BAF1000F3ED199
:10A910001035BFF35B8F55E8003F43F0040345E873
:10A920000032002AF7D1BFF35B8F204607B0BDE8A5
:10A93000F08FD8F7A7FD8346E4B937BB5846CCF76C
:10A940005BFC0923012ECDE901B48DF800308DF8B0
:10A950000100CDF80C80D0D1CDF810D005960222A0
:10A96000CCE714F83320083A012A25D90133984559
:10A97000F7D1E2E70023FAE717F83320083A012A73
:10A980001AD901339945F7D1D8E70023FAE7022E07
:10A990004FF0010208BF059202A908BF324642F2F9
:10A9A000090008BFCDF810D0CDE90279FFF718FFF4
:10A9B0000028ADD00446B8E76FF01504B5E743684A
:10A9C00013F008000AD05A0307D403F4C063B3F5A8
:10A9D000806F14BF0220012070470120704770B5BE
:10A9E000064686B00D4642F20A000121D8F72AFC3D
:10A9F0000446B0B10C3095B10121FFF71CF806F107
:10AA0000100203A9204600950723D8F709FC00226D
:10AA1000214642F20A00D8F7BBFD06B070BD2946B8
:10AA2000EBE76FF06800F8E7FFF7D9BF183007F0E1
:10AA30007CB9D9F75FBEBFF35B8F0068BFF35B8F54
:10AA40007047032808B501D0D9F73EFFBDE808409C
:10AA5000D9F752BF0368D90444BF43F4806303604D
:10AA600003689A0444BF43F400630360704701F134
:10AA70002003013813F8012D00F8012F8B42F9D182
:10AA8000704700230B60436813B9C0E90011704799
:10AA9000196041607047D0F8BC00003818BF012031
:10AAA0007047084689691160C2691A60C27A00213C
:10AAB000183007F0ADBBBFF35B8F0068BFF35B8F4F
:10AAC000704710B50346BFF35B8F53E8000F40EAB1
:10AAD000010243E80024002CF7D1BFF35B8F10BDC7
:10AAE00073B50446CDE900320D4622B9D0F8B46002
:10AAF0006B4601AAB0472846D7F70CFE019B23B14D
:10AB000000996FF06D022046984702B070BD24385E
:10AB1000DAF7DCBB036800220BB9184670478B429A
:10AB200010D10B6842B942680360914200D1436082
:10AB300000230B600120704713604368994208BFEF
:10AB40004260F5E71A461B68E6E710B5044600695F
:10AB500018B1D7F7DFFD0023236110BD70B50D4696
:10AB6000012116460446DAF717FC00212846FFF7B4
:10AB7000B9FA012E16D0022E16D1236913B1204640
:10AB8000FFF7E3FF2846FEF704FF20612269138ADE
:10AB9000012B28D82088FFF7A7FA01212846FFF7C4
:10ABA000A1FA07E0206918B92046FFF7CEFF01E0BF
:10ABB0002E8A26B92846BDE87040D7F7ABBD0C30C9
:10ABC000FEF777FF864207D921690022204600F070
:10ABD00084FB00232361EDE720692A8AE9680C30B1
:10ABE000FEF720FFD2E7D26816880436B6B2B34229
:10ABF000D0D32846D7F78EFD21690B8AB34204D9FA
:10AC00002046BDE87040FFF7A0BF00232361204627
:10AC10000122BDE8704000F060BB10B5034600F1B2
:10AC2000D4021046FFF747FF80B1BFF35B8F411C92
:10AC300052E8004F844204D142E8001CBCF1000FEE
:10AC4000F6D1BFF35B8FECD1184610BD0346FBE78E
:10AC50002DE9F84307460E46904600244FF0D809E8
:10AC6000B44203D100231846BDE8F88309FB047001
:10AC7000FFF7D3FF034658B1457B012D02D0073DB6
:10AC8000012D03D81A884245EDD01846DAF77AFC30
:10AC90000134E5E710B5437B023B0446062B25D87B
:10ACA000DFE803F00D04242424172200017300219F
:10ACB000DAF792FCBDE810400220D9F709BF83788B
:10ACC000012B11D1403007F030F8BDE81040D8F723
:10ACD00005BE0088FFF7BAFB38B9637B072B03D1A9
:10ACE00008212046DAF778FC002010BD6FF07F00C5
:10ACF000FBE710B50446D0F8A00028B9207A04F18B
:10AD00007001DFF755FA38B1E278C3892AB913F038
:10AD1000210F14BF0120002010BD13F0240FF8E70D
:10AD20002DE9F843089E102E81460C4690461F469A
:10AD30002ED81C2142F21900D8F784FA054658B3E0
:10AD40001C210C30FEF768FE0346B9F8002023F8FA
:10AD5000022B2268C0F8022062685A60B8F80030FE
:10AD6000438100F10C0432463946204607F028FAA8
:10AD7000102E05D0C6F110020021A01907F048FAE4
:10AD800029460022BDE8F84342F21900D8F700BC7A
:10AD90006FF01500BDE8F8836FF06800FAE737B58B
:10ADA00005460C46FEF793FF2946A8B16846FEF714
:10ADB00083FF69460020DAF759FF58B12388A0F8CD
:10ADC00088306388A0F88A30A388A0F88C30E388A4
:10ADD000A0F88E3003B030BDFFF798FC0346006842
:10ADE00000909A889B798DF80630ADF80420E0E752
:10ADF00038B5037A8B420446154615D100F170012F
:10AE00000722284607F08EFB80B1E378072243B97A
:10AE100004F17E01284607F085FBB0FA80F0400976
:10AE200038BD04F17701F5E70020F9E70120F7E7E5
:10AE300008B5DAF747FF10B1DAF7A4FB012008BD27
:10AE400020B18378194214BF01200020704708B553
:10AE500003210246FFF7F4FF28B1D07A18B1D2F8E7
:10AE6000A00000B1007B08BD38B50A4603210446A6
:10AE7000FFF7E6FF48B3637B072B29D1130602F0E7
:10AE80007F050BD54FF40041201DFFF71AFEA57278
:10AE9000204602F012FEA8B9002038BD637AAB420A
:10AEA000FAD2A37AAB42F7D2BFF35B8F231D53E8EC
:10AEB000001F21F4004143E80012002AF7D1BFF33C
:10AEC0005B8FE4E7637AA372E7E76FF01500E4E7CE
:10AED0006FF07F00E1E708B503210246FFF7B0FFFE
:10AEE00000B1507A08BD08B501210246FFF7A8FF5E
:10AEF00008B102F1700008BDF8B507460D4642F2F0
:10AF000013000E21D8F79EF90646D0B10E210C3061
:10AF1000FEF782FD0E220446002107F079F93B88F6
:10AF200023802B8863806B88A380AB88E380EB88C9
:10AF3000238131460022BDE8F84042F21300D8F7E1
:10AF400027BB6FF06800F8BD38B50C4601210246FA
:10AF5000FFF776FF10B3D3782BB921461046BDE832
:10AF60003840DAF7FDBF131D1846FFF7A4FD0105B1
:10AF7000C0F3C025F1D42188A2F888106188A2F816
:10AF80008A10A188A2F89010E188A2F892101846C1
:10AF90004FF40051FFF795FD284638BD6FF01500BE
:10AFA000FBE77047704710B400F14C030122BFF378
:10AFB0005B8F53E8001F43E80024002CF9D1BFF356
:10AFC0005B8F41B9034653F8482B8164D2F8C01017
:10AFD00031B9C2E92F3300685DF8044BDAF730BAB3
:10AFE0000B60C2F8C030F6E710B50368D3F8BC2098
:10AFF00042B1D3F8C0401168C3F8BC10A24208BFE8
:10B00000C3F8C0104C300023BFF35B8F50E8002F13
:10B0100040E800310029F9D1BFF35B8F10BD70B556
:10B02000D0E9003504464BB3D3F8BC2048300021AA
:10B030006AB1904234D1A26C51BBD3F8C010C3F8AE
:10B04000BC20884201D1C3F8C0200023A36404F1CE
:10B050004C030022BFF35B8F53E8001F43E800203E
:10B060000028F9D1BFF35B8F04F13006236BD3B90D
:10B070006B680BB12046984700232360E3680BB14F
:10B08000204698472B6AB3B12046BDE87040184768
:10B090000A60D3F8C020904208BFC3F8C010D4E7BC
:10B0A00011461268C4E7002200233046F9F788F9F8
:10B0B000D7F730FBDAE770BD38B5406B30B150F8E8
:10B0C000084904B1083CFFF7AAFF04B938BDA568D8
:10B0D0002DB12046083DFFF7A2FF2C46F7E720469A
:10B0E000BDE83840FFF79BBF38B5436B0D46BBB199
:10B0F000184650F8084904B1083C53F8043C9B68D2
:10B100000BB1294698475CB12046A468436824B136
:10B110009B68083C002BF4D1F6E79B68002BF0D12C
:10B1200038BDF8B50E4600210746154600234FF4FA
:10B1300080320846DBF79EF8044630B104210C301B
:10B14000FEF76AFC0770467045802046F8BD38B5AA
:10B150000546006898B1407B072810D1087A01287D
:10B1600010D1C87A07280DD98A61CB6105F130006A
:10B1700006F0D5FC2846FFF716FF002038BD6FF01B
:10B180007F00FBE76FF01500F8E7406B30B1838B71
:10B190008B42A0F1080001D08068F7E7704710B536
:10B1A0004AB989B2FFF7F1FF28B143689B6913B12F
:10B1B000BDE81040184710BD38B50D460521FFF712
:10B1C000E4FF00231A462946FFF7C1FF044610B1E9
:10B1D0002846D7F79FFA204638BDF7B50B8A032BD0
:10B1E00004460D4611D9042105F10C00FEF745FC7B
:10B1F0002B8A42889A4208D1417831B10378122BC8
:10B2000006D0132B01D0012B4BD1002003B0F0BD91
:10B21000072A2468EB68F8D9627B072AF5D1E7781A
:10B2200097B102220120FFF77CFF05460028ECD0F1
:10B2300002210C30FEF7F0FB002303704370294617
:10B240002046FFF7B9FFE0E71A88ADF800205A88DA
:10B25000ADF802209A88ADF80420DB88ADF80630FE
:10B2600002221320FFF75DFF05460028CDD0694676
:10B270002046DAF753FC0221064605F10C00FEF7E2
:10B28000CBFB56B10770477029462046FFF794FF65
:10B2900069462046FFF730FEB7E70123037046708A
:10B2A000CDE7022201202568FFF73BFF0446002876
:10B2B000ABD002210C30FEF7AFFB002303704370CC
:10B2C00021462846BDE7406B30B183898B42A0F10F
:10B2D000080001D08068F7E7704738B50B8A032B68
:10B2E00005460C4604D82046BDE83840D7F712BAC8
:10B2F000042104F10C00FEF7C0FB41882846FFF74B
:10B30000E2FF0028EFD0436821465B699847EAE7EF
:10B3100070470346006828B1596802681A6088427D
:10B3200008BF5A6070470346002003B970471A8A65
:10B330005B681044F9E710B5D4682378023113B97B
:10B340002170012010BD8B42FBD0038A023B038297
:10B3500000201061F6E70620704708B503680A8AE6
:10B360001868C96801F0F3FE002008BD38B505462D
:10B3700001F10C000C46FEF790FB2D68238AE26871
:10B380000146286801F0D2FE002038BD70B405687F
:10B390006A6A52B3136803B1A83BA2F1A804002261
:10B3A000114600E0A83B844207D0668D648BB14211
:10B3B00038BF3146A24238BF22461C462BB1D3F8D3
:10B3C000A830002BEED18442EFD1438D408B8B42CD
:10B3D00001D890420BD9824238BF02469942286870
:10B3E00038BF194670BCDDF795BB1146EDE770BC60
:10B3F000704773B51446014605464FF495722068B0
:10B4000001F06EFA207500BB237A2068ABB1A3F17E
:10B410001802534253419B000193638A0093AE6824
:10B42000238AE2682946B047002808DB238A834242
:10B430000ED100232375012008E00223ECE710F170
:10B44000FF0F05D34042C0B22075002002B070BD8E
:10B450000E20F9E71FB5CDE90123002300931A461A
:10B46000DCF73CFB05B05DF804FB2DE9F04F91B033
:10B47000166880460F46002542F601030068D6F89C
:10B4800004908DF82C500BA91446ADF82E30FEF721
:10B49000B7FB002800F089804FF42053D8F8000053
:10B4A0008DF82C500BA9ADF82E30FEF7A9FB38B162
:10B4B000A3681BB15A88BA4200D25F8001200EE017
:10B4C00061680846FFF72FFF728B738D9A4294BF15
:10B4D000C0EB0200C0EB0300032803D8002011B02A
:10B4E000BDE8F08F0846FEF758FA05466068FFF79A
:10B4F0001AFF728D738B05F10C0B9A4294BFC0EB4F
:10B50000020AC0EB030A5846FEF7D3FA824544D23A
:10B510006068FFF708FF728D738B9A4294BFC0EB8F
:10B520000200C0EB030070B96368987AD7F74AF855
:10B5300000220023FEF7FEF905460028CED0014682
:10B540006068FEF73BFA00230093D8F804601023EC
:10B5500002AA41464846B047061E26DB227CE06828
:10B56000B2421ED001460BA8FEF778FBE8B1F2B25A
:10B5700002A906A8FEF772FBB8B106A90BA8FEF750
:10B580003FFB90B900236374042105F10C00FEF722
:10B5900043FAA0600780A3688FE75846FEF789FA50
:10B5A000C1E702A906F0BEFFEBE70023A36085E731
:10B5B000F8B59368166805460F46144663B9506897
:10B5C00001210C30FEF728FAA0602B681B78002BB5
:10B5D00014BF022301230370A3681B78012B03D03F
:10B5E000022B1FD000201CE02B681B78002BF9D108
:10B5F000606804210C30FEF70FFAE06007802A68CB
:10B60000E36852885A806168728D738B088A9A4207
:10B6100094BFC0EB0200C0EB0300042894BF0020DD
:10B620000120F8BD2B681B78022BDBD1606812214A
:10B630000C30FEF7F1F9E06007802B68E268591CD6
:10B640000232113351F8040B42F8040B9942F9D13C
:10B650006168728D738B088A9A4294BFC0EB0200B6
:10B66000C0EB03001228D9E7D0680378043113B97E
:10B670000170012070478B42FBD091680B8A00203B
:10B68000043B0B82106170472DE9F04F044685B0F2
:10B69000104690469946FFF746FE638B628D9342B3
:10B6A00028BF134683428B4640F29380636803931E
:10B6B0004046FEF772F94FF0000A06464046FFF793
:10B6C00032FE628B638D06F10C079A4294BFC0EB89
:10B6D0000205C0EB03053846FEF7EBF9854217D2A9
:10B6E0004046FFF720FE628B638D9A4294BFC0EB09
:10B6F0000205C0EB03058DBB98F80A00D6F762FF80
:10B7000000220023FEF716F9064630B9574636E008
:10B710003846FEF7CEF90546EDE701464046FEF70E
:10B720004DF94046FFF7FFFD628D638B06F10C0774
:10B730009A4294BFC0EB0205C0EB03053846FEF702
:10B74000B8F985421FD24046FFF7EDFD628D638B4D
:10B750009A4294BFC0EB0205C0EB0305F168328A40
:10B76000CDF80090DBF8047003980A44ABB2594658
:10B77000B847071E0CDABAF1000F18BF5746384613
:10B7800005B0BDE8F08F3846FEF793F90546E5E7CA
:10B790000E9BB3B9394606F10C00FEF73DF9404661
:10B7A000FFF7C1FD638D628B934228BF1346B944F6
:10B7B0008342BA441FFA89F9A8D9AF423FF47EAF59
:10B7C000A4E70F9A0E9B3946304698470028E1D1EE
:10B7D0009CE70027D3E70368002203B970478B4238
:10B7E0000FD10B683AB942680360914200D14360BF
:10B7F00000230B60704713604368994208BF4260A2
:10B80000F6E71A461B68E8E706207047BFF35B8F30
:10B8100050E8003F43F0080240E800210029F7D13A
:10B82000BFF35B8FC3F3C000704773B5166805465E
:10B8300000237068137314462946952201F050F8CE
:10B84000207380B9CDE900002946A388A26830465C
:10B85000FFF71AFF002809DA10F1FF0F26BF404258
:10B86000C0B20E202073002002B070BD0120FBE7A3
:10B870002DE9F341166807460023706813731446D8
:10B880003946952201F02CF80546207308BBA068C4
:10B89000718B728D038A914294BFC3EB0103C3EB9A
:10B8A0000203012B15DD02210C30FEF7B5F8CDE9BE
:10B8B00000558046A388A26839463046FFF7E4FE6B
:10B8C000031E0ADA13F1FF0F26BF5B42DBB20E2321
:10B8D0002373002002B0BDE8F081A8F800300120F9
:10B8E000F8E72DE9F04104468868FFF71CFD638BFB
:10B8F000628D934228BF134683420D461DD3E165F6
:10B90000D1F8088000278F60F9F774FA4146204685
:10B91000DAF752FF064638B1C5F80880E765F9F74F
:10B920007DFA3046BDE8F081618D638B994228BF76
:10B9300019462846DDF770FAF1E76FF07906F0E76F
:10B9400038B5BFF35B8F0B68BFF35B8FDB07054632
:10B9500017D550F8040CA0B1AB6D93B90430FFF7C4
:10B96000D8FC044668B10146281FFFF7BAFF00283B
:10B9700007DA55F8043C5A6822609A685C6002B99C
:10B980009C6038BD2DE9F041446A07463CB354F849
:10B99000A86906B1A83E00231D4607F1040801E08E
:10B9A00034461646E26D9AB905B98BB94046FFF7A1
:10B9B000B0FC054658B101462046FFF792FF00282B
:10B9C0000DDA7B682B60BB687D6003B9BD602346E0
:10B9D0002EB1D6F8A820002AE2D0A83AE0E7BDE8C8
:10B9E000F08170B504460E46002200230846F8F7A1
:10B9F000E7FC054658B101462046DAF7DDFE04466D
:10BA000018B12946304606F095F8204670BD6FF013
:10BA10000104FAE7F8B50546071F00F1540350F892
:10BA2000044CBFF35B8F53E8001F21F0040143E88F
:10BA30000012002AF7D1BFF35B8F04B3AB6D8BB953
:10BA400063687BB1201DFFF764FC0146064638465B
:10BA5000FFF747FF002812DA63683360A368666067
:10BA600003B9A66005F15C013846FFF7BAFF30B1B3
:10BA700004F10C013846BDE8F840FFF7B2BFF8BD4D
:10BA800038B504460D46DAF797FE30B1294604F181
:10BA90006000BDE8384006F042B838BD70B50446D5
:10BAA00001F10C000D46FDF7F8FF26682B8AEA68C5
:10BAB0000146306801F03AFB1E2100222046DAF7E9
:10BAC000B9FC014610B12046FFF7DAFF002070BD37
:10BAD0002DE9F041884617460121042205461E46FD
:10BAE000DAF7A8FC044670B104210C30FDF794FF8E
:10BAF00080F80080A0F80170C67021462846BDE895
:10BB0000F041FFF7BDBFBDE8F08137B50C460546F3
:10BB100001F10C00FDF7C1FF228A0192E268009258
:10BB20000346132212212846DAF750FF03B030BD36
:10BB300037B50C46054601F10C00FDF7AEFF228A31
:10BB40000192E26800920022034611462846DAF785
:10BB50003DFF03B030BD08B5437B072B01D000206B
:10BB600008BD0421FFF7AFFB0028F8D0BFF35B8FBF
:10BB7000436DBFF35B8FDB07F1D550F8040CEFE7A3
:10BB800070B50E461546FFF7E6FF78B1436A6BB114
:10BB9000184650F8A83903B1A83B691C428D448B64
:10BBA000A24228BF2246914202D93BB9002070BD73
:10BBB0002A463146BDE87040DAF73CBCD3F8A840CD
:10BBC00004B1A83C18462346E8E707B5CA681388BD
:10BBD000528800920C210D22DBF790F803B05DF83B
:10BBE00004FB07B5CB6800221B8800920A210B22B8
:10BBF000DBF784F803B05DF804FB2DE9F041CB6876
:10BC00001F88BBB2162B04462AD90321DAF73EFF60
:10BC1000064638B302210C30FDF7FEFE4FF0410816
:10BC2000002580F80080457031462046FFF728FF48
:10BC30002368A4F81A8067851B68BFF35B8F043301
:10BC400053E8001F41F4803143E80012002AF7D185
:10BC5000BFF35B8F2046FFF799FB2846BDE8F081D4
:10BC60000420FBE70E20F9E7DBF7B4BE0A8AC968B7
:10BC70000023DBF7E3B9FFF7F9BFFFF7F7BFFFF7E3
:10BC8000F5BFFFF7F3BFFFF7F1BFFFF7EFBFFFF718
:10BC9000EDBFFFF7EBBFFFF7E9BFFFF7E7BFFFF728
:10BCA000E5BF70B5CE6833889AB2162A04460D46B1
:10BCB00006D8002204231146BDE87040DBF7BEB968
:10BCC000412242834385FFF761FB2A8A00233146E4
:10BCD0002046F1E770B5054650F8043C55F8046974
:10BCE0000446002B32D031B1836D7BB31B7CDA0765
:10BCF0002CD505231DE03046DCF720FF737A012B9D
:10BD000024D0A46D14B3237CDB071FD5E368002B7C
:10BD1000EFD06269617C2846DAF78CFB064638B1C1
:10BD2000D4E90512E368984750B13046D6F7F2FCE3
:10BD30000E23002228461146BDE87040DBF77EB98D
:10BD400031462846DAF738FD0028EED170BD30B50F
:10BD5000054689B055F8043B04461868FFF7C3F858
:10BD60006946DAF7B5FB2846DBF7DCF96068132192
:10BD7000FEF790FF09B030BD10B5044688B054F806
:10BD8000783D1868FFF7AFF86946DAF7A1FB20465F
:10BD9000FFF7DDFF08B010BD70B50E46FFF7DBFE04
:10BDA000044628B93046D6F7B5FC6FF07F0070BD69
:10BDB00000F10C052846314605F0B1FE606A38B145
:10BDC00050F8A84904B1A83C2946FFF70AFE20B95B
:10BDD0000020ECE71C466FF00100002CF8D0D4F8EE
:10BDE000A83023B90230F5D020461C46ECE7A83B2A
:10BDF000F8E738B505460C46F8F7FCFF2846FFF78C
:10BE0000AAFE20B9F9F70AF86FF07F0038BD0023C9
:10BE1000236083683BB9C0E90144FFF7B3FDF8F73D
:10BE2000FDFF0020F2E71C608460F6E710B50C46C9
:10BE3000FFF791FE98B1436A4BB153F84C2C9169CE
:10BE4000A142A3F1A80309D0D3F8A830F4E74068D1
:10BE500028B18369A34202D00068F9E7104610BDFB
:10BE60000120704708B5FFF776FE98B1436A8BB1A1
:10BE7000BFF35B8FA83B03F1580252E8000F20F09C
:10BE8000080042E800010029F7D1BFF35B8FD3F827
:10BE9000A830ECE708BD08B50421FFF714FA30B16B
:10BEA000BFF35B8F406DBFF35B8FC0F3C00008BD75
:10BEB00010600020704710B5029CA36833B1B1F543
:10BEC000807F28BF0E21CAB221469847A37DE26831
:10BED000013BDBB2A37522B11BB92046BDE810407F
:10BEE000104710BD106091800020704700207047FF
:10BEF0000B6803608B8883808B7983717047F0B502
:10BF000089B00026BDF838500196174631461522F3
:10BF100002A81C4606F07CF9172D12D82544182DCE
:10BF200012DC2246394601A806F04AF904F1200342
:10BF30006B4401A803F81C6CD7F780FA204609B0BF
:10BF4000F0BD6FF00604F9E76FF00C04F6E708B5F2
:10BF5000072206F0E7FAB0FA80F0400908BD2DE9A3
:10BF6000F04104460F469046461C002516F8013C59
:10BF7000434507D139463046FFF7E9FF10B1601954
:10BF8000BDE8F0810A353C2D06F10A06EED100200D
:10BF9000F6E710B50346BFF35B8F53E8000F40EAA6
:10BFA000010243E80024002CF7D1BFF35B8F10BDE2
:10BFB00010B50346BFF35B8F53E8000F00EA0102A0
:10BFC00043E80024002CF7D1BFF35B8F10BD2DE9AF
:10BFD000F041069D0C4606466FF0040105F118007D
:10BFE000FFF7E6FFF4B13046DBF766FA014648B3E7
:10BFF000836853B11F68002205F11C0C2BB1634507
:10C0000008D12B463046DBF73BF9B4F5807F28BFDB
:10C010000E240FE027B138681A463B460746EDE785
:10C020003846F9E7AB8A2BB92F68234622462946C2
:10C030003046B8476B682BB12A46E1B23046BDE8BE
:10C04000F0411847BDE8F08111F1680F01D0FFF70A
:10C05000BEBF7047BFF35B8F0068BFF35B8F704755
:10C060002DE9F04107460C464D1C01F13D08002624
:10C0700015F8010C2946D9F725FE30B1B5F807307F
:10C080009E4238BF1E46D9F77DFA0A354545EFD1A5
:10C09000A38FB34207D0236CA68723B1314638461D
:10C0A000BDE8F0411847BDE8F08110B502210C3021
:10C0B0001446FDF7B1FC63890380002010BD10B564
:10C0C00004210C301446FDF7A7FC23890380E38983
:10C0D0004380002010BD10B502210C301446FDF73E
:10C0E0009BFC23890380002010BD10B504210C3077
:10C0F0001446FDF791FC2389038063894380002067
:10C1000010BD38B500F10C04042120461546FDF79A
:10C1100083FC2B890380EB8943802B7C33B94FF45C
:10C1200020512046FDF78FFC002038BD42F601016A
:10C13000F7E738B500F10C04042120461546FDF759
:10C140006BFC2B890380EB8943802B7C022B04D072
:10C15000032B09D02B68598801E042F602012046E2
:10C16000FDF771FC002038BD42F60301F7E770B51A
:10C170001446002500F10C066268EBB29A4205F104
:10C18000010501D8002070BDA268304632F81310B6
:10C19000FDF759FCF0E7FFF7EABFF7B5089D064643
:10C1A0002F680C4651B973B9002308932A46E1B2AF
:10C1B0003046BC4603B0BDE8F0406047B1F5807F33
:10C1C00028BF0E24F0E7009313462A46B847089488
:10C1D0002F6823462A462146EAE7F0B587B00D4688
:10C1E0000C9C114606461A465DB983B927680023A0
:10C1F0002246E9B23046BC460C9307B0BDE8F04099
:10C200006047B5F5807F276828BF0E25EFE703A8B4
:10C21000FDF7F1FBBDF81030012B08D80023009387
:10C220002568224619463046A84707B0F0BD0221CE
:10C2300003A8FDF722FC0346BDF8102033F8027B6B
:10C24000974228BF174600972568224600213046AE
:10C25000A847394603A8FDF710FCDBE738B5BDF861
:10C260001040A24215460CD84CB16BB1A21A8A42BA
:10C27000A8BF0A4694B22246591905F0A1FF2046EC
:10C2800038BD6FF00600FBE76FF00D00F8E730B542
:10C2900085B0C96814461D46DBF7F2F800B1008985
:10C2A000ADF80E0002230093BDF820200DF10E031F
:10C2B00029462046FFF7D2FF05B030BD1FB50C461A
:10C2C0001946E3681C781046BDF818203CB11024CC
:10C2D0000133069404B0BDE81040FFF7BFBF5B8890
:10C2E000ADF80E30022300930DF10E03FFF7B6FFF9
:10C2F00004B010BD30B585B01D46002314468DF83E
:10C300000C30DBF79BF810B1037A8DF80C30012369
:10C310000093BDF8202003AB29462046FFF79EFF7F
:10C3200005B030BD2DE9F04114461D46BDF818702A
:10C33000D7F7A8F80646CAF75FFF80B206903346E3
:10C340003A4629462046BDE8F041FFF787BF30B5A1
:10C3500085B014461D46FDF772FF0223ADF80E00AE
:10C360000093BDF820200DF10E0329462046FFF76B
:10C3700075FF05B030BD38B500F10C050621284623
:10C380001446FDF749FB23890380E3894380237C1E
:10C39000002B42F6010308BF4FF42053838021682D
:10C3A0000B781BB1022B06D0002038BD49882846E7
:10C3B000FDF749FBF8E7102201312846FDF732FB73
:10C3C000F2E738B500F10C04042120461546FDF7CC
:10C3D00023FB2B8903806B894380E9680B782BB999
:10C3E00049882046FDF72FFB002038BD102201317F
:10C3F0002046FDF717FBF7E710B5DAF79DFF044677
:10C4000040B1014611F8010BD6F7E0FB0023236091
:10C410006360A360002010BD70B500F17006054692
:10C420003146007AFDF70EFF04463146287A1CB1EA
:10C43000BDE87040FFF7E0BFDAF77EFF10B104609F
:10C440004460846070BD022A10B508D1002300F159
:10C4500070011A46007ADBF78DF8022010BDFFF755
:10C46000DBFFFAE72DE9F04706460D464FF4702052
:10C4700000219DF820A0DDF8249090461F46DAF7B1
:10C48000A5FD044688B1456080F811A0C0F814905D
:10C49000C760C0F818804A4651463046FFF770FB27
:10C4A000054638B92046DAF7B9FD6FF00B05284686
:10C4B000BDE8F087002211460123DAF7C3FEA5602C
:10C4C000284642464946B847054618B12046DAF79D
:10C4D000A5FDECE721463046FFF78BFC054600281A
:10C4E000E5D0F3E7F0B507683D7889B00646144615
:10C4F0002DBB7B88B3F5245F04D01AD8A3F5205355
:10C50000032B1CD8ADF80A1002220DF10A012046B7
:10C5100004F01CFC48B97B88ADF80A3002220DF10A
:10C520000A01204604F012FC68B16FF01502A26502
:10C5300006E003F55643FF339BB2042B12D90125C5
:10C54000284609B0F0BD009003AA7768132331464E
:10C55000B847021EEBDB03A9204604F0F7FB0028D6
:10C56000EDD0E2E7ADF80A1002220DF10A012046F3
:10C5700004F0ECFB0028D8D17B88ADF80A30022209
:10C580000DF10A01E8E738B500F10C050221284653
:10C590001446FDF741FA63890380A18A2846FDF716
:10C5A00052FA042104F11800FFF7F3FC002038BD13
:10C5B00008B50C3029B10121FFF7EBFCC04308405E
:10C5C00008BD6FF00101FFF7F3FC00F00100F7E791
:10C5D00010B50446FFF7ECFF38B121460122BDE853
:10C5E000104011F8010BDAF789BF10BD2DE9F041B9
:10C5F0001F46BDF81830012B064690462DD83B4407
:10C60000012B3D462CDCDAF719FF044618B9DAF79E
:10C6100015FF044638B397B1217A98F8002000231B
:10C6200021FA03F0C70703D522FA03F0C0071DD58E
:10C630000133032BF4D102F007021143217206F1FA
:10C640007001601CFFF754FC337A237001212046EF
:10C65000FFF7BEFF2846BDE8F0816FF00605F9E759
:10C660006FF00C05F6E76FF01005F3E76FF01205B9
:10C67000F0E770B504461546FFF7F2FB48B12046D7
:10C68000DAF7DCFE28B1037ADB0702D50121FFF7D8
:10C690009FFF85B9207A04F17001DAF74DFE02465A
:10C6A00048B101468560BDE8704011F8010B0423D4
:10C6B0000832D6F77DBA70BD2DE9FF41884616468F
:10C6C0001F46044628B96FF01505284604B0BDE89A
:10C6D000F08102A9FDF76CFA05460028F3D101A903
:10C6E0002046FCF7C3FF0198D0B902A90020DAF771
:10C6F000EBFD044648B9DAF7A1FE044678B30023FF
:10C7000000F8013B02A9FFF7F3FBB8F1000F22D0BC
:10C71000022269463846B047002808DA0546D4E7C1
:10C720000A222946F9F7ACF80028DED0CBE79DF8BD
:10C7300000302372022804D000212046FFF748FF72
:10C74000C3E79DF801100129F6D801F00101204648
:10C75000FFF72EFFB9E72046DAF7E8FFB5E76FF0FD
:10C760000B05B2E737B504460D46DAF7ADFD0246D4
:10C7700088B1037A8DF804300C30FFF76BFC00F0C1
:10C7800001008DF80500022301AA29462046D6F7AC
:10C7900025FA03B030BD0346F7E738B5BDF81010F1
:10C7A000BDF81840059DA14210461A460CD84CB160
:10C7B0006DB1631A9A42A8BF1A4694B22246294420
:10C7C00005F0FEFC204638BD6FF00600FBE76FF079
:10C7D0000D00F8E713B5044610B9002002B010BDF3
:10C7E00000238DF80430006842F6030301A9ADF878
:10C7F0000630FDF705FA0028EFD1E3689888002895
:10C80000ECD12046DBF73AF9013080B2E6E770B5AB
:10C81000CC6888B008461E46A3798DF80C301546C2
:10C82000FFF7D8FFADF80D00246823786BB9638853
:10C83000ADF80F3005230093BDF8302003AB31462F
:10C840002846FFF70BFD08B070BD631C0DF10F0209
:10C85000113453F8041B42F8041BA342F9D11323EB
:10C86000E9E71FB5CDE90123002300931A46DBF762
:10C8700035F905B05DF804FBDBF71EBA2DE9F04190
:10C88000CE68BDF81870304614461D46CAF7B4FC91
:10C8900080B2069033463A4629462046BDE8F0412C
:10C8A000FFF7DCBC1FB50C461946E36810461A7842
:10C8B0008DF8082093F901208DF809205A88ADF8E9
:10C8C0000A201A79DB88ADF80D3007238DF80C208B
:10C8D0000093BDF8182002ABFFF7C0FC04B010BDF8
:10C8E00038B54C8AD3070546C4F30E0404D514F0BA
:10C8F000950F2AD04B6843B3900704D514F4957F65
:10C9000025D08B681BB3144014F4DE7F0DD0EB7A76
:10C910002BB92846FEF7EDF9D8B9052038BD14F03B
:10C92000300F04D114F4C07F07D10020F6E7284669
:10C93000FEF7D1FA0228F5D8EFE7D5F8A030002BA2
:10C94000EBD05B7BDB06E8D5EFE70220E6E70320D0
:10C95000E4E70F20E2E72DE9F041437B072B86B0A7
:10C9600005460C46174640F0848000238DF81430AD
:10C97000206842F6030305A9ADF81630FDF740F92B
:10C9800090B96668002E74D00090012304AA214655
:10C99000B04701286DD19DF8103013F0300F68D0EA
:10C9A0002046DBF71FFA0446002320688DF8143078
:10C9B00005A942F60213ADF81630FDF721F918B1BA
:10C9C0002046DBF70FFA0446002642F602182068DC
:10C9D0008DF8086002A9ADF80A80FDF711F9F0B9E9
:10C9E000002320688DF8143005A942F60213ADF833
:10C9F0001630FDF705F900283BD16668002E38D0C7
:10CA00000090022305AA21462846B047022830D1CB
:10CA1000BDF814301F4214BF012000202AE0206816
:10CA20008DF80C6042F6030303A9ADF80E30FDF754
:10CA3000E7F80028D4D020688DF810604FF4205318
:10CA400004A9ADF81230FDF7DBF80028C8D0206843
:10CA50008DF8146042F6010305A9ADF81630FDF714
:10CA6000CFF80028BCD02046DBF7BCF904460028EC
:10CA7000ADD1002006B0BDE8F081F8B514460F46F0
:10CA8000942261680646FFF72BFF20BB61680122F4
:10CA90003046FFF760FF08B3A2891B2102323046FF
:10CAA000FFF76EF80546E0B1A1890C300231FCF7C2
:10CAB000B3FF20F8027BA289A16805F081FBD4E9CD
:10CAC000041228460123DAF7BDFB29463046BDE8AB
:10CAD000F840FFF761B94FF0FF30F8BD6FF0150077
:10CAE000FBE76FF00B00F8E770B50B460546144600
:10CAF00029B921462846DBF707FC28B970BD4FF657
:10CB0000FF72914207D121816368224628460021A5
:10CB1000BDE870401847E28901339BB29A422381F5
:10CB2000E7D2F1E72DE9F04F89B00646129F14468F
:10CB300011B913F0030807D07B683A46002130464C
:10CB400009B0BDE8F04F1847C3F3870302EB830534
:10CB5000C14642F6010AAC4207D13A464146304648
:10CB600009B0BDE8F04FFFF7BFBF3A7C6388ADF86E
:10CB70000830002A14BF52464FF42052ADF802206C
:10CB8000102200210DEB02001FFA83F83B68B4F875
:10CB900000B001938DF8009005F03AFB01AB0693CD
:10CBA000CDF80CD07B68ADF81CB03A4603A93046EE
:10CBB000984704340028CED109B0BDE8F08F2DE9A4
:10CBC000F0478EB00746169D164631B16B682A466F
:10CBD00000210EB0BDE8F0471847ABB11278062A25
:10CBE00002D0142A10D10221013B4FF000088DF829
:10CBF00010109CB206F10109C2463378A3420BD94A
:10CC000014B9B8F1000F52D16B682A46002138469A
:10CC100098470EB0BDE8F0871422002109A805F05E
:10CC2000F7FAB9F8002093B2002BEDD0B9F8021052
:10CC30001FFA81F8B8F1000FE6D04345E4D89DF81B
:10CC4000103013B3022B25D02B7CADF80C10002B29
:10CC500042F6010308BF4FF42053ADF8063004AB91
:10CC6000029301AB099302ABADF834200C938DF81D
:10CC700004A06B682A4609A9384698470028C8D0FE
:10CC80003378E41AA4B29944B7E7B9F80430ADF8A0
:10CC90001230D9E709F104030DF1110009F1140C68
:10CCA00053F804EB40F804EB6345F9D1CCE72A468E
:10CCB000414638460EB0BDE8F047FFF715BFF0B566
:10CCC0008FB0102B149C054606D0636822460021C5
:10CCD0000FB0BDE8F04018476389ADF80C30A38968
:10CCE000ADF80E3004A8022326898DF8103002908A
:10CCF0000DF1110302F1100152F8047B43F8047B9B
:10CD00008A42F9D12168C1B9002142F602031022FA
:10CD10000AA88DF80410ADF8063005F079FA01ABD9
:10CD2000099302AB0C93ADF834606368224609A9FD
:10CD30002846984728B90FB0F0BDFCF761FF0028DE
:10CD4000E2D0218922462846FFF7CEFEF3E72DE9FF
:10CD5000F04F8FB00746189D002940F09E80002BB1
:10CD600000F09B80107801281DD0022840F09580AB
:10CD70004FF01209013B9BB299458DF8100000F26B
:10CD80008C80B3FBF9FB4FF00008541CCDF80080F9
:10CD9000C24604AEBBF1000F09D100992A463846BD
:10CDA000FFF7A2FE76E008464FF00409E2E7238889
:10CDB0000193BDF804300093B8F1000F53D19DF8F2
:10CDC0001030002B37D0022B3CD02968002945D1E8
:10CDD0002B7C042B4DD14FF4205302A930468DF803
:10CDE00008A0ADF80A30FCF70BFF00283BD042F654
:10CDF000010303A930468DF80CA0ADF80E30FCF706
:10CE0000FFFE80B342F6020309A930468DF824A044
:10CE1000ADF82630FCF7F4FE28B342F6030309A967
:10CE200030468DF824A0ADF82630FCF7E9FE00BBB3
:10CE30004FF0010819E0A378E27843EA0223ADF845
:10CE40001230C2E7A31C0DF1110204F1120153F8D4
:10CE5000040B42F8040B8B42F9D1B6E73046FCF7DD
:10CE6000CFFE0028B4D04FF000080BF1FF3B4C443C
:10CE700090E7102200210AA805F0CAF9BDF8043095
:10CE8000ADF8343009966B682A4609A938469847A8
:10CE90000028EAD10FB0BDE8F08F6B682A46002168
:10CEA00038469847F6E72DE9F74F0C9C80469146A7
:10CEB0001D460E4641B96BB9256800230C932246E6
:10CEC000F1B24046AC4626E0B1F5807F256828BF28
:10CED0000E26F2E76368002B4CD1013D2789B4F898
:10CEE0000AA0ADB2561C3DB331888AB2002A5CD08C
:10CEF00099F80030D4F800B0AB428CBFAB1E023BB7
:10CF000097429BB201D8924509D200230C93224646
:10CF10000E214046DC4603B0BDE8F04F604721815A
:10CF2000224600930021B31C4046D84700283CD03D
:10CF300099F80030AB420BD921464046DBF776FC2E
:10CF4000002832DA00230C93256822460E21B8E728
:10CF5000238962899A4205D100230C9325682246D1
:10CF60001946AEE70133238199F80030ED1AADB2CE
:10CF70001E44B8E70095134627682246B847A0B17B
:10CF8000238A013B9D4203DA0C9625683346E6E787
:10CF900063891D44658121464046DBF747FC002834
:10CFA00003DA0C9625683346CFE703B0BDE8F08F6F
:10CFB0002DE9FF479046427B072A1E46DDE90D9A80
:10CFC0009DF8303005460F4635D1C27A12BB0BB3FF
:10CFD00006F10E02D221FEF7D3FD0446A8B10221CC
:10CFE0000C30FCF719FD0022078000230027CDE953
:10CFF0000023CDE90277424631462046D5F7A6FB0D
:10D0000086420BD02046D5F785FB6FF00B0004B0AD
:10D01000BDE8F087B21C52212846DCE7494620468D
:10D020003B465246DAF70EF92146284604B0BDE8E1
:10D03000F047FEF7B1BE6FF07F00E8E7F8B50546B0
:10D04000546910460E4651B9182205F0E1F82768D8
:10D050003346324621462846B8470020F8BD137CA7
:10D06000042B12D10021182205F0D2F8338A6381F3
:10D0700021462846DBF720FC0028EED00023266856
:10D080001A4621462846B047E7E70120E6E773B590
:10D0900004460D46F7F7AEFE29462046FEF7C6FECB
:10D0A000014620B902B0BDE87040F7F7B7BE466848
:10D0B0002046DAF79BF8F7F7B1FE2EB10023009572
:10D0C0001A460E212046B04702B070BD2DE9F84344
:10D0D0008C680646904699461CB3256805B11C3DF0
:10D0E00034F8143C434519D11C3C07E02C46ED694B
:10D0F0002389C5B14345A5F11C05F7D1727AA37DFB
:10D100009A420BD32768BDF820304A462146304664
:10D11000B84718B921463046DBF752FC2C46002DA3
:10D12000E5D1BDE8F8834345E8D0FAE7F7B50D4609
:10D13000044616461F46DAF7BFF9014628B10097A4
:10D1400033462A462046FFF7C1FF03B0F0BDF0B5D5
:10D1500087B005460E461746DAF7AEF9044640B1E9
:10D160003A46314603A8FCF746FCBDF81030042BC4
:10D1700001D807B0F0BD042103A8FCF77EFCBDF880
:10D18000101046880288B142F3D3031D2146284679
:10D190000096FFF79BFF314603A8FCF76EFCE4E71F
:10D1A0002DE9F04105468846DAF748F90446E0B132
:10D1B000037ADB0719D500F10C073846FEF74AFF62
:10D1C00010F0010611D1B8F1000F0FD06FF002017D
:10D1D0003846FEF7EDFE10F0020F284609D0FEF7A4
:10D1E00041FE01212046FFF7F3F901263046BDE854
:10D1F000F081FEF735FE0028F8D02846FEF74BFEFA
:10D200000028F3D06FF002013846FEF7D1FE284621
:10D21000E5E7F8B506460F46DAF772F839460446F0
:10D220003046FDF70FF868B364B304F108056FF0FA
:10D2300001012846FEF7BCFEC20703D53946304639
:10D24000DBF7B8FC6FF002012846FEF7B1FE83075A
:10D2500003D539463046FFF785FA2846FEF7FAFE31
:10D2600080B9234603F8010BC4F80100C3F803009A
:10D27000BFF35B8F55E8003F45E80002002AF9D173
:10D28000BFF35B8FF8BD38B5A0F18F05441C15F8CE
:10D29000010C29460C35FFF7BCFFA542F7D138BD7C
:10D2A00038B5044659B100F170052946007ADBF71C
:10D2B00081FC207A2946BDE83840FFF753BA38BDD3
:10D2C00007207047C27A837CD0F8EC00C07802F067
:10D2D000010203F0010340B912B101334B707047F2
:10D2E000002B0CBF03230023F8E722B9002B0CBF4F
:10D2F00003230123F2E75B00F0E708B50621FDF701
:10D30000E2FF00B1EC3808BDBFF35B8F0068BFF3EC
:10D310005B8F084100F00100704738B50F210446CB
:10D320000430FFF7F1FF08B1002038BDD4F8A03079
:10D3300083B904F17005217A2A462020DCF7BEFE6D
:10D34000C4F8A00030B9217A2A460420DCF7B6FEE2
:10D35000C4F8A000D4F8A030002BE5D0DA8912F090
:10D36000240FE1D0A17A02290CD9587BC007DBD564
:10D37000032907D09206D7D5187BA0F11003584295
:10D380005841D2E70120D0E710B50346D9B1C8898A
:10D3900010F0240F17D01A7D5C7B097BA24228BFB6
:10D3A0002246914201D9002010BD820604D4187A89
:10D3B000003818BF0120F7E70521181DFFF7A4FF6B
:10D3C0000028F4D1EFE70120EEE708B5D0F8EC2013
:10D3D000927A032A034615D004D8013A012A14D9B7
:10D3E00008200EE0042AFBD1027D417B8A4228BF3F
:10D3F0000A46102A0BD105210430FFF785FF08B932
:10D40000032008BD1B7A002BFAD00020F9E7062084
:10D41000F7E701238B40DB43BFF35B8F50E8002F1E
:10D420001A4040E800210029F8D1BFF35B8F704714
:10D4300007207047002370B51A460446EC300D46AD
:10D44000FDF785FE20B12846BDE87040D5F762B9EA
:10D4500004F5A0704FF47022BDE870400023F7F788
:10D4600097BA01238B40BFF35B8F50E8002F1A431C
:10D4700040E800210029F8D1BFF35B8F704708B561
:10D480000E21FFF7EEFF002008BD10B5072104466E
:10D490000430FFF7E6FF0820DBF7E6FC20B9204662
:10D4A000BDE81040DBF7EABD002010BD38B50546E9
:10D4B0000B4604300D21FFF727FFA0B1DC68D5F83B
:10D4C000EC300220197A03F1700200F019FD80B1EE
:10D4D000224600F12A0304F1100152F8040B43F82C
:10D4E000040B8A42F9D128460921FFF7BAFF002030
:10D4F00038BD0820FCE770B5051D0E4628460421FE
:10D50000FFF702FF68B10022002100230846D8F788
:10D51000B1FE044640B904212846FFF7A2FF204689
:10D5200070BD4FF47022EFE701210C30FCF774FA64
:10D530000670F4E738B504210446FFF7DCFF054622
:10D5400098B110210C30FCF767FA04F1270304F1BD
:10D55000370253F8041B40F8041B9342F9D12046CC
:10D560002946FFF767FF002038BD0820FCE770B5AB
:10D570000C460D210646FFF7BEFF054690B110216F
:10D580000C30FCF749FA214604F1100351F8042B42
:10D5900040F8042B9942F9D130462946FFF74AFF5B
:10D5A000002070BD0820FCE72DE9F04104468CB056
:10D5B0001022002108A804F02BFE237A052B1ED888
:10D5C000DFE803F0060303061D21D4F8D8300893E2
:10D5D000D4F8EC3004F1470204F1C706CDE901624A
:10D5E00004F1270703F17E0204F137080092773334
:10D5F0004246394604F19700DCF7F8FD98B108205F
:10D600000CB0BDE8F081D4F8E430002BE0D008ADD8
:10D6100003F11006186859682A4603C20833B3425A
:10D620001546F7D1D4E7D4F8EC3003F17E02773316
:10D6300004AD019304F10A0302920093039508AB31
:10D6400042463946304600F012FD0028D7D10D2160
:10D650002046FFF706FF2946FFF789FFD0E72DE9AF
:10D66000F043044691B0102200210CA804F0D0FD34
:10D67000237A052B1ED8DFE803F0060303061D22DC
:10D68000D4F8D8300C93D4F8EC3004F1470204F10C
:10D69000C705CDE9015204F1370603F17E0204F11A
:10D6A0002707009277333A46314604F19700DCF7BA
:10D6B0009DFDA0B10825284611B0BDE8F083D4F83F
:10D6C000E430002BDFD00CAD03F110061868596868
:10D6D0002A4603C20833B3421546F7D1D3E7D4F83C
:10D6E000EC3003F177027E330DF12008019304F151
:10D6F000110302920093CDF80C800CAB32463946F0
:10D70000284600F0B4FC0028D4D1237A052B0FD191
:10D71000D4F8E010A9B30B460DF1300C01F1100E56
:10D7200018685968624603C2083373459446F7D1B6
:10D73000D4F8EC3003F17E0277330DF11009019338
:10D7400004F10A0302920093CDF80C900CAB3A4618
:10D750003146284600F08BFC0028ABD11022494608
:10D7600004F1B70004F0DEFE80B941462046FFF721
:10D77000FEFE054600289ED10121201DFFF771FE07
:10D7800099E710220CA804F043FDD1E70B2592E79E
:10D790002DE9F041D0F8EC70CE68FD7890B00446E9
:10D7A000002D5CD1102229460CA804F031FD237A0B
:10D7B000052B1DD8DFE803F0060303061C21D4F86F
:10D7C000D8300C9307F177030DF1200802937E37D0
:10D7D00004F111030093CDF80C8001970CAB04F118
:10D7E000270204F1370104F1C70000F040FCA8B1A2
:10D7F0000825284610B0BDE8F081D4F8E030002BB1
:10D80000E0D00DF1300C03F1100E18685968624633
:10D8100003C2083373459446F7D1D3E7102231464B
:10D82000404604F07FFEC0B9227D637B9A4294BFDC
:10D8300000920093CDE90600ADF8140004F147030F
:10D84000D4F8EC0005AA06A9FDF76AFA0028CFDB98
:10D850000121201DFFF705FECBE70B25C9E7012DB0
:10D8600018D1051D10212846FFF7D3FD314604F1DC
:10D87000B70306F1100251F8040B43F8040B914270
:10D88000F9D107212846FFF73FFD28B10921284695
:10D89000FFF7E7FD0025ACE70A212846FFF734FD36
:10D8A0000028F3D1204610B0BDE8F041FFF7D7BE05
:10D8B00070B5061DCD6804460B213046FFF7A9FD63
:10D8C0002B4604F1170205F1100153F8040B42F83E
:10D8D000040B8B42F9D1D4F8EC30DB783BB920460D
:10D8E0000421FFF7BEFDBDE87040FFF723BE237A99
:10D8F000012B09D0022B13D120460421FFF7B1FDE3
:10D90000BDE87040DBF716BC0A213046FFF7FCFC8F
:10D910000028F1D030460021FFF7A3FD002070BDA4
:10D920000820FCE70720704730B5012303FA01F116
:10D93000CA43BFF35B8F50E8003F03EA020440E8AC
:10D940000045002DF7D1BFF35B8F194214BF0120B2
:10D95000002030BD70B500F1700604460D46072268
:10D960000968304604F0DEFD40B96B681A6822672A
:10D970009A88A4F874209B7984F8763070BD70B5CD
:10D98000031D04460025D0F8EC60BFF35B8F53E81D
:10D99000002F43E800510029F9D1BFF35B8F04F554
:10D9A000A07004F0C2F92572BFF35B8F54E8003F0A
:10D9B00044E80052002AF9D1BFF35B8FF3782BB90A
:10D9C0000B212046BDE87040FFF74BBD0121F8E771
:10D9D0002DE9F84FDDF82C80BDF8289004469246DA
:10D9E0001F46FFF78AFC054600285AD0061DB9F1EC
:10D9F000000F27D15AEA070324D103213046FFF74D
:10DA000083FCD0B301213046FFF77EFCA8B32C7D08
:10DA10006B7B9C4228BF1C46224605F147014046CD
:10DA200004F0CEFB0F2C06D8C4F11002002108EB45
:10DA3000040004F0EDFB30460121FFF712FD012048
:10DA4000BDE8F88FD4F8A030F3B904F1700B217A57
:10DA50005A462020DCF732FBC4F8A00030B9217A06
:10DA60005A460120DCF72AFBC4F8A000B9F1000FE8
:10DA70000AD15AEA070704D006E0D4F8A030002BF8
:10DA8000E3D0D4F8A01071B90F213046FFF73CFC69
:10DA900020B1022206212046D8F7ACF82846FFF72D
:10DAA0006EFF0020CCE7CB899B06EDD50C7B1A31AD
:10DAB0002246B4E76FF0850070472DE9F341C67840
:10DAC00004463EB1012E3ED06FF01504204602B050
:10DAD000BDE8F081FFF711FC054610B96FF07F0437
:10DAE000F4E7061D03213046FFF70EFC10B16FF07E
:10DAF0000F04EBE701213046FFF706FC0028F6D1C2
:10DB00002046FFF70AFC28B9204602B0BDE8F041E4
:10DB1000DBF790BDD4F8A0100B7B009301F1180245
:10DB200001F11A0320461031FDF7FAF804460028E7
:10DB3000CCD10B212846FFF794FC01213046FFF79A
:10DB400090FC0024C2E7FFF7D8FB05460028C5D0AB
:10DB5000071D04213846FFF7D7FB002851D10321C8
:10DB60003846FFF7D1FB0028C1D131463846FFF7D0
:10DB7000CBFB0028BBD12846DBF7F0F968B1D4F81D
:10DB8000A03083B9207A04F17001DCF715FAC4F8EB
:10DB9000A00040B96FF00B0498E72046FFF7BDFBEB
:10DBA0000028ECD190E72846DBF77EFA044610B156
:10DBB0006FF068048AE70B212846FFF79CFC0646B5
:10DBC0000028F5D001210C30FBF726FF0921804603
:10DBD0002846DBF7FBFC234688F800002246314646
:10DBE00005F1EC00FDF7B3FA044618B13046D4F75E
:10DBF00091FD6BE70F213846FFF733FC01212846E2
:10DC00009DE76FF0040461E7F8B5031D06460F4673
:10DC100018460221FFF778FB044620B1B6F8E84029
:10DC2000B4FA84F4640903211846FFF76DFB58B178
:10DC300039463046DBF78EFF052194B1D6F8EC006B
:10DC4000FDF728F80020F8BD01211846FFF75CFB1E
:10DC50000028EDD10F211846FFF756FB0028E7D129
:10DC6000EAE73046FFF747FC054688B101210C3052
:10DC7000FBF7D2FE234607702246294606F1EC0048
:10DC8000FDF765FA0028DDD02846D4F743FDD9E733
:10DC90006FF06800D7E770B505460820DBF7E4F8B9
:10DCA0000446E8B1061D08213046FFF7B2FB002DFF
:10DCB0003DD00721FFF7ADFB284604F1970305F19E
:10DCC000200250F8041B43F8041B9042F9D10A21AA
:10DCD0003046FFF719FB68B109213046FFF7C1FB59
:10DCE0000720DBF7C1F8044618B1DBF7C7F9014696
:10DCF000B0B970BD10213046FFF706FB092100289E
:10DD0000EBD13046FFF700FB0028E9D0D4F8EC3027
:10DD1000DB78204643B9FFF747FC01460028DFD0F7
:10DD20002046FFF771FFDBE7FFF799FCF5E70B21D2
:10DD3000F6E72DE9F0410E460446D0F8EC80DBF71B
:10DD4000A7F8F768261D05460A213046FFF7ECFDC7
:10DD500038B16DB920463978DBF7FCFE0020BDE80C
:10DD6000F0810B213046FFF7DFFD0028F1D1F1E70C
:10DD70006B69002BEED040469847EBE770B5044640
:10DD8000A0F1EC0650F8543BE83CD3F8A05003F067
:10DD9000CCFF03212046FFF7B7FAA0B10821304697
:10DDA000DBF7D8FE3DB1EB8913B16B7B9B0702D546
:10DDB000284600F0B9F830464FF4BC72BDE8704018
:10DDC000002104F025BA01212046FFF79DFA002822
:10DDD000E4D10F212046FFF797FA0028DED1E1E7D2
:10DDE00010B508210446A0F5A070DBF7B3FEA4F53A
:10DDF0009E700421BDE81040FFF733BB70B50446A8
:10DE0000FFF77BFA0546002863D0061D0321304644
:10DE1000FFF77AFA00285CD0D4F8A00008B100F02F
:10DE200083F8207A04F17001DCF7C6F8C4F8A0008A
:10DE300028B928460821BDE87040FFF7E5BE0E214D
:10DE40003046FFF761FA28B1D4F8A020537B43F0A5
:10DE5000020353732A7AD4F8A010032A4B7B39D8D3
:10DE6000002A3ED0D4F8A020537B43F00103537323
:10DE70002B7D697BD4F8A0208B4228BF0B461373FF
:10DE800005213046FFF740FAD4F8A0305A7B88B31A
:10DE900042F010025A730D213046FFF735FAC0B137
:10DEA000D4F8A000202100F03BF8D4F8A03005F110
:10DEB00047021A33573552F8041B43F8041BAA4291
:10DEC000F9D1D4F8A020002313615361D4F8A02025
:10DED000138370BD053A012A03D843F020034B7326
:10DEE000C0E723F020034B73D4F8A020537B23F02A
:10DEF0000103BCE722F010025A73EAE7D5F75CBFD2
:10DF000070B504460D461646DCF7D8F838B93146E8
:10DF10002846DCF751F810B1C3891C43C48170BD99
:10DF2000C3891943C181704710B5037A5B07044662
:10DF300001D5D5F7E9FF214611F8010BD4F7ECFE26
:10DF400020464022BDE81040002104F061B970B5C0
:10DF5000064690B01446184616B3342203A9A047CB
:10DF6000051E1DDB01A93046FBF722FE0446B8B9A9
:10DF700069463046FBF77AFB009858B99DB101A974
:10DF80000020DCF719F8034648B3342D18D0FFF70A
:10DF9000CBFF05E00A222146F7F772FC0028EDD0FE
:10DFA0006FF0150409E001AA29463F20DCF786F846
:10DFB00018B14022294604F02BF9204610B070BD5C
:10DFC00003AA0C330FAE154603CDB5421860596055
:10DFD0002A4603F10803F6D128681860EDE76FF0D0
:10DFE0000B04EAE701460246342311F8010B0C3218
:10DFF000D4F784BE531E1944024411F8013900F8C5
:10E00000013B9042F9D1704710B5431E00F1100258
:10E01000073013F8011F12F8014D1C708342117074
:10E02000F7D110BDF0B597B014460E462022014638
:10E0300005A81D461C9FFFF7DDFF202231460DA8D5
:10E04000FFF7D8FF2146102201A88DF85450FFF7A2
:10E05000D1FF3B46412205A901A8DCF75DF9044642
:10E0600010B93846FFF7D0FF204617B0F0BD2DE9B4
:10E07000F04397B00446164605A810221D46DDE978
:10E080001F98219FFFF7B6FF1022314609A8FFF71E
:10E09000B1FF102229460DA8FFF7ACFF1E990322FD
:10E0A00011A8FFF7A7FF4946D9F8010011F8013B75
:10E0B0008DF8473012908B88ADF84C30062212A8AC
:10E0C000FFF798FF4146062211F8013B8DF84E30CC
:10E0D000D8F80130CDF84F300DF14F008B88ADF8F6
:10E0E0005330FFF787FF2146102201A8FFF782FF78
:10E0F0003B46412205A901A8DCF70EF9044610B9F8
:10E100003846FFF781FF204617B0BDE8F0832DE9C0
:10E11000F04106460D4617461C46ABB1D0F80880C4
:10E12000D8F800309847002D11DB84420FD8031B2C
:10E13000AB420CD3D8F808E023463A46294630468D
:10E14000F446BDE8F04160471846BDE8F0816FF045
:10E150001500FAE74368D3E90203C01A70472DE9B6
:10E16000F0410C4646680546006990461F46EDF7AB
:10E17000CFF8002C15DBD6E90231E2195B1A9A427E
:10E180000FD8D6E90003E118737C19443B46424698
:10E19000FFF7BDFF04462869EDF7C8F82046BDE843
:10E1A000F0816FF01504F6E72DE9F8430D1ED0F865
:10E1B0000490064690461C462DDBEA18D9E9023148
:10E1C0005B1A9A4227D80069EDF7A2F8D9E90072E4
:10E1D00099F81130B4B1D7F8089015441D44384669
:10E1E000D9F800309847002D12DB844210D8031B69
:10E1F0009D420DD82346D9F8049042462946384618
:10E20000C84704463069EDF791F82046BDE8F88329
:10E210006FF01504F6E76FF01504F6E738B54568BA
:10E2200004460069EDF774F82B8A2069002B0CBFB7
:10E230006FF085050125EDF779F8284638BD38B52A
:10E2400044680569206803F090FA78B12068836813
:10E250001B689847002808DBD4E901321344834245
:10E2600007D8281D03F08BFB002038BD6FF012008B
:10E27000FBE76FF01500F8E7F0B50569476885B072
:10E28000102200210646684603F0C2FF00242846FB
:10E29000EDF73EF82C702546BB68A34205D83069DF
:10E2A000EDF744F8284605B0F0BDD7E90001214458
:10E2B0001B1B102B28BF10236A46FFF728FF051EE3
:10E2C000EDDBBB681B1B102B94BFE4181034E3E795
:10E2D00010B50369C0E905330023C360837F04469A
:10E2E00013B1407AEEF786FB01232377002363778F
:10E2F000E377A37710BDF5F79BBFF6F711B8037866
:10E30000027903F00F011AB959B14FF0FF3070478D
:10E310000829FAD8012A04D183F0080040F3C0008C
:10E32000704743F3C000704738B50446EDF718F85E
:10E33000054660B1037A6BB120460024EEF7DEFBA0
:10E340002846AC77FFF7C4FF2C72204638BD6FF02B
:10E350001500FBE76FF07700F8E770B504460E464E
:10E360001546EDF7DDFC30B906B925B12046BDE80C
:10E370007040EDF71DBD70BD08B5EDF7FFFE00283C
:10E380000CBF6FF00A00002008BDC343C3F3C013E5
:10E3900000F00F0000EB0310704708B5EDF78AFDA1
:10E3A000818208BD08B5EDF785FDEFF311832022CA
:10E3B00082F31288BFF36F8F02690A60027B2AB969
:10E3C000807D83F31188BFF36F8F08BD0420F8E7C9
:10E3D00010B403460838BFF35B8F50E8002F511C80
:10E3E00040E80014002CF8D1BFF35B8F1AB95DF838
:10E3F000044BEEF71FBC6FF00F025DF8044B9A66FA
:10E4000070470369C9B20C2201FB0233186C00F09B
:10E410000700704770B5C9B20369EFF31185202476
:10E4200084F31288BFF36F8F0C2606FB0134246C33
:10E4300014F0C00408D0A24206D085F31188BFF3BF
:10E440006F8F4FF0FF3070BD06FB013301221A645D
:10E4500085F31188BFF36F8F436803EBC1035B68DB
:10E4600098470020EFE78022FFF7D4BFF8B5069F5A
:10E470000469C9B2EFF31186202585F31288BFF332
:10E480006F8F0C2505FB0144256C05F0070CBCF1D2
:10E49000010F0CD1276486F31188BFF36F8FC4E995
:10E4A0000E23436853F8313098470020F8BD05F03B
:10E4B000C005AF4286F31188BFF36F8F0CBF6FF0BA
:10E4C00077004FF0FF30F1E713B580240094FFF799
:10E4D000CDFF02B010BD10B40069CBB21C2403FB09
:10E4E000040000215DF8044B10470020F1F7D8BE6E
:10E4F000002001F0D5BD1046F5F794BF002070470D
:10E5000008461146D5F764B92DE9F3411C469046FB
:10E51000002382682360A36053690D4601AA6946FF
:10E520009847019B5A1E019223B96FF0150002B063
:10E53000BDE8F0810098A26847682168676085B9E6
:10E54000A8EB02030668B34228BF33461A4403FB14
:10E5500007112160A26002689A4206D80830009034
:10E56000DFE76B1AB3FBF7F3ECE70020DFE71346B6
:10E570000022FFF7C9BF2DE9F047836886B05B69C9
:10E580008846914601A902AA98470024A24625463A
:10E59000029BAB4202D806B0BDE8F087019F07EBB3
:10E5A000C50700267B6804933A68B2420AEB06036B
:10E5B00002D801359A46EBE703940593494603A830
:10E5C000C0470028E7D0049B01361C44ECE74FF419
:10E5D00000120023C1E900230020704718B901F19F
:10E5E0001800F5F71FBF704737B50D46416811B3E6
:10E5F000D1E90013846804B3D4E90024F4B1EBB189
:10E600009C421ED10133092B1BD800788DF80130B4
:10E6100040F201138DF80000ADF802306846002387
:10E620008DF804308DF80550F2F7E2FD03B0BDE837
:10E630003040EFF739B80B46DCE72246013323447C
:10E64000E1E76FF0150003B030BD1FB5002188422F
:10E650000CBF0623042301A8CDE9011103918DF815
:10E660000430FFF7C1FF002818BF6FF0040005B0A9
:10E670005DF804FB7FB5FF2202288DF803200DF121
:10E6800003020CBF35230523002101920122CDE9AD
:10E69000022103A88DF80C3001AB04910593FFF71C
:10E6A000A3FF0028A8BF9DF8030007B05DF804FB96
:10E6B00013B501AA044600F049FA002805DB019BC6
:10E6C000226819791868EFF7F9FE02B010BD4FF013
:10E6D000FF324FF0FF33F5F7DFBE38B50569BFF302
:10E6E0005B8F044605F1300353E8001F013143E816
:10E6F0000012002AF8D1BFF35B8F2069FFF7E7FF14
:10E7000095F8343023B92046BDE83840FAF759BEB1
:10E7100038BD10B50269BFF35B8F044602F13003C8
:10E7200053E8001F013943E800100028F8D1BFF377
:10E730005B8F92F834302BB909B9F2F719FE2046F5
:10E74000FAF74EFE2069BDE81040F5F76BBE10B534
:10E750000C4601F03BFD0023C4E90003184610BD40
:10E7600038B505460C4601F031FD002D07DBA84207
:10E7700005D9401B84428CBF0020012038BD0020F9
:10E78000FCE770B50D462846194616461C46FFF7AD
:10E79000E7FF38B124B122462946304603F010FD88
:10E7A000002070BD6FF01500FBE743685B68D3F88D
:10E7B00010350B600020704743685B6802EA010077
:10E7C00021EA0201C3F80805C3F80C1500207047C0
:10E7D00043685B680020C3F80815704743685B68AE
:10E7E0000020C3F80C15704743685A68D2F8043506
:10E7F00021EA03000B40C2F80805C2F80C350020DE
:10E80000704710B503695868F8B1884219D19C68FF
:10E8100008685860A14200D19860002008602AB1C1
:10E820005A680A609A68596002B99960002010E03D
:10E83000814206D10868206098688142EDD19C60D1
:10E84000EBE7044600680028F2D1002AE8D16FF017
:10E85000150010BD13B54FF080520829136E526E8B
:10E8600028BF082112BA00921BBA0C460A46694614
:10E87000019303F0A5FC204602B010BD70B50B68F3
:10E880000546006898420C460AD041F8040B066918
:10E8900083685B68984740B9636832685340636037
:10E8A0002B796068D84000F0010070BD70B4034659
:10E8B0000C46DA88006819792243056986682B6856
:10E8C00001248C4012F0010F14BF2343A3432B609B
:10E8D000336870BC184703460A460068197901235B
:10E8E00003FA01F103691B68194218BF82F00102A3
:10E8F00012B18368DB68184783681B69FBE703690B
:10E9000011B1D960002070476FF015007047F8B55D
:10E9100005460E4600240C276B68A34201D8002050
:10E92000F8BD2868314607FB0400FFF7D4FF002834
:10E93000F6D10134F0E72DE9F04F0669446885B05F
:10E9400005464FF000094FF00C0B63684B4537D874
:10E950004FF00009C84623699945C0F093802869A3
:10E96000B8F1000F00F096806B689A69D0E9123117
:10E97000D31841EBE271C0E91231C90341EA5341B6
:10E9800040F2E732DB0300F11004981841F1000176
:10E99000B0F57A7F71F1000377D34FF47A720023D8
:10E9A000C8F7FEFB6FF00102121A4FF0FF3363EB62
:10E9B00001032046F5F7ECFF002005B0BDE8F08F1D
:10E9C00027680BFB097701213846FFF784FF0028F1
:10E9D000F3D1CDE9020004F1080382460193B36844
:10E9E000534508D800213846FFF775FF0028E4D1C9
:10E9F00009F10109A9E7706894F820C0BA68216993
:10EA00000BFB0A008368BCF1000F13D101FB032844
:10EA100002A9FFF733FF0028CFDB306D019BA2690D
:10EA200014BF0121002100EB480002F05DFE0AF155
:10EA3000010AD4E701FB0238EAE7326D0AFB0393CF
:10EA400002EB430B584602F087FE40B1584602F0F5
:10EA50007FFEF7680346524649462846B847B8F154
:10EA6000000F0DD1584602F06BFE00F001080AF1CC
:10EA7000010AD4E904325245DFD809F101096AE7F5
:10EA80000120F2E74FF0000AF3E76FF001024FF0C8
:10EA9000FF338EE74FF09861EFF742FC00288BD1EF
:10EAA00068680121FFF733FF86E750F8100CFFF785
:10EAB00042BF10B54FF4001104460069EFF730FC77
:10EAC000014620B96068BDE81040FFF720BF10BDC7
:10EAD00010B504460069103003F027F92046BDE860
:10EAE0001040FFF7E6BF10B551F8043C1C692068E0
:10EAF000FFF7DFFF03F098FA4FF47A72A0FB0203EE
:10EB000002FB0131C00B40EA4140C90BC4E91201CC
:10EB1000002204F110000023BDE81040F5F738BFD3
:10EB200070B50446066903F07FFA4FF47A75A0FBCE
:10EB3000053205FB0121DB0B43EA4143C90BC6E962
:10EB400012312046BDE87040FFF7F5BE30B543688E
:10EB50001360057A446804EBC504A34202D36FF046
:10EB6000010030BD5C798C4201D00833F0E7002011
:10EB7000F7E74368586870474FF0FF324FF0FF33B4
:10EB8000F5F756BBF5F7CCBB2DE9F041D0F8048082
:10EB9000044600691F460E461546FFF7EDFFD8F8FC
:10EBA00000103A463144284603F00AFB2069FFF77B
:10EBB000E9FF0020BDE8F0812DE9F041D0F80480A4
:10EBC000044600691F460D461646FFF7D5FFD8F8E4
:10EBD00000003A463146284403F0F2FA2069FFF774
:10EBE000D1FF0020BDE8F08138B5456804460069D2
:10EBF000FFF7C2FF6A682868002103F009FB20695B
:10EC0000FFF7C0FF002038BD08B5006902F0B7FE6D
:10EC1000002008BD002201212320D3F7DDB910B563
:10EC20000B6813B91360184605E003685C681CB1F3
:10EC300014600368186810BD083303600B68013B5B
:10EC40000B60EDE713B501AA0446FFF77FFF00282C
:10EC500005DB019B226819791868EFF72FFC02B0D9
:10EC600010BD70B50C460669456839B101290FD150
:10EC70000021286ABDE87040FFF7E4BF96F86D30C8
:10EC800023B12846F2F728FD86F86D400121F0E710
:10EC90006FF0850070BD03460A46006819790123AC
:10ECA00003FA01F103691B68194218BF82F00102DF
:10ECB00012B18368DB68184783681B69FBE710B5EE
:10ECC000036804464BB19A683AB1186902F048FDEE
:10ECD000206800210830FFF7DEFFA36933B96360C5
:10ECE00004F11000BDE81040F5F79CBB10BD10B555
:10ECF000006903688B4206D190F86C4034B9FFF785
:10ED0000DEFF204610BD6FF01500FBE76FF00F002F
:10ED1000F8E72DE9F04144680569206A0021FFF712
:10ED200091FF00281DDB616A481C11D1E3699847F7
:10ED3000AC6801260834D5E9023203EBC203A4F122
:10ED4000080293420FD82846FFF7B9FF002008E0D9
:10ED500004F12800EFF7FAFE10F1130F01D0411D66
:10ED6000E4D1BDE8F08154F8080C02F0FEFC28B3B1
:10ED700054F8080C14F8041C34F8023CD0F810C005
:10ED8000D0F80880DCF80070DA0754BF43F4B01301
:10ED900083F4D01323F4801206FA01FEDB074CBF84
:10EDA0004EEA070727EA0E07CCF80070D8F80030C3
:10EDB0009847002804F10804BDDAD2E76FF012008A
:10EDC000CFE738B503780C4663B98D6E5DB94B6EED
:10EDD0001C696FF07303236404F12800F5F722FB2C
:10EDE00084F86C5038BD8B6D93B19D4210D85B1B7D
:10EDF0008B6543BB4B6C08334B648B6C013B8B6462
:10EE000001F1580204F144004831FFF708FF606542
:10EE1000236E9BB19D4211D85B1B2366CBB9E36C7B
:10EE20000833E364236D013B236504F1600204F1C0
:10EE3000500104F14C00FFF7F2FEE065606EBDE8A2
:10EE40003840EFF787BC4B6D002BE1D02B444B656E
:10EE5000DEE7E36D002BF1D02B44E365EEE7F8B578
:10EE60000C46054601F0AFF9002221460646284629
:10EE7000F1F758FD03212046EFF748FE00F026F990
:10EE800007462B689B5953B100262146284601F0BE
:10EE900098F920460121EFF739FE3046F8BD00F021
:10EEA00015F9C01B0628ECD96FF07306EDE70022B8
:10EEB00001210320D3F790B810B50B6813B9136084
:10EEC000184605E003685C681CB1146003681868A4
:10EED00010BD083303600B68013B0B60EDE713B511
:10EEE00001AA0446FFF732FE002805DB019B2268D9
:10EEF00019791868EFF7E2FA02B010BD012970B570
:10EF00000C4606D14368586B0021FFF7E8FF00204C
:10EF100070BD61B90669456896F86D3023B1284621
:10EF2000F2F784FE86F86D40686B0121EDE76FF023
:10EF30008500EDE703460A4600681979012303FAC4
:10EF400001F103691B68194218BF82F0010212B176
:10EF50008368DB68184783681B69FBE710B50446C4
:10EF60000068D0B18368C3B149B101210830FFF70F
:10EF7000E1FF23681869BDE8104002F0F1BB12B947
:10EF80008388DB0409D4006902F0EAFB20680021D1
:10EF9000BDE810400830FFF7CDBF10BD10B501220D
:10EFA00000210446FFF7DAFFA36933B9636004F177
:10EFB0001000BDE81040F5F735BA10BD10B5006976
:10EFC00003688B4206D190F86C4034B9FFF7E6FF36
:10EFD000204610BD6FF01500FBE76FF00F00F8E75B
:10EFE00038B505690446296405F12800F5F71AFAD1
:10EFF000002285F86C2020691146BDE83840FFF7F3
:10F00000ADBF38B502780346002A52D10C69A26E12
:10F0100032B9606E6FF07301BDE83840FFF7E0BFB2
:10F02000E06D40B1216E31B1DB6823B1834202D083
:10F03000616F03F0C5F8A36DA56E9BB19D4211D819
:10F040005B1BA3654BBB636C08336364A36C013B20
:10F05000A36404F1580204F1480104F14400FFF7ED
:10F060002BFF6065236E9BB19D4211D85B1B23660D
:10F07000CBB9E36C0833E364236D013B236504F1F2
:10F08000600204F1500104F14C00FFF715FFE06548
:10F09000606EBDE83840EFF7E9BD636D002BE1D04D
:10F0A0002B446365DEE7E36D002BF1D02B44E36571
:10F0B000EEE738BD00F150039B009BB203F18043A3
:10F0C00003F5883300221A601B68704708B5F0F713
:10F0D0004DF808BD10B58CB002AC8DF807100DF1DD
:10F0E000070102910121CDE904410024CDE9084145
:10F0F000CDE90A23039108AB01460693022351F898
:10F10000040B0793836804AA1C6806ABA0470CB0E5
:10F1100010BD30B4034600298069197F0CBF4FF43D
:10F1200000124FF09862836805699C698CB11302E4
:10F1300008D52A6801238B4013420CBF4FF0986218
:10F140004FF0307202F0C063A44602F4C00230BC3B
:10F15000604730BC704710B551F8083C0C46586801
:10F160000021FFF7D6FF04F10C00BDE81040F5F7D1
:10F170006DBB13B5012304460DF1060240682D2135
:10F18000FFF7A8FFA8B99DF8063003F00F030F2B77
:10F1900011D1012301460DF1070260688DF8073097
:10F1A000FFF798FF28B99DF807303E2B18BF6FF086
:10F1B000040002B010BD6FF01500FAE710B586B07C
:10F1C00001AB61F07F01029302238DF804100393D9
:10F1D000014602AB0493012351F8040B8DF805207E
:10F1E0000593836804AA1C680023A04706B010BDDD
:10F1F00070B504460D4616464121BA224068FFF715
:10F20000DDFF00210A2002F096FE294660683246A2
:10F21000FFF7D4FF054620B96068B5224121FFF70A
:10F22000CDFF284670BD10B440F6EC13A2F10A04DD
:10F230009C4207D80A235DF8044BB2FBF3F2D2B22A
:10F24000FFF7D6BF6FF015005DF8044B704773B53C
:10F25000466896F8283004460D4613B9002002B0DF
:10F2600070BD01230DF1070211213046FFF732FF77
:10F270000028F4D196F829209DF807306AB903F0E8
:10F280000F020DB142F0F0029A42E7D01121204660
:10F29000FFF7AEFF0028E1D0E1E70D22F1E7002201
:10F2A0002D21FFF7A5BF13B540291C46036935D1B1
:10F2B00093F85C30002B2ED04168062A2ED8DFE868
:10F2C00002F00410171A1D24270091F8233091F83A
:10F2D000222091F8241000912168F0F745FA02B03D
:10F2E00010BD22681B2102B0BDE81040F0F730B914
:10F2F00022681D21F7E722681F21F4E722681C21FC
:10F3000002B0BDE81040FFF78EBF22681E21F7E76C
:10F3100022682021F4E76FF00F00E0E76FF085002E
:10F32000DDE77FB546680446022529460135606859
:10F33000012303AAEDB2FFF7CDFE062D03D000286E
:10F34000F3D004B070BD0028FBD101212046FFF7A7
:10F350007EFF0028F5D196F8240096F8233096F821
:10F360002220318C00902046F0F7FEF90028E8D1E9
:10F3700080221B212046F0F7EBF80028E1D141F272
:10F3800088321D212046F0F7E3F80028D9D144F255
:10F3900068221F212046F0F7DBF80028D1D1042293
:10F3A0001C212046FFF724FF0028CAD10A221E2173
:10F3B0002046FFF71DFF0028C3D13222202120461E
:10F3C00004B0BDE87040FFF713BF08B55A223A21D8
:10F3D0004068FFF7F3FE00EAE07008BDF0B506688C
:10F3E0000289338A9A4271D231684289930051F876
:10F3F000222002F00301C2F3072401298475C2F31D
:10F4000085051FD002292AD0002935D1C2F3036314
:10F41000C2F307474FF0010C120F42824268A0F876
:10F4200014C00582002A34D18261026204F00E0405
:10F43000082C05BFC2897368002353F82230436249
:10F440000120F0BD31681944C2F30B4C49680B0F21
:10F4500045EA83158FB2130FC1F30B42DDE7316824
:10F460001944D1E901374FEA124C1A0A45EA8212CF
:10F4700095B25BB28A89D0E732681A44D2E9013783
:10F48000190A45EA8111B2F810C092898DB25BB2B7
:10F49000C3E73A44826104F0C00123B1D31A802942
:10F4A000036209D10FE004F03005202DF7D13F2C85
:10F4B00004D800F114030362C261B7E78029FAD1CE
:10F4C00000F1140303621368C361AFE70020B8E7DB
:10F4D0000389016810B501339BB203810A8A9A42FD
:10F4E00003D80023C0E9023310BD0B68428953F8EA
:10F4F000221001240B0A01F0030104FA01F10A446D
:10F500004281828903F03001002908BF01328281E3
:10F51000C28903F00E03082B08BF0132C281E3E762
:10F5200070B504460E46154600212022083002F030
:10F530006FFEC4E900652046BDE87040FFF74EBF8E
:10F5400038B50B680C4699680B681B681B0A03F0FA
:10F55000C003802B054614BF6268221D0C34FFF7E0
:10F56000DFFF2C6238BD10B50446FFF7B1FFFFF78F
:10F5700035FF2089003818BF012010BDF8B5038A77
:10F580008B4204460D4601D10120F8BD0668B28ABF
:10F590008A4201D20020F8E78B4288BF338A07896C
:10F5A00088BF03812046FFF793FF6289336853F8D1
:10F5B000223085EA93039B0606D02389BB42F1D112
:10F5C0002046FFF70BFFE5E7FFF708FF238AAB4272
:10F5D000F3D1A37D03F00F030A2BEED0D4E738B5A7
:10F5E000837D03F00F030A2B044617D005892046BC
:10F5F000FFF76EFF236862891B6853F82230C3F35C
:10F6000003230A2B03D1BDE83840FFF7E7BE238967
:10F61000AB42ECD1FFF7E2FE002038BD0120FCE751
:10F62000FFF77EBFFFF78CBF10B40B461146528A1E
:10F63000082A0FD1CA696AB130B1146824B1043202
:10F6400023465DF8044B184723B1146814B1043203
:10F650001846F5E701205DF8044B7047F8B50446FD
:10F66000C368154622B9E3682B44E3600120F8BD66
:10F670000668002EF7D0D31802D287689F4201D2C5
:10F680000020F4E7B0470028EDD1F9E77F291FB546
:10F690000446CBB207D88DF80430012201A9FFF748
:10F6A000DDFF04B010BD03F07F03C90901A80022EB
:10F6B000013263F07F03042A00F8013B01F07F036D
:10F6C0004FEAD11101D00029F2D102F110016944B1
:10F6D000013201F80C3C204601A9E0E74B0083EA27
:10F6E000E171FFF7D3BF30B58A7D4B8A02F00F027C
:10F6F000022A85B012D1012B06D1CB69197805B049
:10F70000BDE83040FFF7C2BF022B02D1CB69198898
:10F71000F5E7042B44D1CB691968F0E7012B09D137
:10F72000CB6993F90010032A0FD105B0BDE8304032
:10F73000FFF7D4BF022B03D1CB69B3F90010F2E776
:10F74000042B2DD1CB691968EDE70029D7DA01AD7B
:10F7500001F07F02CB090424294662F07F02013CBC
:10F7600005F8012B03F07F024FEAD313F5D142F0E5
:10F7700070020DF107056FF060440423013362F05D
:10F780007F02092B05F8012F04F07F024FEAD41401
:10F79000F4D18DF80D200A22FFF760FF05B030BDCF
:10F7A0000020FBE70422FFF759BF41EAC201FFF73F
:10F7B0006DBF8A7D02F00F020B460B2A11D8DFE8DD
:10F7C00002F0060606060E0A0C0C0C0C100C0021AA
:10F7D0001A8AFFF7EABF0121FAE70221F8E70521BB
:10F7E000F6E70020704770B50E46114605461446F0
:10F7F000FFF74CFF30B1224631462846BDE8704045
:10F80000FFF72CBF70BDF0B585B00E46174600213E
:10F8100010220446684602F0FBFC3A463146684630
:10F8200000F028F910B9002005B0F0BD039920467A
:10F83000FFF72CFF0028F6D02168039D21B92A4646
:10F840002046FFF70BFFEFE7E368A2682B449342E3
:10F85000E9D863680091CDE901353A460023314685
:10F860006846039300F006F9039AE3681344E360E3
:10F870009542019B6360D6D1D6E72DE9F0438B7D9D
:10F8800003F03002302A85B005460C460DD10B6AD4
:10F890001A880B8A9A420FD1E269A37DC2B913F08C
:10F8A000300F14BF0120002007E0102AF4D10A6AAB
:10F8B00032B11378002BEFD1012005B0BDE8F08301
:10F8C0003F2BE9D80846F0F717F80028E4D0F3E713
:10F8D00003F0C002402A0AD12368DB68002BEBD07A
:10F8E00022462946002005B0BDE8F043184703F042
:10F8F0003001202940F09A80216A0E88002EDBD04A
:10F90000802A1DD103F00F03052B59D8228A02212A
:10F910002846FFF74AFFB0B1A37D03F00F03042B85
:10F9200013D1B70039462846FFF7B0FE58B1296811
:10F9300049BB3A46284605B0BDE8F043FFF78EBE06
:10F94000A28AB242DED20020B7E7052B01D1F70030
:10F95000E8E710220021684602F05AFCD4F81C8027
:10F96000002721466846FFF7BEFE0028EBD0E3697A
:10F97000628A01371344E361BBB29E42F1D8039F10
:10F98000C4F81C80CEE70027A37D03F00E03042BF0
:10F9900011D1638A042BD6D1E1692846FFF702FF13
:10F9A0000028D0D0E369628A01371344E361BBB217
:10F9B0009E42E9D880E721462846FFF794FEEFE70C
:10F9C0004FF00008A37D03F0CE03862B29D1E76911
:10F9D000D7F80090C4F81C9021462846B9F1000FD2
:10F9E00019D1FFF7E6FE08B9E761ACE701226946E5
:10F9F00028468DF80090FFF731FE0028F4D0E7612B
:10FA0000E369628A08F101081344E3611FFA88F38D
:10FA1000B342D7D350E7EFF7D7FFE7610028EFD124
:10FA200091E721462846EFF7CFFFF7E72146284622
:10FA300005B0BDE8F043EFF7C7BF30B50C688BB039
:10FA400005460CB9012007E023685B6821462BB10D
:10FA50002846984760B900200BB030BD6846FFF7D4
:10FA6000E1FD0028F7D069462846FFF706FFF1E7D9
:10FA7000A468E6E710B58AB004466846FFF7D0FDF3
:10FA8000B0B19DF8163003F00F030A2B0BD1079984
:10FA90002046FFF7D2FF18B16846FFF764FDEFE795
:10FAA00000200AB010BD69462046FFF7E6FEF2E7E7
:10FAB0000120F6E710B5836804460BB9002010BD9D
:10FAC0000368012298470028F8D0A368013BA3608F
:10FAD000F5E703460846596810B58C185C6008B114
:10FAE00002F06EFB012010BD2DE9F3410D460DF132
:10FAF00007010646FFF7DEFF804628B94FF00008F1
:10FB0000404602B0BDE8F0819DF907309DF80740FE
:10FB1000002B1FDA04F07F0407270DF107013046A0
:10FB2000FFF7C8FF0028E9D01F2F9DF807301AD92A
:10FB30003E2F03F07F0206D882B1002CDEDAFF2BC5
:10FB4000DCD10737E9E73AB1002CD7DA012BD5D160
:10FB50003F2FD3D12C60D3E73F2FCFD11B0607F126
:10FB60000707DAD4F6E71C2F09D113F0700F03D082
:10FB700003F07802782AC1D144EA0374EEE703F077
:10FB80007F02BA401443E9E713B50446052921D89A
:10FB9000DFE801F0030F1720201E012201A92046F3
:10FBA000EFF7A0FF18B19DF90430002BF5DB02B090
:10FBB00010BD08220021204602B0BDE81040EFF73A
:10FBC00091BF01A9FFF790FF0028F0D0019AF1E75B
:10FBD0000422EFE70020EAE737B50D4601A9044605
:10FBE000FFF782FF034618B90023184603B030BD63
:10FBF00094E8070085E8070001998A42F4D3A960D8
:10FC0000A268521AA260F0E738B58A6805460C4629
:10FC10001AB963686B60012038BD00212046EFF7F8
:10FC200061FF0028F5D1F7E713B50C4601A9FFF7EE
:10FC30005BFF20B1019B003B18BF0123237002B082
:10FC400010BD13B50C4601A9FFF74EFF28B1019A6C
:10FC50005308D20748BFDB43236002B010BD13B581
:10FC600004220C460DEB0201EFF73CFF08B1019BAB
:10FC7000236002B010BDF0B5937D03F00F0385B093
:10FC8000054616460B2B43D8DFE813F00C00160090
:10FC9000160016005C00420067008600A100A1006B
:10FCA0004200D9000139C9B2FD2931D9F16905B045
:10FCB000BDE8F040FFF7B8BF0139C9B2FD2927D927
:10FCC000022B1FD101A9FFF70FFF044680B1738AF1
:10FCD000042B03D1F269019B136005E0022B0AD1CA
:10FCE000019BF26913809BB20198C21A544254419D
:10FCF000204605B0F0BD012B0AD1019BF2691370BB
:10FD0000DBB2F1E7032B05D101A9FFF79AFF40B958
:10FD10000024EDE76946FFF7E7FE0028F8D0009BD6
:10FD20000193738A042BD5D0022B04D1F269BDF95B
:10FD300004301380D8E7012BEAD1F2699DF9043031
:10FD40001370D1E7052901D0FF29E1D1F1692846D7
:10FD500005B0BDE8F040FFF782BF0229D8D101A964
:10FD6000FFF7C2FE04460028C2D0019AB2F5803FD8
:10FD7000CED2B37D03F0C003802B02F10201C7D0C5
:10FD8000738A9942C4D8F16921F8022B284605B03C
:10FD9000BDE8F040EFF7A6BE0229B9D101A9F76985
:10FDA000FFF7A2FE04460028A2D0019A531CAFD050
:10FDB000B37D03F0C003802B02F101014FF000007E
:10FDC000A6D0738A9942A3D8B8543946DEE70229EF
:10FDD0009ED101A9FFF700FF002899D0736A002B7C
:10FDE00096D0B37D03F00F03092B0AD0B37D3F2BD0
:10FDF0001FD90023F269716A01A800F03BF804469C
:10FE00000FE0326A002AF1D052F8083C002BEDD006
:10FE1000043A314601A89847039B04460BB10028D9
:10FE2000E4D101A92846FFF7EFFE00287FF460AF78
:10FE30006EE703F03003203B18BF0123DAE7022905
:10FE40007FF466AF01A9FFF74FFE044600283FF498
:10FE50004FAF0199B1F5803FBFF45AAF728A19B91B
:10FE6000F06902F0D5F943E791427FF451AF0A46B9
:10FE7000F1698BE72DE9F04F9DB004469B4608A839
:10FE80000023CDE90633ADF81230FFF749FB002817
:10FE900000F0E4801BF0010F40F0E08008A8EFF7CD
:10FEA00057FF002840F0DA8000201DB0BDE8F08F39
:10FEB000DDF81480B8F1000F2ED11BF0040FF3D041
:10FEC0004FF6FF73994504D0BDF81230019A934262
:10FED000EAD1089B5B8A002B00F0CF80402B28BF23
:10FEE0004023590906A8002294B2A14200F2BD8025
:10FEF000D80603F01F0200F0C080C2F12003DBB27D
:10FF00004FF0FF30D8401CAB03EB810151F8583C57
:10FF1000C31A58425841C8E7414608A8FFF72EFBCC
:10FF200028B19DF8363003F00F020A2A5BD18FB951
:10FF300008A8FFF754FB28B9BAF1000F0CD14FF015
:10FF4000FF3707E00F9BD3F800A0BAF1000FF6D0FF
:10FF5000BDF83070B8453ED3A36803939DF81030C8
:10FF600002935546A368039A002D32D093420DD0D8
:10FF70000DF1110305AA04A92046EFF7E5FD0028BD
:10FF800096D19DF81130002B8ED099E72B681B6815
:10FF90001E4643B1029B424629462046B0470028F0
:10FFA00082D0AD68DEE7294612A8FFF7C9FA00281B
:10FFB0003FF47AAFBDF858309845F2D1139B002B2F
:10FFC000EFD0012302992B7312AA2046EFF7E2FD2E
:10FFD000E5E79342CCD19DF810102046FFF7D4FD01
:10FFE0000028C5D160E703F03003202B22D1109AFE
:10FFF0000DAB9A4217D1BDF828304B4510D04FF6C3
:0200000260009C
:10000000FF72914505D0BDF8122001998A427FF414
:100010004BAF0022ADF81220BDF834200192994672
:100020000DF1120310939DF8101008AA2046EFF767
:10003000B1FDD5E7002BF6D1BDF82C303F2BF2D81F
:1000400059091CAA02EB810103F01F02012393400E
:1000500051F8582C134341F8583CE4E7002301932E
:100060004FF6FF799A461F4682E750F8044B013459
:1000700002F101023FF438AF16E7012015E7002333
:10008000FFF7F8BE004701F06BBB0001090400F167
:10009000804012B1C0F804197047C0F808197047C1
:1000A000F0F774B8F7B5019001A8DDE908471646E6
:1000B0001D46F0F77DF9019BB6F1000C18BF4FF01B
:1000C000010C00EB83000B1E18BF0123002D43EA37
:1000D0004C0314BF4FF00C0C4FF0000C002C43EA03
:1000E0000C0314BF4FF4E06C4FF0000C002F43EAF8
:1000F0000C03D0F8002714BF4FF4403C4FF0000C25
:1001000043EA0C0322EA030301B109780EB1367801
:10011000760019430DB12D78AD0031430CB1247830
:10012000240229430FB13F783F040C433C43C0F8FD
:10013000004703B0F0BD1FB50DF10F03019300237D
:100140008DF80F1000931A461946FFF7ABFF05B064
:100150005DF804FB08B50146F0F77CF940B10846AC
:10016000F0F760F900B2800000F5807080B208BD41
:100170004FF4BE70FBE738B5054608460C46F0F76D
:1001800069F9B0B10846F0F759F990B90846F0F7A7
:1001900049F92A6801238340C2F808332A6803B268
:1001A00002EB8303D3F8102522F00302C3F81025D5
:1001B00038BD20460021BDE83840FFF7BCBFF0F74E
:1001C000CFB9FFF7D8BF0846FFF7C4BF4FF0805341
:1001D0001A695869504370474FF080531869704747
:1001E0004FF080535869704700F180431A68002A25
:1001F0001FBF00221A601B68012008BF0020704743
:100200004FF080434FF46072C3F8042370474FF0FF
:1002100080434FF46072C3F80823704708B5F0F7C5
:1002200041FDBDE80840F0F78FB80021F0F756BE59
:100230000223F0F7CBBD0323F0F7C8BD0021022055
:10024000F1F7B2B807B5019001A8F1F745F9019AA5
:1002500001239340C0F8083503B05DF804FB07B5EF
:10026000019001A8F1F738F9019A01239340C0F8F1
:100270000C3503B05DF804FB37B5D0F818358A6942
:10028000DBB28DF807300B6A93423EBF4A699DF896
:100290000740D4540B6A91F824500C695A1C0A6226
:1002A000023335B1A3428C6938BF0B619C4288BFD1
:1002B0008B610D699D4205D9CA68D35CC0F81C35B5
:1002C00001200AE08C699C4201D9CB7FF6E7AA4263
:1002D000F6D3A2422CBF0020012003B030BD70B580
:1002E000A2F58074A408012606FA04F4054614EA6F
:1002F000010008D0A85830B10021A950AA581A68A6
:1003000022431A60304670BD2DE9F34100230446B4
:100310000D460193904601AB4FF4A672FFF7DFFF45
:100320004FF4827229462046FFF7D9FF4FF48C72B2
:10033000074629462046FFF7D2FF064630B1B8F1FE
:10034000000F1DD017B1D4F83C353E4601AB4FF439
:10035000887229462046FFF7C2FF30B1B8F1000F7E
:1003600003D016B90FB1D4F83C3501AB4FF49072FD
:1003700029462046FFF7B3FF019802B0BDE8F0819F
:100380004646E3E707B5019001A8F1F77BFA019A29
:1003900001239340C0F8083503B05DF804FB07B5AE
:1003A000019001A8F1F76EFA019A01239340C0F879
:1003B0000C3503B05DF804FB4FF48C72002101F0A2
:1003C00027BF18B14FF48C71F2F784BD704710B499
:1003D0000C46012C11461A4608D81CB95DF8044B8E
:1003E000F2F74CB85DF8044BF1F78ABE6FF02000CD
:1003F0005DF8044B70472DE9FF4701291E468046F2
:10040000DDE90C34154658D882B32A0758D10029A3
:1004100049D10DF110091D44EC461A4603F1100AAA
:10042000674610685168E646AEE803000832524558
:10043000F446F6D1224619464046F2F71FF8B0B905
:10044000335822585340235004301028F8D13246F4
:100450003B4603CB4B45106051601F4602F108023A
:10046000F6D1AA45534604F11004D5D1002004B0BA
:10047000BDE8F087C25851F803C082EA0C02E2508E
:100480000433102BF6D1224621464046F1F738FEC0
:100490000028ECD1103D04F11003214606D01C4683
:1004A0000023781BE6E731465F19F9E754F8042B7F
:1004B00046F8042B9C42F9D1D8E76FF02000D6E72C
:1004C0006FF02100D3E710B50446FFF77AFF20460E
:1004D000BDE81040F2F710BD10B54FF48C7101204B
:1004E000F2F704FD044608B1FFF766FF204610BD91
:1004F000F1F782BDF1F7B4BCFFF77DBFFFF767BF2F
:100500004822002101F084BE10B5044608B1F2F77C
:10051000E1FC2046BDE81040F2F7EEBC08B5F3F769
:100520002FF8002818BF6FF0040008BD38B5084642
:1005300014461D461146D2F78BF908B92C6038BD18
:100540006FF08300FBE730B587B01D460DF1170350
:1005500003920024009303AA0DF116038DF81740AF
:10056000F2F7D0FC50B99DF8170005B128709DF83E
:1005700016200399F2F740F907B030BD2046FBE79B
:1005800000230B606FF0860070472DE9F347476842
:100590003F0ADDE90A9A04460D461646984611D1EF
:1005A000CDE9009A00F018FE10F1860F0CD14346F9
:1005B000324629462046CDE90A9A02B0BDE8F04706
:1005C00000F094BA6FF0860002B0BDE8F087009B9F
:1005D000F2F7FABC009BF2F7F7BC38B51C4603688B
:1005E000154623B1F2F7B4FC00B9256038BD6FF0B1
:1005F0008800FBE72DE9F04194B004460D461E4605
:100600004C22002101A8DDF86C801D9F01F000FE46
:10061000214633462A4601A8F2F7D6FC044648B9DB
:10062000B8F1000F0DD11C993A4601A8F2F790FCE1
:10063000044678B101A8F2F7ADFC204614B0BDE83D
:10064000F0811A99424601A8F2F7FEFC0446002800
:10065000E9D0EFE71E9B1F60ECE700F4E040B0F547
:10066000805F04D0A0F500535842584170470120E4
:1006700070473AB1002918BF0023D21A212118442B
:1006800001F0C6BD704738B513464FF480420D46A1
:10069000F2F764FE044640B9286843681B0A04D098
:1006A00000F049FD2C606FF08504204638BD2DE92F
:1006B000F04F89B09B4600238DF81B30159BDDF869
:1006C0005080002B91460B460E460CBF4FF4006243
:1006D0004FF4806207A9DDE912A7F2F73FFE044656
:1006E00008BB079D0DF11B0229883046F2F7A4FED6
:1006F0000446C0B99DF81B30BB4226D868686A6EB4
:10070000000A05F1200123D1CDE90338CDE901BA72
:10071000CDF8009033462846FFF76CFF10F1860FA6
:10072000044600D008B1C8F80070D8F800303A4646
:1007300021465046FFF79DFF079800F0FCFC002C77
:1007400018BF204609B0BDE8F08F6FF08904EAE7D2
:100750006FF08604E7E72DE9F34100231360466854
:10076000D0F8148004460F463046114600F0E5FCF0
:10077000054688B9304600F0E2FC054660B9F6B29D
:1007800076B9B8F1000F05D1A06820F47F4020F0C1
:10079000030060B16FF08605284602B0BDE8F08125
:1007A0000146606900F0A1FC0028EDD1F2E7628803
:1007B0004FF6F8739A4219D894F80480B8F1000FF4
:1007C00000D101A83946F2F771FF05460028E3D1B0
:1007D0000FCC3F683E460FC694E8030086E803004E
:1007E000B8F1000FD8D1019B7B61D5E76FF085058B
:1007F000D2E7434213F07F0306D0722B24D0712B33
:1008000058DD6FF08300704710F1720F1CD010F1AB
:10081000710F1CDA10F5C44F3DD00BDC10F5C64F3C
:100820003CD010F5C54F42D010F5C74FE9D16FF05D
:100830009600704710F5C34F33D0E2DB10F5C24F7E
:1008400035D010F5C14FDCD16FF08500704710F145
:100850003B0F11DA10F13D0F26DA10F16E0FE6D0E2
:1008600010F1400F20D010F1700F08BF6FF0920010
:1008700018BF6FF083007047002820D0C1DC10F152
:10088000210F14D010F1200FDED010F1220F08BF7D
:100890006FF08500ECE76FF0950070476FF0940003
:1008A00070476FF08C0070476FF0930070476FF0E7
:1008B000860070473B2BC3F10000CBDCDFE77047BD
:1008C00041F2052398421AD8B0F5905F09D241F25F
:1008D000010398420CD0B0F5885F09D06FF0850015
:1008E0007047A0F5905080B22923C340DB07F5D5AF
:1008F00011F0070F0CBF00206FF086007047B0F5B5
:10090000105FEBD121F04003802B06D0B1F5807F42
:100910000CBF00206FF08600704700207047F8B5CC
:1009200004460F4600881E46154692B1FFF795FE15
:1009300078B1089BD10019602088FFF7C1FF0446F9
:1009400028B93946304601F03BFC079B1D60204624
:10095000F8BD6FF08504FAE72DE9F04F476885B0E0
:100960003F0ADDE90E9ADDF840B004460D46164612
:10097000984615D1CDE901ABCDF8009000F0E6FB2B
:1009800010F1860F0ED14346324629462046CDE966
:100990000FABCDF8389005B0BDE8F04FFFF7BFBF03
:1009A0006FF0860005B0BDE8F08F10B5436E0446C9
:1009B0001BB141212030F2F78DFA0020606610BD96
:1009C00038B50546FFF7F1FF2B7E012B04460ED00C
:1009D000023B012B0ED8EB69012B18BF6FF0960478
:1009E00068220021284601F013FC204638BDEB693F
:1009F000002BF2E76FF09604F2E713B50446A0B1BE
:100A000001A9F2F79BFE044678B90198037E022BF8
:100A10000ED1032303760379FF2B08BF6FF0840404
:100A200000F074FB002818BF0446204602B010BD39
:100A30006FF09604F4E770B514460288049E1046E1
:100A40001D46FFF70AFE68B922F4405044F2010344
:100A5000984207D002F44F42B2F5824F02D0B2F56D
:100A6000844F0ED1B4420FD82246284601F0A8FB8D
:100A7000321B0021281901F0CBFB059B00201C60D4
:100A800070BD6FF08500FBE76FF08900F8E72DE996
:100A9000FF4188461F4616462AB300233B600122C9
:100AA00003A9F2F75BFC044658B9039D6B686A6EB4
:100AB0001B0A05F1200108D0284600F03CFB6FF02E
:100AC0008604204604B0BDE8F0814346CDE90067C6
:100AD0002846FFF7B0FF0446284600F02CFB002C08
:100AE00008BF0446EDE76FF08904EAE770B51446E5
:100AF0000288049D02F4E040B0F5804F1CD122F43E
:100B0000405644F20100864207D002F44F42B2F54B
:100B1000824F02D0B2F5844F0ED1AC420FD81846A6
:100B2000224601F04DFB2A1B0021204401F070FBFE
:100B3000059B00201C6070BD6FF08500FBE76FF027
:100B40008900F8E7F0B50F4685B01E46154612B38A
:100B5000002333601A4603A9F2F700FC044638B9B3
:100B6000039803885B0406D400F0E5FA6FF086046E
:100B7000204605B0F0BDCDE900563B46426E00F17F
:100B80002001FFF702FD0446039800F0D4FA002C80
:100B900008BF0446ECE76FF08904E9E72DE9F0416E
:100BA0001F4688B00023CDE90533064688463B60E2
:100BB0001546002A57D0B2F1005F57D206AA05A900
:100BC000FFF7C9FD044638B9059A536E83B97368B7
:100BD0001B0A07D06FF08604059800283FD0FFF766
:100BE000EFFE3CE0412D02D96FF08504F4E7556635
:100BF0005388079307AB029302F164030193536E8A
:100C00000093414602F1200330462A46FFF7A4FE36
:100C100004460028E0D10599079B4A88D2B94B8049
:100C20000799059A4FF6F8739942DDD8338813B1C6
:100C300011889942CED1738813B151889942C9D194
:100C400053693B60137E012B07D000233B606FF09C
:100C50009604C1E79A42BDD1E2E70223137620460B
:100C600008B0BDE8F0816FF08604F8E76FF0850406
:100C7000F5E710B50446006868B101280CD104F10D
:100C80000800F2F787F900232360A38823F4FF7399
:100C900023F00103A38010BD6FF08600F3E72DE978
:100CA000FF4105469846002303932B6808461746E4
:100CB000002B3CD1B8F1000F134603A914BF4FF429
:100CC00080624FF40062F2F749FB044688BB039E42
:100CD0002A1D31883846F2F7AFFB044648BB6B79D2
:100CE00068F300036B71736E716806F12002B8F14E
:100CF000000F13D0090A23D10097314605F10800EF
:100D0000FFF765FC0446A0B9012303982B6000F0AF
:100D100012FA0446204604B0BDE8F081090A0FD15A
:100D20000097314605F10800FFF754FCEAE76FF041
:100D300088042846FFF79DFF039800F0FCF9E9E7D7
:100D40006FF08604F5E70123FFF7A9BF38B5054624
:100D5000006898B112B90024204638BD01280AD194
:100D600005F10800F2F770F904460028F3D0284690
:100D7000FFF77FFFF0E76FF08604F8E76FF0880475
:100D8000EAE72DE9F041054600680E461746984609
:100D9000C8B16A79D20716D52A79A2B1BA4215D854
:100DA000012816D105F10800FFF717FC044698B199
:100DB0000023C8F800702B71A6B92846FFF759FF29
:100DC0002046BDE8F0816FF08804F1E76FF08904F8
:100DD000EEE76FF08604EBE726B92846BDE8F04160
:100DE000FFF747BF2146D8F800303A463046FFF7B4
:100DF00040FC2846FFF73DFF002C08BF0446DFE714
:100E00001FB501240394089C0294079C0194069C3E
:100E10000094FFF74CFC04B010BD036819430CBFED
:100E20000120002070472DE9F04786B007469A461A
:100E30000023059307F0FE43B3F1106FDDE90E5870
:100E4000109E084691460BD0002D46D135602846AD
:100E500000F071F96FF08604204606B0BDE8F08717
:100E60003A4605A9FFF70FFC044628B175BB35606B
:100E7000059800F060F9EFE705990B8823F0FF0370
:100E8000B3F5E24F02D0B3F5E44F0CD14B880733F2
:100E9000B8EBD30F07D21DBB3560084600F04BF905
:100EA0006FF08904D8E7CDE90186009553464A469C
:100EB0003846F2F717FA04463DB90598356000F058
:100EC0003AF9002C08BF0446C6E760B141462846FF
:100ED000F2F7EAF9C6F80080CAE76FF08604F5E792
:100EE0006FF08904F2E7059800F025F90446B3E7AE
:100EF000F2F7DAB908B50088DDE90221FFF7ADFBAA
:100F000020B1BDE808401046F2F7CEB96FF0850079
:100F100008BD2DE9F04F8BB01F46DDF8508000234F
:100F2000C8F80030CDE90733438805460E469146A0
:100F3000002B00F0D380038803F4E043B3F5804F27
:100F400000F0CC8039463046FFF767FF002800F0FC
:100F5000C58008AA07A92846FFF7FDFB044628BB61
:100F6000079A6B68526E002A3DD11A0A40F08980B8
:100F7000B5F800A069885046FFF76FFB78B150467E
:100F8000FFF79EFC044688B90AF4E043B3F5805F9E
:100F900002D0B3F5005F10D10731CA081DE02AF076
:100FA000FF03B3F5E24F5FD06FF085040798002888
:100FB00000F09080FFF704FD8CE00AF44F43B3F596
:100FC000844FE9D047F201039A4531D149080131F4
:100FD000C90801EBC10101F13B020992099B079A83
:100FE000412BE1D85366079B9A4603F1200B6B68AF
:100FF0005AF8642F1B0A65D12B88590449D4CDE9CE
:10100000012ACDF800B03B464A4631462846FFF754
:1010100071FF0446079B002C56D15A69C8F800207E
:101020001A7E012A54D0C8F800406FF09604BDE73C
:1010300044F201039A4503D1C90801F11002CCE73B
:1010400047F202039A4505D1C90801EB410101F1BC
:101050005A02C2E744F202039A4505D1C90801EBDE
:10106000410101F14A02B8E72AF0FF00B0F5E24F72
:1010700092D0B0F5824F01BFCC1DE4086400621C21
:10108000ABE709A92846FFF77BFA04460028A5D05C
:101090008CE703F44F41B1F5824FB0D147F2121102
:1010A0008B42ACD16B88B3F5807FA8D153465946AB
:1010B0002846059200F0B7F810F1860F059A04460D
:1010C000A8D19CE76FF086040798FFF76EFC6DE7E8
:1010D00002221A7620460BB0BDE8F08F6FF086042E
:1010E000F8E71822002101F093B803466FF0404260
:1010F0000846591E914207D338B103F14043934249
:101100008CBF00200120704701207047034668B162
:10111000017E8A1E012A0BD80329C26903D1012A44
:1011200001D1FFF74DBC1AB1013ADA6100207047D6
:101130006FF096007047FFF7E9BF00207047C0B21C
:10114000002814BF6FF0850000207047F8B5089F95
:101150001E463B680D46144663B1B3F5807F38D117
:10116000038844F21212934223D1412C09D06FF02C
:101170008600F8BD038844F2121293420FD1412C2D
:1011800027D1681C00F04AFA0028F0D14FF4807390
:101190003B60069B9C4213D96FF08900E9E747F258
:1011A0001212934215D1202C13D1284600F044FA94
:1011B000EAE747F2121293420BD1202CD7D1F4E781
:1011C00022462946304600F0FBFF079B00201C60AA
:1011D000CFE76FF08500CCE770B504461846268847
:1011E0006488B4F5807FDDE9043513D147F2121429
:1011F000A6420FD1202A10D1402B11D9042300F888
:10120000013BF2F7C5FC08B941232B60BDE87040F3
:10121000F2F7AABA6FF0850070BD6FF08600FBE7A9
:101220006FF08900F8E730B5202A91B008461446DF
:101230001D4609D16946F2F75DFC00B92C6011B07A
:10124000BDE83040F2F790BA6FF0890011B030BDC0
:1012500070B51446202CDDE90426DDE90603089D5F
:101260000CD1412E0AD11F2B0BD90132F2F764FCAD
:1012700000B92C60BDE87040F2F776BA6FF08600D6
:1012800070BD6FF08900FBE740F8041B1C220021B1
:1012900000F0BEBFF0B5002405462646204652F8B1
:1012A000247051F82430DB1946EB06071B1845F86B
:1012B000243004F1010447F10000082CEFD1F0BD07
:1012C000002370B50646184652F8235051F82340C3
:1012D000641B65EB0505241A46F8234003F101035E
:1012E00065F10005082BC5F10000EDD170BD70B5AA
:1012F00004395642041F013A1C3054F8043F51F897
:10130000045F134035402B4384422360F5D170BD08
:10131000002330B50446184654F8232051F82350D2
:1013200001336A40082B40EA0200F5D130BD70B5A8
:1013300004460568166800200346E1FB66532560F5
:1013400056686568E1FB665365609668A568E1FBD1
:101350006653A560D668E568E1FB6653E5601669EB
:101360002569E1FB6653256156696569E1FB6653B2
:1013700065619669A569E1FB6653A561D569E26976
:10138000E1FB6523E261226A9B182362404170BD44
:1013900010B50438A1F120024B7F0C7F1B0443EAF7
:1013A0000463CC7F23438C7F043943EA04238A42BD
:1013B00040F8043FF0D110BD0B1F1C3153F8042F2F
:1013C000120E02775A8842771A68120A82771A68D0
:1013D000C2778B42A0F10400F0D1704770B588B09D
:1013E0001E460446FFF756FF32460546214668462C
:1013F000FFF766FFC0F101022A4369462046FFF766
:1014000076FF08B070BD2DE9F04F8BB00E46074651
:1014100091460021242201A8D3F840A0984600F06C
:10142000F7FEA6F1040B1C36D9F800305BF8041F58
:10143000019D4A4601A803FB0155FFF778FF0AFB0F
:1014400005F504464246294601A8FFF770FF01AAA8
:1014500004440823516842F8041B013BFAD15E455D
:101460000994E1D1424601A93846FFF729FFC0F1AE
:1014700001022243C2F101023846FFF738FF0BB0E8
:10148000BDE8F08F0B4601F120020146FFF7BBBF1C
:1014900030B589B004460D4668460121FFF7F4FED9
:1014A0002B466A4621462046FFF7ADFF09B030BD06
:1014B00038B504461546FFF7E7FE29462046BDE845
:1014C0003840FFF7DFBF2DE9F04389B014460646E8
:1014D00001226846FFF70BFF224601213046FFF745
:1014E000E7FF25682746023D04F11C094FF020085C
:1014F000EB0705D523466A4631463046FFF783FFA2
:1015000023466A4669466846FFF77DFFB8F1010841
:101510004FEA5505ECD14F4502D057F8045FE5E797
:1015200009B0BDE8F08330B589B004461546684679
:101530000122FFF7DCFE29466846FFF7A9FF69464E
:101540002046FFF739FF09B030BDF0B599B0044629
:101550000D461646114668461F46F2F711F9324607
:10156000694608A8F2F70CF93A4669466846F2F768
:1015700007F908A91E9A0846F2F702F922466946B9
:101580006846F2F745F908A92A460846F2F740F9F5
:101590006A4631463046F2F7F3F86A46694610A8C3
:1015A000F2F7EEF86A4610A96846F2F7E9F810A9D2
:1015B00022460846F2F7E4F808AA11462046F2F758
:1015C000DFF810AA21462046F2F722F910AA214698
:1015D0002046F2F71DF96A4621462046F2F718F92F
:1015E00010A922460846F2F713F910A908AA0846DE
:1015F000F2F7C6F82A4669466846F2F7C1F86A4625
:1016000010A92846F2F704F919B0F0BD08B5FFF7A4
:101610006FFC003818BF0120404208BD00B591B0F2
:10162000024608A96846F2F707F9002818BF6FF0CC
:10163000010011B05DF804FB10B588B001466846A2
:10164000F2F7C6F8202104466846F1F743FC002C67
:101650000CBF20466FF0020008B010BD2B2904D04B
:10166000302912D06FF0850070474FF47A714388AB
:10167000B3FBF1F313604388B3FBF1F001FB1033CC
:101680009BB24B43536000207047037913600023E3
:10169000F8E741F2670398420ADC40F67A53984231
:1016A00008DD0F234000B0FBF3F03530C0B27047C7
:1016B000642070470020704703460A460068197985
:1016C000012303FA01F103691B68194218BF82F074
:1016D000010212B18368DB68184783681B69FBE766
:1016E00000692030FFF7BABF70B504786FF341048A
:1016F000047004F0010504888D42C4F38D0609D1FD
:10170000B24203DD6FF38F04048070BDB61A66F336
:101710008F04F9E7D3E9001314F0010F18BF19463D
:101720008E4208D21644B6F5804FF0D343F6FF73CD
:1017300063F38F04E8E785F0010444F00204E3E773
:10174000008820F0020080B2003818BF01207047E6
:10175000007800F0010070470078C0F34000704747
:1017600008B1D1F75FB87047704740B1C368587887
:1017700010F001001EBF1878B0FA80F040097047E1
:10178000EFF31183202383F31288BFF36F8FFEE7FB
:1017900008B5FFF7F5FF10B5D0E9003433B90020E4
:1017A000E268537843F00103537010BD2046984718
:1017B0000028F4D00028B8BF4042E368FF28A8BF43
:1017C000FF201870ECE700F023BD00F0F9BC704773
:1017D00010B400F10C04C0E903445DF8044BF7F7C2
:1017E0000CB82DE9F04F89B0DDE9126705463B469C
:1017F000914606A83246059100F018FCDDE9063452
:1018000005F1140ACDE90234EFF311844FF02008FA
:1018100088F31288BFF36F8F05F10C0B05994A46C8
:101820002846F6F782FF30B184F31188BFF36F8F3B
:1018300009B0BDE8F08F3E43F6D0DDE9022306A8EB
:1018400000F018FCDDE906675A46CDE9006721463D
:101850005046F3F72DFAEFF3118488F31288BFF3A3
:101860006F8FDBE738B50446EFF31185202383F350
:101870001288BFF36F8FF6F720FF04F10C0000F021
:1018800046FB30B1294604F11400BDE83840F3F7B7
:101890008BBA85F31188BFF36F8F38BD41698368B8
:1018A00043EA010212F003020FD1C2600269013A59
:1018B00001FB023382689A4201D900207047C26856
:1018C0001A604269C3609B1AF4E76FF01500704715
:1018D0002DE9F04105460F46EFF31188202383F3ED
:1018E0001288BFF36F8FC668F6B90468A0421BD098
:1018F000D4B1D4E9003213605A60637BA66023F050
:1019000002036373C4E9006604F1180000F067FB8A
:101910002046E667676100F09BFA414605F1080042
:10192000BDE8F041F3F740BA3E60AB69EF60013BC0
:10193000AB6188F31188BFF36F8FBDE8F08108B504
:101940002024EFF3118384F31288BFF36F8FF7F72E
:10195000BFFFF6E7D0E9003213605A60427B0023F4
:1019600022F00202C0E9003342738360704790F9AD
:101970000E308B4201D0F3F7C7B900207047034601
:101980000020C3E90200C3E900337047D0E9003208
:1019900013605A60427B002322F00202C0E9003348
:1019A0004273836070472DE9F843914604469DF8E1
:1019B00020200D4600F10807EFF31186202181F366
:1019C0001288BFF36F8F02B14568D4F8088047458D
:1019D00018D0B8F1000F15D04046FFF7D7FF08F137
:1019E000180000F0FCFA0023C8F87C30C8F8149006
:1019F000404600F02DFA38463146F3F7D5F900207D
:101A0000BDE8F883ABB108210020F3F749FE0028B8
:101A100038D00122C0F804900260016801F003018F
:101A20005DB922680A430260626820606AB960603A
:101A30000BE0C9F800304846EFE72A68032A16D8B9
:101A40000160616869B9C4E90000042104F1100073
:101A500000F090FB0028CED186F31188BFF36F8F82
:101A6000CEE70A6802F0030202430A60DFE722F0D1
:101A700003020A4302602A6802F0030240EA0203FA
:101A80002B60E2E76FF00B00E6E710B5044630B1DB
:101A90000268930703D0446809B100F08AFB20462E
:101AA00010BD0023C0E9003300F10803C0E9023390
:101AB00000F11003C0E904337047F8B500F10806DF
:101AC000EFF31187202383F31288BFF36F8F8568AC
:101AD000AE4200F1100417D0B5B12846FFF756FF0B
:101AE00005F1180000F07BFA00232846EB676B61D4
:101AF00000F0AEF90821204600F03CFB39463046A4
:101B0000BDE8F840F3F750B90821204600F032FB59
:101B10000028F3D187F31188BFF36F8FF8BD07B5A5
:101B20000123009300230A461946FFF73CFF03B048
:101B30005DF804FB07B500230A4600931946FFF73A
:101B400032FF03B05DF804FB00680021FFF79DBF82
:101B50005AB18A4209D300F11003C0E90212C0E968
:101B60000000C0E90433002070476FF01500704793
:101B7000026801238B4022EA0303036022FA01F08A
:101B800000F001007047704710B5032104460C3087
:101B9000FFF7EEFF30B104F1100000F020FAB0FAC8
:101BA00080F0400910BD20B100221146D03000F075
:101BB000DBB9704770B5C368C3F340069B070446A2
:101BC00016D4856802210C30FFF7D2FF80B1D5F81A
:101BD000C8206AB194421DD122689EB9D5F8CC3094
:101BE000C5F8C8209C4201D1C5F8CC200023236051
:101BF000E36813F01F001EBF43F00203E36040F0F0
:101C0000020070BD3260D5F8CC20944208BFC5F800
:101C1000CC60EBE716461268DBE773B50446EFF3DA
:101C20001185202383F31288BFF36F8F0023A0F167
:101C30001006032104380193FFF79AFF28B1A36926
:101C4000019301A93046F2F76BFD85F31188BFF3CC
:101C50006F8F02B070BD38B504460D4610220021CA
:101C600000F0D6FA656038BDEFF31183202282F3CD
:101C70001288BFF36F8FC06800F01F0083F31188D4
:101C8000BFF36F8F704713B501900846EFF31184CF
:101C9000202383F31288BFF36F8F01A9F2F740FD71
:101CA00084F31188BFF36F8F02B010BD10B5FFF73A
:101CB000EAFF041E08DDEFF31180202383F312886E
:101CC000BFF36F8FF3F782F8204610BD70B50D4655
:101CD000EFF31186202383F31288BFF36F8FF2F79F
:101CE00079FD044686F31188BFF36F8F38B14FF04A
:101CF000FF324FF0FF3305F11000F2F7CDFB204625
:101D000070BD08B5E822002100F082FA08BD38B5A0
:101D1000302204460D46002100F07AFA4FF4807319
:101D20006560E36038BDFFF79FBF38B50446EFF349
:101D30001185202383F31288BFF36F8FFFF724FFF1
:101D40002046FFF737FF85F31188BFF36F8F38BD4B
:101D5000F8B504460D46EFF31186202383F312886D
:101D6000BFF36F8FC36803F01F03002B14BF01275D
:101D7000002705D186F31188BFF36F8F3846F8BD71
:101D8000FFF702FF2046FFF715FF29462046F2F72E
:101D9000A9FC86F31188BFF36F8F0028EED04FF0B7
:101DA000FF324FF0FF3305F10800F2F775FBE5E76E
:101DB000D0E9003213605A60427B002322F0020215
:101DC000C0E90033427383607047EFF30580003849
:101DD00018BF012070476FF057007047D0E90032FC
:101DE00013605A600023C0E90033704708B5FFF75D
:101DF000F5FF437B23F0020343730023836008BD98
:101E000038B504460D46F2F7E1FE637B43F002036A
:101E10006373E5B1A5602B689D4209D16B68C4E985
:101E200000531C606C6012E06A689A42F6D01B682E
:101E3000002BF3D094F90E2093F90E108A42F3D0C0
:101E40009142F1DD5A68C4E9003214605C6038BD2B
:101E500010B5EFF31184202383F31288BFF36F8F43
:101E6000F2F772FE84F31188BFF36F8F10BD08B5CF
:101E7000EFF31181202282F31288BFF36F8F836802
:101E80000BB1FFF7B3FF81F31188BFF36F8F08BD6C
:101E900010B50146EFF31184202383F31288BFF3BA
:101EA0006F8F437B13F0280F0AD183680BB1FFF7C4
:101EB0009DFF4B7B23F004034B730846F2F744FE6F
:101EC00084F31188BFF36F8F10BD01211838FFF71D
:101ED000DFBF08B50346EFF31181202282F3128899
:101EE000BFF36F8F0068834207D008B1FFF77EFF12
:101EF00081F31188BFF36F8F08BD0020F8E710B59C
:101F0000FFF7B5FFBDE81040183000F068B838B5ED
:101F100004680546AC424FF0000000D138BD002CEB
:101F2000FCD02046FFF7EBFF2046FFF791FF2C681F
:101F30000120A542F1E738B50C460546F2F7EEFF61
:101F4000B4F1FF3F08BFB5F1FF3F1FBF47F6FF7376
:101F500000224FF47A71C0FB01321ABFD80B40EA5D
:101F600042404FF0FF3038BD38B5EFF311852023E4
:101F700083F31288BFF36F8F0468A04212D09CB124
:101F8000E16762612046FFF731FF04F1180000F0BD
:101F900026F82046F2F7D8FD012085F31188BFF31B
:101FA0006F8F38BD0020F8E72046F6E710B5F3F74D
:101FB00091F90446F3F796F974B1D4E904321B1A87
:101FC00062EBE072B3F1004F72F1000104DA002A13
:101FD000ACBF1846002010BD6FF00040FBE738B5DD
:101FE0000246EFF31185202383F31288BFF36F8F2E
:101FF000036893B1F3F76EF904461046F3F77CF9E2
:10200000844204D1FFF7D2FF0021EDF71BFA002034
:1020100085F31188BFF36F8F38BD6FF01500F7E7B8
:1020200008B5F3F753FA08BDF3F750BAB3F1FF3F21
:1020300008BFB2F1FF3F70B504461D46164613D0E7
:102040001A4315D06FF00102921B4FF0FF3363EB80
:102050000501002904DAF3F739FA821941EB050189
:10206000C4E90021204670BD4FF0FF321146F7E76A
:102070000022FBE7B3F1FF3F08BFB2F1FF3FF8B525
:10208000074616461C4610D054EA020311D0F3F757
:102090001DFAB0420A46A14103460AD2F31A64EB84
:1020A0000204C7E900343846F8BD4FF0FF331C4640
:1020B000F7E70023FBE710B50446FFF790FFA8B948
:1020C000636A0BB12046984704F11800FFF701FF3F
:1020D00060B1FFF7BDFEEFF31180202383F3128878
:1020E000BFF36F8FBDE81040F2F770BE10BD2DE951
:1020F000F041846805460E46D4B16378012B22D1A5
:1021000014F8533C9A0711D5A4F160073846FFF73D
:10211000F6FE082E0CBF6FF003030023E36114F8F2
:10212000533CDB0602D13846FFF792FE00232370B2
:10213000EB68C3F386321643002066F39433A8603D
:10214000EB60BDE8F081022BF0D12378002BEDD0BD
:1021500054F8048CB8F1000FE8D004F11400FFF734
:102160003EFFA4F114070023E36239464046FFF71F
:102170008AFDDBE738B5EFF31185202383F312885E
:10218000BFF36F8F0468A04211D0D4E9003213600E
:102190005A600023C4E900332046FFF7A8FF85F307
:1021A0001188BFF36F8F201E18BF012038BD002497
:1021B000F5E720B1011F50F8040CFFF753BB70473F
:1021C0000A44914200F1FF3300D1704710B511F875
:1021D000014B03F8014F9142F9D110BD884210B56F
:1021E00001EB020402D98442234607D8431EA142D0
:1021F00008D011F8012B03F8012FF8E7024401463B
:102200008A4200D110BD13F8014D02F8014DF7E7E5
:1022100002440346934200D1704703F8011BF9E7DB
:10222000022B10B509D0920803680C6840F8044BE3
:10223000013A41F8043BF7D110BD02440C78037811
:1022400000F8014B904201F8013BF7D1F4E7F8B5F3
:102250000F46164604461D46984700283146384624
:102260000CDAA847002802DA3C462046F8BD314681
:102270002046A8470028F8DA3446F6E7A8470028A1
:10228000F2DC31462046A8470028F5DAEDE72DE9D3
:10229000F04F95B00646009340EA02039B071446B0
:1022A00018D1B2F1040818BF4FF0010800230193C0
:1022B00004FB01F7F319062906EB040B029328D857
:1022C000029B9B4510D3019B002B40F0178115B05A
:1022D000BDE8F08F4FF00208E8E743462246394652
:1022E0002846FFF79DFF0FE05D460EE02F1B009B89
:1022F000294638469847002809DDB8F1000FECD18F
:102300002B683A682A603B603D46AE42EED3A34458
:10231000D6E74FEA51093F1B072904FB09693744F7
:1023200021D0282944D9CD086543009B06EB4502FE
:1023300071193046FFF78BFF494609EB0502009BF8
:102340008246481BFFF783FF3A46009B8146791B74
:10235000A7EB4500FFF77BFF02464946009B50462E
:10236000FFF775FF8146B8F1000F24D13368D9F823
:1023700000203260C9F80030D946BA465D460023D5
:10238000B94557D803933146009B484698470028E3
:10239000039B2CDC0AD1B8F1000F13D12B68D9F8BC
:1023A00000202A60C9F8003025440123A144E7E752
:1023B0003A46B246D1E74346224649463046FFF701
:1023C0002FFFD9E74346224649462846FFF728FF14
:1023D000EAE70BD1B8F1000F1ED13B68DAF8002014
:1023E0003A60CAF80030AAEB040A01233F1BB94542
:1023F00020D803933146009B384698470028039B1A
:10240000E7DAB8F1000F0ED1D9F800303A68C9F810
:1024100000203B603F1BC8E74346224651463846F2
:10242000FFF7FEFEDFE74346224639464846FFF700
:10243000F7FEEFE7FBB9029B9B45BFF444AF5D4657
:1024400015E04346224639462846FFF7E9FE0DE0EF
:102450002F1B009B294638469847002809DDB8F114
:10246000000FEED12B683A682A603B603D46AE42D1
:10247000EED3A344DFE7A9EB050BAA1B5A45A8BF7F
:102480005A462AB14346A9EB02013046FFF7C8FE7F
:10249000029BA3EB0A02AAEB0705121BAA4228BF64
:1024A0002A462AB102994346891A4846FFF7B8FEE0
:1024B000029B5D455F46A3EB050004D933462F46DA
:1024C00006465D461846A54221D9B5FBF4F1019BAD
:1024D000072B0DD8B7FBF4F714AA02EBC30343F89C
:1024E000406C43F83C7C019B013301930646DFE6D8
:1024F000009B2246FFF7CBFEA7420BD8019B14AAF4
:10250000013B019302EBC30353E91001EEE7A7423D
:102510007FF6D9AEB7FBF4F13046E7E70A22002197
:10252000F3F738B910B501390244904201D10020C7
:1025300005E0037811F8014FA34201D0181B10BD2C
:102540000130F2E710B56AB10139841810F8012B97
:1025500011F8013F9A4203D1A04201D0002AF5D1DF
:10256000D01A10BD1046FCE710B5024601448A425D
:10257000134603D01C780132002CF8D1181A10BD74
:102580002DE9F047C3F13709074688465FFA89F914
:1025900003F01F0516464FF0000A384641462A460A
:1025A0005346C4F7FDFDD4B2092C88BF4C443A46CB
:1025B000434688BFE4B2AA4204F1300473EB0A0335
:1025C00006F8014B07468846E7D23046BDE8F0875B
:1025D0002DE9F04F89B00618994604AB41EB010490
:1025E000009315463046D2E900232146DDF84CB071
:1025F00000F0ABF806AB0093D5E902230746884606
:102600003046214600F0A1F8DDE90463841951EB5E
:102610000306069BD5E900014FF0000228BF012206
:10262000D218079B43F10003381848EB0101B84268
:1026300071EB0801E9680391A96834BF012000200B
:1026400014EB010C039946EB010110EB0C0041F176
:102650000001A04271EB060C34BF4FF0010C4FF0AB
:10266000000CCDE90623A9F1410A1CEB020243F15B
:102670000003CDF800A000F083F8129BC3E900012D
:10268000149B012BDDE9062329D1D5E90201D5E907
:1026900000C5201A66EB0101674578EB050534BFDC
:1026A00001250025401B61F10001844276EB010504
:1026B00034BF01250025521BCDF800A063F10003B3
:1026C00000F05EF8DDE90623CBE90001CDF800A0BB
:1026D0002046314600F054F809B0BDE8F08F17EB02
:1026E000070E48EB080C201946EB0601BE457CEBB3
:1026F000080834BF01270027C71941F10008D5E9B0
:10270000000186457CEB010CD5E9021534BF0120A0
:102710000020381A68F1000C401A6CEB0501921881
:102720005B41A74278EB060534BF0125002552190D
:1027300043F10003874278EB010834BF01250025EF
:10274000521BA9F140050095B8E7F0B50F460446C5
:10275000A0FB0201A7FB02524919A3FB044542F169
:102760000002A7FB0373611845F10004D219059E0E
:1027700043F10003121943F10003C6E90023F0BD41
:10278000F0B5059CC4F14007C4F1200602FA06F634
:10279000A4F12005BB4022FA05F53343C4F120061D
:1027A0002B4301FA06F6A4F12005E04021FA05F5D5
:1027B0003043BA402843E14010431943F0BD2DE9AE
:1027C000F04F55EC104BA446C5F30A54034644EAB7
:1027D0000C0708462946C5F31305302657EA0508B5
:1027E0005E71E146AE4673D10024A1421C716DDAE0
:1027F00001211971A0424FF000041ADA204603F1BA
:1028000012060D25C2F157024FF0300C07F00F01F0
:102810003F0947EA0E774FEA2E1E002940F08680D6
:10282000A84201DB86F800C0013D06F1FF36EDD17C
:1028300075E00C2867DCC0F10D018900012601F16B
:10284000FF3EA1F12108C1F1210726FA07F706FA98
:1028500008F806FA0EF648EA070816EB060A48EBEF
:10286000080BDAF100076BEB4B0E1AF1FF3A4BF154
:10287000FF3B0AEA0C0A0BEA050B564578EB0B0BFB
:1028800010DBC1F1200BB1F1200A05FA0BFB2CFA89
:1028900001F141EA0B015CBF45FA0AFA41EA0A017B
:1028A000C90724D51CEB060C45EB0805B5F5801FC0
:1028B000E1461CDB5979B4F5806F01F101015971D2
:1028C00027D007EA0C070EEA050E98E7002892E7E2
:1028D0005CB13126C90F0028A4F2FF345E71197172
:1028E0000FDB0C28A7DD0D2005E00124F2E707EA45
:1028F00009090EEA0505B4F5806F06D04F46AE46CD
:102900007DE70020F7E70D2079E759EA05051A79F8
:1029100008D01A7942F008021A714FF480641C60E2
:10292000BDE8F08F42F004021A71F8E70929D4BF1C
:1029300030318918A8423170B8BF284674E7D1E910
:10294000043293421EBF5A1C0A611870704700007F
:0C2950000148006870470000E8610020AA
:08295C007848FC7F0100000037
:10296400E1270300000000001DD10400AC2B060089
:102974000D4005000000000031400500000000008B
:10298400B5E00400DC2B0600B5E00400C42B06000F
:10299400FDE405000C2C0600C5D50400F42B06004C
:1029A400E1F20400000000003928030000000000E8
:1029B40000000000942B0600C52403000000000062
:1029C40000000000D42D0600A9C102001C2E060040
:1029D400A9C10200042E0600000000009C2C060081
:1029E40000000000B42C060099730500842C060036
:1029F40000000000A42D06002F740500CC2C060056
:102A040000000000BC2D0600000000006C2C060035
:102A1400000000005C2D060000000000E42C06000D
:102A240000000000742D0600C5C00200442D0600FD
:102A3400A9BA0200FC2C060000000000342E060097
:102A4400000000003C2C0600D36C0500242C06007A
:102A5400A9BA0200142D0600A9BA02002C2D060002
:102A640000000000EC2D060000000000542C0600BD
:102A7400000000008C2D060009EC0500642E060001
:102A840009EC05007C2E060055F002000000000051
:102A9400E99A05004C2E06001D0506000000000002
:102AA4006545050000000000EDD70400942E0600E3
:102AB400ADEB04000C2F060019CF0400C42E060051
:102AC40013ED0500F42E060009DD0400DC2E0600DB
:102AD40000000000AC2E0600292D030000000000B9
:102AE400EDB30400000000003FE20500242F0600BF
:102AF4003FE205003C2F0600F9E204006C2F0600BB
:102B040000000000542F060005F804009C2F060066
:102B1400E93B0500B42F060015E70400842F0600E6
:102B240019C4020000000000F5EC020000000000DF
:102B340011D602000000000025DC020000000000A5
:102B440085E00200000000008DAE020000000000DD
:102B5400A5B302000000000051CB020000000000F9
:102B6400FB7D0500000000007DDF02000000000086
:102B7400A9F30200000000000D960500000000000B
:102B8400B5EF0200000000000DEF0200000000009D
:102B9400FA8806000000000018380600210E002004
:102BA4000000000000000000EA94060034780600EB
:102BB400683206005B0E00205C9C002000000000D0
:102BC4003C950600E0780600FC310600650E002006
:102BD400249D0020000000004A950600F8780600B5
:102BE400FC310600670E0020309D0020000000002C
:102BF400F994060000000000C43106005D0E0020B8
:102C0400B09C0020000000000995060000000000B0
:102C1400BC3106005F0E0020000000000000000030
:102C2400F2880600DE0D0020F83706001F0E002093
:102C34000000000000000000F48906000C8A060071
:102C440008390600230E00200000000000000000E8
:102C5400038A06000D8A060008390600250E0020A6
:102C64000000000000000000278A060000000000A9
:102C740028390600270E0020000000000000000094
:102C8400308A0600E839060048030020290E002097
:102C94000000000000000000418A0600FC39060024
:102CA4004C0300202B0E0020000000000000000058
:102CB4004F8A0600083A0600500300202D0E00201B
:102CC4000000000000000000678A0600183A0600B1
:102CD400540300202F0E002000000000000000001C
:102CE400158C0600000000005C3A0600330E00203C
:102CF4000000000000000000998A0600A43A0600C3
:102D0400043B0600350E0020D848002000000000D7
:102D1400CD8A0600C43A0600043B0600370E0020A4
:102D2400E848002000000000DF8A0600E43A0600BC
:102D3400043B0600390E0020F84800200000000083
:102D4400B88A060058030020283B06003B0E0020EA
:102D54000C49002000000000A88A06009F8B060092
:102D6400483B06003D0E002000000000000000006B
:102D7400868B0600A98B0600903B06003F0E0020C0
:102D84000000000000000000B68B060000000000F8
:102D9400D83B0600410E00200000000000000000A7
:102DA4007C8A060000000000F83B0600430E002069
:102DB4000000000000000000C78B06009403002000
:102DC400183C0600450E0020304900200000000099
:102DD4000F8C060000000000383C0600470E00205F
:102DE4000000000000000000418C0600000000000C
:102DF400C03C0600490E0020000000000000000056
:102E0400F28B0600C80D0020E03C06004B0E0020AB
:102E1400201E0020000000004F8C0600D20D002070
:102E2400E03C06004D0E0020781E0020000000004B
:102E3400DB8C0600000000004C5106004F0E002001
:102E44000000000000000000C88F0600901300205E
:102E5400DC5E0600510E0020046200200000000029
:102E64006695060040790600203206006B0E0020AD
:102E74007C9D00200000000079950600487906003A
:102E8400203206006D0E0020909D002000000000FE
:102E9400189506004C780600E4310600610E002007
:102EA400480B0020380B0020CC6506000000000011
:102EB4005C320600530E00203C7E0020000000001F
:102EC400DD94060000000000B0310600590E002019
:102ED40000000000280B00202295060000000000DE
:102EE400CC310600630E002000000000000000004A
:102EF4009A950600507906004C320600710E0020A7
:102F04000C0C0020FC0B0020A7950600BC790600E1
:102F140054320600730E00208C0C00207C0C002020
:102F240092940600E077060010780600550E002003
:102F34008C9100200000000092940600F8770600AF
:102F440010780600570E0020A49100200000000015
:102F5400818A06000000000000000000310E0020FD
:102F640000000000000000005895060010790600DB
:102F740034790600690E0020A0020020800B002096
:102F84008C95060000000000303206006F0E002011
:102F9400A49D002000000000B8950600407A0600B9
:102FA4006C7A0600750E0020D84300200000000053
:102FB400889806004084060054840600770E00209A
:082FC400980D00200000000040
:102FCC001D0206008500060000000000BB980500ED
:102FDC0000000000BB9805000D1E050085000600D2
:102FEC0000000000BB98050000000000BB98050025
:102FFC00D509050085000600C42E06006DCF04001F
:10300C0000000000BB98050000000000BB98050004
:10301C0000000000BB98050000000000BD7B040010
:10302C00842F060085E60400B09C002035D60400F1
:10303C0000000000C1B1040000000000BB980500B6
:10304C0000000000BB9805000000000071F30400B4
:10305C0000000000BB98050000000000BB980500B4
:10306C0000000000BB98050000000000BB980500A4
:10307C0000000000BB98050000000000BB98050094
:10308C0000000000ED7B040000000000BB98050070
:10309C0000000000BB98050000000000BB98050074
:1030AC0000000000BB98050000000000BB98050064
:1030BC0000000000BB98050000000000BB98050054
:1030CC0000000000BB98050000000000BB98050044
:1030DC0000000000BB98050045180500850006009F
:1030EC0000000000BB98050000000000BB98050024
:1030FC0000000000BB98050059C3040085000600C1
:10310C0000000000BB980500451405008500060072
:10311C0000000000BB98050000000000BB980500F3
:10312C0000000000BB98050000000000BB980500E3
:10313C0000000000BB98050000000000BB980500D3
:10315000F841002000D900200004000075B20400EE
:10316000000000000000000000000000000000005F
:10317000000000008C940600000000000000000029
:103180008023002080B200200010000091F2020095
:103190000000000000000000000000000E00000021
:1031A00000000000969006000000000000000000F3
:0C31B00051CC040085CD04005802000042
:1031BC0001E50500000000006DD50400C5D4040035
:1031CC0083E7050039DF04001DDE040001DD040087
:1031DC004FE70500F1DC0400B5DA0400A5D90400C2
:1031EC00F1DB0400D5D60400CFE50500C5D60400FC
:1031FC0049E10400ABE70500B9E70500D1E705009C
:10320C00DDE70500E9E70500B5DF040003E805008C
:04321C0000000000AE
:1032200073EB050089EB0500B9EB0500E9EB050040
:103230000000000000000000000000009DE6040007
:0C32400059E6040000000000000000003F
:10324C00C5E70400EFEC05003DED0400BDEF050003
:0C325C00EDD503006DD4030085D70300FE
:1032680075D1040067E40500C9E40500000000000A
:0C32780003E4050000000000000000005E
:10328400050000009D61030000000000060000002E
:103294002D8E0300000000000400000041660300BE
:0432A4000000000026
:1032A8000861060008000000A86106000700000089
:1032B800405E060005000000B4530600060000004A
:1032C800B45D0600070000000C5206001300000061
:0832D800205D06000400000067
:1032E000258906000000000000000000F9AF020080
:1032F00085AF0200000000001792060000000000E9
:1033000000000000E92903007D2C030000000000FC
:10331000209406000100000000000000EDBE050042
:1033200000000000000000002F94060001000000D3
:1033300000000000B9C60500000000000000000009
:1033400027940600010000000000000069720300DD
:10335000357D0300000000007494060001000000A9
:10336000000000004FDF0500A9A0030000000000DE
:10337000359406000100000000000000E175030024
:103380000177030000000000818C060000000000AF
:103390000000000059CC0200000000000000000006
:1033A000D48C0600000000000000000091CE020056
:1033B0005DCE020000000000488906000000000009
:1033C0000000000055B302000000000000000000F3
:1033D0000000000081AE020000000000542F060033
:1033E00079B60200000000009C2F06008DB6020096
:1033F00000000000D42D0600A1B60200000000006D
:103400001C2E0600B5B6020000000000042E0600C7
:08341000C9B602000000000033
:10342000000000000B000400A0000000F0000000FD
:1034300000000000000160003000000000000000FB
:10344000022A48C2B1CFC567C907719600000000C3
:1034500000022A48C2B1CFC567C9077196000100B2
:103460000000022A48C2B1CFC567C907719600069D
:10347000000000022A48C2B1CFC567C90771960093
:1034800002000000022A48C2B1CFC567C907719681
:10349000000500000000060006001E00900100006C
:1034A000000000006000600000000000000000005C
:1034B00045F1020000000000FFFFFFFF000103FFD5
:1034C00004FF0200000106020100000000010201E9
:1034D00004040404FF000000FF000000FF000000DF
:1034E000FF000000FF000000FF000000FF000000E0
:1034F000FF000000FF000000FF000000FF000000D0
:10350000FF00000093980600000100000001000881
:1035100012000000000000000C000C001E009001D2
:1035200001030062746C65000000000000000000F0
:10353000000000000000000000000000000000008B
:10354000000000000000000000000000000000007B
:10355000000000000001000000000000000000006A
:103560000338FDD870470000010000000000000093
:10357000050000000000000019000000000000002D
:103580007D0000000000000071020000000000004B
:10359000350C000000000000093D000000000000A4
:1035A0002D31010000000000E1F5050000000000E1
:1035B00065CD1D0000000000F9029500000000002C
:1035C000DD0EE90200000000514A8D0E00000000EF
:1035D0009573C24800000000E941CC6B0100000077
:1035E0008D49FD1A07000000C16FF286230000001C
:1035F000C52EBCA2B1000000D9E9AC2D78030000B3
:103600003D9160E45811000031D6E275BC560000CF
:10361000F52E6E4DAEB10100C9EA26836778080029
:10362000ED95C28F055A2A00A1EDCCCE1BC2D30066
:1036300025A4000A8BCA220400000000000000003C
:10364000000000000000001000000000000000006A
:10365000B9340332B7F4AD1410DB1AB30892540E28
:103660000D307D951447BA1A66088F4D26ADC66D8C
:10367000F598BF85E2B74511CA96853D92BD1DEB11
:10368000FCA11860DCEF52163C92AE220BB8C1B41C
:10369000839D2D5B0562DA1C304C7E8F4E8BB25BB6
:1036A00016F4529F8B56A512FBD4827643ED8AF016
:1036B0008FE7F9311565191850F19BD94A13EEB40B
:1036C000284CF0A686C1251F035FC270CB9E491609
:1036D000E642889C44EB2014B0650836AD6EA585A3
:1036E00085F0CA14E2FD031A0B899979D5B13D0919
:1036F000D8DA973A35EBCF10AC363F5E73BB38CF94
:103700003E6752FA44AFBA15010000000000000005
:103710000000000000000020345065C05FC9A652C0
:10372000BB13CBAEC440C21806C8DF7100D5A87C5D
:10373000F56F0FDA58FC27136E4756357D24206548
:1037400002C7E768E48CA41DE9E60268D7CD3961B9
:103750007977FCC2405BEF16798CDE43FFA751F905
:1037600091F3B278F5BDBE11E857E9D6E8BEE87B23
:10377000B054AC8F848D751BEA23A499E9F9D38BDF
:10378000B7A3714061DA3E15CEE33ECB73F948082A
:103790008C97B427D51B7010A2BFEFB9EB853215FB
:1037A0004DB44DB49BBB6F1996B6076CF8E7EEAD00
:1037B00036D9B4F59135AE13222218AF4E6A684D52
:1037C00091DAAA3D4F40741E9FBD9EE006A1C098AD
:1037D00057C2A7FDA40E90170E7D497173E3208F89
:1037E000B220D87605143B12853D7434811343B062
:1037F000AD297A5F27F4351C0200000000000000AC
:10380000D76C0500E36C050000000000000000001C
:10381000D96E050000000000EF6C05003DAE02000F
:103820000DAE020001AE02001F6D05003838060023
:1038300028000000040A050001000000020000004A
:103840000300000004000000050000000600000066
:103850000700000008000000090000000A00000046
:103860000B0000000C0000000D0000000E00000026
:103870000F00000010000000110000001200000006
:1038800013000000140000001500000016000000E6
:103890001700000018000000190000001A000000C6
:1038A0001B0000001C0000001D0000001E000000A6
:1038B0001F00000020000000210000002200000086
:1038C0002300000024000000260000002500000066
:1038D0002700000028000000DC3806005989060097
:1038E0002C3806006C2F06000000000048850600FA
:1038F000280000006189060087890600A289060069
:10390000BD890600CE89060001000000000000000D
:1039100065700500000000000000000000000000CD
:10392000D96E0500000000000200000039B6020058
:10393000E1B50200BB7005000000000000000000BF
:103940000000000000000000040000000000000073
:1039500058390600000000000300000000000000CD
:1039600068390600000000000200000000000000AE
:10397000783906000000000001000000020000008D
:103980008839060000000000842C060002000000B8
:1039900000000000000000009C2C06000100000058
:1039A0000100000001000000000000000300000012
:1039B000B839060000000000842C06000400000056
:1039C00000000000000000009C2C06000100000028
:1039D0003000000001000000B42C060000000000D0
:1039E00000000000000000000100000001000000D5
:1039F000020000007A8706007887060002000000B7
:103A000002000000000001000200000004000000AD
:103A10000100080000000600000000000300000094
:103A2000010000007C8706002C3A06000000000020
:103A30007C8A06000000000000000000000000007A
:103A40007C8A06000000000000000000000000006A
:103A50007C8A06000000000000000000000000005A
:103A600000000000D7750500C375050000000000C8
:103A700000000000000000007C3A06000100000089
:103A8000843A060001000000943A0600000000009D
:103A900000000000958A0600000000000000000001
:103AA00003000000C8000000A88A0600B88A0600CB
:103AB000FFFFFFFFFFFFFFFF00000000000000000E
:103AC00000000000C8000000A88A0600158C06004F
:103AD000FFFFFFFFFFFFFFFF0200000000000000EC
:103AE00000000000C8000000158C0600158C0600C0
:103AF00000000000FFFFFFFF0100000000000000C9
:103B000000000000000000000000000089BD02006D
:103B1000C1BC020000000000000000005577050055
:103B20000000000099BE020000000000000000003C
:103B3000B37905007979050000000000000000005D
:103B4000A777050000000000000000000000000052
:103B5000277A0500057A050000000000000000003B
:103B600000000000683B060001000000703B0600FA
:103B700001000000803B0600000000000000000083
:103B8000A38B0600000000000000000004000000FD
:103B90000000000000000000557A0500497A050089
:103BA000000000000000000000000000B03B060024
:103BB00001000000B83B060001000000C83B060001
:103BC0000000000000000000A38B060000000000C1
:103BD00000000000040000000000000000000000E1
:103BE0007B7A0500877A05000000000000000000D5
:103BF000D96E050000000000000000000000000079
:103C0000937A05009F7A0500000000000000000084
:103C1000D96E050000000000000000000000000058
:103C2000000000000000000025C10200AB7A050082
:103C30000000000000000000000000000000000084
:103C4000D37B0500AF7B05000000000000000000F2
:103C500000000000583C060001000000603C060027
:103C600005000000703C060000000000000000009D
:103C70001F8C060001000000000000000100000091
:103C8000238C06000200000000000000010000007C
:103C9000278C060004000000000000000100000066
:103CA0002B8C06000800000000000000010000004E
:103CB0002F8C060010000000000000000100000032
:103CC0000000000000000000037C0500F77B0500F9
:103CD0000000000000000000D96E05000000000098
:103CE0000000000000000000D17C0500A57C05005C
:103CF00000000000000000000000000000000000C4
:103D0000C9C602001E0000001F0000000200FFFFE5
:103D1000320000000000000000000000158C0600CA
:103D2000E200070000000000000000005F7D0500C9
:103D30008B8C0600697D05008D7E0500000000006B
:103D4000158C0600140007000000000000000000B1
:103D5000158C06001A00070000000000000000009B
:103D6000158C06000800070000000000000000009D
:103D7000158C060015000700000000000000000080
:103D8000158C06001700070000000000000000006E
:103D9000158C06001C000700000000000000000059
:103DA000158C06001800070000000000000000004D
:103DB000158C06000C000700000000000000000049
:103DC000158C060012000700000000000000000033
:103DD000158C060013000700000000000000000022
:103DE000158C060004000700000000000000000021
:103DF000158C0600160007000000000000000000FF
:103E0000158C0600070007000000000000000000FD
:103E1000158C0600090007000000000000000000EB
:103E2000158C06000A0007000000000000000000DA
:103E3000158C06000B0007000000000000000000C9
:103E4000158C06000D0007000000000000000000B7
:103E5000158C06000E0007000000000000000000A6
:103E6000158C06000F000700000000000000000095
:103E7000158C06002D000700000000000000000067
:103E8000DF8A0600E10007001D00070000000000B7
:103E9000158C06001B000700000000000000000059
:103EA000158C06000600070000000000000000005E
:103EB000158C06001900070000000000000000003B
:103EC000158C06000500070000000000000000003F
:103ED000158C060011000700000000000000000023
:103EE000158C060010000700000000000000000014
:103EF000158C0600360007000000000000000000DE
:103F0000158C0600370007000000000000000000CC
:103F1000DF8A0600E100070038000700000000000B
:103F2000158C0600E0000700000000000000000003
:103F3000158C0600E30007000000000000000000F0
:103F4000158C060090000700000000000000000033
:103F5000CD8A060006000000910007000000000066
:103F6000CD8A0600020000002C00070000000000BF
:103F7000A88A060007000000000000000000000002
:103F8000158C06002A000700000000000000000059
:103F9000158C06001F000702000000000000000052
:103FA000CD8A060004000000280007000000000081
:103FB000DF8A0600E20007004C0007000000000056
:103FC000158C06001400070000000000000000002F
:103FD000158C06001A000700000000000000000019
:103FE000158C06000800070000000000000000001B
:103FF000158C0600150007000000000000000000FE
:10400000158C0600170007000000000000000000EB
:10401000158C06001C0007000000000000000000D6
:10402000158C0600180007000000000000000000CA
:10403000158C06000C0007000000000000000000C6
:10404000158C0600120007000000000000000000B0
:10405000158C06001300070000000000000000009F
:10406000158C06000400070000000000000000009E
:10407000158C06001600070000000000000000007C
:10408000158C06000700070000000000000000007B
:10409000158C060009000700000000000000000069
:1040A000158C06000A000700000000000000000058
:1040B000158C06000B000700000000000000000047
:1040C000158C06000D000700000000000000000035
:1040D000158C06000E000700000000000000000024
:1040E000158C06000F000700000000000000000013
:1040F000158C06002D0007000000000000000000E5
:10410000DF8A0600E10007001D0007000000000034
:10411000158C06001B0007000000000000000000D6
:10412000158C0600060007000000000000000000DB
:10413000158C0600190007000000000000000000B8
:10414000158C0600050007000000000000000000BC
:10415000158C0600110007000000000000000000A0
:10416000158C060010000700000000000000000091
:10417000158C06003600070000000000000000005B
:10418000158C06003700070000000000000000004A
:10419000DF8A0600E1000700380007000000000089
:1041A000158C0600E0000700000000000000000081
:1041B000158C0600E300070000000000000000006E
:1041C000158C0600900007000000000000000000B1
:1041D000CD8A0600060000009100070000000000E4
:1041E000CD8A0600030000002C000700000000003C
:1041F000CD8A060007000000E20007000000000072
:10420000158C06002A0007000000000000000000D6
:10421000158C06001F0007020000000000000000CF
:10422000CD8A0600050000002800070000000000FD
:10423000158C06004C000700000000000000000084
:10424000158C0600040007080000000000000000B4
:10425000158C06001B00070800000000000000008D
:10426000158C060006000708000000000000000092
:10427000158C06001900070800000000000000006F
:10428000158C06000900070800000000000000006F
:10429000158C060036000702000000000000000038
:1042A000158C060037000702000000000000000027
:1042B000158C06002300070200000000000000002B
:1042C000158C06002200070200000000000000001C
:1042D000158C06002100070200000000000000000D
:1042E000158C06002B0007000000000000000000F5
:1042F000158C0600E300070000000000000000002D
:10430000158C06002B0007020000000000000000D2
:104310000F8C0600010000000000000000000000FB
:104320000F8C0600020000000000000000000000EA
:10433000158C0600260007020000000000000000A7
:10434000158C060027000702000000000000000096
:10435000158C06001F00070200000000000000008E
:10436000158C060024000702000000000000000079
:10437000158C060034000702000000000000000059
:10438000158C0600E100070000000000000000009E
:10439000B68B0600000000000000000000000000D6
:1043A000B68B0600000000000000000000000000C6
:1043B000B68B0600000000000000000000000000B6
:1043C0000F8C060004000000000000000000000048
:1043D000158C06002F000700000000000000000000
:1043E000158C0600300007000000000000000000EF
:1043F000158C06001E0007020000000000000000EF
:10440000158C0600380007020000000000000000C4
:10441000158C0600340007000000000000000000BA
:10442000158C0600E00007000000000000000000FE
:10443000B68B060000000000000000000000000035
:10444000B68B060000000000000000000000000025
:10445000B68B060000000000000000000000000015
:10446000B68B060000000000000000000000000005
:10447000B68B0600000000000000000000000000F5
:10448000158C06002A000700000000000000000054
:10449000B68B0600000000000000000000000000D5
:1044A000158C060028000700000000000000000036
:1044B000158C06002000070200000000000000002C
:1044C000158C060004000701000000000000000039
:1044D000158C06001B000701000000000000000012
:1044E000158C060006000701000000000000000017
:1044F000158C0600190007010000000000000000F4
:10450000158C0600090007030000000000000000F1
:10451000158C0600360007020000000000000000B5
:10452000158C0600370007020000000000000000A4
:10453000158C0600230007020000000000000000A8
:10454000158C060022000702000000000000000099
:10455000158C06002100070200000000000000008A
:10456000158C06002B000700000000000000000072
:10457000158C0600E20007000000000000000000AB
:10458000158C06002B000702000000000000000050
:104590000F8C060001000000000000000000000079
:1045A0000F8C060002000000000000000000000068
:1045B000158C060026000702000000000000000025
:1045C000158C060027000702000000000000000014
:1045D000158C06001F00070200000000000000000C
:1045E000158C0600240007020000000000000000F7
:1045F000158C0600340007020000000000000000D7
:10460000158C0600E100070000000000000000001B
:10461000B68B060000000000000000000000000053
:10462000B68B060000000000000000000000000043
:10463000B68B060000000000000000000000000033
:104640000F8C0600040000000000000000000000C5
:10465000158C06002F00070000000000000000007D
:10466000158C06003000070000000000000000006C
:10467000158C06001E00070200000000000000006C
:10468000158C060038000702000000000000000042
:10469000158C060034000700000000000000000038
:1046A000158C0600E000070000000000000000007C
:1046B000B68B0600000000000000000000000000B3
:1046C000B68B0600000000000000000000000000A3
:1046D000B68B060000000000000000000000000093
:1046E000B68B060000000000000000000000000083
:1046F000B68B060000000000000000000000000073
:10470000158C06002A0007000000000000000000D1
:10471000B68B060000000000000000000000000052
:10472000158C0600280007000000000000000000B3
:10473000158C0600200007020000000000000000A9
:10474000158C060029000700000000000000000092
:10475000B68B060000000000000000000000000012
:10476000B68B060000000000000000000000000002
:10477000158C060052000708000000000000000031
:10478000B68B0600000000000000000000000000E2
:10479000158C06001A000708000000000000000049
:1047A000158C060050000708000000000000000003
:1047B0000F8C060004000000000000000000000054
:1047C000158C06004F0007080000000000000000E4
:1047D000158C06004A0007000000000000000000E1
:1047E000158C06002B0007000000000000000000F0
:1047F000158C0600E3000700000000000000000028
:10480000158C06002B0007020000000000000000CD
:10481000158C060050000708000000000000000092
:10482000158C06004F000708000000000000000083
:10483000158C06004B00070100000000000000007E
:104840000F8C0600010000000000000000000000C6
:10485000158C060052000700000000000000000058
:104860000F8C0600020000000000000000000000A5
:10487000158C06004B00070000000000000000003F
:10488000158C0600E1000700000000000000000099
:10489000B68B0600000000000000000000000000D1
:1048A000B68B0600000000000000000000000000C1
:1048B000158C0600510007080000000000000000F1
:1048C000B68B0600000000000000000000000000A1
:1048D000158C06004E0007010000000000000000DB
:1048E000158C0600500007000000000000000000CA
:1048F000158C0600510007000000000000000000B9
:10490000158C06004F0007000000000000000000AA
:10491000158C06004E00070000000000000000009B
:10492000158C0600E00007000000000000000000F9
:10493000B68B060000000000000000000000000030
:10494000B68B060000000000000000000000000020
:10495000B68B060000000000000000000000000010
:10496000B68B060000000000000000000000000000
:10497000B68B0600000000000000000000000000F0
:10498000B68B0600000000000000000000000000E0
:10499000158C06001700070800000000000000004A
:1049A000B68B0600000000000000000000000000C0
:1049B000158C06004D0007000000000000000000FC
:1049C000158C060029000700000000000000000010
:1049D000B68B060000000000000000000000000090
:1049E000B68B060000000000000000000000000080
:1049F000158C0600520007080000000000000000AF
:104A0000B68B06000000000000000000000000005F
:104A1000158C06001A0007010000000000000000CD
:104A2000158C060050000704000000000000000084
:104A30000F8C0600040000000000000000000000D1
:104A4000158C06004F000704000000000000000065
:104A5000158C06004A00070000000000000000005E
:104A6000158C06002B00070000000000000000006D
:104A7000158C0600E20007000000000000000000A6
:104A8000158C06002B00070200000000000000004B
:104A9000158C060050000708000000000000000010
:104AA000158C06004F000708000000000000000001
:104AB000158C06004B0007010000000000000000FC
:104AC0000F8C060001000000000000000000000044
:104AD000158C0600520007000000000000000000D6
:104AE0000F8C060002000000000000000000000023
:104AF000158C06004B0007000000000000000000BD
:104B0000158C0600E1000700000000000000000016
:104B1000B68B06000000000000000000000000004E
:104B2000B68B06000000000000000000000000003E
:104B3000158C06005100070800000000000000006E
:104B4000B68B06000000000000000000000000001E
:104B5000158C06004E000701000000000000000058
:104B6000158C060050000700000000000000000047
:104B7000158C060051000700000000000000000036
:104B8000158C06004F000700000000000000000028
:104B9000158C06004E000700000000000000000019
:104BA000158C0600E0000700000000000000000077
:104BB000B68B0600000000000000000000000000AE
:104BC000B68B06000000000000000000000000009E
:104BD000B68B06000000000000000000000000008E
:104BE000B68B06000000000000000000000000007E
:104BF000B68B06000000000000000000000000006E
:104C0000B68B06000000000000000000000000005D
:104C1000158C0600170007010000000000000000CE
:104C2000B68B06000000000000000000000000003D
:104C3000158C06004D000700000000000000000079
:104C4000158C06003A00070000000000000000007C
:104C5000158C06003B00070000000000000000006B
:104C6000158C06003C00070000000000000000005A
:104C7000158C06003D000700000000000000000049
:104C8000158C06003E000700000000000000000038
:104C9000158C06002E000702000000000000000036
:104CA000158C06002D000700000000000000000029
:104CB000158C060024000700000000000000000022
:104CC000158C060025000700000000000000000011
:104CD000158C060026000700000000000000000000
:104CE000158C06003F0007000000000000000000D7
:104CF000158C0600400007000000000000000000C6
:104D0000158C0600410007000000000000000000B4
:104D1000158C0600420007000000000000000000A3
:104D2000158C060043000700000000000000000092
:104D3000158C06002E000700000000000000000097
:104D4000158C060033000702000000000000000080
:104D5000158C060021000700000000000000000084
:104D6000158C060022000700000000000000000073
:104D7000158C060023000700000000000000000062
:104D8000158C060044000700000000000000000031
:104D9000158C060045000700000000000000000020
:104DA000B68B0600000000000000000000000000BC
:104DB000B68B0600000000000000000000000000AC
:104DC000B68B06000000000000000000000000009C
:104DD000158C0600250007020000000000000000FE
:104DE000158C0600380007000000000000000000DD
:104DF000158C06001E0007000000000000000000E7
:104E0000158C06001F0007000000000000000000D5
:104E1000158C0600200007000000000000000000C4
:104E2000B68B06000000000000000000000000003B
:104E3000B68B06000000000000000000000000002B
:104E4000B68B06000000000000000000000000001B
:104E5000B68B06000000000000000000000000000B
:104E6000B68B0600000000000000000000000000FB
:104E7000B68B0600000000000000000000000000EB
:104E8000158C06002A00070000000000000000004A
:104E9000158C06001F000702000000000000000043
:104EA000158C06002800070000000000000000002C
:104EB000158C06002700070000000000000000001D
:104EC000418C06000000000000000000000000000F
:104ED000B68B06000000000000000000000000008B
:104EE000B68B06000000000000000000000000007B
:104EF000B68B06000000000000000000000000006B
:104F0000B68B06000000000000000000000000005A
:104F1000DB8C060003000000000000000000000021
:104F2000DB8C060003000000010000000000000010
:104F3000DB8C0600030000000200000000000000FF
:104F4000DB8C0600030000000300000000000000EE
:104F5000DB8C0600030000000400000000000000DD
:104F6000B68B0600000000000000000000000000FA
:104F7000B68B0600000000000000000000000000EA
:104F8000B68B0600000000000000000000000000DA
:104F9000B68B0600000000000000000000000000CA
:104FA000B68B0600000000000000000000000000BA
:104FB000B68B0600000000000000000000000000AA
:104FC000B68B06000000000000000000000000009A
:104FD000B68B06000000000000000000000000008A
:104FE000B68B06000000000000000000000000007A
:104FF000B68B06000000000000000000000000006A
:10500000B68B060000000000000000000000000059
:10501000B68B060000000000000000000000000049
:10502000B68B060000000000000000000000000039
:10503000B68B060000000000000000000000000029
:10504000B68B060000000000000000000000000019
:10505000B68B060000000000000000000000000009
:10506000F2880600000000000000000000000000C0
:10507000B68B0600000000000000000000000000E9
:10508000B68B0600000000000000000000000000D9
:10509000DB8C0600000000000000000000000000A3
:1050A000B68B0600000000000000000000000000B9
:1050B000B68B0600000000000000000000000000A9
:1050C000868B0600000000000000000000000000C9
:1050D000868B0600010000000000000000000000B8
:1050E000B68B060000000000000000000000000079
:1050F000B68B060000000000000000000000000069
:10510000038A06000000000000000000000000000C
:10511000418C0600000000000000000000000000BC
:10512000F4890600000000000000000000000000FC
:10513000DB8C06000400000000000000E58C060087
:10514000FD8C0600198D0600338D0600000000005E
:1051500000000000D97E0500CD7E050000000000A3
:1051600000000000000000006C510600020000007A
:105170007451060004000000C45106000000000045
:105180000000000002000000A45106000100000021
:1051900094510600BE8D06000000000005000000CE
:1051A000020000005C8D060003000000000000000B
:1051B000010000006B8D06000500000000000000EB
:1051C000010000007E8D06000100000000000000CC
:1051D000010000008B8D06000200000000000000AE
:1051E000010000009C8D060004000000000000008B
:1051F00001000000AF8D060000000000000000006C
:1052000001000000738E060000000000E687060023
:10521000BDC2050000000000E2870600000001009A
:10522000DE8706000FC8050000000000A005002072
:1052300000000100D687060047800500000000003E
:10524000100E002000000100D28706000FC80500E4
:10525000000000009805002000000100CA87060039
:1052600009DC020000000000000000000000040053
:10527000C68706000FC8050000000000900500204A
:1052800000000100BE8706008D80050000000000C0
:105290000000000000000400BA8706008FC205006D
:1052A0000D7803004405002000000C00B6870600BE
:1052B0002F800500000000000E0E002000000400FA
:1052C000B28706000FC80500000000003C05002062
:1052D00000000100AA8706005F80050000000000B2
:1052E0000000000000000400A68706008FC2050031
:1052F0000D780300F004002000000C00A2870600D7
:105300002F800500000000000C0E002000000400AB
:105310009E8706000FC8050000000000E80400207A
:1053200000000100968706000180050000000000D3
:105330000000000000000400928706008FC20500F4
:105340000D7803009C04002000000C008E870600EE
:105350002F800500000000000A0E0020000004005D
:105360008A8706000FC80500000000009404002092
:10537000000001008287060000000000DB7F0500BE
:10538000B3A70020000002003B8F0600608F0600DC
:1053900001DF02007A8F06002181050099DF0200FB
:1053A00025E20200C5DF0200B9DF02000DE10200C4
:1053B00019EC02000E880600BDC2050000000000C6
:1053C0000A88060000000100068806000FC80500D4
:1053D000000000008806002000000100FE87060093
:1053E0009B81050000000000B8A70020000001001C
:1053F000FA8706008FC205000D7803003C060020E6
:1054000000000300F6870600A5C8050000000000A4
:105410001288060000000100F28706007DC8050022
:1054200000000000BB8F060000000100078205009D
:10543000F1810500000000000000000049F00200BA
:10544000000000007E90060000000000705406007E
:10545000645406000000000000000000020000008C
:105460000500000080550600DC5B0600000000001F
:105470000938012002000400153801200200040050
:1054800000000000B05406009C540600000000001C
:10549000000000000500000005000000585506004F
:1054A000D4550600BC570600005C06000000000052
:1054B0000412004009380140080004000D38014082
:1054C0000800140011380140080018001538014088
:1054D0000800240000000000FC540600F054060000
:1054E00000000000000000000200000002000000B8
:1054F000845406004C5406000000000005380140AA
:1055000004002C00093801400400060000000000DF
:105510003855060028550600000000000000000075
:105520000400000005000000085606001858060098
:10553000905C060000000000041200400D3801409D
:105540000800040011380140080008001538014027
:1055500008001C000000000074550600705506008D
:105560000000000000000000020000000200000037
:105570000000000004300212083202120000000095
:105580009C55060098550600000000000000000031
:1055900001000000010000000000000004320212BF
:1055A00000000000C0550600BC55060000000000C9
:1055B00029F60500020000000200000000000000C3
:1055C0000557010000000800095601000800080006
:1055D00000000000F4550600EC5506000000000035
:1055E000000000000300000004000000A4550600B5
:1055F00000000000053801400400100008320414C7
:105600001030041400000000245606002056060046
:105610000000000000000000040000000400000082
:105620000000000004300212083002120C30021296
:1056300010300212000000006456060050560600AA
:105640000000000029F6050006000000060000002A
:10565000DC560600FC56060094560600BC560600B2
:105660000000000005570100000008000938014053
:105670000C0001000C320C44113801400C000800F1
:10568000153801400C000800193801400C000100D9
:1056900000000000B0560600AC56060000000000F6
:1056A00000000000020000000200000000000000F6
:1056B000041200400812044000000000D856060002
:1056C000D4560600000000000000000000000000AA
:1056D000000000000000000000000000F856060076
:1056E000F45606000000000000000000000000006A
:1056F0000000000000000000000000001857060035
:105700001457060000000000000000000200000026
:1057100002000000000000000411004008110440D5
:1057200000000000485706003C570600000000003B
:1057300029F60500020000000200000038560600AD
:10574000385606000000000005680100000008004F
:105750000968010008000800000000007C570600EE
:10576000745706000000000029F605000300000041
:10577000030000002457060000000000041200404F
:1057800009570100040008000D6801000C00080022
:1057900000000000B0570600AC57060000000000F3
:1057A00029F60500010000000100000000000000D3
:1057B000056201000000080000000000E05706003C
:1057C000D4570600000000000000000002000000A6
:1057D00002000000945706005C570600000000001D
:1057E0000538014004000800093801400400140095
:1057F00000000000105806000C58060000000000D1
:105800000000000001000000010000000000000096
:10581000041200400000000038580600305806000E
:105820000000000000000000020000000200000074
:10583000F457060000000000043004140938014049
:1058400004000400000000006458060060580600D0
:10585000000000000000000007000000070000003A
:105860000000000004130040081304400C1308401B
:1058700010130C4014131040181314401C1318403C
:1058800000000000A45806009C580600000000001C
:1058900029F605000200000002000000485806003A
:1058A0000000000005570100000008000968010021
:1058B0000800080000000000D8580600D058060074
:1058C0000000000029F605000200000002000000B0
:1058D000845806000000000004120040096801001E
:1058E00004000800000000000459060000590600EA
:1058F00000000000000000000300000003000000A2
:105900000000000004130040081204400C1208407C
:1059100000000000345906002C5906000000000069
:1059200029F605000300000003000000E858060007
:1059300000000000041200400957010004000800A4
:105940000D6801000C000800000000006C59060002
:10595000645906000000000029F60500030000005D
:105960000300000014590600000000000568010053
:1059700000000800081208400C120C400000000053
:105980009C59060098590600000000000000000025
:1059900002000000020000000000000004120040AD
:1059A000091701000400140000000000C859060097
:1059B000C4590600000000000000000002000000C2
:1059C0000200000000000000041200400812044021
:1059D00000000000F0590600EC590600000000002D
:1059E00000000000010000000100000000000000B5
:1059F0000412004000000000145A0600105A06006D
:105A00000000000000000000000000000000000096
:105A10000000000000000000345A0600305A060062
:105A20000000000000000000020000000200000072
:105A300000000000041200400812044000000000B2
:105A4000605A0600585A06000000000000000000DE
:105A50000300000003000000E858060000000000FA
:105A600004120040081104400D1801400C000C0005
:105A700000000000945A06008C5A06000000000046
:105A8000000000000200000002000000145906009F
:105A9000000000000538014004001400083204141E
:105AA00000000000C05A0600BC5A060000000000BA
:105AB00000000000000000000000000000000000E6
:105AC00000000000E45A0600DC5A06000000000056
:105AD000000000000200000002000000A45A0600BE
:105AE0000000000005380120020001000832021207
:105AF00000000000145B06000C5B060000000000C4
:105B0000000000000200000002000000145906001E
:105B100000000000041200400918014008001400B1
:105B200000000000445B06003C5B06000000000033
:105B3000000000000200000002000000F45A06000D
:105B4000000000000538014004001C000832041465
:105B500000000000745B06006C5B060000000000A3
:105B60000000000002000000020000004C59060086
:105B70000000000005380140040010000832041441
:105B800000000000A45B06009C5B06000000000013
:105B90000000000002000000020000004C59060056
:105BA0000000000005380140040010000832041411
:105BB00000000000D05B0600CC5B06000000000087
:105BC00000000000020000000200000000000000D1
:105BD000043002120832021200000000F85B0600D6
:105BE000F45B06000000000000000000010000005F
:105BF000010000000000000004300212000000005C
:105C00003C5C0600185C060000000000000000007C
:105C10000C0000000C0000004C590600B45B0600AC
:105C2000B8580600845B0600545B0600245B06003F
:105C3000C45A0600745A06000000000005380140EE
:105C400004001000083204140C3004141138014010
:105C500004000400143004141938014004000C003E
:105C60001D380140040014002138014004001400D4
:105C700025380140040020002938014004000400B8
:105C80002D380140040018003032041400000000D8
:105C9000C45C0600A85C06000000000000000000D4
:105CA0000C0000000C000000405A0600185A0600C4
:105CB000F8590600D4590600AC5906008059060070
:105CC00000000000043004140938014004001800EA
:105CD0000C3004141030041414300414183004145C
:105CE0001C320444213801400400080025380140DA
:105CF0000400010029380140040004002D3801404F
:105D000004000800313801400400180000000000C1
:105D100061F40200A8900600C4900600D584050036
:105D200022880600BDC20500000000001891060090
:105D3000000001001E8806000FC8050000000000DA
:105D40005407002000000100F69006007D84050045
:105D50000D0103000000000000000C001A8806007E
:105D60008FC205000D7803000807002000000C001A
:105D700004000000000000000000000000700200AD
:105D8000DC2E0600010000000070020000500C0034
:105D9000DC2E06000200000000C00E0000800000A3
:105DA000DC2E06000300000000400F0000C00000D1
:105DB000DC2E06004E880600BDC205000000000073
:105DC0004A88060000000100468806000FC805004A
:105DD0000000000074070020000001003E8806005B
:105DE000D795050000000000E790060000000100C4
:105DF0003A8806000FC80500000000006C0700206C
:105E00000000010032880600D79505000000000060
:105E10007B910600000001002E8806000FC80500D7
:105E20000000000064070020000001002688060032
:105E30001116030000000000160E002000000100F3
:105E40006A880600BDC205000000000066880600E2
:105E500000000100628806000FC805000000000075
:105E6000C8070020000001005A8806002D16030014
:105E7000000000000000000000000100568806003D
:105E80008FC205000D7803007C070020000003008E
:105E900052880600A5C80500000000006E880600B4
:105EA00000000100000000200000000000000B06C0
:105EB00002000000B85E06000000000087910600A6
:105EC00026000202000000208F91060022000B1124
:105ED000F5250300000000002999050000000000DE
:105EE000D05E0600EC5E06004A0000005407012068
:105EF000D05E0600FC5E06002E000000600E012051
:105F0000D05E06000C5F060002010000400F012079
:105F10000E0300004D3B03000F040000893B03000B
:105F20001A010000DB9D0500050400006D2F030031
:105F300013010000959F0500FF010000F12F0300F1
:105F40003E0100001130030005040000679E0500BB
:105F500008040000C5A105003003000065A105008C
:105F600010010000B39E050002010000254B030054
:105F700001120000D93A03000A1E000083A40500A4
:105F8000030900002FA00500040B0000F39E05008C
:105F9000060A000019A30500070A0000BB9E0500C1
:105FA0000C050000EBA00500050C000057A2050041
:105FB000D05E0600BC5F06004700000060100120B4
:105FC000D05E0600CC5F0600000000002811012012
:105FD000D05E0600DC5F06004A00000018120120B7
:105FE000A3AF0500A5AF0500000000000000000001
:105FF00000000000DBB10500000000000000000010
:10600000000000000000000002020100FBBB0500D0
:1060100004040100616F030006060100A16E030085
:10602000080401008D6D03000A020100E3BB0500B6
:106030000C040100CBBB05000E040100616C0300E1
:1060400020040100C56B030010040100D56A0300A1
:10605000120201000BBB05001604010057B3050036
:106060001801010009B805001E0004009FBC0500CE
:106070005202000031BB050001040200B1700300B0
:1060800003020200A3BC0500050102006DBC05006F
:106090000704020077BC0500090102007BBC050073
:1060A0000B0002007FBC05000D00020083BC050050
:1060B0000F00020087BC0500210202008BBC050016
:1060C000110102008FBC05001300020093BC050003
:1060D0001704020097BC0500190002009BBC0500D4
:1060E0001B0203006DB305001D0205009DBA0500EB
:1060F000230403005BB30500D05E060004610600C4
:106100004C00000054140120A2880600BDC2050006
:10611000000000009E880600000001009A8806002A
:106120000FC8050000000000F0080020000001007A
:10613000928806000000000000000000000000003F
:10614000000000008E8806008FC205000D78030055
:10615000F8080020000003008A8806000FC8050028
:1061600000000000E808002000000100828806000E
:10617000F5C20500EDC505000000000000000300A9
:106180007E8806000FC8050000000000E00800201F
:106190000000010076880600417C0300000000003A
:1061A0000000000000000100CE880600BDC205000E
:1061B00000000000CA88060000000100C688060032
:1061C0000FC8050000000000540900200000010075
:1061D000BE88060025C30500FFBE0500C0010020E3
:1061E00000000900BA8806000FC805000000000082
:1061F0004C09002000000100B28806004FC30500D2
:10620000000000000000000000000100AE88060051
:106210000FC8050000000000440900200000010034
:10622000A68806006D760300000000000000000054
:1062300000000100019B03007DDD0500A59E030019
:106240000000000000000000F59C030000000000BA
:10625000000000000000000000000000000000003E
:106260000000000081990300060000007D980300F3
:1062700006000000B1D8050010000000F5930300EF
:106280001000000033DD050001000000C1D2050050
:106290001000000025D905000A000000ADD405005B
:1062A00010000000799D03000700000031D40500B4
:1062B00010000000519703000100000065920300E8
:1062C0004000000091D70500100000007FD40500B9
:1062D00001000000574553545F544F504449522F1A
:1062E0007A65706879722F7375627379732F626C37
:1062F0007565746F6F74682F636F6E74726F6C6CFA
:1063000065722F7469636B65722F7469636B657254
:106310002E6300007469636B65725F7265736368F6
:1063200065642D3E7469636B735F746F5F6578702D
:10633000697265203D3D20305500000041535345B2
:106340005254494F4E204641494C205B25735D20F5
:10635000402025733A25640A00000000282874694B
:10636000636B65725F72657363686564292D3E6552
:1063700078745F646174612026262028287469631C
:106380006B65725F72657363686564292D3E65781D
:10639000745F646174612D3E7469636B735F736CC9
:1063A0006F745F77696E646F7720213D20305529C7
:1063B00029000000574553545F544F504449522F11
:1063C0007A65706879722F7375627379732F626C56
:1063D0007565746F6F74682F636F6E74726F6C6C19
:1063E00065722F6C6C5F73772F756C6C2E63000079
:1063F000216572720000000072780000756C6C5F9D
:106400007265665F67657428756C6C5F6864722975
:10641000000000003000000072656C65617365204B
:106420003D3D20646F6E65002172657476616C007D
:1064300064656C7461203C3D2030207C7C206D655F
:106440006D5F6C696E6B5F72782E71756F74615FD2
:10645000706475203C20282833202B2030202B20EE
:106460003129202B202832202A20283629292900CA
:10647000636F6E6E5F6C6C6C0000000021636F6E6A
:106480006E5F6C6C6C2D3E6C696E6B5F74785F66D2
:10649000726565006D656D715F6C696E6B00000003
:1064A00072782D3E6864722E7479706520213D20CB
:1064B0004E4F44455F52585F545950455F4E4F4EC2
:1064C000450000002163632D3E7374617475730091
:1064D00072785F667265652D3E6864722E7479709D
:1064E0006520213D204E4F44455F52585F5459501E
:1064F000455F4E4F4E45000021636F6E6E2D3E6C22
:106500006C6C2E6C696E6B5F74785F66726565008B
:1065100021726574000000006C6F6F700000000055
:10652000574553545F544F504449522F7A65706811
:1065300079722F7375627379732F626C7565746FDE
:106540006F74682F636F6E74726F6C6C65722F6CF2
:106550006C5F73772F6C6C6C5F636F6D6D6F6E2EFD
:106560006300000021657272207C7C2065727220BD
:106570003D3D202D31313900574553545F544F5024
:106580004449522F7A65706879722F7375627379F6
:10659000732F626C7565746F6F74682F636F6E74A0
:1065A000726F6C6C65722F6863692F6863695F64D2
:1065B00072697665722E63004254205258207072C0
:1065C00069000000425420525800000062745F6865
:1065D00063695F636F6E74726F6C6C65720000004C
:1065E0005A6570687972204F532076342E312E30E0
:1065F00000000000574553545F544F504449522FF8
:106600007A65706879722F7375627379732F626C13
:106610007565746F6F74682F636F6E74726F6C6CD6
:1066200065722F6863692F6863692E63000000003C
:106630006164762D3E74797065203D3D205044554F
:106640005F4144565F545950455F44495245435455
:106650005F494E44000000002828282875696E74A0
:106660007074725F74296E6F6465292025205F5FE6
:10667000616C69676E6F6628737472756374206EDF
:106680006F64655F72785F63632929203D3D203028
:10669000290000002828282875696E747074725FBC
:1066A00074296E6F6465292025205F5F616C6967BE
:1066B0006E6F6628737472756374206E6F64655FA5
:1066C00072785F63752929203D3D20302900000044
:1066D00002000000000000000000000000000000B8
:1066E0000000010303030303030000005745535454
:1066F0005F544F504449522F7A65706879722F73F6
:1067000075627379732F626C7565746F6F74682F1F
:10671000636F6E74726F6C6C65722F6C6C5F7377E5
:106720002F756C6C5F6164762E63000068616E6427
:106730006C65203C2031000028726574203D3D20AE
:106740003029207C7C2028726574203D3D20322930
:10675000000000006164762D3E6C696E6B5F6363C0
:106760005F667265650000006164762D3E6E6F6441
:10677000655F72785F63635F667265650000000045
:10678000216864722D3E64697361626C65645F6345
:1067900062000000737461747573203D3D203020E9
:1067A0007C7C20706172616D203D3D20756C6C5F5A
:1067B00064697361626C655F6D61726B5F6765745C
:1067C0002829207C7C2028636F6E6E65637461626B
:1067D0006C6520262620216164762D3E6C6C6C2E23
:1067E000636F6E6E29207C7C20300000216C6C6C05
:1067F0002D3E6C696E6B5F74785F66726565000034
:106800006D61726B203D3D2061647600216572727E
:10681000207C7C2028657272203D3D202D31323055
:10682000290000007265660028726574203D3D20D5
:106830003029207C7C2028726574203D3D2032293F
:10684000207C7C202866705F6F705F66756E6320A9
:106850003D3D202828766F6964202A2930292900A7
:106860007064752D3E6C656E203E3D205F5F6275E5
:10687000696C74696E5F6F66667365746F662028F5
:10688000737472756374207064755F6164765F61A0
:1068900064765F696E642C20646174612900000075
:1068A000574553545F544F504449522F7A6570688E
:1068B00079722F7375627379732F626C7565746F5B
:1068C0006F74682F636F6E74726F6C6C65722F6C6F
:1068D0006C5F73772F756C6C5F7363616E2E6300F2
:1068E000657272203D3D2030207C7C2065727220D4
:1068F0003D3D202D3132300009706172616D313AB9
:1069000020257520706172616D323A2025750A006C
:10691000574553545F544F504449522F7A6570681D
:1069200079722F7375627379732F626C7565746FEA
:106930006F74682F636F6E74726F6C6C65722F6CFE
:106940006C5F73772F756C6C5F636F6E6E2E630078
:1069500074785F627566000072782D3E6864722EEE
:106960006C696E6B00000000737461747573203D78
:106970003D203000737461747573203D3D203020DC
:106980007C7C20706172616D203D3D20756C6C5F78
:106990007570646174655F6D61726B5F67657428A3
:1069A00029207C7C20706172616D203D3D20756CDA
:1069B0006C5F64697361626C655F6D61726B5F6768
:1069C000657428290000000070203D3D2070617230
:1069D000616D0000287469636B65725F7374617424
:1069E0007573203D3D203029207C7C20287469630C
:1069F0006B65725F737461747573203D3D2032293D
:106A000000000000636F6E6E2D3E6C6C6C2E686132
:106A10006E646C6520213D20307846464646000075
:106A2000287469636B65725F737461747573203D5C
:106A30003D203029207C7C20287469636B65725F5F
:106A4000737461747573203D3D203229207C7C2055
:106A50002828766F6964202A29636F6E6E5F6C6CDC
:106A6000203D3D20756C6C5F64697361626C655F8D
:106A70006D61726B5F676574282929006C6C6C5FAF
:106A8000747800007064755F74782D3E6C656E00DC
:106A9000216C696E6B2D3E6E6578740057455354BA
:106AA0005F544F504449522F7A65706879722F7342
:106AB00075627379732F626C7565746F6F74682F6C
:106AC000636F6E74726F6C6C65722F6C6C5F737732
:106AD0002F756C6C5F6C6C63705F656E632E63000A
:106AE0006E746600574553545F544F504449522FBB
:106AF0007A65706879722F7375627379732F626C1F
:106B00007565746F6F74682F636F6E74726F6C6CE1
:106B100065722F6C6C5F73772F756C6C5F6C6C6338
:106B2000705F7068792E63006E74662D3E686472C3
:106B30002E74797065203D3D204E4F44455F52587C
:106B40005F545950455F52455441494E0000000082
:106B5000636F6E6E2D3E6C6C6C2E726F6C65203D9B
:106B60003D20307830310000636F6E6E2D3E6C6CCE
:106B70006C2E726F6C65203D3D2030783030000007
:106B80006374782D3E6E6F64655F7265662E7478EF
:106B9000000000006374782D3E646174612E70758E
:106BA0002E6E74665F646C655F6E6F6465000000D6
:106BB000574553545F544F504449522F7A6570687B
:106BC00079722F7375627379732F626C7565746F48
:106BD0006F74682F636F6E74726F6C6C65722F6C5C
:106BE0006C5F73772F756C6C5F6C6C63702E6300D9
:106BF0006374782D3E6F776E657200006374782D34
:106C00003E6E6F64655F7265662E727800000000EC
:106C100063747800A5270400B5270400C527040085
:106C2000D5270400E5270400F52704009D2804006B
:106C3000AD28040005280400BD280400CD28040068
:106C4000DD28040015280400ED280400FD280400B8
:106C5000252804000D290400352804001D290400FE
:106C60002D2904003D2904004D2904005D2904005C
:106C70006D290400452804007D290400000000005F
:106C80000000000000000000000000008D2804004B
:106C9000574553545F544F504449522F7A6570689A
:106CA00079722F7375627379732F626C7565746F67
:106CB0006F74682F636F6E74726F6C6C65722F6C7B
:106CC0006C5F73772F756C6C5F6C6C63705F636F58
:106CD0006D6D6F6E2E6300006374782D3E70726F61
:106CE00063203D3D2050524F435F5445524D494E25
:106CF000415445006374782D3E70726F63203D3DB2
:106D00002050524F435F444154415F4C454E4754DD
:106D1000485F5550444154450000000057455354C6
:106D20005F544F504449522F7A65706879722F73BF
:106D300075627379732F626C7565746F6F74682FE9
:106D4000636F6E74726F6C6C65722F6C6C5F7377AF
:106D50002F756C6C5F6C6C63705F6C6F63616C2E15
:106D60006300000063747820213D202828766F6935
:106D700064202A29302900006374785F68656164A3
:106D80006572203D3D206374780000006374782DA7
:106D90003E6E6F64655F7265662E7278203D3D20A1
:106DA0002828766F6964202A293029207C7C20637A
:106DB00074782D3E6E6F64655F7265662E72782DF5
:106DC0003E6864722E7479706520213D204E4F44D8
:106DD000455F52585F545950455F52455441494EA2
:106DE00000000000574553545F544F504449522F00
:106DF0007A65706879722F7375627379732F626C1C
:106E00007565746F6F74682F636F6E74726F6C6CDE
:106E100065722F6C6C5F73772F756C6C5F6C6C6335
:106E2000705F636F6E6E5F7570642E6300000000AC
:106E30006374782D3E6E6F64655F7265662E72783E
:106E4000203D3D202828766F6964202A29302900BA
:106E5000574553545F544F504449522F7A657068D8
:106E600079722F7375627379732F626C7565746FA5
:106E70006F74682F636F6E74726F6C6C65722F6CB9
:106E80006C5F73772F756C6C5F6C6C63705F63689D
:106E90006D752E6300000000574553545F544F50EA
:106EA0004449522F7A65706879722F7375627379CD
:106EB000732F626C7565746F6F74682F636F6E7477
:106EC000726F6C6C65722F6C6C5F73772F756C6C66
:106ED0005F6C6C63705F72656D6F74652E6300002C
:106EE00008020B020A030502000000000000000077
:106EF0000202000006020000040300000201090370
:106F000000000000010300000C0300000703000064
:106F10000000030100000000574553545F544F50D8
:106F20004449522F7A65706879722F73756273794C
:106F3000732F626C7565746F6F74682F636F6E74F6
:106F4000726F6C6C65722F6C6C5F73772F756C6CE5
:106F50005F7065726970686572616C2E6300000015
:106F60007469636B65725F737461747573203D3D02
:106F70002030000073746174757320213D2031202E
:106F80007C7C20706172616D203D3D20756C6C5F72
:106F900064697361626C655F6D61726B5F67657474
:106FA00028290000574553545F544F504449522FED
:106FB0007A65706879722F7375627379732F626C5A
:106FC0007565746F6F74682F636F6E74726F6C6C1D
:106FD00065722F6C6C5F73772F756C6C5F63656E79
:106FE0007472616C2E6300007363616E00000000B8
:106FF000574553545F544F504449522F7A65706837
:1070000079722F7375627379732F626C7565746F03
:107010006F74682F636F6E74726F6C6C65722F6C17
:107020006C5F73772F756C6C5F73636865642E6338
:10703000000000007375636365737300726574729A
:1070400079000000574553545F544F504449522F24
:107050007A65706879722F7375627379732F626CB9
:107060007565746F6F74682F636F6E74726F6C6C7C
:1070700065722F6C6C5F73772F756C6C5F66696CD3
:107080007465722E63000000726C5F696478203C46
:1070900020380000726C5B726C5F6964785D2E74DE
:1070A000616B656E00000000726C5B726C5F6964FE
:1070B000785D2E727061735F7265616479000000A3
:1070C0006465766D617463685F6964203C2028287C
:1070D00073697A655F742920282828696E742920CD
:1070E00073697A656F6628636861725B31202D2051
:1070F00032202A202128215F5F6275696C74696ED5
:107100005F74797065735F636F6D70617469626CD1
:10711000655F70285F5F747970656F665F5F286672
:10712000616C292C205F5F747970656F665F5F28E2
:10713000262866616C295B305D2929295D29202D6F
:10714000203129202B202873697A656F66286661B3
:107150006C29202F2073697A656F66282866616C18
:10716000295B305D292929290000000066616C5BDC
:107170006465766D617463685F69645D2E74616BCC
:10718000656E00006465766D617463685F69642094
:107190003C20282873697A655F742920282828698B
:1071A0006E74292073697A656F6628636861725B03
:1071B00031202D2032202A202128215F5F6275692D
:1071C0006C74696E5F74797065735F636F6D706105
:1071D0007469626C655F70285F5F747970656F6653
:1071E0005F5F28726C292C205F5F747970656F6611
:1071F0005F5F282628726C295B305D2929295D296B
:10720000202D203129202B202873697A656F66286C
:10721000726C29202F2073697A656F662828726C3A
:10722000295B305D2929292900000000726C5B6907
:107230005D2E74616B656E0069726B6D617463685D
:107240005F6964203C20706565725F69726B5F6383
:107250006F756E740000000069203C20380000004B
:10726000574553545F544F504449522F7A657068C4
:1072700079722F7375627379732F626C7565746F91
:107280006F74682F636F6E74726F6C6C65722F6CA5
:107290006C5F73772F6E6F726469632F6C6C6C2FE9
:1072A0006C6C6C2E63000000707265656D70745FAD
:1072B000726571203D3D20707265656D70745F610F
:1072C000636B0000707265656D70745F73746172DA
:1072D000745F72657120213D20707265656D7074F8
:1072E0005F73746172745F61636B000070726565D7
:1072F0006D70745F73746F705F72657120213D20D3
:10730000707265656D70745F73746F705F61636BCD
:1073100000000000707265656D70745F72657120A9
:10732000213D20707265656D70745F61636B000054
:10733000707265656D70745F61636B20213D2070B4
:107340007265656D70745F7265710000726561646D
:10735000792D3E707265706172655F706172616DEA
:107360002E706172616D203D3D20706172616D0013
:107370006974657200000000657272203D3D202D29
:107380003134300021706172616D000021706172D2
:10739000616D207C7C206E65787400006576656E7A
:1073A000742E637572722E61626F72745F63620015
:1073B0006576646F6E650000657272203E3D203018
:1073C000000000006E6578740000000021726561A5
:1073D0006479207C7C202672656164792D3E707210
:1073E00065706172655F706172616D203D3D2070F6
:1073F0007265706172655F706172616D000000009E
:10740000F401FA00960064004B0032001E001400E4
:10741000574553545F544F504449522F7A65706812
:1074200079722F7375627379732F626C7565746FDF
:107430006F74682F636F6E74726F6C6C65722F6CF3
:107440006C5F73772F6E6F726469632F6C6C6C2F37
:107450006C6C6C5F6164762E630000006E6F646517
:107460005F72780021726164696F5F69735F726532
:107470006164792829000000700000006368616E73
:1074800000000000706475007363616E5F70647566
:10749000000000000925733A2041637475616C2077
:1074A0004556454E545F4F564552484541445F53FB
:1074B000544152545F5553203D2025750A00000069
:1074C000707265706172655F636200005745535466
:1074D0005F544F504449522F7A65706879722F7308
:1074E00075627379732F626C7565746F6F74682F32
:1074F000636F6E74726F6C6C65722F6C6C5F7377F8
:107500002F6E6F726469632F6C6C6C2F6C6C6C5F88
:107510007363616E2E630000636F6D6D6F6E5F70DD
:107520007265706172655F63620000005745535475
:107530005F544F504449522F7A65706879722F73A7
:1075400075627379732F626C7565746F6F74682FD1
:10755000636F6E74726F6C6C65722F6C6C5F737797
:107560002F6E6F726469632F6C6C6C2F6C6C6C5F28
:10757000636F6E6E2E63000021726164696F5F69D4
:10758000735F61646472657373282900646F6E654C
:10759000000000006C6C6C2D3E68616E646C6520B0
:1075A000213D20307846464646000000574553545A
:1075B0005F544F504449522F7A65706879722F7327
:1075C00075627379732F626C7565746F6F74682F51
:1075D000636F6E74726F6C6C65722F6C6C5F737717
:1075E0002F6E6F726469632F6C6C6C2F6C6C6C5FA8
:1075F0007065726970686572616C2E6300000000CE
:10760000707265706172655F636200005745535424
:107610005F544F504449522F7A65706879722F73C6
:1076200075627379732F626C7565746F6F74682FF0
:10763000636F6E74726F6C6C65722F6C6C5F7377B6
:107640002F6E6F726469632F6C6C6C2F6C6C6C5F47
:1076500063656E7472616C2E6300000070726570F9
:107660006172655F63620000574553545F544F5029
:107670004449522F7A65706879722F7375627379F5
:10768000732F626C7565746F6F74682F636F6E749F
:10769000726F6C6C65722F6C6C5F73772F6E6F728C
:1076A0006469632F68616C2F6E7266352F636E7428
:1076B000722E63005F726566636F756E7400000002
:1076C000574553545F544F504449522F7A65706860
:1076D00079722F7375627379732F626C7565746F2D
:1076E0006F74682F636F6E74726F6C6C65722F6C41
:1076F0006C5F73772F6E6F726469632F68616C2F94
:107700006E7266352F6D6179666C792E63000000AC
:10771000574553545F544F504449522F7A6570680F
:1077200079722F7375627379732F626C7565746FDC
:107730006F74682F636F6E74726F6C6C65722F6CF0
:107740006C5F73772F6E6F726469632F68616C2F43
:107750006E7266352F7469636B65722E630000006C
:10776000757365725F6964203C2073697A656F6622
:107770002863616C6C65725F69645F6C7574290065
:1077800063616C6C65725F696420213D203000008C
:1077900001030405574553545F544F504449522F39
:1077A0007A65706879722F7375627379732F626C62
:1077B0007565746F6F74682F636F6E74726F6C6C25
:1077C00065722F6C6C5F73772F6E6F726469632FB5
:1077D00068616C2F6E7266352F6563622E630000E0
:1077E000942B0600000000000100000000000000D3
:1077F00000000000000000007C2E060000000000D9
:107800000100000000000000000000000000000077
:1078100055E105001DE20500A9E105005FE1050055
:1078200079E2050065B50400A5D0040075D0040018
:1078300000000000FDD10400E9D00400EBE40500E5
:10784000F1E405000400000000FF0000000000005B
:107850000000000000000000000000000000000028
:107860000000000000000000000000000000000018
:10787000F4010000000101000000200085601500F7
:107880008478060000900240907806000200000014
:10789000B878060006000000A07806000601000087
:1078A0001580001D1480001F188000201680002104
:1078B000178000221986001E1500001D1400001FED
:1078C0001800002016000021170000221900001ED9
:1078D00020000000000001000400000000FF000084
:1078E000FFFF000000030050000000000100000046
:1078F0000060004000000000FFFFFFFF000000509C
:1079000000000000000000000060004000000000D7
:10791000900B00200500000005000000050000009D
:107920000400000005000000010000000A00000043
:1079300001000000FFE80500D1EA050021EB050089
:1079400020050040010000001C050040010000006F
:107950000030024000000000000000FF00FF0000B7
:1079600000000000000000010100000015EC05000F
:1079700080790600FFFFFFFF00000000000000000C
:10798000003002408C79060002000000A879060051
:10799000030000009C790600030100002D80000414
:1079A0002F8000052E8000062D0000042F0000050A
:1079B0002E00000600000000000000000030004023
:1079C0000000000000127A0000000000000000002B
:1079D00000000000FFFFFFFF0000FF0000000000AC
:1079E0000000000101000000AFEE0500FFFF0000F5
:1079F000007A0600FFFFFFFF00000000000000000B
:107A0000003000400C7A060002000000287A0600D0
:107A1000030000001C7A060003010000058000043A
:107A20000480000504800006050000040400000531
:107A300004000006DC2B060009000100A5F5040087
:107A40000C2F060080841E0006010000DC2B0600BF
:107A50000900010000000000DC2B060002001100FC
:107A6000900100000002000101000000A7F20500E3
:107A70000000000000000000000000000000000006
:107A80000000000000000000CBF305009FF205009D
:107A900073F1050023F305000A000000C800000090
:107AA00032000000000000000100000002000000A1
:107AB000040000000800000010000000200000008A
:107AC00040000000800000001B00000036000000A5
:107AD00051F4A7507E4165531A17A4C33A275E9606
:107AE0003BAB6BCB1F9D45F1ACFA58AB4BE303931B
:107AF0002030FA55AD766DF688CC7691F5024C259E
:107B00004FE5D7FCC52ACBD726354480B562A38F75
:107B1000DEB15A4925BA1B6745EA0E985DFEC0E101
:107B2000C32F7502814CF0128D4697A36BD3F9C613
:107B3000038F5FE715929C95BF6D7AEB955259DAEA
:107B4000D4BE832D587421D349E069298EC9C84415
:107B500075C2896AF48E797899583E6B27B971DDC0
:107B6000BEE14FB6F088AD17C920AC667DCE3AB401
:107B700063DF4A18E51A31829751336062537F45BB
:107B8000B16477E0BB6BAE84FE81A01CF9082B9436
:107B9000704868588F45FD1994DE6C87527BF8B7A2
:107BA000AB73D323724B02E2E31F8F576655AB2AA8
:107BB000B2EB28072FB5C20386C57B9AD33708A539
:107BC000302887F223BFA5B202036ABAED16825CA1
:107BD0008ACF1C2BA779B492F307F2F04E69E2A189
:107BE00065DAF4CD0605BED5D134621FC4A6FE8A7F
:107BF000342E539DA2F355A0058AE132A4F6EB750D
:107C00000B83EC394060EFAA5E719F06BD6E105188
:107C10003E218AF996DD063DDD3E05AE4DE6BD46C8
:107C200091548DB571C45D050406D46F605015FF85
:107C30001998FB24D6BDE997894043CC67D99E7734
:107C4000B0E842BD07898B88E7195B3879C8EEDB5D
:107C5000A17C0A477C420FE9F8841EC9000000009D
:107C600009808683322BED481E1170AC6C5A724E1F
:107C7000FD0EFFFB0F8538563DAED51E362D39273C
:107C80000A0FD964685CA6219B5B54D124362E3A36
:107C90000C0A67B19357E70FB4EE96D21B9B919EE7
:107CA00080C0C54F61DC20A25A774B691C121A169E
:107CB000E293BA0AC0A02AE53C22E043121B171D3A
:107CC0000E090D0BF28BC7AD2DB6A8B9141EA9C8AD
:107CD00057F11985AF75074CEE99DDBBA37F60FDA9
:107CE000F701269F5C72F5BC44663BC55BFB7E34A6
:107CF0008B432976CB23C6DCB6EDFC68B8E4F16390
:107D0000D731DCCA426385101397224084C6112004
:107D1000854A247DD2BB3DF8AEF93211C729A16D49
:107D20001D9E2F4BDCB230F30D8652EC77C1E3D0B1
:107D30002BB3166CA970B999119448FA47E96422DB
:107D4000A8FC8CC4A0F03F1A567D2CD8223390EFAB
:107D500087494EC7D938D1C18CCAA2FE98D40B36F8
:107D6000A6F581CFA57ADE28DAB78E263FADBFA46F
:107D70002C3A9DE45078920D6A5FCC9B547E46620B
:107D8000F68D13C290D8B8E82E39F75E82C3AFF5EE
:107D90009F5D80BE69D0937C6FD52DA9CF2512B38E
:107DA000C8AC993B10187DA7E89C636EDB3BBB7B9E
:107DB000CD2678096E5918F4EC9AB701834F9AA82A
:107DC000E6956E65AAFFE67E21BCCF08EF15E8E6D2
:107DD000BAE79BD94A6F36CEEA9F09D429B07CD640
:107DE00031A4B2AF2A3F2331C6A5943035A266C074
:107DF000744EBC37FC82CAA6E090D0B033A7D81529
:107E0000F104984A41ECDAF77FCD500E1791F62F26
:107E1000764DD68D43EFB04DCCAA4D54E49604DF99
:107E20009ED1B5E34C6A881BC12C1FB84665517FB3
:107E30009D5EEA04018C355DFA877473FB0B412E5D
:107E4000B3671D5A92DBD252E91056336DD64713F1
:107E50009AD7618C37A10C7A59F8148EEB133C89B0
:107E6000CEA927EEB761C935E11CE5ED7A47B13CF3
:107E70009CD2DF5955F2733F1814CE7973C737BFC0
:107E800053F7CDEA5FFDAA5BDF3D6F147844DB86D4
:107E9000CAAFF381B968C43E3824342CC2A3405F12
:107EA000161DC372BCE2250C283C498BFF0D954181
:107EB00039A80171080CB3DED8B4E49C6456C190B3
:107EC0007BCB8461D532B670486C5C74D0B85742B5
:107ED000C66363A5F87C7C84EE777799F67B7B8D0F
:107EE000FFF2F20DD66B6BBDDE6F6FB191C5C5545D
:107EF0006030305002010103CE6767A9562B2B7DFD
:107F0000E7FEFE19B5D7D7624DABABE6EC76769AB5
:107F10008FCACA451F82829D89C9C940FA7D7D8763
:107F2000EFFAFA15B25959EB8E4747C9FBF0F00B3F
:107F300041ADADECB3D4D4675FA2A2FD45AFAFEACB
:107F4000239C9CBF53A4A4F7E47272969BC0C05BB1
:107F500075B7B7C2E1FDFD1C3D9393AE4C26266A72
:107F60006C36365A7E3F3F41F5F7F70283CCCC4F53
:107F70006834345C51A5A5F4D1E5E534F9F1F10894
:107F8000E2717193ABD8D873623131532A15153F22
:107F90000804040C95C7C752462323659DC3C35EDE
:107FA00030181828379696A10A05050F2F9A9AB50A
:107FB0000E070709241212361B80809BDFE2E23D88
:107FC000CDEBEB264E2727697FB2B2CDEA75759FC0
:107FD0001209091B1D83839E582C2C74341A1A2EE7
:107FE000361B1B2DDC6E6EB2B45A5AEE5BA0A0FBA2
:107FF000A45252F6763B3B4DB7D6D6617DB3B3CE95
:108000005229297BDDE3E33E5E2F2F711384849791
:10801000A65353F5B9D1D16800000000C1EDED2C95
:1080200040202060E3FCFC1F79B1B1C8B65B5BED7A
:10803000D46A6ABE8DCBCB4667BEBED97239394B86
:10804000944A4ADE984C4CD4B05858E885CFCF4A71
:10805000BBD0D06BC5EFEF2A4FAAAAE5EDFBFB160C
:10806000864343C59A4D4DD7663333551185859464
:108070008A4545CFE9F9F91004020206FE7F7F81A7
:10808000A05050F0783C3C44259F9FBA4BA8A8E3F1
:10809000A25151F35DA3A3FE804040C0058F8F8A9B
:1080A0003F9292AD219D9DBC70383848F1F5F504A2
:1080B00063BCBCDF77B6B6C1AFDADA7542212163A3
:1080C00020101030E5FFFF1AFDF3F30EBFD2D26D82
:1080D00081CDCD4C180C0C1426131335C3ECEC2FAA
:1080E000BE5F5FE1359797A2884444CC2E171739BD
:1080F00093C4C45755A7A7F2FC7E7E827A3D3D47C4
:10810000C86464ACBA5D5DE73219192BE6737395E8
:10811000C06060A0198181989E4F4FD1A3DCDC7FA5
:1081200044222266542A2A7E3B9090AB0B88888397
:108130008C4646CAC7EEEE296BB8B8D32814143C57
:10814000A7DEDE79BC5E5EE2160B0B1DADDBDB76D7
:10815000DBE0E03B64323256743A3A4E140A0A1EAF
:10816000924949DB0C06060A4824246CB85C5CE49E
:108170009FC2C25DBDD3D36E43ACACEFC46262A6F6
:10818000399191A8319595A4D3E4E437F279798BAC
:10819000D5E7E7328BC8C8436E373759DA6D6DB70C
:1081A000018D8D8CB1D5D5649C4E4ED249A9A9E0E4
:1081B000D86C6CB4AC5656FAF3F4F407CFEAEA255F
:1081C000CA6565AFF47A7A8E47AEAEE91008081832
:1081D0006FBABAD5F07878884A25256F5C2E2E7252
:1081E000381C1C2457A6A6F173B4B4C797C6C65151
:1081F000CBE8E823A1DDDD7CE874749C3E1F1F21E1
:10820000964B4BDD61BDBDDC0D8B8B860F8A8A855D
:10821000E07070907C3E3E4271B5B5C4CC6666AAF3
:10822000904848D806030305F7F6F6011C0E0E1217
:10823000C26161A36A35355FAE5757F969B9B9D0E4
:108240001786869199C1C1583A1D1D27279E9EB950
:10825000D9E1E138EBF8F8132B9898B322111133D8
:10826000D26969BBA9D9D970078E8E89339494A736
:108270002D9B9BB63C1E1E2215878792C9E9E920DB
:1082800087CECE49AA5555FF50282878A5DFDF7A3A
:10829000038C8C8F59A1A1F8098989801A0D0D17BB
:1082A00065BFBFDAD7E6E631844242C6D06868B817
:1082B000824141C3299999B05A2D2D771E0F0F1174
:1082C0007BB0B0CBA85454FC6DBBBBD62C16163A71
:1082D000020000003083060003000000288306002F
:1082E000040000002083060005000000188306003B
:1082F0000600000010830600070000000883060047
:1083000000000000000000003098060090240700E4
:108310003C9806009023060048980600902205002D
:10832000549806001014040060980600101303000F
:108330006C9806001012020002000000FD04060006
:10834000F9040600F5040600F1040600D90406004D
:10835000C7040600000000000A5695CE5753F2DD10
:108360005CE419BAE4B84A8B25F321DD8886E8D2AB
:10837000855D882518FF71853C14A918D430E779EC
:1083800001B6ED5FFC95BA75102562772B73FB790A
:10839000C65537A5765F9018DFBDC42962DF9CD82B
:1083A00090308478CD05F0ACD62E21F7AB20A2E535
:1083B000344887041D0630DC512563FCC2CAB9F37A
:1083C000849E17A7ADFAE6BCFFFFFFFFFFFFFFFF8C
:1083D00000000000FFFFFFFFA2EE79BE954C248352
:1083E000A66FBD499C79994659EC6B2B39B245284B
:1083F0002056D9F3942DE1664FBC00EEFFFFFFFF3E
:10840000FFFFFFFFFFFFFFFF000000000000000074
:108410000000000001000000FFFFFFFF030000005C
:1084200000000000FFFFFFFFFBFFFFFFFEFFFFFF5D
:10843000FFFFFFFFFDFFFFFF040000000100000041
:1084400007000000DC2B06000E00070030C8070004
:10845000700A17000000000000000000000000008B
:108460008D3C0500E1160600000000000000000041
:108470006429060064290600A4290600B429060020
:10848000242B0600942B06000000000000000000D2
:1084900000000000000000000000004095596959EC
:1084A000555554551555555604051541105455400C
:1084B00045515544404550445055554500400040B5
:1084C0004004449665555655454045545141154024
:1084D000559155555555405105010000544554548A
:1084E000455505040010041014044000000001402C
:1084F000555515415404000044000100000000409F
:108500004100004450444550540055555455655160
:1085100000400040010000010005010011545151CC
:108520005455550500000000000000000000000048
:1085300000000000DCCFD1350000000000C0153F76
:108540000000803F0000C03F640064000000640041
:10855000000000000000640064006400640000008B
:108560000000000064006400C80064000000000017
:108570000000640064002C016400000000000000A2
:1085800064006400900164000000000000006400CA
:108590006400200364000000000000006400640028
:1085A0008403640000000000000064006400E8032D
:1085B0006400000000000000640064004C046400DB
:1085C00000000000000064006400B00464000000CB
:1085D00000000000640064000000C800000000000B
:1085E0000000640064006400C80000000000000097
:1085F00064006400C800C8000000000000006400BF
:1086000064002C01C8000000000000006400640049
:108610009001C80000000000000064006400200316
:10862000C800000000000000640064008403C8006B
:1086300000000000000064006400E803C8000000BF
:1086400000000000640064004C04C800000000004A
:10865000000064006400B004C800000000000000D6
:108660006400640000002C010000000000006400B1
:10867000640064002C01000000000000640064003D
:10868000C8002C01000000000000640064002C0100
:108690002C010000000000006400640090012C0127
:1086A0000000000000006400640020032C010000B2
:1086B000000000006400640084032C01000000003E
:1086C000000064006400E8032C01000000000000CA
:1086D000640064004C042C010000000000006400F1
:1086E0006400B0042C01000000000000640064007D
:1086F00000009001000000000000640064006400BD
:10870000900100000000000064006400F4012C01EE
:1087100000000000000064006400F401900100000B
:10872000000000006400640090019001000000005F
:108730000000640064004C04900100000000000090
:1087400064006400BC0290010000000000006400AE
:108750006400BC022C010000000000006400640002
:108760002003900100000000000064006400B004D9
:108770009001000000000000010000000001010164
:10878000020100004C2A00004C2A000003280000CF
:1087900008290000022900004D2A00004D2A00008F
:1087A0000328000008290000022900004D2A0000CB
:1087B0004D2A0000032800000829000002290000BB
:1087C0004D2A00004D2A0000032800004B2A00001B
:1087D0004B2A0000032800004A2A00004A2A000011
:1087E00003280000121800000028000004290000DF
:1087F00002290000012900000429000002290000CC
:10880000192A0000192A0000032800000F18000090
:1088100000280400AD270100080100000229000023
:108820000328000000280000502A0000502A000001
:1088300003280000292A0000292A0000032800003C
:10884000242A0000242A0000032800000A1800003F
:10885000002800000429000002290000192A000055
:10886000192A0000032800000F1800000028040047
:10887000AD270100060100002A2B00002A2B000072
:1088800003280000292B0000292B000003280000EA
:1088900002290000052A0000052A00000328000024
:1088A0000118000000280000042A0000042A00002B
:1088B00003280000012A0000012A0000032800000C
:1088C000002A0000002A0000032800000018000011
:1088D00000280000F0FFF0FFF0FFEAFF74FFF0FF58
:1088E000F0FFF0FFF0FFEAFF6BFF79FF79FF7CFFFD
:1088F0000000696E645F626174006D616769635F47
:108900006D6170706572006265686176696F722F63
:108910006C6F63616C5F69642F2564006C6F6361C9
:108920006C5F6964006265686176696F7200706887
:1089300079736963616C5F6C61796F7574732F73A0
:10894000656C656374656400706879736963616CF4
:108950005F6C61796F7574730044656661756C74E2
:10896000007A6D6B5F706879736963616C5F6C61CD
:10897000796F75745F73656C656374696F6E5F633F
:1089800068616E676564007A6D6B5F6163746976B8
:108990006974795F73746174655F6368616E67653C
:1089A00064007A6D6B5F706F736974696F6E5F736B
:1089B000746174655F6368616E676564007A6D6B8E
:1089C0005F73656E736F725F6576656E74007A6D46
:1089D0006B5F7573625F636F6E6E5F7374617465F6
:1089E0005F6368616E67656400426F6F746C6F618E
:1089F00064657200626F6F746C6F616400526573BE
:108A0000657400737973726573657400010045586D
:108A1000545F504F5745520045787465726E616CD3
:108A200020506F77657200657874706F776572009B
:108A30007A69705F78795F7472616E73666F726D58
:108A4000007A69705F78795F7363616C6572007A30
:108A500069705F78795F746F5F7363726F6C6C5F5E
:108A60006D6170706572007A69705F627574746FA1
:108A70006E5F6265686176696F7273006E6F6E65B6
:108A800000747261636B62616C6C5F73706C6974AB
:108A90005F4C4030004B6579004C415945525F5462
:108AA00041505F544F5F30006D6F6D656E74617241
:108AB000795F6C6179657200544F5F4C4159455242
:108AC0005F30004C617965722D546170006C617982
:108AD00065725F746170004D6F642D546170006D3C
:108AE0006F645F746170006D6163726F5F74617059
:108AF000006D6163726F5F7072657373006D6163A7
:108B0000726F5F72656C65617365006D6163726F32
:108B10005F7461705F74696D65006D6163726F5F32
:108B2000776169745F74696D65006D6163726F5F11
:108B3000706172616D5F31746F31006D6163726F6E
:108B40005F706172616D5F31746F32006D6163726D
:108B50006F5F706172616D5F32746F31006D616360
:108B6000726F5F706172616D5F32746F32006D6140
:108B700063726F5F70617573655F666F725F726558
:108B80006C6561736500746F5F6C61796572004D2F
:108B90006F6D656E74617279204C61796572000049
:108BA000546F204C6179657200015472616E73706C
:108BB0006172656E74007472616E73706172656E5D
:108BC00074004E6F6E65006265686176696F725FF2
:108BD00073656E736F725F726F746174655F6D6FD2
:108BE0007573655F776865656C5F75705F646F77D7
:108BF0006E006D6F7573655F7363726F6C6C004DA3
:108C00006F757365204B6579205072657373006DC5
:108C10006F7573655F6B65795F7072657373004D17
:108C20004231004D4232004D4233004D4234004D3E
:108C300042350053747564696F20556E6C6F636BB9
:108C40000073747564696F5F756E6C6F636B006D34
:108C50006F7573655F6D6F766500656E64706F69C3
:108C60006E74732F70726566657272656400555319
:108C70004200424C453A256400496E76616C696455
:108C800000656E64706F696E7473007A6D6B5F65FA
:108C90006E64706F696E745F6368616E67656400AF
:108CA0006C5F6E006B65796D61702F6C2F25642F82
:108CB0002564006B65796D61702F6C617965725FF9
:108CC0006F72646572006B65796D61702F6C5F6E99
:108CD0002F2564006B65796D617000626C75657439
:108CE0006F6F7468007A6D6B5F6C617965725F732A
:108CF000746174655F6368616E676564007A6D6B4B
:108D00005F6D6F646966696572735F7374617465C2
:108D10005F6368616E676564007A6D6B5F6B657930
:108D2000636F64655F73746174655F6368616E67C8
:108D30006564007A6D6B5F626C655F616374697610
:108D4000655F70726F66696C655F6368616E6765A9
:108D50006400426C7565746F6F74680053656C6570
:108D600063742050726F66696C6500446973636F49
:108D70006E6E6563742050726F66696C65004E6537
:108D800078742050726F66696C6500507265766900
:108D90006F75732050726F66696C6500436C656116
:108DA0007220416C6C2050726F66696C6573004371
:108DB0006C6561722053656C6563746564205072E4
:108DC0006F66696C6500626C652F616374697665B6
:108DD0005F70726F66696C65007075626C696300C4
:108DE00072616E646F6D007075626C69632D696489
:108DF0000072616E646F6D2D6964003078253032C9
:108E00007800253032583A253032583A25303258D9
:108E10003A253032583A253032583A2530325820E7
:108E2000282573290070726F66696C657300706520
:108E3000726970686572616C5F6164647265737396
:108E4000657300626C652F70726F66696C65732F55
:108E5000256400626C652F70657269706865726167
:108E60006C5F6164647265737365732F256400625F
:108E70006C6500484944204F766572204741545440
:108E80002053656E6420576F726B0005010906A1BF
:108E9000018501050719E029E715002501750195F0
:108EA000088102050775089501810305071500264D
:108EB000FF00190029FF750895068100C0050C09FF
:108EC00001A1018502050C150026FF0F19002AFFDC
:108ED0000F751095068100C005010902A1018503E7
:108EE0000901A100050919012905150025017501D0
:108EF000950581027503950181030501093009314A
:108F000016008026FF7F751095028106A1020938A0
:108F100016008026FF7F35004500751095018106FB
:108F2000C0A102050C0A380216008026FF7F35001A
:108F30004500751095018106C0C0C07A6D6B5F70E9
:108F400065726970686572616C5F62617474657284
:108F5000795F73746174655F6368616E67656400EF
:108F60007A6D6B5F626174746572795F737461743A
:108F7000655F6368616E676564007A6D6B5F7370CF
:108F80006C69745F7065726970686572616C5F733B
:108F900074617475735F6368616E67656400626CA9
:108FA000655F63656E7472616C00022A48C2B1CF5E
:108FB000C567C907719600000000005065726970AE
:108FC000686572616C2030004849445F30000501DB
:108FD0000906A1018501050719E029E7150025010A
:108FE000750195088102050775089501810305073C
:108FF000150026FF00190029FF750895068100C09D
:10900000050C0901A1018502050C150026FF0F19A9
:10901000002AFF0F751095068100C005010902A105
:109020000185030901A1000509190129051500257C
:1090300001750195058102750395018103050109FB
:1090400030093116008026FF7F751095028106A138
:1090500002093816008026FF7F35004500751095FF
:10906000018106C0A102050C0A380216008026FF05
:109070007F35004500751095018106C0C0C04C6F5A
:1090800077205072696F7269747920576F726B2004
:1090900051756575650073747564696F5F7270638F
:1090A0005F746872656164007A6D6B5F7374756478
:1090B000696F5F7270635F6E6F7469666963617414
:1090C000696F6E007A6D6B5F73747564696F5F634F
:1090D0006F72655F6C6F636B5F73746174655F6300
:1090E00068616E6765640041726F756E64466F7289
:1090F00074792D544200022A48C2B1CFC567C9070E
:1091000061960101000000022A48C2B1CFC567C9BB
:109110000761960101000000022A48C2B1CFC5676D
:10912000C9076196010000000000070E091C1B1210
:1091300015383F363124232A2D4661696C65642039
:10914000746F207265626F6F743A207370696E6E0F
:10915000696E6720656E646C6573736C792E2E2E54
:109160000A000001010301000301303132333435BC
:1091700036373839414243444546005A4D4B20501A
:10918000726F6A65637400464C4153485F30005308
:1091900052414D5F300000000100000000FFFFFF62
:1091A000FFFFFF00000000000000FFFFFFFFFFFFC8
:1091B0000000000000006E616D650062742F257371
:1091C0002F253032782530327825303278253032EC
:1091D00078253032782530327825752F2573006256
:1091E000742F25732F253032782530327825303290
:1091F0007825303278253032782530327825750060
:1092000062742F25730041726F756E64466F7274BD
:10921000792D54425F52006274004254204C572012
:109220005751002530387800253038782D253034D6
:10923000782D253034782D253034782D2530387828
:10924000253034780002FB349B5F800000800010E2
:10925000000000000000574553545F544F504449EC
:10926000522F7A65706879722F7375627379732FD4
:10927000626C7565746F6F74682F686F73742F6894
:1092800063695F636F72652E630062745F68636910
:109290005F6576745F6765745F666C616773286885
:1092A00064722D3E657674292026202831554C2085
:1092B0003C3C202831292900415353455254494F01
:1092C0004E204641494C205B25735D20402025738C
:1092D0003A25640A006576745F666C6167732026C0
:1092E000202831554C203C3C20283029290062752B
:1092F0006600737563636573730009636F6D6D61F9
:109300006E64206F70636F64652030782530347828
:109310002074696D656F75740A00657272203D3D39
:1093200020300009436F6E74726F6C6C657220752B
:109330006E726573706F6E736976652C20636F6DE6
:109340006D616E64206F70636F64652030782530C6
:1093500034782074696D656F75742077697468203E
:109360006572722025640A004254205258205751D9
:10937000000009090909010209090909090909097E
:109380000909090709090909090609090909090952
:1093900009090909090909090909050102045745CB
:1093A00053545F544F504449522F7A657068797214
:1093B0002F7375627379732F626C7565746F6F7438
:1093C000682F686F73742F6863695F636F6D6D6F6B
:1093D0006E2E6300030502000AE69D350E48010368
:1093E000CCDBFDF4AC1191F4EFB9A5F9E9A7832C1E
:1093F0005E2CBE97F2D203B0208BD28915D08E1C82
:10940000742430ED8FC24563765C15525ABF9A3290
:10941000636DEB2A65499C80DC01010101010203B7
:1094200062742F6363630062742F68617368006203
:10943000742F63660062742F7363000005061F1F9C
:109440002918120308020305080A00080103040191
:1094500005040509060701010606080000010001D0
:1094600000030100030202010002000000000002EC
:109470000301000362742F6B657973006C8883911C
:10948000AAF5A53860370BDB5A6083BE696E70752C
:109490007400726574656E74696F6E403000757328
:1094A00062645F776F726B7100010002030001015B
:1094B0000101010601050104010702030105020281
:1094C0000103020504010101020103010401060177
:1094D00008010C0110011801200140018061646342
:1094E00040343030303730303000636C6F636B4065
:1094F00034303030303030300072616E646F6D4027
:10950000343030306430303000656E74726F707992
:109510005F62745F6863690070323571313668402C
:109520003000666C6173682D636F6E74726F6C6C63
:109530006572403430303165303030006770696FAB
:10954000403530303030333030006770696F40352F
:1095500030303030303030004B5343414E0000014A
:10956000020304050607677072656772657432400E
:109570003430303030353230006770726567726574
:1095800074314034303030303531630074656D7083
:1095900040343030306330303000737069403430E4
:1095A0003032333030300073706940343030303313
:1095B000303030007F857F00747261636B62616C54
:1095C0006C5F52403000000000000001010000000C
:1095D00000000010011102120313041405150616F1
:1095E000071708080808080808081818181818188D
:1095F00018182828282828282828383838383838AB
:10960000383848484848484848485858585858589A
:10961000585800203030303030303030303030303A
:1096200030300001000001000000010000000000D7
:1096300052096AD53036A538BF40A39E81F3D7FBC7
:109640007CE339829B2FFF87348E4344C4DEE9CB11
:10965000547B9432A6C2233DEE4C950B42FAC34E86
:10966000082EA16628D924B2765BA2496D8BD1253C
:1096700072F8F66486689816D4A45CCC5D65B692E0
:109680006C704850FDEDB9DA5E154657A78D9D8484
:1096900090D8AB008CBCD30AF7E45805B8B34506A4
:1096A000D02C1E8FCA3F0F02C1AFBD0301138A6BBE
:1096B0003A9111414F67DCEA97F2CFCEF0B4E673EE
:1096C00096AC7422E7AD3585E2F937E81C75DF6E9C
:1096D00047F11A711D29C5896FB7620EAA18BE1B02
:1096E000FC563E4BC6D279209ADBC0FE78CD5AF4A8
:1096F0001FDDA8338807C731B11210592780EC5FEE
:1097000060517FA919B54A0D2DE57A9F93C99CEF49
:10971000A0E03B4DAE2AF5B0C8EBBB3C835399614A
:10972000172B047EBA77D626E169146355210C7D88
:10973000637C777BF26B6FC53001672BFED7AB760E
:10974000CA82C97DFA5947F0ADD4A2AF9CA472C0B9
:10975000B7FD9326363FF7CC34A5E5F171D8311526
:1097600004C723C31896059A071280E2EB27B27547
:1097700009832C1A1B6E5AA0523BD6B329E32F84BF
:1097800053D100ED20FCB15B6ACBBE394A4C58CFB7
:10979000D0EFAAFB434D338545F9027F503C9FA88B
:1097A00051A3408F929D38F5BCB6DA2110FFF3D259
:1097B000CD0C13EC5F974417C4A77E3D645D19730D
:1097C00060814FDC222A908846EEB814DE5E0BDB07
:1097D000E0323A0A4906245CC2D3AC629195E4793E
:1097E000E7C8376D8DD54EA96C56F4EA657AAE0898
:1097F000BA78252E1CA6B4C6E8DD741F4BBD8B8A33
:10980000703EB5664803F60E613557B986C11D9E98
:10981000E1F8981169D98E949B1E87E9CE5528DF0F
:109820008CA1890DBFE6426841992D0FB054BB163B
:109830004145532D3235362D434243004145532D8A
:109840003139322D434243004145532D3132382DB9
:10985000434243004145532D3235362D45434200A6
:109860004145532D3139322D454342004145532D59
:109870003132382D45434200141400001C20304082
:109880001C2000001C2030407662617474006D6101
:10989000696E00737973776F726B71002A2A2A20C0
:1098A000426F6F74696E67205A6570687972204FD5
:1098B00053206275696C64206563333635313639FF
:1098C00039306434202A2A2A0A00696E66006E61E3
:1098D0006E00286E756C6C2900000000F4380600DC
:1098E000F8380600FC380600003906000439060086
:1098F000303D06003C510600405106004451060030
:1099000048510600885306008C5306009453060005
:10991000145D0600185D06000039060028380600B0
:10992000FC3806002838060044510600243B060097
:10993000FC380600243B060044510600003D0600AA
:10994000FC380600003D0600485106002C3D06008C
:10995000043906002C3D060044510600343D060043
:10996000FC380600383D0600F83806009053060023
:10997000F4380600AC53060088530600B0530600C6
:10998000145D0600105D0600303D0600105D060007
:10999000185D0600105D0600485106001C5D0600BB
:0899A000F83806003C7A0600CD
:1099A800000000800000000000000080FFFFFFFFB3
:1099B80000000080FFFFFFFF00000080FFFFFFFFA7
:1099C80000000000A9C9020000000000000100001A
:1099D800000000000000000000000000000000007F
:1099E800000000000000000000000000000000006F
:1099F800000000000000000000000000000000005F
:109A0800000000000000000000000000000000004E
:109A1800000000000000000000000000000000003E
:109A2800000000000000000000000000000000002E
:109A3800000000000000000000000000000000001E
:109A4800000000000000000000000000000000000E
:109A580000000000000000000000000000000000FE
:109A680000000000000000000000000000000000EE
:109A780000000000000000000000000000000000DE
:109A880000000000000000000000000000000000CE
:109A980000000000000000000000000000000000BE
:109AA80000000000000000000000000000000000AE
:109AB8000000000000000000013703000000000063
:109AC800000000000000000000000000000000008E
:109AD800000000000000000000000000000000007E
:109AE800000000000000000000000000000000006E
:109AF800000000000000000000000000000000005E
:109B0800000000000000000000000000000000004D
:109B1800000000000000000000000000000000003D
:109B2800000000000000000000000000000000002D
:109B3800000000000000000000000000000000001D
:109B4800000000000000000000000000000000000D
:109B5800000000000000000000000000AC2E06001D
:109B680000000000000000000000000000000000ED
:109B780000000000000000000000000000000000DD
:109B88001F00000000000000FFFFFFFFFF1F000094
:109B980000000000000000000000000000000000BD
:109BA800FD54050000000000000000000000000057
:109BB8001002002010020020D1E305000000000080
:109BC800000000000000000000000000000000008D
:109BD80030020020300200200000000001000000D8
:109BE80040020020400200204802002048020020D5
:109BF8000000000001000000580200205802002068
:109C0800000000000000000000000000000000004C
:109C1800000000000000000000000000000000003C
:109C2800000000000000000000000000000000002C
:109C3800000000000000000000000000000000001C
:109C480000000000CC0B0020040000000000000011
:109C580000000000000000000000000000000000FC
:109C680000000000000000000000000000000000EC
:109C780000000000000000000000000000000000DC
:109C88003C9D0020000000000000000000000000D3
:109C980034A600200000000000000000236D05002D
:109CA800000000000000000000000000EDAE02000F
:109CB800000000000000000000000000000000009C
:109CC80000000000000000000100000056A5002070
:109CD800000000000000000000000000000000007C
:109CE800010000005EA50020257305009D73050096
:109CF800FB730500337405000F0000001E00000010
:109D08000300000000000000868B06000000000031
:109D180000000000000000002A8B06000000000080
:109D28000000000000000000158C06000000000084
:109D38000000000000000000F28B06006400000034
:109D48000000000000000000F28B06009CFF0000ED
:109D5800000000001400000000000000ADD902005F
:109D68000000000000000000000000007F7F0500E8
:109D780000000000000000000000000000000000DB
:109D8800437F050000000000F1D90200B9D60200A7
:109D980000000000000000006B7F050000000000CC
:109DA800577F0500000000000000000000000000D0
:109DB8006F8E0600000000000000000015D70200AA
:109DC8005DDA020000000000000000000000000052
:109DD800A77F050000000000000000000000000050
:109DE800397F050000000000000000001902000093
:109DF800080E002001010000070E002002040000E8
:109E0800030E00200000000019DD02000000000021
:109E18000000000000000000B1DC020000000000AB
:109E280000000000000000004DDC020000000000FF
:109E38000000000086870600000004000000000003
:109E4800000000000000000000000000000000000A
:109E580000000000000000000000000000000000FA
:109E680000000000000000000000000000000000EA
:109E7800000000000000000000000000D97F05007D
:109E880000000000000000009A8706000000120091
:109E980000000000000000000000000000000000BA
:109EA80000000000000000000000000000000000AA
:109EB800000000000000000000000000000000009A
:109EC800000000000000000000000000000000008A
:109ED800D97F05000000000000000000AE870600E2
:109EE8000000120000000000000000000000000058
:109EF800000000000000000000000000000000005A
:109F08000000000000000000000000000000000049
:109F18000000000000000000000000000000000039
:109F280000000000D97F05000000000000000000CC
:109F3800C287060000001200CE870600000002005B
:109F4800DA870600000002000000000031DF02008E
:109F580000000000000000009E8F060000000000C6
:109F680000000000BB8005003DE00200000000008A
:109F780000000000000000005DE202000000000098
:109F88000000000095EB020015EB02000000000045
:109F980000000000000000000000000041E4020092
:109FA80000000000000000000000000000000000A9
:109FB80005E20200000000000000000000000000B0
:109FC80001E00200000000000000000000000000A6
:109FD80049E102000000000000000000000000004D
:109FE8000000000000000000000000000000000069
:109FF8000000000000000000000000000000000059
:10A008000000000000000000000000000000000048
:10A018000000000000000000000000009981050019
:10A028000000000000000000028806000000120086
:10A0380000000000E38105000000000000000000AF
:10A048004C1A012000000000000000000000000081
:10A0580000000000000000000000000040000000B8
:10A068008C1A012000000000000000000000000021
:10A078000000000000000000000000001E000000BA
:10A08800000000004900030000000000000000007C
:10A0980000000000345D06007501030000000000A8
:10A0A800BDA7002000000000000000000000000024
:10A0B8000000000000000000000000000000000098
:10A0C8000000000000000000000000000000000088
:10A0D8000000000000000000000000000000000078
:10A0E800000000000000000081840500000000005E
:10A0F800000000000791060000002A00758805008E
:10A10800745D06002A8806000000020036880600F2
:10A118000000020042880600000002000000000063
:10A128000000000000000000000000000000000027
:10A138000000000000000000000000000000000017
:10A148000000000000000000000000000000000007
:10A158000000000000000000000000000B96050051
:10A1680000000000000000005E88060000001200E9
:10A17800E91903000000000017970500000000001F
:10A18800FB960500E4070020E4070020000000001B
:10A19800000000000E00000071280300800000008D
:10A1A80000000000412B0300000000000000000038
:10A1B8000000000017A505000000000000000000D6
:10A1C8000000000031300300000000000000000023
:10A1D80000000000F94E030000000000000000002D
:10A1E80000000000E14D0300000000000000000036
:10A1F80000000000A5570300000000000000000058
:10A208000000000079520300000000000000000078
:10A218007008002070080020000000000000000006
:10A228000166030025710300D5BC0500000000008D
:10A23800000000004169030015BA050041B9050096
:10A24800C5640300000000000000000000000000DA
:10A25800000000000000000000000000F18B030077
:10A2680000000000000000000000000000000000E6
:10A27800A1D205000000000000000000000000005E
:10A288007A880600000002008688060000000A009E
:10A298009688060000002000000000000000000072
:10A2A80000000000000000000000000000000000A6
:10A2B8000000000000000000000000000000000096
:10A2C8000000000000000000000000000000000086
:10A2D80000000000000000000000000047C4050066
:10A2E80000000000AA88060000000200B6880600E8
:10A2F80000000200C288060000000A005C09002075
:10A308005C09002000000000000000000E000000B2
:10A318007009002070090020759C030000000000EF
:10A3280000000000986D0020000000001DD403000C
:10A3380000000000A06D00200000000009C4030018
:10A3480000000000A86D0020000000001982040031
:10A3580000000000B06D0020000000001982040019
:10A3680000000000B86D00200000000045C0030098
:10A3780000000000FC7E002000000000AD8E0400FC
:10A3880000000000147F0020000000001982040073
:10A39800000000001C7F00200000000091EF030077
:10A3A80000000000A87F002000000000959604002F
:10A3B80000000000CC7F002000000000A9FC030082
:10A3C80000000000D47F0020000000001982040073
:10A3D80000000000DC7F00200000000045FE0300B4
:10A3E80000000000E47F002000000000890904004C
:10A3F800000000004882002000000000288400209F
:10A40800000000000886002000000000288A0020C4
:10A418000000000065A2040000000000408A00203F
:10A4280000000000E5A20400000000002C8D0020C0
:10A4380000000000197F040000000000588D002073
:10A448000000000019820400000000002C8E00208B
:10A45800000000001982040000000000348E002073
:10A4680000000000E1950200000000008491002037
:10A478000000000035B00300000000007C910020BF
:10A488000000000035B003000000000074910020B7
:10A4980000000000A9AC0300000000006C9100203F
:10A4A8000000000035B003000000000064910020A7
:10A4B80000000000A9AC0300000000005C9100202F
:10A4C8000000000035B0030080010000000000001B
:10A4D80019CC04000000000000000000000000008B
:10A4E800FDD8040000000000480B0020480B0020A5
:10A4F8000100000001000000580B0020580B00204C
:10A50800600B0020600B002000000000010000002C
:10A51800700B0020700B00200000000000000000FD
:10A52800000000000000000091E3040000000000AB
:10A53800C42B06000F00000000000000C42B06001A
:10A548000E00000001000000C42B06000D000000F2
:10A5580002000000C42B06000C00000003000000ED
:10A56800DC2B06000A00000004000000DC2B0600BB
:10A578000300200000000000DC2B06001C00200067
:10A5880001000000DC2B06001D0020000200000076
:10A59800C42B06000B002000030000000000000090
:10A5A8000000000063EC050000000000000000004F
:10A5B80000000000B4790600000000001C0C002018
:10A5C8001C0C002000000000010000002C0C0020E2
:10A5D8002C0C0020340C0020340C0020000000005B
:10A5E80001000000440C0020440C00200000000082
:10A5F8000000000000000000000000000000000053
:10A608000000000000000000000000000000000042
:10A61800F42E06000000000000000000000000000A
:10A6280000000000FDEE0500000000000000000032
:10A6380000000000347A0600010000009C0C002095
:10A648009C0C00200000000001000000AC0C002061
:10A65800AC0C0020B40C0020B40C0020000000005A
:10A6680001000000C40C0020C40C00200000000001
:10A6780000000000000000000000000000000000D2
:10A6880000000000000000000000000000000000C2
:10A698000C2F06000000000000000000BBA80020EE
:10A6A800B3A8002000000000000000000000000027
:10A6B8000000000000000000000000000000000092
:10A6C8000000000000000000000000000000000082
:10A6D8000000000000000000000000000000000072
:10A6E8000000000000000000000000000000000062
:10A6F8000000000000000000000000000000000052
:10A708000000000000000000000000000000000041
:10A718000000000008000000FF000000000000002A
:10A728000300000000000000388306001122060024
:10A738003D25030059250300C42E06000000000033
:10A748000000000000000000000000000000000001
:10A7580000000000000000000000000000000000F1
:10A76800C00D0020C00D00200600080000002C01CC
:10A7780010000000010000002C011001FF7F010003
:10A7880000FF0300000000000000000002000000BD
:10A7980000000000000000000001000000000000B0
:10A7A80000000112180F1806C1030301020101017C
:0FA7B800000000030B0101501D5E6101006401F0
:10A7C7000000000000000000000000000000000082
:10A7D7000000000000000000000000000000000072
:10A7E7000000000000000000000000000000000062
:10A7F7000000000000000000000000000000000052
:10A807000000000000000000000000000000000041
:0AA817000000000000000000000037
:10A828000000000000000000FD54050000000000CA
:10A838000000000000000000980E0020980E002084
:10A8480075AE0200000000000000000000000000DB
:10A8580000000000000000000000000000000000F0
:10A86800FD5405000000000000000000000000008A
:10A87800D00E0020D00E0020C1DE02000000000033
:10A8880000000000000000000000000000000000C0
:10A89800F00E0020F00E0020B0150120000000008E
:10A8A800060000002C000000000000000C0F002033
:10A8B8000C0F002080F900200000000006000000B6
:10A8C800B000000000000000280F0020280F002022
:10A8D800CC17012000000000200000001400000038
:10A8E80000000000440F0020440F0020B81601208B
:10A8F80000000000030000001C0000000000000031
:10A90800600F0020600F0020000000000000000021
:10A918000E000000740F0020740F002000000000DB
:10A92800000000000E000000880F0020880F0020A3
:0CA9380000000000000000000E00000005
:10A944009C0F00209C0F00200C0000001000000051
:10A954000C170120CC1701200C1701200C17012023
:10A9640000000000C00F0020C00F00200000000005
:10A97400CC0F0020CC0F00200E00000005000000CA
:10A984000C070120520701200C0701200C070120AD
:10A9940000000000F00F0020F00F00200000000075
:10A9A400FC0F0020FC0F00200C000000040000003D
:10A9B400A0FD0020D0FD0020A0FD0020A0FD00206F
:10A9C40000000000201000202010002000000000E3
:10A9D4002C1000202C1000201C000000400000005F
:10A9E400D0FD0020D0040120D0FD0020D0FD0020A7
:10A9F4000000000050100020501000200000000053
:10AA04005C1000205C1000200C0000000500000019
:10AA140084050120C005012084050120840501204E
:10AA240000000000801000208010002000000000C2
:10AA34008C1000208C10002008000000140000007E
:10AA4400C005012060060120C0050120C0050120C9
:10AA540000000000B0100020B01000200000000032
:10AA6400BC100020BC1000200900000014000000ED
:10AA7400D004012084050120D0040120D004012049
:10AA840000000000E0100020E010002000000000A2
:10AA9400EC100020EC100020220000000500000053
:10AAA400600601200A0701206006012060060120DB
:10AAB4000000000010110020101100200000000010
:10AAC4001C1100201C1100200100000001000000E6
:10AAD4002C1100202C1100203411002034110020EE
:10AAE4000100000001000000441100204411002076
:10AAF4004C1100204C110020010000000100000056
:10AB04005C1100205C1100206411002064110020FD
:10AB140000000000FFFFFFFF7411002074110020EB
:10AB24007C1100207C1100200000000001000000C6
:08AB34008C1100208C1100209F
:10AB3C0000000000000000009C1100209C1100206F
:10AB4C00A4110020A411002000000000000000004F
:10AB5C00B4110020B4110020BC110020BC11002045
:10AB6C000000000000000000CC110020CC110020DF
:10AB7C00D4110020D41100200500050010000000A5
:10AB8C0000000000D05F06008C13012000000000C4
:10AB9C0000000000F8110020F81100200012002025
:10ABAC000012002003000300100000006568030081
:10ABBC00F8600600381501200000000000000000BD
:10ABCC0024120020241200202C1200202C12002011
:10ABDC00030003000100000000000000F05E06000E
:10ABEC00EC0E0120000000000000000050120020BC
:10ABFC0050120020581200205812002006000600A7
:10AC0C0010000000F5510300C05F06002811012060
:10AC1C0000000000000000007C1200207C120020CC
:10AC2C0084120020841200200200020001000000A7
:10AC3C0000000000B05F0600F010012000000000D2
:10AC4C0000000000A8120020A8120020B012002062
:10AC5C00B01200201100110006000000612E03004C
:10AC6C00E05E0600400C0120000000000000000027
:10AC7C00D4120020D4120020DC120020DC120020A0
:10AC8C00010001000100000000000000005F060050
:04AC9C00441001203F
:10ACA0001201000200000040501D5E61010401021B
:10ACB000030109020000000100E032090400000164
:10ACC0000300000009211101000122000007058096
:10ACD000031000010403090418035A4D4B2050725D
:10ACE0006F6A65637400000000000000000000004F
:10ACF000220341726F756E64466F7274792D5442EF
:10AD00005F52000000000000000000000000000092
:10AD1000000022033031323334353637383941427E
:10AD20004344454600000000000000000000000011
:06AD30000000000000001D
:10AD38000000000013130020E59A050075290300A0
:10AD480015290300000000009D28030001000000F1
:04AD5800F8070020D8
:10AD5C00D42D0600000000001C2E06000000000090
:10AD6C00042E060000000000A42D060000000000C8
:10AD7C00BC2D0600000000006C2C0600000000003A
:10AD8C005C2D060000000000E42C06000000000012
:10AD9C00742D060000000000442D06000000000089
:10ADAC00FC2C060000000000342E06000000000001
:10ADBC003C2C060000000000242C060000000000C3
:10ADCC00142D0600000000002C2D060000000000D1
:10ADDC00EC2D060000000000542C060000000000C2
:08ADEC008C2D060000000000A0
:10ADF400CD82050000000000040000002983050046
:10AE04000000000003000000B18305000000000002
:04AE14000500000035
:10AE1800D42D0600FF8B06001C2E06004F8C060062
:10AE2800042E0600F28B0600A42D0600C28B060035
:10AE3800BC2D0600C78B06006C2C0600188A06007D
:10AE48005C2D06008F8B0600E42C0600058C06009E
:10AE5800742D0600A08B0600442D0600B88A060053
:10AE6800FC2C0600998A0600342E0600528D060036
:10AE78003C2C0600E9890600242C0600F28806000E
:10AE8800142D0600C38A06002C2D0600D78A06005A
:10AE9800EC2D0600338C0600542C0600FD890600B4
:08AEA8008C2D0600AA8B0600A8
:08AEB0005D830500AD83050080
:10AEB8004DF7020004020000D9F502000401010068
:10AEC800F5F70200030101003783050003020100C2
:10AED80039F802000304000075FB020005090000B0
:10AEE800198405000503000021FD02000505000086
:10AEF8000DFF020005010000E1FA0200050600004E
:10AF080001FE02000508000029FC0200050A0000F5
:10AF180081FC0200050B00004DFF02000504000043
:10AF280081FE02000507000005FA02000502000084
:08AF380085FD0200050C00007C
:04AF40005384050031
:10AF440001000000C1FF0200CDFF02003500030034
:04AF5400B5FF020043
:04AF58009853060004
:04AF5C0015E015E007
:0400000330001E3972
:00000001FF
