:020000022000DC
:1070000000840020A1B902000BD604008DB9020053
:107010008DB902008DB902008DB902000000000098
:10702000000000000000000000000000BDBA0200E7
:107030008DB902000000000021BA02008DB90200E3
:1070400051BD0200A5DB030051BD020051BD02008D
:1070500051BD020051BD020051BD020051BD0200F0
:1070600051BD020051BD020051BD020051BD0200E0
:1070700051BD020051BD020051BD020051BD0200D0
:1070800051BD020051BD020051BD020051BD0200C0
:1070900051BD020051BD020051BD020051BD0200B0
:1070A00051BD020051BD020051BD020051BD0200A0
:1070B00051BD020051BD020051BD020051BD020090
:1070C00051BD020051BD020051BD020051BD020080
:1070D00051BD020051BD020051BD020051BD020070
:1070E00051BD020051BD020051BD020051BD020060
:1070F00051BD020051BD020051BD020051BD020050
:1071000053B94AB9002908BF00281CBF4FF0FF310E
:107110004FF0FF3000F00CB8ADF1080C6DE904CE73
:1071200000F022F8DDF804E0DDE9022304B0704746
:10713000704700BF10F8012B11F8013B012A28BF4E
:107140009A42F7D0D01A7047034611F8012B03F882
:10715000012B002AF9D17047034613F8012B002AAE
:10716000FBD1181A013870472DE9F04786468C4646
:107170000846089E154674461946002B40F0C2800A
:107180008542B2FA82F245D94AB1C2F1200300FA2F
:1071900002FC2EFA03F3954043EA0C0C94404FEAAC
:1071A000154EA8B2BCFBFEF8230C0EFB18CC08FB56
:1071B00000F943EA0C43994528D9EB1808F1FF3749
:1071C00004D2994502D9A8F102072B44A3EB090385
:1071D000A4B2B3FBFEFC0EFB1C330CFB00F044EA34
:1071E0000344A04214D92C190CF1FF3304D2A0425D
:1071F00002D9ACF102032C44241A43EA07401EB121
:10720000D440002334607360BDE8F0874746DDE773
:107210006346F1E792BB431B01214FEA154EAFB223
:10722000B3FBFEFC200C0EFB1C330CFB07F840EA02
:107230000343984562D9EB180CF1FF3004D298450E
:1072400002D9ACF102002B44A3EB0803A4B2B3FBB8
:10725000FEFC0EFB1C330CFB07F744EA0344A74279
:107260004ED92C190CF1FF3304D2A74202D9ACF14C
:1072700002032C44E41B43EA0040C0E7C2F12003B0
:1072800020FA03F1954090402EFA03F303434FEAAE
:10729000154EAFB2B1FBFEFC0EFB1C10190C0CFB23
:1072A00007F841EA0041884504FA02F422D9691836
:1072B0000CF1FF3004D2884502D9ACF10200294418
:1072C000A1EB08019BB2B1FBFEFC0EFB1C110CFBF9
:1072D00007F743EA01439F420ED9EB180CF1FF3147
:1072E00004D29F4202D9ACF102012B44DB1B41EADC
:1072F000004192E76046E3E76146F7E76046A3E7AF
:107300006346B7E7834206D916B9002108467BE7F2
:10731000C6E900E0F9E7B3FA83F78FB9834201D3F6
:10732000724508D8BEEB020460EB030301209C46C3
:107330001EB9002168E73846FAE7C6E9004CF8E7CD
:10734000C7F1200CBB4022FA0CF41C432EFA0CF1BE
:1073500020FA0CF3B84001434FEA14490EFA07F53E
:10736000B3FBF9F81FFA84FE09FB18300B0C08FB7D
:107370000EFA43EA00439A4502FA07F240D9E318AD
:1073800008F1FF3004D29A4502D9A8F10200234443
:10739000A3EB0A0389B2B3FBF9F809FB183308FB26
:1073A0000EFE41EA03418E452CD9611808F1FF33E6
:1073B00004D28E4502D9A8F10203214443EA0040D9
:1073C000A0FB0298A1EB0E014145CE46434602D3F5
:1073D00006D14D4504D2B9EB020E68EB0403013827
:1073E000002EA6D0B5EB0E0261EB030101FA0CFCF6
:1073F00022FA07F34CEA0303F940C6E9003198E7A3
:107400004046C5E74346D9E7F7B5002101AA40F653
:10741000034005F0AFFC0446002869D10198C36819
:107420001B788BB9BFF35B8FB94B1A68BFF35B8FC7
:1074300002F00902BFF35B8F53E8001F43E800240A
:10744000002CF9D1BFF35B8F04F018FF01AA0021D3
:1074500041F2030005F08EFC0446002848D1019A51
:10746000AC4DD168D1F80100D1F8051005F17803D1
:1074700003C3104604F002FF214601AA41F20100B5
:1074800005F078FC044698BB0198C3685A7885F8E3
:1074900070205A88A5F872201A7985F87120B3F8FF
:1074A0000720A5F87420B3F80530A5F8763004F06D
:1074B000E5FE214601AA41F2020005F05BFC04460C
:1074C000B0B9019FFA6805F18006531C4132186873
:1074D0005968344603C4083393422646F7D13846E8
:1074E00004F0CCFE95F87C305B0604D46FF01204F7
:1074F000204603B0F0BD01AA002142F2030005F0CE
:1075000039FC04460028F3D1019B834EDA68D2F897
:107510000100D2F8051003C6184604F0AFFE21465C
:1075200001AA42F2020005F025FC04460028DFD142
:10753000019CE368B3F8012091B249B1D97839B11F
:10754000A5F80421DA78114606F128002CF0D0F9CC
:10755000204604F093FE95F87C601F2316F0200669
:10756000A5F8203118D1022140F66D4005F084FACB
:107570000446002800F0C48002210C3026F0F5F803
:107580000123037046702146324640F66D4005F0F7
:10759000F1FB04460028ABD195F89C301F0712D5AB
:1075A00001AA002142F21C0005F0E4FB0446002879
:1075B0009ED10198C368D3F80120D3F80530C5E9FE
:1075C000382304F05BFE95F8D8309E0624D50DF1E3
:1075D0000201684626F014FD0446002888D10421E3
:1075E00042F2240005F048FA0646002800F08880A0
:1075F00004210C3026F0B9F8BDF800300380BDF846
:10760000023043802246314642F2240005F0B2FBAC
:10761000044600287FF46CAF95F8D8305C0610D58E
:1076200001AA002142F22A0005F0A4FB044600282A
:107630007FF45EAF0198C3685B7885F8223104F06F
:107640001DFE082142F2010005F016FA044600284A
:1076500056D008210C3026F088F895F8D81011F093
:10766000400F024640F2022308BF032388074CBFA5
:1076700043F02C0043F00C0095F8D9308F0648BF3A
:1076800040F0400013F0090F18BF40F40060CE072F
:1076900048BF40F01000002126F0E3FA2146002206
:1076A00042F2010005F066FB044600287FF420AF9B
:1076B00095F87C30B5F80411980624D4C9B901AA0C
:1076C00041F2050005F056FB044600287FF410AF98
:1076D000B5F80431019C4BB9E368B3F80120A5F873
:1076E00004219A880D4811462CF002F9204604F036
:1076F000C5FD082140F6014005F0BEF9044678B901
:107700006FF06804F4E60029F3D16FF00404EFE6AB
:10771000D400002000000020D80000200801002034
:1077200008210C3026F021F895F8D830D907024608
:1077300053BF4FF000512CA1D1E90001284826F099
:1077400090FA2146002240F6014005F013FB044662
:1077500000287FF4CDAE014601AA4FF6014005F0A6
:1077600009FB044620BB019804F088FD214601AACC
:107770004FF6024005F0FEFA0446C8B90198C36806
:10778000B3F80130A5F8C13004F078FD95F8C130A8
:107790005B070DD501AA21464FF6034005F0EAFA32
:1077A00030B90198C3685B7885F8C03004F066FD95
:1077B00026F0FDFD044600287FF49AAE07F046FB54
:1077C000044600287FF494AEEB79002B3FF490AE92
:1077D0000821044826F07FF905F01CFA88E600BF6E
:1077E00010880002D4000020908800020080002051
:1077F0002DE9F843D0E90738856903EB08042F34F5
:10780000A5420F46164619D8DFF87080A3FB080181
:1078100017A3D3E90023FFF773FC0346601BA0FB0B
:10782000080123F07F4412A3D3E90023FFF768FC8B
:1078300020F07F403C603060BDE8F883DFF83C908A
:107840000BA3D3E90023A5FB0901FFF759FC20F0A6
:107850007F4409480A2106A3D3E90023E8FB090174
:10786000FFF74EFC20F07F403C603060BDE8F883BD
:107870008D49FD1A0700000000166BF100CA9A3B03
:107880009FED097B0E4B0F4A0F4983ED007B9FED67
:10789000087B82ED007B9FED087B0C4B002281ED85
:1078A000007B1A600DF016BDFFFFFFFFFF1F0000F9
:1078B00000000000000000001F00000000000000A9
:1078C000980100202816002090010020242E00207E
:1078D000002800F046812DE9F04FC94C94F86A2049
:1078E00012F001058DB040F0788194F82500FF2357
:1078F00000F0030084F8263015F02EFD94F86A009D
:10790000420727D494F8292094F8353004EB8202FA
:1079100004EB8303D66AD3F8388086B1B848314681
:107920000FF0B2FA33785B0605D506210AF066FC43
:10793000002800F05481B24841460FF0A5FA337890
:1079400013F00E0F40F09E80236A93B10C200DB00F
:10795000BDE8F08F2A4604F16B01C0F3C00015F0BA
:1079600073FEFF2884F82600CCD0284615F00EFDC3
:10797000C8E70CF087FF8146002800F054810CF026
:107980008DFF8246002800F04B810FF07BFD0546FD
:10799000002800F04A81D0F894004FF6FF732B8640
:1079A00005F11C0B002800F0208105F1880205F18B
:1079B00084010AF02FFCB5F8823023F4EF6323F042
:1079C000070343F48C7343F00103A5F8823095F864
:1079D000433003F03F0363F07F0385F8433095F8AD
:1079E0009A3023F0070385F89A3095F8483023F051
:1079F0000F03002785F848304FF4C023C5F89831AD
:107A00002846C5E91577C5F89470A5F8987085F8EB
:107A10004570EF86C5F83A70EF65A5F89E71A5F838
:107A2000947111F079FE85F86071C5F864910FF0DA
:107A3000BDFF95F8A43160F3020385F8A4310FF07F
:107A4000BBFF95F8A43160F3C50385F8A43195F820
:107A5000903167F3410385F890310121284610F0F9
:107A6000C3FB05F1E00011F02FFCC4E9189AC4F83B
:107A700020B0C5E905772F70ED6116F0C7FE00282C
:107A800040F0AF8094F824300121C3F342030DF19C
:107A90002B008DF82B300AF05BFD0246002862D0E7
:107AA00098F8011030460EF0A9FF31235549A36024
:107AB000554BB4F86870A0FB01010025C01841F1D6
:107AC00007014DA3D3E90023C4E90555257065607E
:107AD000E560FFF715FB20610BF0FAFF00F10908E4
:107AE0003FB9357805F00F05A5F10105B5FA85F523
:107AF0006D0994F82400236965F3000010F0010576
:107B000084F8240036D0414A0992002010600225F2
:107B10003F4A404F04930BAE019305920321CDE9F8
:107B20000200069443460090089607972A460B9554
:107B30000BF0D0FE31460CF061FFA0B9364905913B
:107B40004AF2D8330093CDE90300CDE9010007974D
:107B5000089606944346012203210B950BF09EFEE6
:107B60002EE00EF09BBE236A002B3FF4EFAE0EF02A
:107B700051FEEBE6254A2948049303F24713069485
:107B8000029591211360A7FB000301FB0731214BF4
:107B900007931F4B05934FF6FF7309920227039338
:107BA0000BAE15A3D3E900230B970896FFF7A8FAAD
:107BB0004346CDE900503A46284603210BF08AFEA1
:107BC00031460CF01BFF0028CDD194F86A3001201B
:107BD000034384F86A3015F0A1FB0020B7E61220B9
:107BE000B5E60EF017FE0320B1E605F18C00C5F8EE
:107BF0009400DAE6AFF300808D49FD1A070000001B
:107C00005C2E002000CA9A3B8C49FD1A502E0020A1
:107C1000796A0300353C03005D650300002AE784B0
:107C200048460CF035FE072091E650460CF03CFE2D
:107C300048460CF02DFEF6E770B590F824308AB077
:107C4000C3F342030D46044601210DF123001646FD
:107C50008DF823300AF07CFC7178024628460EF03D
:107C6000CDFE1F491F4AA0FB0131981841F10701C1
:107C700019A3D3E90023FFF743FA23699842054685
:107C800021D21B1A00220192174A0293174BA21A03
:107C9000A3FB02320221920900230A4409AE099192
:107CA00013490591CDE903330321D2B2069600931F
:107CB00018460BF06FFE31460CF0A0FE38B9256176
:107CC00000200AB070BDFBD9C21A0023DBE70C20EC
:107CD0000AB070BDAFF300808D49FD1A07000000A7
:107CE00000CA9A3B8C49FD1A5C2E002009CB3D8DC1
:107CF000353C0300000000002DE9F04F06468DB032
:107D00008A46012002219946154618F01DFD0022E1
:107D10000B90022101200AF0CDFA3B494FF4D872B2
:107D200030460AF057FAC71C384B0093FFB2019651
:107D30004B463A46012100200BF086FE10F0FD0F65
:107D40000ED0334A3349344840F68F0324F0DCFC2C
:107D5000002383F31188BFF36F8F0323184602DFDC
:107D60002E4CA5FB044526A3D3E900232046294633
:107D7000FFF7C6F90896069633690493284B20F05E
:107D80007F48A8FB0331E01A264B07934FF0070208
:107D9000254B059302FB08114FF6FE7365EB0101BD
:107DA00003934FF47A720023FFF7AAF94FF0000B08
:107DB000CDE90180CDF800A04B463A460121584656
:107DC0000BF06CFD10F0FD0F0DD0114A1149124857
:107DD00040F6A40324F098FC8BF31188BFF36F8F57
:107DE0000323184602DF0B9B13B90DB0BDE8F08FDB
:107DF0000122022110460DB0BDE8F04F0AF05ABA38
:107E00008D49FD1A0700000030160020257403007C
:107E1000405F050004600500205A050000CA9A3B37
:107E20008D49FD1AC57303004DC803000000000012
:107E30002DE9F0418468228E4FF6FF739A428CB090
:107E400045D00546204611F0DDFE2B7D012B00F0CC
:107E50002281022B00F01581002B00F0F48094F8B1
:107E60006061002E40F010812B8A678F94F94320C7
:107E7000CDE90A6673B3002AC0F25A810023A4F840
:107E80009A31AA7C238FFD1802F003030135012BE0
:107E9000ADB23BD0B4F89E31002B00F005819D427D
:107EA00080F059815B1B9BB20022062BA4F89E3107
:107EB000628740F2F68094F943309342C0F25081D9
:107EC000002326E09DF8271020460FF053FE0CB04B
:107ED000BDE8F081002AB8BF84F88561238FAA7CB1
:107EE000FD1802F003030135012BADB20ED0B4F83A
:107EF0009A31002BCED0AB4240F23C815B1BA4F800
:107F00009A31B4F89E31002BC9D102E00023A4F8C5
:107F10009E3194F8482063F3820284F84820294671
:107F20000DF12702204611F033FC7430CAD0B4F8AA
:107F300098312BB1AB4240F2EC805B1BA4F8983136
:107F4000B4F894312BB1AB4240F2DA805B1BA4F859
:107F50009431658F16B9AF4200F0C9800135ADB2DA
:107F600094F8DD3013F0010731D1DDE90A130A4638
:107F7000002B40F0CC80002900F0BB801F46184643
:107F8000228EE4690694CDE9035603329A4D02909D
:107F9000CDE90017D2B20121002005950BF0FAFCC3
:107FA00010F0FD0F93D00CF053FD84428FD0934A14
:107FB000934994484FF4AE6324F0A6FB002383F367
:107FC0001188BFF36F8F0323184602DF7FE794F910
:107FD00043206FF30003002A84F8DD307FDB94F840
:107FE0008200C0F3C00100F0070016F027FAB4F8D1
:107FF0007A20B4F878301344628D03F23F131344AF
:108000000344814A81480721E3FB0021104678A3FD
:10801000D3E90023FFF774F8DDE90A1320F07F426B
:1080200020692261904235BF171A801A002000276C
:108030000A46002BA4D157EA010CA1D1002858D040
:1080400019461F469CE794F89A3003F01803182B42
:108050007FF405AFA18EB4F896218B1D9A42C4BF60
:10806000931F5B1AB4F89211CCBF9BB2134699428E
:1080700000F09C80A4F89231A4F89431A4F89821DF
:10808000EDE63D2684F86061314620460CB0BDE83F
:10809000F0410FF06FBD0023A4F89831A4F894319B
:1080A000DDE60126334634E7628E052A97BF0132AA
:1080B00040F2E2434FF4FA7392B203FB02F2B4F8D7
:1080C0009C3142F2107101FB0323013BB3FBF2F33D
:1080D0009BB2A4F89E31002B7FF4E1AE19E794F82F
:1080E0008300012100F0070016F0AAF97FE735466A
:1080F00036E7002D43D00027114638463B463FE780
:108100000023A4F89431204611F0E4FB21E738461F
:1081100036E70CF009FC0146A0B30023A4F898311F
:10812000238EC3801B23037100680CF0CFFB07E78D
:1081300094F885316BB3013B84F8853104F1E00894
:10814000404611F003F9B8B3404611F0FFF8B8B358
:108150000023638792E6082120460FF00BFDB6E668
:10816000A7B9D4F888315A0813F0010336D1C4F8FE
:108170008821A5E63E2120460FF0FCFCA7E6002E54
:10818000B9D1A4E60123A4F89831D9E61346012613
:10819000BFE60AAA0BA92846FFF72AFBDDE90A2356
:1081A0001343CBD0237884F88531C7E7B4F898110E
:1081B00000297FF454AE5FE7FF200FF09DFCC3E77A
:1081C0000246D4E921010AF03DF80028C0D194F814
:1081D00048301B0744BFA38E63874FE642F000423E
:1081E0001E46C4F888213B4693E600BFAFF30080EB
:1081F0008D49FD1A0700000081730300405F0500F0
:1082000080600500205A05008C49FD1A00CA9A3B7F
:108210002DE9F04F87B0CDE90423BDF84420037861
:108220000292BDF84820BDF840A0BDF84C90878F61
:10823000019104460392002B00F0D480013FBFB2AD
:10824000A368D4F81CB1A7EB090292B2002B0092EC
:108250000ADAE168626823F0004391422CBF8B4444
:108260009344A360ABEB030B94F88200C0F3C0010E
:1082700000F0070016F0E2F8658E052D40F2AA80A6
:10828000009B15FB03F5ADB240F2E248BAF1050FD1
:1082900040F29480B4F87A20B4F87830134403F2B2
:1082A000D51303447A4A7B480721E3FB00214FF0B2
:1082B0009613A36296231046A38573A3D3E90023E4
:1082C000FEF71EFF564620F07F4040F2E24308FBD7
:1082D00005F103FB06F6B1FBF6F81FFA88F52061FD
:1082E00006FB05F08142A8465AD2401A694966A3A6
:1082F000D3E90023A0FB0101FEF702FF20F07F403D
:108300008344E38EB4F824211344994494F8433011
:10831000A9EB0709C844DB09A4F8368069D15E4A95
:108320005E495F4840F6671324F0EEF9002585F3B7
:108330001188BFF36F8F0323184602DF3746029B75
:10834000A386039BA4F89C3131462046A4F832A0B2
:1083500011F05AFA534BA18E3344881DB3FBF6F348
:108360009AB29042A4F8962104D2C1F57F41FA3125
:108370000A4492B2019BA4F8922113B10023A4F8FD
:108380009E315B463A4629462046FFF7B5FC94F8F5
:10839000903143F0010384F8903107B0BDE8F08FCD
:1083A000091A3C4838A3D3E90023A1FB0001FEF7DA
:1083B000A7FE20F07F40ABEB000BA2E74FF0961337
:1083C0000AF10106A3629623A385B6B20A204FF4F0
:1083D000FA737CE7009B013515FB03F5ADB24FF452
:1083E000FA7853E7C38E1F44B0F824311F44BFB25C
:1083F00026E7E26C0099636D02FB1133636516F0AA
:1084000055FA074694F88401C0F3420016F050FA7A
:10841000074406FB07F7244B07F5742707F23F27AD
:10842000A3FB0737BF0C636DE76405FB07F0720819
:108430000344963A934228BF1346C4E91423049B8D
:10844000144D40F2E24808FB03F3E3650023A0FB70
:108450000501C4F88C310CA3D3E90023FEF750FECC
:10846000124B059AABEB000BA3FB0230800A08FB12
:1084700000F0A0FB050104A3D3E90023FEF740FEB2
:10848000F71B20F07F455AE78D49FD1A07000000D1
:108490008C49FD1A00CA9A3B405F0500F85A050056
:1084A000205A05007FC3C90183DE1B435917B7D18A
:1084B0002DE9F04F0B6891F81180D3F80090037FFD
:1084C000176895B00446C3F38013D0F81E008DF8EA
:1084D0003F30B8F1FF0F638C12900E461546ADF891
:1084E0004C300DF1480A4DD19AE803001090ADF8D8
:1084F00044102346E28D53F82EBB9B78AB722A8141
:10850000D4F82A306B60D4F83A30C5F8223005F13F
:10851000220094F83E30037105210AF019F895F80D
:10852000273000F03F0060F3050385F8273094F80A
:108530003F30C3F3040285F82820A28EEA82012886
:1085400003F01F0392B205D91B3303F01F030B2B5B
:1085500000D81ABB0022C9F8142095F82C3062F319
:10856000000385F82C30E56801265846214626711F
:108570000CF0A0F928682E7129460CF0A7F915B067
:10858000BDE8F08F10AA0DF13F01404614F06CFCDD
:108590009DF83F3002338DF83F30AAE73368002161
:1085A0005960E38EEA8A2B8340F2E24303FB02F236
:1085B0000B92628E0D92384611F03AF994F83F20F2
:1085C00097F88411520962F3430187F8841116F079
:1085D0006DF90C9097F88401C0F3420016F068F929
:1085E0000C9A0B99104401FB00F0BF4A00F574206F
:1085F00000F23F20A2FB00204A08800C963A286334
:108600006A6394F8312040F2E24302FB03F36B64A7
:10861000238FA7F89C31384611F0F6F80B99B34B2D
:10862000B34AC7F8A0210B44B3FBF1F39AB2A7F801
:108630009621298B881D824204DDC1F57F41FA31E4
:108640000A4492B2A7F892216B68C7F88831234692
:1086500013F81C2FC2F340120C92DA0700F10181CB
:108660004FF48073A38399F8260015F001F904F103
:108670002B03002800F0F180626AC4F82B20228DC1
:108680009A80B8F1FF0F00F00F81BAF80430129809
:10869000A4F82930C4F825009DF83F30A37710983E
:1086A000BDF84430C4F81F00A4F82330EB8A638679
:1086B0002B8BA386B7F89C31E38697F88431C3F3FC
:1086C000420384F8383038460EF0E8FEA882E08095
:1086D0002146584674680CF0EDF8AB8AE3801C2301
:1086E00023710C9BD4F80080002B40F0D1800C9BB0
:1086F0002377214640460CF0E9F895F86700B5F875
:108700005C80B5F85E40012100F0070015F098FE8E
:10871000444404F2D514DFF8E481044482467548E9
:108720004FF096130721C5E90333E4FB0801312319
:108730000024BB607C606AA3D3E90023FC60FEF7E1
:10874000DFFC20F07F4038610B9B2D6B0D995D1B8A
:10875000F36840F2E24202FB013303F2B341A1EBC2
:108760000A0A22460221012009F0A4FD48460EF023
:1087700047FB0246AAFB0801924659A3D3E900230E
:10878000FEF7BEFCCDF80490B3685B49009120F081
:108790007F480AF102023A3BD2B24344012120460B
:1087A0000BF052F9012800F0858099F82430DB079E
:1087B00066D438460EF072FE504BA5FB03A9044662
:1087C00047A3D3E9002350464946FEF799FC4C4B9A
:1087D000B6684C4A079220F07F45A5FB0331BAEBFF
:1087E0000300494B05934FF4F573069708933B69D3
:1087F0004FF0000BCDE903B34FF0070303FB051166
:1088000069EB01014FF47A720023FEF779FC03341F
:108810003A3EE4B2CDE90150CDF80080334622461D
:10882000012158460BF03AF810F0FD0F0DD0374AF1
:108830003749384840F2EB1323F066FF8BF3118879
:10884000BFF36F8F0323184602DF01220221104677
:1088500009F030FD15B0BDE8F08FC4F82B0098800A
:108860000FE72A4A2C492B48FD2323F04DFF002314
:1088700083F31188BFF36F8F0323184602DFEFE6FF
:10888000002301220093184611460BF09BF890E755
:1088900095F8273043F0400385F82730281D14F061
:1088A000EDF80123288523E70022C4F82520A4F849
:1088B0002920F1E60CF0CCF881453FF476AF134A5D
:1088C0001649144840F2922323F01EFF84F31188C6
:1088D000BFF36F8F0323184602DF66E7AFF3008014
:1088E0008D49FD1A0700000083DE1B437FC3C901C9
:1088F000404B4C008C49FD1A0DC8030000CA9A3B3E
:108900008D49FD1AD9C703004DC8030060650500F5
:1089100004600500205A0500145D0500BC650500D3
:1089200010B5334C3349002304F1FF3C14F83320D5
:10893000072A02EB820E05D811F83E206FF345128C
:1089400001F83E201CF833206FF300020CF83320AE
:108950000133082BEAD1284A284C002313700A78E7
:1089600063F300020A7091F8282063F3000281F893
:10897000282091F8502063F3000281F8502091F8EC
:10898000782063F3000281F8782091F8A02063F347
:10899000000281F8A02091F8C82063F3000281F85A
:1089A000C82091F8F02063F3000281F8F02091F8DC
:1089B000182163F3000281F81821114A9FED0A7B08
:1089C0001370104B83ED007B0F4B236028B1BDE883
:1089D00010400E490E482BF05BB8BDE810400C4823
:1089E0002BF062B8AFF30080FFFFFFFFFFFFFFFF38
:1089F0003D350020FC330020304F00200C33002098
:108A00002F4F002010180020A0BB0D0081D50300BF
:108A1000E0170020000000002DE9F04F8FB00DF1AD
:108A200037010446DFF8E0A0DFF8E0800DF1360002
:108A30000BF0BCFF9DF836309DF837B00B930BF070
:108A400047F8DAF80060A6FB085629A3D3E900230B
:108A50000027814631462846FEF752FBCDE90777CD
:108A6000069420F07F44DAF80400234B0593A0FB22
:108A700008011FA3D3E90023FEF742FB1F4B20F0A0
:108A80007F40A4FB0331072202FB0411CDE90370F0
:108A9000E81A66EB01014FF47A720023FEF730FB0F
:108AA0000097CDE901404B460B985A4603210AF046
:108AB000F5FE10F0FD0404D06FF08B000FB0BDE8A0
:108AC000F08F0F480F4A002320F0FEFD20B9DAF89E
:108AD0000C000FB0BDE8F08F9DF837209DF83600F0
:108AE0000094234603210AF06DFF6FF07300E5E761
:108AF0008D49FD1A070000002DDB03008D49FD1A8A
:108B0000B0350020447B0B00C835002000CA9A3BDA
:108B100038B50F4D04460AF0DBFFA9680AF0DAFF0A
:108B2000696803460B48B3FBF4F4A1FB00011C4445
:108B300005A3D3E90023FEF7E3FA20F07F40844247
:108B400094BF0020012038BD8D49FD1A07000000A8
:108B5000C835002000CA9A3BF0B5C468636883B08A
:108B60000546002B64D117F06FF9082017F092F931
:108B70000021084617F080F900222521082017F06F
:108B8000BDF9474B019301A817F0A4F9454940F2FC
:108B90005B6017F055FA237AC3F3420262F30613BF
:108BA0002046237216F0A0F814F03EFF58BB637AFB
:108BB0009B071FD127682E68384615F0DBFB06445B
:108BC0006A6806F10901012017F082FB17F040FCEA
:108BD00020460EF021F9811C3246C9B2384615F004
:108BE000D7FB054678BB204615F06CFB88B9002002
:108BF00003B0F0BD012014F085FB4178821C0078A1
:108C000017F006FBD6E7607A10F0030018BF0120CA
:108C1000F1E7254A2549264840F2294323F074FD0F
:108C200085F31188BFF36F8F0323184602DFDEE759
:108C300093F82C309A0796D01E48214617F0C2F8B8
:108C400017F0A8F9D3E7184A1B49194840F2114315
:108C500023F05AFD194B0721A5FB030301FB053146
:108C60000DA3D3E90023FEF74BFA15490246154838
:108C700023F04AFD002585F31188BFF36F8F03238E
:108C8000184602DF1048214617F09CF817F082F9C9
:108C90006FF08B00ACE700BF00CA9A3B00000000F9
:108CA000D6BE898E55555500B8690500F45B0500A0
:108CB000205A050021E50300F85A05008D49FD1AE8
:108CC000686A05003C6A0500BDE80300000000007A
:108CD0002DE9F041C468A28A4FF6FF739A4282B030
:108CE00000F0DF80054616F043FB2B89628B208C59
:108CF000A3831A4492B2104494F82730E28380B2DE
:108D0000411C21845E064FF00001618304F12201C1
:108D100000F1A18003F03F000B4694F8281000906A
:108D200004F1290013F062FE0646D4E90C31A28B4F
:108D300002FB0333A26B1344E26B8B4294BFD21845
:108D400052188A4228BF0A46E263616C226C94F88A
:108D500067301144616494F87E2094F82C10C3F3BA
:108D6000020363F3061112F004024FF0000384F8CB
:108D70002C10A363236478D017F066F8082017F04E
:108D800089F8201D17F0A6F82389A17A40F25B60CC
:108D900043EA014117F054F9304615F00BFB214628
:108DA000594817F00FF8A08917F086FA94F8662052
:108DB00094F86700C2F3C003002102F0070200F03C
:108DC000070017F0A3F9204616F07CFB27682E68F1
:108DD000384615F0CFFA06446A6806F1090100200A
:108DE00017F076FA804617F007FB002017F01EFBFD
:108DF000E36B94F8670003F12F02636C00F0070047
:108E0000012103EB420517F0B7F84544054494F8F7
:108E1000670000F00700022825D004280CBF4FF49B
:108E2000BC73282301211D4417F0A8F8284417F02B
:108E3000D5FAA18A03313246C9B2384615F0A8FAEC
:108E40000546002834D1204615F03CFAD0B9002060
:108E500002B0BDE8F0810A4603F03F03218D13F014
:108E600011FE064661E71823DCE7D4E91A0109F090
:108E7000E9F9002880D194F87E3043F0040384F8A7
:108E80007E3079E7214A224922484FF4B07323F01B
:108E90003BFC85F31188BFF36F8F0323184602DF75
:108EA000D5E71D48214616F08DFF17F073F8CEE781
:108EB000164A1A4917484FF4AB7323F025FC184B98
:108EC0000721A5FB030301FB05310DA3D3E9002313
:108ED000FEF716F913490246134823F015FC002546
:108EE00085F31188BFF36F8F0323184602DF0F4805
:108EF000214616F067FF17F04DF86FF08B00A7E7DB
:108F000000CA9A3B000000003DF70300F46A050028
:108F1000F45B0500205A050021E50300F85A05001E
:108F20008D49FD1A486B05003C6A0500FDE403000D
:108F3000014827F0CEBE00BF984A0500012B07B5B7
:108F40000FD112780848012A14BF002257228DF849
:108F5000072000210DF1070227F02EFE03B05DF877
:108F600004FB6FF08500F9E7984A0500012B13B563
:108F7000144611D10A480DF10702002127F041FEE5
:108F8000002807DB9DF80730A3F1570253425341F5
:108F90002370002002B010BD6FF08500FAE700BF1B
:108FA000984A0500014820F069BD00BFB8020020C2
:108FB000014820F063BD00BFA802002007B52AF0D9
:108FC000F2FE4FF47A72A0FB020302FB0131C00BE8
:108FD000074A40EA4140106000234FF40042054830
:108FE000CDE9002321F012FC002003B05DF804FB62
:108FF000C01D0020F0090020014B187800F004BAD1
:10900000424E0020044B1A78824202D01870FFF7BB
:10901000F3BF0020704700BF424E002008B52AF081
:10902000C2FE4FF47A72A0FB020302FB0131114A27
:10903000C30B126843EA41439B1A0F4A934214DD63
:1090400000F01AFE20B1BDE808400120FFF7DABFAA
:109050000220FFF7D7FF00F089F9002803DABDE806
:10906000084000F0BBB923F05CFB47F2305293425A
:10907000E9DC08BDC01D002040771B0008B52AF0C0
:1090800092FE4FF47A72A0FB020302FB0131C00B87
:10909000044A40EA41401060BDE808400020FFF764
:1090A000B1BF00BFC01D0020014B1878704700BF42
:1090B000424E0020F8B5044610B900252846F8BDF8
:1090C0000378002BF9D00F4E0F4FBE420FD30D4E39
:1090D000BE42F2D230682AF018FA30B13568214623
:1090E0002868FEF727F80028E8D00436F0E7306853
:1090F0002AF00BFA18B135682B68A342DED004368B
:10910000E3E700BF9C950500AC95050070B5194CD0
:10911000194D8CB00022002303A9204620F03EF90F
:1091200008B10CB070BD2B68059E5868DDE90312CC
:1091300022F06FFE0028EDDBFF238DF81830B6FA21
:1091400086F35B0907908DF820302AF02CFE4FF44F
:109150007A72A0FB020302FB0131C00B40EA4140DE
:10916000C90B8DE8030006ABCDE90A010FCB00F077
:1091700065F9CFE7280B0020741E00201FB50A4CAC
:109180002468A46884420DD183F00103CDE9011263
:10919000039306480022002301A920F0A1F8044807
:1091A00020F06CFC04B010BD741E0020280B0020C1
:1091B000641E00201FB50023CDE90233044B8DF857
:1091C0000C0001A8019322F04BFE05B05DF804FBF2
:1091D000D8520500044B1A68044B9A4214BF6FF032
:1091E00012000020704700BF741E0020C05205000E
:1091F00038B5044600282FD0194D2B68834229D05A
:1092000053B1986840B183685B6803B198472B6895
:109210000021986801F0B2F81249134B8C4214BF38
:10922000ED2100212822002022F00DFE002812DB73
:10923000A0682C6070B1012101F0A0F82B6898683B
:1092400083680A491B6898472B68986883689B68FD
:1092500003B19847002038BD6FF01200FBE700BF54
:10926000741E0020C0520500C41D00207D91020024
:1092700038B5054648B90648FFF7BAFF041E02DBB9
:109280002846FFF797FF204638BD6FF01504FAE730
:10929000C0520500F7B50C4615460D4901AA1E46F9
:1092A00024F06FF868B1019B6BB9012C0DD1094F07
:1092B000224639463046A847002802DD3878FFF7B5
:1092C000D7FF03B0F0BD0020FBE76FF01500F8E713
:1092D0005B7D0500930900200148FFF789BF00BFAF
:1092E000C052050008B50B480B492AF084FB0B4817
:1092F00023F090FF18B10948012123F05FFF084ACD
:10930000002342F8043B0133282BFAD1BDE8084082
:10931000FFF7E2BF641E00200D910200B04A050075
:10932000C41D0020F8B50F4D0F4E761B07460C46A6
:1093300005EBC105C6F3C706A64201DC00200CE020
:109340002A683B689A4209D13C716B6838461B68B1
:10935000984718B1431E012BF0D9F8BD01340835E8
:10936000EAE700BFD48705000488050037B501A8E7
:109370001FF0FAFD174D019C00232B601823584362
:1093800018380444019B9C4202D2002003B030BD37
:1093900020462AF0BAF8D0B1204623F0E7FEB0B953
:1093A000204623F02DFF014688B9204600F0E6FF55
:1093B00020F0200378330AD010F1860F07D0002860
:1093C000E4DB2B68044A42F8234001332B60183C4D
:1093D000D8E700BF781E0020EC09002070B5084DCA
:1093E000084E2C68013C002C02DA00232B6070BD73
:1093F00056F82400012100F0C1FF013CF3E700BF53
:10940000781E0020EC0900201FB50023CDE90233AF
:10941000044B8DF80C0001A8019322F021FD05B04A
:109420005DF804FBDC5205000268034B9A420CBF56
:1094300008300020704700BFDC52050084B030B512
:1094400089B00CAC84E80F00002301930CAD084BED
:1094500000930FCD02AC0FC495E8030084E803002D
:10946000684622F0FDFC09B0BDE8304004B070470A
:10947000E05205000268034B9A420CBF08300020FE
:10948000704700BFE05205001FB50023CDE902334D
:10949000044B8DF80C0001A8019322F0E1FC05B00B
:1094A0005DF804FBE852050082B038B504A981E8F4
:1094B0000C00054611481FF063FD0446A0B16B681F
:1094C000012B0CD0022B05D0A3B9BDE8384002B067
:1094D00022F0E6BC22F0EBFC00282046F5DCBDE8DB
:1094E000384002B022F0D5BC6FF00400BDE838402F
:1094F00002B070476FF08500F8E700BF197E0500E5
:1095000082B010B502A981E80C0004460B481FF098
:1095100037FD78B16368022B04D00020BDE810400D
:1095200002B0704722F0C3FC0028CCBF002001200D
:109530006060F2E76FF00400F0E700BF197E0500FD
:109540001FB50023CDE90233044B8DF80C0001A8B0
:10955000019322F085FC05B05DF804FB94530500EF
:109560000268034B9A420CBF08300020704700BFCE
:109570009453050008B500F0C7FBBDE80840014959
:109580002AF055BAD802002007B5084829F0BDFFD7
:1095900048B14FF4F0120023CDE900230448002223
:1095A000002321F033F903B05DF804FBF84A05000D
:1095B000280A002008B5FFF737FF10B96FF08500C3
:1095C00008BDFFF771FD38B10138C0B20128F5D8E8
:1095D00003482AF02FFC01E0FFF7D6FF0020EFE759
:1095E000280A002037B5104CA5683021EB682046CA
:1095F0009847B8B930212B696A462046984788B900
:109600000A4C00982378834204D0C0B22070FFF740
:1096100097FF38B901F0D2FD2378984202D018465E
:1096200001F0D2FD03B030BDF84A0500434E0020E2
:1096300008B5054829F069FF18B1FFF7A5FF00201C
:1096400008BD6FF01200FBE7F84A05001FB50023C4
:10965000CDE90233044B8DF80C0001A8019322F0F0
:10966000FFFB05B05DF804FB9C53050030B587B0E7
:109670008C89ADF815400724029404AC0194064D82
:10968000BDF828400495009401258DF8145026F06B
:1096900027FB07B030BD00BF1B0000271FB51024FB
:1096A0000294044C0194BDF81840009426F018FB75
:1096B00004B010BD594E002008B5BDF8081019447B
:1096C000012908DC3BB1054B127805481A7020F0DF
:1096D000D5F9012008BD6FF00600FBE7444E0020DD
:1096E00048030020014B1878FFF7C2BD444E00200C
:1096F00007B5064B00930649064805234FF4407210
:1097000020F0C2F9002003B05DF804FBA05305006F
:10971000804F0020980D002070B50F4D0F4E8AB07D
:1097200000220023694628461FF038FE044608B18F
:109730000AB070BD2146182204A82AF028FC102384
:109740000DEB030120460596CDF818D0ADF81C307E
:1097500007F092FAE4E700BF580B0020BC53050065
:109760001FB50E490E4840F6CD4200231FF0B8FD4C
:10977000044670B110F10B0F08D100220023694696
:1097800007481FF00BFEFFF7EBFF0446204604B02E
:1097900010BD044904482AF04AF9F7E7594E002061
:1097A000580B0020E8020020980D00202DE9F04F12
:1097B0000378022B91B01AD0032B10D0002B5FD16D
:1097C0004378314D03F00701DC0801238B40817899
:1097D0002A5DDBB239B113432B55FFF7C1FF0020DF
:1097E00011B0BDE8F08F22EA03022A55F5E743786D
:1097F000019390F80380B0F805A0D0F8099087781D
:10980000224C0D26224BD4F800C005AA03F1100B00
:10981000964618685968154603C508335B452A46BD
:10982000F7D11B782B707146604624F062F805462C
:10983000F8B994F83430019A9A421AD1003F18BF0F
:109840000127014618220AA88DF80C80ADF80DA05A
:10985000CDF80F908DF813702AF099FB03AB0C93A1
:109860000AA9082328460B94ADF8343007F004FA0F
:10987000B6E7013E04F11404C4D16FF01200AFE763
:109880006FF08500ACE700BF594E0020A8530500DB
:10989000FC4E0500014B1970704700BF6C4E002054
:1098A000014B1860002070477C1E0020084A094BBD
:1098B00012781B78002062F30700074A12785B00D9
:1098C00062F30F20DBB282B063F3174002B070473F
:1098D000694E00206D4E00206A4E002013B50C4BDF
:1098E0001C6894B1FFF7E2FF8DF80400C0F3072372
:1098F000C0F307408DF805308DF806000199054842
:10990000234602B0BDE81040184702B010BD00BFAA
:109910007C1E0020AC95050010B5002003F01AFB5A
:10992000044610B9024823F029FD204610BD00BFAF
:109930005803002010B5084805F05AF9074805F00B
:109940006DFA074B074800241C70074B01221A7060
:1099500020F094F8204610BD9403002084030020DA
:109960006B4E002074030020694E0020044B1B78CE
:109970002BB1044B044800221A7020F07FB87047C6
:109980006A4E00206B4E0020B80300200C4B07B538
:10999000187030B10B4820F071F8002003B05DF86A
:1099A00004FB01900849012001AA04F0DFFE0198A0
:1099B00010B1132124F05DFF04F080F9EDE700BF42
:1099C0006A4E0020B8030020A9C104000B4BB1FA75
:1099D00081F010B540090C461870FFF737FE3C2C9B
:1099E0000AD1074B1B783BB1064B074801221A707E
:1099F000BDE8104020F042B810BD00BF6D4E002001
:109A00006A4E00206B4E0020B803002070B503782A
:109A10008AB004460E4607AD032B20D8DFE803F0DA
:109A200002191B1D11492846FDF78EFB0595637829
:109A30000493A3780393E3780293237901936379E2
:109A40000093A3790A4A1E21304620F067FF0AB02E
:109A500070BD0849E7E70849E5E70849E3E7084A30
:109A60000A21284620F05AFFE0E700BFAF7F05003B
:109A7000D87F0500B67F0500BD7F0500C77F0500C4
:109A8000D17F050000B589B024F09EFF6946FFF73D
:109A9000BDFF044B00201870FFF7D8FD09B05DF83A
:109AA00004FB00BF6D4E002070B5204E204B306887
:109AB000B2881C781F49B3798AB003AD0390ADF822
:109AC000102000202A46AB7108F0B4F93146072275
:109AD00028462AF0E2FB184B0646D0B1ACB9032069
:109AE0002246214601241C700023CDE90602CDE95F
:109AF0000815ADF814308DF8163000931A46194643
:109B000005A804F0A9F80AB070BD1320A022F02126
:109B1000E8E70A4D18700FCD05AC0FC42B68236021
:109B20000749009633460322EAE700BFA5800500F7
:109B30006B4E0020459B02006C4E0020A04E05009D
:109B4000BC54050038B507220C46064905462AF0E4
:109B5000A4FB28B12B682360AB88A380AB79A371E9
:109B600038BD00BFA580050000487047AC950500D2
:109B700073B5194C194EB442254602D36FF012004A
:109B800008E02B689B68043433B9154C2368AB425A
:109B900011D1002002B070BD9847C0F307238DF8A3
:109BA00004008DF80530C0F30743C0B28DF80630CD
:109BB0000028E0D0E9E723B11B685B680BB1002007
:109BC00098472B6825605B68002BE2D0012002B02B
:109BD000BDE87040184700BFAC950500B095050082
:109BE000801E002007B5094B01911B68834207D1F5
:109BF0009DF8063033B903B05DF804EBFFF7B8BF4A
:109C0000FFF7B6FF002003B05DF804FB801E0020C4
:109C100070B5094C094D0A4EAC42234603D3BDE84A
:109C20007040FFF7A5BF1B68DB680434002BF3D03E
:109C300030469847F0E700BFAC950500B0950500A9
:109C4000E59B0200054B1B6823B11B6813B11B6821
:109C500003B118476FF01200704700BF801E00204C
:109C600008B5044800F0C4FF002818BF6FF01500C5
:109C700008BD00BFA19C0200084B1B780B2B4FF0C6
:109C800001000AD8984010F4CD6F05D110F4016F8F
:109C90000CBF01200020704702207047A809002057
:109CA0000A2808B5024613D00A4B0B491870FFF773
:109CB000E3FF02280AD10B78032A08BF43F001030F
:109CC0000B70BDE8084005481FF0D8BE0023F7E739
:109CD00008BD00BFA80900206E4E0020C803002068
:109CE00007B5064B0093064906480A234FF4407215
:109CF0001FF0CAFE002003B05DF804FBD854050035
:109D000000530020800E002000487047800E002085
:109D100010B5094C0A44914200D110BD11F8013B25
:109D2000584003090001E35CC0B2434018091B011D
:109D3000205CDBB25840EEE722800500014B1B6837
:109D4000184700BFD803002030B585B004460D4643
:109D50001022002168462AF01AF902238DF80230F9
:109D60002A46044B01932146684620F005FF05B0C2
:109D700030BD00BF3D9D020080B505460E4617462A
:109D8000984620F065FA03462AF09CFCDFF818900C
:109D9000044649F80030424630463946A84754F850
:109DA000090001F027FE00BF0800000008B50446C6
:109DB000EFF31183202383F31288BFF36F8F1AF020
:109DC0004BFF204601F004FE024822F090FC23F0F5
:109DD0002EFCFCE7328005002DE9F047058B044698
:109DE0002807904611D4022905F0070540F0CC80E1
:109DF000204622F034FD78B10138218B042811D897
:109E0000DFE800F0C2106D85950001290CBF45F018
:109E1000100545F02005258388F31188BFF36F8F67
:109E2000BDE8F08701F0070AAA4500F0A5800027E9
:109E3000B9463E46A368002B00F0BC8041F0080103
:109E4000218388F31188BFF36F8FA168002900F088
:109E5000BA800D68002900F0B680D1F8048033463E
:109E600052462046C047002D76D02B6829461D4615
:109E7000F0E701F007035A1F012A1BD8002221F046
:109E80000701062B276889B2C4E9002209D13B46A5
:109E900003E0628B013262831B68002BF9D141F031
:109EA00002012183204622F0DAFC00287AD041F01A
:109EB000200176E0042B0AD121F0070189B2218329
:109EC000204622F0CCFC10B141F020012183218BEF
:109ED00001F0070AAA454FD00027B946AAE723692F
:109EE00021F0070141F00601062DD3F800902183EF
:109EF0002DD1B9F1000F3FD041F00801218388F343
:109F00001188BFF36F8F3A492046C84729E021F0F6
:109F10000701236941F0040189B2042DD3F80490AC
:109F20002183E6D000273E464FF0040A82E721F065
:109F30000701236941F0050189B2052DD3F8089086
:109F40002183D6D000273E464FF0050A72E700274E
:109F50003E464FF0060A6DE72B4687E7B9F1000F42
:109F6000D1D1EFF31188202383F31288BFF36F8FD1
:109F7000238B23F008032383258BEA062ED525F0B7
:109F80001003238305F007056669218B002EBFF6B9
:109F900070AF00232768C4E9003321F0070141F0C6
:109FA00001012183218B01F0070AAA454FF0000926
:109FB0007FF440AF002F9CD041F00801218388F34B
:109FC0001188BFF36F8F002FC8D03D6839463346E4
:109FD0005246204622F06FFC2F46F4E7AB067FF591
:109FE0001BAF25F02003238305F0070500E700BF22
:109FF000E3C804002DE9F7430F4606460821C06A6E
:10A00000DFF8509022F0BAFD3C68241A80463C608C
:10A0100004EA0905AC4203D8002003B0BDE8F08390
:10A0200008236A462146304622F040FD0028F4D13C
:10A030006946304622F0ACFD40B1BDF80230BDF8B3
:10A0400004203C6005EA090513441D44A4EB080400
:10A05000E0E700BF0000FFFF73B504460821C06AB7
:10A06000124E22F08BFD4FF6FF726368ADF80020B0
:10A070008DF80620A289191833401344181A0025B8
:10A0800060606846ADF80210ADF8045022F06DFD36
:10A090006946204622F03CFE2046211D22F03FFD6D
:10A0A000636828463340A36002B070BD0000FFFF24
:10A0B0002DE9F047044688B000F11407384629F02E
:10A0C0002EFBA06A8368DB689847E06228B96FF0CE
:10A0D0001505284608B0BDE8F087A06A8368DB68EC
:10A0E00098470368013B1F2BF1D8A06A216805AA95
:10A0F00026F061FF0028EAD1A589002DE7D0069B54
:10A10000B5FBF3F203FB1255002DE0D1E389012BDF
:10A11000DDD9E36A009593F805904FF0FF334FF0D7
:10A12000FF3238461FF09CF9E06A082122F026FD34
:10A13000A8460646E3891FFA85FA534508D8E389FD
:10A14000434523D138461FF003FA6FF02C05C0E7D2
:10A15000A1892B04891B13FA81F14A460823204662
:10A16000009122F0B1FC78B16946204622F0D7FC7C
:10A1700008F10108009908234A4620461FFA88F88A
:10A1800022F0A2FC0028DAD00135D3E753450BD1E9
:10A19000009908234A46891B204622F095FC18B9ED
:10A1A0006946204622F0BBFC69462046FFF722FFA5
:10A1B000054618B138461FF0CBF98AE7009B63606B
:10A1C0004FEA13484FEA0848C4F80880D4E901135D
:10A1D00099420FD3082301AA204622F067FC0546C6
:10A1E0000028E7D101AB13F8012B914533D101359C
:10A1F000082DF8D163681B0C1B04694620460093A8
:10A2000022F08DFCA38900994A46204622F05CFC8E
:10A21000051ECFDB636876D006EB03084FF6FF79A7
:10A22000A389CDF800801FFA88F29B1B9A422ED397
:10A2300000236168002B43D0090C090400912046DB
:10A24000694622F06CFC0099204622F075FC054618
:10A25000002D74D0AEE701A9204622F099FC626877
:10A2600010B9921B6260B1E7BDF80850BDF8061046
:10A27000E06AC4F80880294422F080FC40449042FF
:10A28000A060EED1002DECD06FF01C0568E0082333
:10A2900003AA4146204622F009FC0546002889D140
:10A2A00003A9204622F074FC30B1BDF80C304B45B8
:10A2B00002D1BDF810300BB1B044B1E70123B8E7CB
:10A2C000204622F039FC054600287FF473AF63680E
:10A2D000264AA18913400B44A3EB46036360134055
:10A2E000A360204622F03CFDB1E75B1A4A462046B7
:10A2F00022F0EAFB051EFFF65DAF08D0E26AA36814
:10A3000012681344A360D4E901318B42EDD861682F
:10A31000A38901EB46029A429AD1DFF85080A268E5
:10A3200001EA08039A4293D0204622F005FC054634
:10A3300000287FF43FAF636803EA0803A360A389A2
:10A34000A288A3EB46039A4206D038461FF000F9D4
:10A35000012323740025BCE6204622F0EAFC0546D2
:10A3600038461FF0F5F8002DF2D0B2E60000FFFFEE
:10A37000014B036000207047E054050070B544694C
:10A380000D46002C3FD0244A2379565CB3423DD081
:10A39000224A525C9A423CD1A3689847002814DABA
:10A3A000022D10D0032D0FD110F1860F0BD0BFF36B
:10A3B0005B8F54E8003F43F0020344E80032002A78
:10A3C000F7D1BFF35B8F267170BD022D267101D0CE
:10A3D0000020F9E7BFF35B8F54E8003F23F004034C
:10A3E00044E80032002AF7D1BFF35B8FBFF35B8FE5
:10A3F00054E8003F23F0020344E80032002AF7D17A
:10A40000BFF35B8FE4E76FF05700DDE76FF0770095
:10A41000DAE76FF08500D7E75F8005005B80050015
:10A4200070B5104B1C680D46B4B10F4B1968002372
:10A430008B4202DB6FF0010070BD224612F8106BF8
:10A44000864202D001331446F2E7E06829F05DF855
:10A4500028B12C600020EFE76FF00C00ECE76FF004
:10A460001200E9E7DC030020E054050010B588B0D5
:10A47000436802938368C068CDE903320A68002309
:10A48000CDE906230C4601AA0449059326F097FD61
:10A49000079808B9059B236008B010BD73D204006B
:10A4A000F0B40C4B0C4E5F6A0C4BB34203D36FF00D
:10A4B0008500F0BC70475D68BD4209D31C693CB1A2
:10A4C00095F802C00579AC4502D12346F0BC184787
:10A4D0002433EAE7841E0020950D0020950D00200E
:10A4E0002DE9F047134CDFF85080DFF85090054617
:10A4F0000E461746444503D36FF08500BDE8F0874C
:10A500006268D9F824309A4212D3A36983B1907853
:10A510002979884205D13A4631462846BDE8F047B8
:10A5200018475279012A03D13A46314628469847BE
:10A530002434DFE7950D0020950D0020841E0020B7
:10A540002DE9F0410B4CDFF8308005460E461746EA
:10A55000444502D36FF0850009E063690BB92434E8
:10A56000F6E73A463146284698470028F7D1BDE835
:10A57000F08100BF950D0020950D002010B5044618
:10A5800026F0FFFB10F1780F00D050B9054A2046A5
:10A5900022F0AAFED2F8C43023EA0003C2F8C43085
:10A5A000002010BD841E0020024B00221A605A6059
:10A5B000704700BF3F1F002070B50B4B0B4CA342F0
:10A5C00001D3002070BD196A1E7F00220439D5B264
:10A5D000AE4201D82433F2E7013211F832508542FD
:10A5E000F5D10120EEE700BF950D0020950D00206C
:10A5F00008B509480378C3F341130A3350F82330F0
:10A600003BB100F1080200F110019847C043C00FB0
:10A6100008BD1846FCE700BF841E002004282DE971
:10A62000F14FDFF8A09004460F4616D001282DD137
:10A63000DFF88C8098F8B93043B300F061FD1F4D0E
:10A640004D4520D2D5F820B04FF0000A2B7F5FFA9D
:10A650008AF6B34204D82435F2E7FFF7A5FFE7E70F
:10A660000BEBC6060AF1010A307926F08AFB024696
:10A67000307922F039FED8F8C430002A23EA0003EA
:10A68000C8F8C430E2DA002388F8B9300B4D4D45E4
:10A6900008D30B4B1B6A6BB13946204601B0BDE8AD
:10A6A000F04F1847EB681BB13A46214628469847B9
:10A6B0002435ECE701B0BDE8F08F00BF950D002018
:10A6C000841E0020950D002073B5C4B263060D46AC
:10A6D0008DF8074007D02046FFF76EFF78B10D4B8D
:10A6E00093F8BA0058B10B4E204655B116F018FE3B
:10A6F000F3691BB10DF1070108209847012002B052
:10A7000070BD16F035FEF369002BF7D00DF107018F
:10A710000920F2E7841E002073B586788DF800606A
:10A72000037942791C4C43EA0223ADF80230C37826
:10A73000304603F003038DF8043022F0D5FDD4F841
:10A74000C430184205460BD0304600F0BBFC304602
:10A75000FFF714FF29F0F8F910B996201FF036FD25
:10A76000684616F0B9FD10F1780F03D010B1002043
:10A7700002B070BD9DF8000016F036FE10F1780FA3
:10A7800001D00028F3D1D4F8C43001202B4384F841
:10A79000B900C4F8C430EBE7841E00202DE9F0476F
:10A7A000A34EB36904460F461546FBB9237803F060
:10A7B0001F03012B00F09D80022B00F0048133BBAE
:10A7C00094F900002A686178002834DA062912D04A
:10A7D00008292BD0D9B901231370517096F8C330D2
:10A7E0005B0043F00103137002232AE1984700281D
:10A7F000DCD100200DE06288100A011F0129844687
:10A8000005D9072803D8716AD2B20C781CB96FF049
:10A810001500BDE8F0874E78664503D19A4200F0F6
:10A820000B8101332144F0E70B780AE196F8BA3046
:10A830001370012305E101390829E8D801A353F871
:10A8400021F000BFDDA802000FA80200EBA8020063
:10A850000FA8020069A802000FA802000FA80200BA
:10A860000FA8020075A80200A07816F023FD0028AA
:10A87000BFD0CCE76388756A63BBFFF795FE63883A
:10A8800086F8BA30F369002BB3D06A4903209847A1
:10A89000AFE76B78042B10D0052B11D0022B04D11D
:10A8A0006F796388BB4208BF01202B781D442B7849
:10A8B000002BEED10028AAD0DFE795F80380F4E75B
:10A8C0006388BB42F1D1B8F1000FEED12846FFF703
:10A8D00023FFEAE7FF270020B846E8E76388012B5B
:10A8E00095D1002386F8C33083E76388012B8ED18E
:10A8F000F8E796F8BA30D5F800C0002B87D0756A13
:10A90000A38894F804E02A46107800283FF47FAF2B
:10A910005178022904D192F80480F04500F2938026
:10A920000244F1E78CF800208CF80120396060E7E0
:10A93000154494E00B2A7FF46AAF00274FF0FF081C
:10A94000C146BA4606E06B78042B0FD0052B21D008
:10A950002B781D442B78002BF5D1F36913B15146A8
:10A9600007209847002F7FF444AF50E795F8028006
:10A97000A38895F803909845EAD163889945E7D173
:10A98000B8F1070F1CD806EB0803AA4683F8BB9062
:10A990000127DDE7A3884345DAD1A3784B450AD0E8
:10A9A000AF78384600F08EFB3846FFF7E7FDB0FA87
:10A9B00080F77F09CCE72846FFF7AEFE0746C7E7DA
:10A9C000AA460027C4E794F900206378002A18DA21
:10A9D000002B7FF41CAF24792D6863060AD0204633
:10A9E000FFF7EAFD00283FF412AF96F8BA30002BCB
:10A9F0003FF40DAF2946204616F0DAFC00236B70B9
:10AA0000F2E6012B08D0032B7FF401AF6388002B03
:10AA10007FF4FDAE012103E0618800297FF4F7AEE9
:10AA2000A088FFF751FE00287FF4E3AEEFE600BFF9
:10AA3000841E00203E1F0020022829607FF4F4AE0F
:10AA40004B883B60D5E694F9000062780028BFF699
:10AA500071AF002A3FF466AF0A2A7FF4D8AE2A7895
:10AA6000002A3FF4D4AE697804297FF461AFA97855
:10AA70008B427FF45DAF072B96BF9B19002393F8A1
:10AA8000BB308CF80030D4E613B5164C237DF3B9F7
:10AA9000E268A168019201AB802022F033FC019AA8
:10AAA000A3681344A360E3689B1AE3606BB962B1C7
:10AAB0002369E2889A4208DD94F8C82093FBF2F1FA
:10AAC00002FB11330BB90123237502B010BD002323
:10AAD0001A4619468020237502B0BDE8104016F0D2
:10AAE000ADBC00BF841E002030B585B000230246F7
:10AAF0000D460193002858D1002935D108220B4674
:10AB00000DEB020126F056F9002804DA802016F039
:10AB100007FC05B030BD2A4C029A2260039A62609D
:10AB200004F13802A2609DF90820BDF80E302575A9
:10AB3000002AC4E903550ADB802B04D9802016F0D3
:10AB4000EFFB0020E3E713B1C4E90333E1E7FFF7CC
:10AB50004FFD0028DAD0E28823699A42D4BFE26030
:10AB6000E360FFF791FFD4E7154CD4E90215002DFF
:10AB700001AB04DC26F01EF90028CADAC6E72A4633
:10AB800026F018F90028D9DB019AA3681344A360C2
:10AB9000E3689B1AE360002BBBD104F13803A36088
:10ABA000FFF726FD0028DCD1B0E78028B1D1044BA7
:10ABB000DA68002AD5D11B7D002BD2D1A9E700BFCE
:10ABC000841E0020054B064A9A62064ADA62064A4B
:10ABD0001A63064A58629A6100207047841E00205A
:10ABE0009DA70200A1A4020041A50200E1A4020069
:10ABF0002DE9F3410446474D47484FF0FF334FF0EE
:10AC0000FF321EF02DFC95F8B830002B7BD16B6A1B
:10AC100083B142482C62E8616E6A16F029FD16F095
:10AC200017FB041E10DA3C481EF092FC204602B0CE
:10AC3000BDE8F08100F0BEF8FFF7C4FF6B6A002B9F
:10AC4000E7D14FF0FF34EEE700F07CFA041EEADBB8
:10AC50007378012B5AD1F379002B57D00026684620
:10AC600085F8C830ADF802308DF804608DF80060CA
:10AC700016F032FB041ED6DB802768468DF8007084
:10AC800016F02AFB041ECEDB2549304616F0DCFC0C
:10AC9000041EC8DB2249384616F0D6FC041EC2DB6F
:10ACA000204CDFF8848044451AD3002016F09CFB2A
:10ACB000041EB8DBD5F8C430802043F00103C5F88A
:10ACC000C43016F091FB041EADDBD5F8C43043F45C
:10ACD0008033C5F8C430012385F8B8300024A2E7DA
:10ACE000276A0026227FF3B29A4201D82434DAE799
:10ACF00007EBC30257F83310107916F0A5FC0136A4
:10AD00000028EFD09DE76FF077048CE76FF0150413
:10AD100089E700BF841E0020E40A00201DA602006F
:10AD2000E9AA0200950D0020950D002030B51F4BBB
:10AD30008BB005AA03F1100518685968144603C4BE
:10AD40000833AB422246F7D11B7823701022002132
:10AD500001A829F01CF912220021154829F017F941
:10AD6000102101A826F09AFA00281BDD0828B8BF98
:10AD70000820093801AB0E491A18002012F8013FCB
:10AD80000AAC04EB131403F00F0328336B440130B7
:10AD900014F8144C13F8143C0C7008284B7001F193
:10ADA0000201EBD102480BB030BD00BF638005004B
:10ADB000704E00202DE9F04F724B93F800B087B031
:10ADC000BBF1000F03D0704807B0BDE8F08F6E4CA8
:10ADD00000264FF0011AB0463546B14623783BB9FC
:10ADE0006A4B02349C42F3D1664A01231370EAE7AE
:10ADF0006378052B1BD8DFE803F08E03C38E1D3963
:10AE0000402304A88DF810B0ADF812308DF814B0BE
:10AE100025F0A2FF40B1082304A8ADF8123025F0B8
:10AE20009BFF08B1ADF812B0BDF81230E371237882
:10AE30001C44D3E7E378002BF9D1A3786BB108F178
:10AE400001085FFA88F8F2E76B689C4207D0243566
:10AE50004F4B9D42F8D30020B6E74E4DF8E7AB6864
:10AE6000002BECD0414620469847E8E7002DF2D071
:10AE700000222B7F9A42EED2296AA07801EBC20110
:10AE80000B79984201D00132F3E70127E07800F016
:10AE900003008DF81400207994F805C040EA0C20D6
:10AEA000ADF8120094F902000028FBB228DA07F18D
:10AEB00010004FF0010C0CFA00F010EA0A0F26D136
:10AEC00043F080008DF8100004A8CDE90213019230
:10AED00025F042FFDDE90121039BC0B99DF8102058
:10AEE000A27012F0800F18BF10330A7118BFDBB2C6
:10AEF0004FF0010214BF9A40BA404AEA020A96E7AC
:10AF00000120B84010EA0A0F01D11846DAE70137EC
:10AF1000102FBBD1B7E7032E1AD1FFF707FF074663
:10AF200050B1FCF719F9024630B11028A8BF102221
:10AF30003946A01C29F003F823786FF00201E218CB
:10AF4000091B04EB5303D14213D50136F6B26EE769
:10AF5000002EF1D1B9F1000F3FF47DAFA4EB09034E
:10AF600089F80230C3F3072389F8033089F8048095
:10AF7000EBE702F801BC13F8010902F8020DE2E761
:10AF8000A14654E76F4E00201C0D0020950D0020B7
:10AF9000950D0020950D002010B5094B00211A4693
:10AFA0001C78844205D15C681CB1482303FB012056
:10AFB00010BD0131042903F14803F1D10020F7E766
:10AFC000501F00202DE9F34150F8303C10F8346C4C
:10AFD000103304460AD1036950F8282C980736D557
:10AFE000D2B9590715D5002344F8303C54F8303C09
:10AFF00010330BD054E9097554F81C8C28F0A4FDCB
:10B0000000284FD02E48214628F011FD02B0BDE89F
:10B01000F08143F00403236154F82C1C01AB30464B
:10B0200022F070F910B16FF01503DDE7019A54F8C2
:10B030002C3C134444F82C3C54F8283C9B1A44F80C
:10B04000283C54F8243C134444F8243CCEE754F8FC
:10B050002C1C01AB304616F06DFA0028E3D1019D9F
:10B0600054F82C3C2B4444F82C3C54F8283C5B1BF3
:10B0700044F8283C54F8243C2B4444F8243C002D4C
:10B08000B1D0304616F0FAFAB5FBF0F303FB1055D9
:10B09000002DA8D154F8283C002BA4D0304616F03F
:10B0A00091FAA3E744F8200CA4F118001EF0D2FA9C
:10B0B000002DABD0424639463046A847A6E700BF30
:10B0C000F01B002010B5EFF31184202383F31288C6
:10B0D000BFF36F8FFFF760FF50B14368103307D1A4
:10B0E0006FF08B03436000F13401044828F09FFCAB
:10B0F00084F31188BFF36F8F10BD00BFF01B0020D9
:10B10000F8B50E4C04252027EFF3118687F312883B
:10B11000BFF36F8F6368103307D16FF08B0308485C
:10B12000636004F1340128F082FC86F31188BFF3D8
:10B130006F8F013D04F14804E6D1F8BD501F002097
:10B14000F01B002070B50A4C0A4E002531462046FF
:10B1500028F051FC0122A4F118001146013528F015
:10B16000C7FB042D04F14804F0D1002070BD00BFDE
:10B17000841F0020C5AF02001FB507240294044CB1
:10B180000194BDF81840009424F0AAFD04B010BD4D
:10B19000A909002010B5084C86B024788DF8174016
:10B1A000012402940DF117040194BDF8204000948D
:10B1B00024F096FD06B010BDB0090020014B1878B0
:10B1C000704700BFB009002000B589B064288DF831
:10B1D000070019D80E4B18221870002102A828F079
:10B1E000D6FE0C4B03930DF10703049302A9012330
:10B1F0000020ADF8143005F03FFD10F1800F08BFBE
:10B20000002009B05DF804FB6FF01500F9E700BFFE
:10B21000B0090020C45505002DE9F0410F4B1C6812
:10B2200005460E461746ACB14FF0FF324FF0FF33E4
:10B230000B481EF015F963683246D3F8088029469A
:10B240003B462046C047044605481EF081F920468B
:10B25000BDE8F0816FF00104F9E700BF7020002025
:10B26000D00A002000230360044B5A6812B9C3E9D6
:10B270000000704710605860704700BF74200020C5
:10B28000014B1860704700BF7020002030B585B0BA
:10B2900000230546CDE9023301904FF0FF330C48FF
:10B2A0004FF0FF321EF0DCF80A4B1C684CB9284600
:10B2B00000F0D0F8044606481EF04AF9204605B0D2
:10B2C00030BD636820461B6801A998472468EDE7F4
:10B2D000D00A0020742000201FB5CDE9010103929F
:10B2E0004FF0FF330A484FF0FF321EF0B9F8094B18
:10B2F0001C682CB906481EF02BF9204604B010BD7E
:10B30000636820461B6801A998472468F1E700BFDD
:10B31000D00A002074200020024B0022C3E9002242
:10B32000704700BF74200020024B0022C3E90022B6
:10B33000FFF7F2BF7C200020F8B51C4C1C4E0546E0
:10B340000F46B44212D31B4E1B484FF0FF324FF052
:10B35000FF331EF085F834687CB1286854F8181C57
:10B36000183CFBF7E7FED0B1A469F5E7216828682F
:10B37000FBF7E0FEB0B11834E3E700226F60AA618A
:10B38000726805F118033AB9C6E9003300240A4887
:10B390001EF0DEF82046F8BD13607360F6E76FF02C
:10B3A0001004F4E76FF01004F4E700BFE04D05006F
:10B3B000884E05007C200020D00A00202DE9F743AC
:10B3C00007460C4609B100230B601F4DDFF8809043
:10B3D00000264D450FD31D4B1D6885B355F8188CBD
:10B3E00001AA41463846183D21F0CBFF10B3D6B92B
:10B3F00014BB2E461EE0D5F8008001AA414638460F
:10B4000021F0BFFF50B116B954B92E4606E031689D
:10B410000022404621F0B5FF0028F5D11835D8E7C5
:10B42000019B2360F1E731680022404621F0A9FF2B
:10B430000028DDD1AD69D0E7019B2360D9E7304614
:10B4400003B0BDE8F08300BFE04D05007C20002084
:10B45000884E05002DE9F047DFF8B090DFF8B0A086
:10B4600080464FF000470026274C3D464C450DD303
:10B47000DAF80040002C42D0183CB8F1000F25D17A
:10B4800022695ABBA469F5E72F46EDE7B8F1000F32
:10B4900003D122694AB91834E8E7206800224146FE
:10B4A00021F06FFF0028F4D1F5E76368BB4205DDAA
:10B4B000AF4209D09D42A8BF1D46ECE7EBD19047B3
:10B4C000002E08BF0646E6E71D46E4E72068002296
:10B4D000414621F056FF0028D2D1D3E76368BB4232
:10B4E00005DDBD4209D09D42A8BF1D46CAE7C9D1AE
:10B4F0009047002E08BF0646C4E71D46C2E7AF428C
:10B50000C2D13046BDE8F087E04D0500884E050009
:10B510007C20002038B50C4D0C484FF0FF334FF025
:10B52000FF321DF09DFF2B783BB9FFF7FDFE00F0C9
:10B530006DF8044610B901232B70002403481EF057
:10B5400007F8204638BD00BF824E0020D00A0020F8
:10B550002DE9F047048FDFF8B0A0013498B006461B
:10B560008946A4B200F10807651EADB2B5F5004FDB
:10B5700047D04A2305AA2946384621F0F0FD04F5B4
:10B580007F543F34A4B28046214601230DF10B02C3
:10B59000384621F0E4FDB8F1000F014610DC002828
:10B5A00010DC338FAB4209D132466B1E22F8383F94
:10B5B0004FF400410223384621F09FFC2C46D3E78C
:10B5C000002808DC2946384621F065FD214638462A
:10B5D00021F061FDE5E708F160030DEB03080023AE
:10B5E00008F84C3C5246CDF8009003AB05A80397F1
:10B5F000ADF8104021F0FBFE0028DFD018B0BDE808
:10B60000F0870020FAE700BF5DD404007FB5012376
:10B61000694602200193FEF703FF044660BB02AABD
:10B6200001A9022021F047FE044610B110F10C0FD1
:10B6300022D10399B1F5803F23D2009A0023946868
:10B640001846084484421AD30133082BF9D10E4D11
:10B65000A982EB825368AB602846D368EB6321F084
:10B6600095FF044640B9094E6E602846FFF7FAFD83
:10B6700028466E60FFF704FE204604B070BD9BB202
:10B68000E5E76FF02004F7E784200020180400208D
:10B6900030BFFFF7FDBF00BF2DE9F0410B4EDFF8D3
:10B6A000348006EB0807CC1B054632460849204685
:10B6B00028F045FCA01942460021083C28F067FC10
:10B6C0006C6707F10800BDE8F08100BF00000000D2
:10B6D000A04E050008000000054B9A699B689A423D
:10B6E0001FBF044A536843F080535360704700BF44
:10B6F000B04D002000ED00E070B5264B15469A6A6B
:10B7000012F0100F9A6A14BF1124102412F0080FBF
:10B710009A6A18BF1224920706460AD5586B9A6A8D
:10B72000140634D519B19A6A22F080029A62132461
:10B7300001E06FF01500174B9A6A12F0010F9A6A38
:10B7400018BF142412F0200F9A6A18BF1524D206CD
:10B7500002D49B6A9B070AD50E4B5B68190506D578
:10B76000314600F07DFA10B180F309880224094BBC
:10B770009A6A920642BF5A6A22F400525A629A6A40
:10B7800042F0FF029A6200232B70204670BD6FF0DA
:10B790001500CCE700ED00E0134B9A6A12F0007F31
:10B7A0009A6A14BF1E201D2012F0807F9A6A18BF6B
:10B7B0001F2012F4002F9A6A18BF212012F4802F44
:10B7C0009A6A18BF222012F4003F9A6A18BF2320F9
:10B7D00012F4803F9A6A6FEA02426FEA12429A625A
:10B7E00018BF2420704700BF00ED00E010B5194BD2
:10B7F0000246986A9C6A10F4805F14BF17201620D6
:10B8000014F4006F9C6A18BF1820A40509D5986B22
:10B81000986A000404D51AB19A6A22F400429A6226
:10B8200019200C4B9A6A12F4806F9A6A18BF1A207A
:10B83000D2050CD49B6A13F4005F18BF1C20054A84
:10B84000936A43F47F43936200230B7010BD1B2067
:10B85000F5E700BF00ED00E070B5454B5B689CB0BC
:10B860000546C3F30803002686F31188BFF36F8FE4
:10B8700002F07F40B0F17F4F11D102F00C00082898
:10B880000DD010074CBF0D4601260022033B8DF85A
:10B890000720032B05D8DFE803F01E5D615A35460B
:10B8A000F3E700249DF807309BB96822294602A8D7
:10B8B00028F045FB099B002E54D0C3F3080222B99F
:10B8C0006FEA53236FEA4323099302A9204621F02C
:10B8D00092FE1CB070BD264BDA6A9107E1D4DA6A99
:10B8E000002ADEDBDA6A5200DBD55A69A96942F424
:10B8F00080725A61BFF34F8FBFF36F8F5A6931F86F
:10B90000021C22F480725A61BFF34F8FBFF36F8F16
:10B910004DF6027291420AD09A6AD2B24AB10DF142
:10B92000070201212846FFF7E7FE0446BAE72C6824
:10B93000B8E79A6A12F47F4F05D00DF10701012094
:10B94000FFF754FFF1E79B6AB3F5803FA9D3FFF7F8
:10B9500023FFEAE70DF107020021E3E70DF10701FC
:10B960000020EDE723F4FF7323F00103ACE700BFF1
:10B9700000ED00E0044B5A6942F010025A615A6926
:10B9800022F008025A61704700ED00E0EFF30880F2
:10B99000EFF3098101B57246FFF75EFF01BD00BFFD
:10B9A00019F0A8FB202080F3118808484FF40861A3
:10B9B000401880F30988EFF314800221084380F3D4
:10B9C0001488BFF36F8F00F0D3F80000807500205B
:10B9D000BFF34F8F0549064BCA6802F4E062134378
:10B9E000CB60BFF34F8F00BFFDE700BF00ED00E06D
:10B9F0000400FA05084B9B6883420BD1EFF30583E3
:10BA000043B1064B5A6842F080525A605A6A22F497
:10BA100000425A621EF022BCB04D002000ED00E052
:10BA200023498A6882F8C1E04FF030001044EFF3F8
:10BA3000098C80E8F01F1EF0100F03D102F1800086
:10BA400080EC108A202080F31288BFF36F8F194F8B
:10BA50004FF000668A698A603E60506F164C206025
:10BA600092F9C1E0906F0023936780F311881EF074
:10BA7000100F03D00023E1EE103A03E002F1800042
:10BA800090EC108AEFF3148323F0040383F31488FB
:10BA9000BFF36F8F04B5104600F078F9BDE804409D
:10BAA00002F1300090E8F01F8CF309887047000025
:10BAB000B04D002004ED00E0C42000201EF0040F73
:10BAC0000CBFEFF30880EFF30980816911F8021CC5
:10BAD0000229FFD001B5724621F093FD01BD00BFE0
:10BAE00040B2002807DB044A4109012300F01F008F
:10BAF000834042F82130704700E100E040B2002866
:10BB00000CDB4309064900F01F002033012282406C
:10BB100041F82320BFF34F8FBFF36F8F704700BFF3
:10BB200000E100E0054B420900F01F0053F822201D
:10BB3000012303FA00F01040704700BF00E100E06D
:10BB400040B20028A8BF00F1604001F10101B8BF78
:10BB5000064B4FEA4111ACBF00F5614000F00F0009
:10BB6000C9B2B4BF195480F80013704714ED00E057
:10BB7000144A08B5144B22F07F029A60BFF34F8F2E
:10BB8000BFF36F8FD3F8882022F47002C3F88820A7
:10BB9000D3F8882042F4A002C3F888204FF0404236
:10BBA000C3F83422BFF34F8FBFF36F8F0023E1EE52
:10BBB000103A1DF099FA1EF089FC00F0BDF81DF056
:10BBC000D5FA00BF0070020000ED00E042F8203C12
:10BBD000009B42F81C3C019B42F8183C0A49029B1E
:10BBE00042F8143C4FF0807342F8043C21F001010C
:10BBF000002342F8081C203A83674FF47D43026516
:10BC0000C0F8C030704700BF799D0200037B13F07D
:10BC1000020F124B03D190F8C120D20611D45A6BF7
:10BC200042F080425A63D0F8C03019075CBF43F03D
:10BC30000803C0F8C030037B43F002030373802085
:10BC400070475A6B22F080425A63D0F8C0301A070E
:10BC500044BF23F00803C0F8C030F0E700EF00E075
:10BC6000094A0346906870B113F1160F406E05D073
:10BC7000A0F180029A4205D8834203D2814228BFB4
:10BC80000020704700207047B04D0020104B9B688B
:10BC900083421AD1EFF30580B8B9EFF31181202266
:10BCA00082F31288BFF36F8F1A7B22F002021A739D
:10BCB000EFF3148323F0040383F31488BFF36F8F2F
:10BCC00081F31188BFF36F8F70476FF015007047D5
:10BCD000B04D002008B515460E460022E1EE102AB0
:10BCE000EFF3148222F0040282F31488BFF36F8F03
:10BCF000BFF36F8F094A0A4B9060426F1A6000F0E1
:10BD000045F82C4686F309880020064B98472046C4
:10BD1000002100220023044C204700BFB04D00202A
:10BD2000C420002021D60400799D0200014B10227E
:10BD30001A61704700ED00E0044800232021C2187A
:10BD40000133302B82F80013F9D1704700E100E095
:10BD500008B5EFF30583064A103B02EBC30152F826
:10BD6000330049688847BDE80840FFF7B5BC00BF0D
:10BD7000104B0500024B034A0348012100F07CB838
:10BD800000000420000000201456050010B50446F1
:10BD9000FFF73CFF626E03460548D21AC0E9002354
:10BDA000044B8360BDE81040012100F06FB800BF74
:10BDB000C820002000000B15084AC2F898000B6844
:10BDC00023F01F03034343F01003C2F89C308B6839
:10BDD00043F00103C2F8A030704700BF00ED00E05F
:10BDE0002DE9F043DFF8608085B00E461F4604461B
:10BDF0004FF00009B14523DA6068D8B13FB1411E68
:10BE000008421BD17F2819D92368194216D123680B
:10BE1000019321F028FCA36803430393D8F89050C2
:10BE2000C5F30725D0B2013DA84207D801A9FFF705
:10BE3000C3FF421C09F101090C34DBE76FF0150266
:10BE4000104605B0BDE8F08300ED00E0044B05228C
:10BE5000C3F89420BFF34F8FBFF36F8F704700BFBD
:10BE600000ED00E0BFF35F8F024B0022C3F8942087
:10BE7000704700BF00ED00E010B5034C01232278AD
:10BE8000FFF7AEFF207010BD834E002008B50B4AAF
:10BE900000231278FFF7A4FF10F1160F07D0084A0D
:10BEA0000021D2F89030C3F30723984200DB08BD8D
:10BEB000C2F89800C2F8A0100130F2E7834E0020CB
:10BEC00000ED00E02DE9F043534B544CD3F8903093
:10BED0002568C3F307239D4285B000F29A80FFF7DF
:10BEE000C1FF00200C2685421AD14D4C4D4F2570C4
:10BEF0006846FEF73DFADFF82081DFF82C91064610
:10BF00000025AE4213D1237843490020D1F8902078
:10BF1000C2F30722934276DBFFF798FF002042E04E
:10BF2000616806FB0011FFF747FF0130DBE700986F
:10BF300000EB05114FEA051CCB683B40B3F5000F41
:10BF400048D00AD8B3F5001F30D0B3F5800F36D0F3
:10BF5000B3F5801F10D00135D3E7B3F1807F42D015
:10BF6000B3F1007FF7D150F80C3088684A6821F0AF
:10BF70007AFB40F4802009E050F80C3088684A6869
:10BF800021F071FB40F0885040F43020CDE90123CE
:10BF90000390D8F890302078C3F30723013B9842F0
:10BFA0002AD96FF0150005B0BDE8F08350F80C30C9
:10BFB00088684A6821F057FB40EA0900E6E750F834
:10BFC0000C3088684A6821F04EFB40F0007040F465
:10BFD0000030DBE750F80C3088684A6821F043FBFA
:10BFE00040F08270D2E750F80C3088684A6821F03F
:10BFF0003AFB40F08870C9E701A9FFF7DDFE23781E
:10C0000001332370A7E7C1F89830C1F8A0000133CD
:10C010007CE74FF0FF30C6E700ED00E0205605005A
:10C02000834E00200000F0FF0000081108B506490B
:10C03000064821F00701C1F1005202F5802220F0EC
:10C0400017FB002008BD00BF479D0020D420002022
:10C0500003484FF0FF324FF0FF331DF001BA00BF2D
:10C060002C04002001481DF073BA00BF2C040020EE
:10C0700038B50546FFF7ECFF08482A46082120F0AE
:10C080008FFA044628B925B128F01CFB044B0C227A
:10C090001A50FFF7E7FF204638BD00BFD42000202C
:10C0A0000C00000010B50446FFF7D2FF21460348FC
:10C0B00020F03EFABDE81040FFF7D4BFD4200020A6
:10C0C00070B5A0FB01543CB92846FFF7D1FF0646E6
:10C0D00040B90026304670BD28F0F4FA044B0C221B
:10C0E0001A50F6E72A46214627F051FFF2E700BF33
:10C0F0000C00000070B54169867A0B4D044659B1B9
:10C10000437ADB0706D42C2303FB06535B6A1B68C8
:10C110009B689847002363612C20214606FB005052
:10C12000BDE8704027F0D6BBE80B0020024B2C2264
:10C1300002FB0030704700BFE80B0020827A064BFC
:10C140002C2101FB02339A6A1B7F1B33801A23F0D8
:10C150000303B0FBF3F07047E80B002038B5074B42
:10C16000827A2C2404FB02335B6AD3E901240C603D
:10C170001568FFF7E3FF04FB005038BDE80B002013
:10C180002DE9F04385B005466846039190461C466C
:10C1900027F00BFEDDE90067EFF31189202383F31D
:10C1A0001288BFF36F8F6B8B002B41D02A8B9A4282
:10C1B00025D90022002328461DF01AFA0446F0B1C2
:10C1C00089F31188BFF36F8F039B002B41D0324658
:10C1D0003B46684627F00DFEA27A264B2C2101FB38
:10C1E000023320465B6A1B6803A91D68DDE9002352
:10C1F000A847606170BB2046FFF77CFF24E0698B95
:10C200004B1E6B8389F31188BFF36F8F2B7F2A8BB3
:10C21000AC6A1B3323F00303521A02FB0344154B91
:10C22000154AEB1A9B105343A3722B7FE372CBE7A3
:10C2300089F31188BFF36F8F2346424628461DF0CD
:10C24000D7F904460028BFD10024204605B0BDE838
:10C25000F0836361012300252381039B6382E27ADB
:10C260006560294604F1180027F091FE6369258274
:10C27000E360EAE7E80B0020A38B2EBA70B50C4C04
:10C280002C2500B970BD037A4668013BDBB203720E
:10C29000002BF7D1C3604360837A05FB03431B6A1D
:10C2A00013B198473046ECE7FFF724FFFAE700BFE9
:10C2B000E80B00200E4A0123C2F840354FF08042BF
:10C2C0004FF08051C2F87835D1F83001082808D1F4
:10C2D000D1F83411052904D80648415C09B1C2F8E7
:10C2E00038364FF080430122C3F880250020704784
:10C2F00000E001409F80050020B1034B800143F026
:10C3000001031847704700BF504F050008B50448A7
:10C3100027F0FBF800280CBF6FF01200002008BDCA
:10C32000B848050010B503460548826814688AB20B
:10C330001946A0470028B4BF6FF00400002010BDCC
:10C34000B84805002DE9F341254CBFF35B8F1F462C
:10C350002368BFF35B8F1646DA0705462BD520B955
:10C360006FF0010002B0BDE8F08101A921F02DF8C5
:10C370001C4980460246284627F09FFFE8B9BFF3D4
:10C380005B8F2368BFF35B8FC3F3C0081B0712D416
:10C39000A4F1D405072229463846B047062895BFA0
:10C3A00044F8D48C0723C5F80380B0FBF3F094BFA6
:10C3B00085F80780E8710020D4E728460A494246FC
:10C3C00027F07BFF05460028CAD1182204F19C0102
:10C3D0003846B0470028EEDB044484F89C50EAE776
:10C3E000D4000020C47F0500BF8005002DE9F04186
:10C3F00088B09C79DDF838805D791E79DF7893F814
:10C4000002C093F801E01B78B8F1000F0ED0CDE91F
:10C410000638CDE904CE1346CDE90267CDE90045E3
:10C42000084A1EF07BFA08B0BDE8F081CDE905E3CB
:10C43000CDE9037C1346CDE90156034A00941EF072
:10C440006DFAF0E7C4800500E880050070B5044689
:10C450008CB01E461546A2B129B10A4602A8042195
:10C4600020F069F902A900912B462246242103A855
:10C47000FFF7BCFF109A314603A8FEF7CDFE0CB0C3
:10C4800070BD0346044A242103A81EF047FA002881
:10C49000F0DA6FF01500F2E70981050007B5064BE9
:10C4A0000648DA79C2EBC202009200221146FFF779
:10C4B000CDFF03B05DF804FB00000020C47F050041
:10C4C00030B504468DB0154692B129B10A4602A88E
:10C4D000042120F030F902A900912B4622462421A4
:10C4E00003A8FFF783FF03A820F044FF0DB030BD81
:10C4F0000346054A242103A81EF010FA0028F2DAA8
:10C500006FF01500F2E700BF0981050007B5009341
:10C5100013460A4601460348FFF798FF03B05DF84B
:10C5200004FB00BF118305000A4601460148FFF7DE
:10C53000C7BF00BF1183050007B5009313460A4625
:10C5400001460348FFF782FF03B05DF804FB00BF1C
:10C550000B83050007B5009313460A4601460348BE
:10C56000FFF774FF03B05DF804FB00BFFC82050019
:10C5700007B500220346009103481146FFF766FF06
:10C5800003B05DF804FB00BF0383050007B500227C
:10C590000346009103481146FFF758FF03B05DF8CA
:10C5A00004FB00BFBF80050008B502481DF066FA15
:10C5B000002008BD4004002070B51D4CBFF35B8F08
:10C5C0002368BFF35B8F13F0010F254622D094F848
:10C5D0009C30A4F1D40613B9164800F021FBF3797E
:10C5E000D3B1BFF35B8F2368BFF35B8F5A0701D4CE
:10C5F00000F010FBBFF35B8F55E8003F23F40062AF
:10C6000045E800210029F7D1BFF35B8F1B0501D559
:10C61000FFF7CAFF002009E001F096F830B9F3797E
:10C62000002BDED101F0A0F80028DAD070BD00BFE9
:10C63000D40000200F81050007B5009313460A4679
:10C6400001460348FFF702FF03B05DF804FB00BF9B
:10C65000508305000A4601460148FFF731BF00BF7D
:10C660005083050030B50A4D0A4B85B0002428469A
:10C670000293039427F006FA02AB0093284606497A
:10C680000A234FF4B0621DF0FFF9204605B030BD1B
:10C69000680F0020218105008056002001460148D6
:10C6A0001DF030BA680F00200146014827F0BFB9DD
:10C6B000680F00200378012B30B513D0022B27D050
:10C6C0007BB9194B0A4603F1100453F8045B42F896
:10C6D000045BA342F9D11B78137043884B731B0A88
:10C6E0008B7330BD104B0A4603F1100453F8045B02
:10C6F00042F8045BA342F9D11B78137043684B7373
:10C70000C3F307221B0CCB731B0A8A730B74E8E775
:10C7100000F1100350F8042B41F8042B9842F9D192
:10C7200003780B70DDE700BF2A81050008B521F012
:10C730004BF91DF077FC044B1B680BB10A2098479E
:10C74000BDE808401DF082BCE020002038B5054659
:10C75000054820F09EFF044620B101210C3020F056
:10C76000F9FF2576204638BDC40C00200F2810B5EF
:10C770000ED80D280ED90B4820F08BFF044628B1A7
:10C7800001210C3020F0E6FF02232376204610BD65
:10C790001328F0D009B10448EEE7BDE810400220AC
:10C7A000FFF7D4BFF00C0020400C002070B5C66825
:10C7B0003378B6F8014083B90F21204601F0C2FF5B
:10C7C000F378054650B90A4A118831B96FEA045026
:10C7D0006FEA10501080074A137070BD0373012177
:10C7E00001F02CFF2846BDE8704001F0FDBE00BFFF
:10C7F000F04D0020844E002010B5084C0146062262
:10C8000094F86F0002F04EFA38B994F86F000449BA
:10C81000BDE81040052202F045BA10BD000000201E
:10C82000A580050010B5012104460C3020F0C4FF9E
:10C830002146034A0078BDE81040002321F0D6B914
:10C840001457050010B5012104460C3020F0B4FF48
:10C850002146034A0078BDE81040082321F0C6B9FC
:10C86000D456050070B52F4820F02CFF0446002850
:10C8700057D0017E022932D0082902D1038A032B26
:10C8800002D8FFF7FBFC20E004210C3020F094FFDD
:10C89000FF22438806886276228AC6F30B009A42FA
:10C8A000A08301D02046ECE70F2101F04BFF0546A5
:10C8B0000028F7D001F07AFF320B60762146284637
:10C8C00021F03BFF284601F08FFE174BD3F84C3187
:10C8D0003BB3BDE870401549154827F0A8B8038A56
:10C8E000012BCED90C3020F067FF0546007821F0EF
:10C8F000E0F810F002060DD10E4A0F490F4840F63D
:10C90000D3331FF001FF86F31188BFF36F8F03232A
:10C91000184602DF0A4A28780623214621F066F9E4
:10C92000C0E770BD4C010020000000206004002022
:10C93000501000203B8105006F8105009D8105009E
:10C94000A45605002DE9F047884616468246002881
:10C9500079D0BFF35B8FDFF8F890002359E8004FE0
:10C9600049E80032002AF9D1BFF35B8F002C6AD06E
:10C970002046FFF7E3FB354D0C2303FB0050274611
:10C980004388534511D0BFF35B8F59E8003F49E816
:10C990000072002AF9D1BFF35B8F002B53D01F46E2
:10C9A0003846BDE8F047FFF769BCA6420FD02046E5
:10C9B00020F06AFE04F10C09022301214846237687
:10C9C00020F0C8FE328AF168484620F0D4FE2046A6
:10C9D000FFF7B4FB0C2606FB00504368ABB1B8F17F
:10C9E000000F12D12046FFF7A9FB06FB00500121E2
:10C9F0004268D2E90003127A03F01F06B1405B09D6
:10CA0000DAB100EB830021F066F82046FFF796FBD1
:10CA10000C2606FB00508368002BC1D02046FFF790
:10CA20008DFB704305F800802046FFF787FB06FB6F
:10CA30000055A8681CF00EFEB2E7C94300EB830066
:10CA400021F0EBF8E1E7BDE8F08700BFE42000202B
:10CA50004801002010B5C1E900239DF808300B7291
:10CA60000C46FFF76BFB034B0C2202FB00335C60B0
:10CA700010BD00BFE42000202DE9F0474FF0FF3249
:10CA800006464FF0FF331848884620F002FE044661
:10CA900038B300F10C070121384620F05BFE01237A
:10CAA00023762046FFF74AFB104D4FF00C0909FB97
:10CAB00000504FF0000A46802046FFF73FFB09FB7D
:10CAC0000050C0F808A02046FFF738FB09FB0055CE
:10CAD00003213846C5F804A020F047FE068080F800
:10CAE00002802046BDE8F087980C0020E42000205A
:10CAF0000138C0B202289ABF014B185C0020704771
:10CB00008082050029289ABF014B185C09207047D4
:10CB100056820500034B0146D3F86C018268926887
:10CB2000104700BF000000202DE9F843044600F143
:10CB30000C06304620F050FEB4F81080B8F1010F1A
:10CB4000054604D82046BDE8F843FFF797BB3046BA
:10CB5000022120F031FE0746007820F0AAFF10F0F5
:10CB6000010906460DD10F4A0F49104840F6F273ED
:10CB70001FF0CAFD89F31188BFF36F8F0323184696
:10CB800002DF05230A4A3878214621F02FF8B3073F
:10CB9000D8D56369A4F8108013FA85F5E560BDE87F
:10CBA000F88300BF3B810500BA8105009D81050027
:10CBB0007C56050038B50C461DF034FA237E022B56
:10CBC0000AD0082B19D121460F4820F066FD0F49E5
:10CBD0000F4826F02CFF0BE0E368187820F069FF7F
:10CBE000C207054602D52046FFF79EFFAB07EAD4F1
:10CBF00000241DF02BFA204638BD2046FFF73EFBEF
:10CC00006FF01504F5E700BF4C0100206004002020
:10CC1000501000200148042120F05DBFD400002006
:10CC200038B50546FAF798FA1828044615D80C487E
:10CC30002946FAF77FFA70B122462946084827F0BC
:10CC40007EF9084803190022214600F5B87083F8E0
:10CC50007021FFF79BFC002038BD6FF00B00FBE755
:10CC60007001002000000020004870477001002083
:10CC700001481CF003BF00BF5004002038B5054632
:10CC80000C4619B9FFF7F8FE0446A8B140F6354343
:10CC90009D4209D12046FFF73DFF054650B1204691
:10CCA000FFF7ECFA284638BD0548214626F007FE76
:10CCB000FFF7DEFF0025F5E76FF06805F2E700BF3C
:10CCC0005401002038B502460B46244DD5F85411C6
:10CCD00009B9002038BD05F598701CF0F5FC002856
:10CCE000F7D10022002305F5AA701CF081FC044650
:10CCF00068B91B4A1B491C4840F6E2331FF004FD8B
:10CD000084F31188BFF36F8F0323184602DFD5F831
:10CD1000480120B1FFF7B2FA0023C5F84831204698
:10CD200020F0E6FCC5F848012046FFF7F3FE98B175
:10CD30000E481CF08FFC2046FFF700FA0C4B0C222B
:10CD400002FB00301F2140882246FFF7FBFD2046F2
:10CD5000FFF794FAFFF78CFF0120BBE700000020EB
:10CD60003B810500D38105009D8105003001002035
:10CD7000E42000202DE9F04F064687B015460C460A
:10CD800031B9FFF779FE044648B96FF068007BE0DF
:10CD9000887AFFF7CBF9484B834240F08680012226
:10CDA0000021684626F0A4FD2046FFF7C7F9DFF80A
:10CDB0002C910C2303FB0090C0F808D0204620F0F3
:10CDC00097FC01463D4826F07AFDFFF751FF27F01A
:10CDD00079FC3B4B1A583B4B9A4222D1DFF8F0A02A
:10CDE000DFF8FCB0354826F07FFD002180464FF487
:10CDF000A020FFF767FF074688B94FF4D773524664
:10CE0000594631481FF080FC304831461FF07CFC09
:10CE100087F31188BFF36F8F0323184602DF444561
:10CE2000E0D14FF4A022002368461CF04DFC0746D9
:10CE300098B14FF4DA73264A264923481FF064FC60
:10CE400025483A4631461FF05FFC002383F31188E2
:10CE5000BFF36F8F0323184602DF2046FFF76EF9FA
:10CE60000C23584319F80060BEB12046093EFFF775
:10CE700005FA092E0ED8DFE806F01B0D0D0A050D88
:10CE80000D0D0D186FF00B0007B0BDE8F08F6FF0BF
:10CE90000C00F9E76FF00400F6E715B12C600020F4
:10CEA000F2E72046FFF7EAF9F9E76FF01500EBE744
:10CEB0006FF06E00E8E700BF980C002054010020DE
:10CEC00008000000F01B00209D810500DF810500A7
:10CED0003B810500FF81050008820500E420002059
:10CEE000D7810500F7B5144B93F99B30002B05460D
:10CEF0000C461DDA14B9204603B0F0BD082C01AA77
:10CF00004FF0000142F21800264628BF0826FFF71E
:10CF100031FF0028F0D1019FF968324601312846DF
:10CF200027F00DF83846FFF7A9F93544A41BE1E7CF
:10CF30006FF08500E0E700BF0000002010B5FAF7B1
:10CF400063FA034B1B6813B1BDE81040184710BDCE
:10CF50000821002073B5274D0646D5F86C0126F050
:10CF6000D4FA00283FD06FF0020105F1D40020F080
:10CF700054FE012120F0AFFDC30737D420F0B5FCEB
:10CF8000044668BB1C4B1E600122114605F59870D3
:10CF900026F0AEFC05F5AA7026F053FC174826F0E3
:10CFA00071FD1749154800946FF0070340F6980289
:10CFB0001CF06AFD1349114826F0CCFDD5F86C0130
:10CFC000114983681B689847044648B926B902B0DE
:10CFD000BDE87040FAF718BA05F1C4001CF04EFD28
:10CFE000204602B070BD6FF01204F9E76FF07704CD
:10CFF000F6E700BF000000200821002050100020AC
:10D00000805C00204D820500B5CB02002DE9F04385
:10D010005E4BB0F80180198848F4704291424FF09D
:10D02000000608BF1E80054608BF594B85B008BFE3
:10D030001E7800F0CBF9EB78012B08BF554B05F1BA
:10D04000040420460CBF93F86F70002720F0B8FC52
:10D050002146B0B102A820F0A8FCD5F81130CDF8D7
:10D060000130B5F81530ADF805304FF00109EB7817
:10D07000012B1DD01321404620F0DAFF05B0BDE89A
:10D08000F083384621F054F90346006802909A88EC
:10D090009B796868ADF80C208DF80E30A288A379D2
:10D0A00095F804900090ADF804208DF80630DEE786
:10D0B00002A8FFF7A1FBEB78012B04460AD100F090
:10D0C00095FC6FF080010746103020F0A6FD384631
:10D0D00021F0B9FA002CCDD02346B5F8012023F871
:10D0E000702B02989DF80E20BDF80C1020679A71E5
:10D0F0009980B5F81730A4F88630B5F81930A4F83F
:10D100008C30B5F81B30A4F88E30EB78E370002239
:10D110002273012B40F20112A4F8A02024D18DF833
:10D120000090BDF804209DF806300098A4F87B20FC
:10D1300084F87D30C4F8770000F058FC237A154A53
:10D14000C3EBC3039918D358C4F87E308B88A4F876
:10D1500082308B7984F88430D2E9381303F03F03AE
:10D16000194301D000F0E6FD0721204601F066FAE0
:10D1700026B126730121204601F060FA204601F015
:10D1800045FB204601F030FA78E700BFF04D002063
:10D19000844E00200000002000B5C3681A7889B0D2
:10D1A00032B13C2A32D109B05DF804EB20F041BD28
:10D1B0008DF80020B3F80120ADF80120DA788DF861
:10D1C0000320B3F80B20ADF81720B3F80D20ADF80D
:10D1D0001920B3F80F20ADF81B205A7C8DF81D20C4
:10D1E000586801901A899B7A8DF80A30094BADF87E
:10D1F000082068461A689B88CDF80B20ADF80F30E0
:10D20000CDF81120ADF81530FFF700FF09B05DF83B
:10D2100004FB00BFB980050038B5032104460C307B
:10D2200020F0CAFAE3680578B0F80100197840F6F2
:10D23000354398420AD02246FFF784FB35B10448B3
:10D240001CF008FABDE83840FFF712BD38BD00BF3A
:10D250003001002038B5042104460C3020F0ACFA2F
:10D260004578017840882246FFF76CFB35B10448C9
:10D270001CF0F0F9BDE83840FFF7FABC38BD00BF3C
:10D280003001002070B54FF0FF320D464FF0FF33F4
:10D2900000210646FFF76AFA044660B90A4A0B49BC
:10D2A0000B4813231FF030FA84F31188BFF36F8FFC
:10D2B0000323184602DF022104F10C0020F055FA86
:10D2C00006704570204670BD83820500D38105003D
:10D2D0009D810500F8B50A4DEF7906460024E3B2BA
:10D2E0009F4202D86FF0010007E02946304620F047
:10D2F00056FF0735631C08B12046F8BD1C46EEE713
:10D300000000002037B504460D46B9B1164928463D
:10D3100020F045FF90B91548C4EBC40429462044C9
:10D3200020F045FF124820F049FF430703D5FFF7DF
:10D330003BF920F0DCFA002003B030BD684620F055
:10D3400026FB0028F8D16846FFF7C4FF0028F5DA6D
:10D35000064BC4EBC4001844694620F028FF002D9A
:10D36000E0D001462846DBE7AC8005000000002045
:10D37000D400002070B5144E06223146044626F033
:10D380008CFFD8B1062142F20500FFF775FB054678
:10D39000B0B1062221460C3020F0EDF900222946DA
:10D3A00042F20500FFF7E6FC48B93346226843F82D
:10D3B0006929A288B280012283F86820002070BD0C
:10D3C0006FF06800FBE700BF690000200A4BBFF365
:10D3D0005B8F53E8002F22F4806143E8001000289F
:10D3E000F7D1BFF35B8F530504D504490022022017
:10D3F00004F042BD704700BFD40000208FE304005A
:10D4000007B50023CDE9000304496A46022004F071
:10D4100033FD019803B05DF804FB00BFA3E20400F4
:10D42000F7B5054670B1464C94F8222194F82331A3
:10D430000AB19A4208D2013384F823312B7A43F09F
:10D4400004032B7203B0F0BD00210222084601F054
:10D4500029FC0646A8B1BFF35B8FD43454E8003FE3
:10D4600043F4806344E80032002AF7D1BFF35B8FB6
:10D470002B7A43F001032B7203B0BDE8F04001F0BA
:10D48000B3B801462F4800F0ABFA94F82331B3B992
:10D4900094F8232194F822319A421FD10022114698
:10D4A00042F22900FFF766FC70B994F8233101338A
:10D4B00084F823312B7A43F004032B7204E03046C6
:10D4C00020F0BEFE0028E3D0012020F0B9FE1E4867
:10D4D000002103B0BDE8F04000F082BA2A466F1C7C
:10D4E00012F82A0B394620F06FFE06460028EBD1D1
:10D4F00094F82331013384F823312B7A43F0040369
:10D500002B7294F8A7305B07DED53946684620F0C9
:10D510004EFE0123082142F24E008DF80730FFF73E
:10D52000ABFA04460028CFD0694608220C3020F020
:10D5300022F93246214642F24E00FFF71BFCC3E7B8
:10D5400000000020F9E2040071E204002DE9F0413E
:10D55000054660B33C4C94F8222194F82331F2B193
:10D56000013293421CDC00210222084601F09AFBA2
:10D570000646F0B1BFF35B8FD43454E8003F43F468
:10D58000806344E80032002AF7D1BFF35B8F2B7A27
:10D5900043F002032B72BDE8F04101F025B813B14E
:10D5A000013B84F823312B7A23F004032B72BDE86E
:10D5B000F0810146254800F013FA304620F040FE85
:10D5C000074688B994F8233194F822219A4217D259
:10D5D000013B84F823312B7A1D4923F004030246D2
:10D5E0002B72022004F048FC94F8233113B101207F
:10D5F00020F026FEBDE8F0411648002100F0F0B909
:10D60000072142F22800FFF737FA05F10108064624
:10D610000028E9D007210C3020F0A7F8414620F07F
:10D62000C6FD3A46314642F22800FFF7A3FB002828
:10D63000DAD194F82331013B84F823312B7A23F09B
:10D6400004032B72D0E700BF00000020F9E20400C1
:10D650002BE2040071E2040070B5044611B16FF0D2
:10D66000150070BD80B11B4920F099FD60B92046BE
:10D67000FFF730FE002827DA2378012BEFD1A379BA
:10D6800003F0C003C02BEAD1134DEB79012B1ED060
:10D6900005F1D40020F092FDC30707D4002CDED0A2
:10D6A0000C49204620F07BFD0028D8D1EE79214698
:10D6B000731C3046EB71FFF725FE08B93046D0E702
:10D6C000EB79013BEB71CCE76FF07700C9E76FF0C6
:10D6D0000B00C6E7AC800500000000202DE9F341F7
:10D6E0000446D8B101AA002141F20900FFF742FB2C
:10D6F000054698B9019E1249D6F80C8008F1010739
:10D700000622384626F0C9FD28B10E4906223846C1
:10D7100026F0C3FD30B93046FEF7B0FD002002B060
:10D72000BDE8F081D8F80130C4F80130BB88A4F816
:10D73000053030462570FEF7A1FD0120EFE700BF60
:10D74000B9800500B380050007B56846FFF7C6FF3E
:10D75000044BD87118B169460020FFF7D3FD03B020
:10D760005DF804FB00000020F0B5294DEE7989B08A
:10D77000002E46D195F8C230DB0722D56A463146E5
:10D780004FF60940FFF7F6FAD8B9DDF800C0DCF82B
:10D790000C406378012B1E4628BF012673B1A31CE1
:10D7A00002AA123418685968174603C70833A342FF
:10D7B0003A46F7D1186838609B88BB806046FEF710
:10D7C0005DFDEE71002416260127EB79E0B283425D
:10D7D00002D8B3B1002012E008AB06FB0033694663
:10D7E00053F8182C33F8143CCDF80120ADF805306F
:10D7F0008DF80070FFF786FD01340028E5D009B0F0
:10D80000F0BD0021084609B0BDE8F040FFF724BF95
:10D81000000000202DE9F0410D4617461C46064643
:10D82000002856D0002B54D00A03037808D56D0782
:10D830004FD420F091FD002849D1012323700CE042
:10D84000E9072CD526480FB1AA0608D4C3EBC302BA
:10D85000825C012A12D002B92270002037E090F8D1
:10D86000D820510638D5C3EBC302825C012A05D00B
:10D8700002B92270237843F00203DFE74FF001087A
:10D88000072111FB03810144304620F05DFDF0B912
:10D8900084F80080002FE0D0AB06DED5EAE76A0707
:10D8A00011D50F49C3EBC3028E5C012E08D10722AC
:10D8B00012FB0363194420F047FD40B92670EBE7E3
:10D8C000002EE9D1FAE720F047FD01232370BDE8DF
:10D8D000F0816FF01500FAE76FF08500F7E700BF01
:10D8E00000000020F8B545686905064635D404698E
:10D8F00014B115F0010330D0194F3078FB79834211
:10D900002BD9C0EBC00017490722384426F0C5FCCC
:10D91000A8B115F0010306D197F87020082A02D8A3
:10D92000B2689F2A19D915F0300F09D0ACB1EA06B8
:10D930000AD405F46035B5F5603018BF0120F8BD94
:10D94000EB0601D4002CF4D1D6E902239A4204D884
:10D950001F2A02D9B3F5804FEBD90020EFE700BFB3
:10D9600000000020AC80050008B5044907220930FA
:10D9700026F093FC003818BF012008BDAC800500DC
:10D98000F8B5154B067883F86F6004460D46FFF72F
:10D99000EBFF70B91149304601F03EF9044610B969
:10D9A0006FF00B00F8BD052100F048FE2C60002050
:10D9B000F8E704F109073946304620F0B1FF40B9D5
:10D9C0002078394601F028F904460028E8D00621DD
:10D9D000EAE76FF01500E5E700000020A5800500EC
:10D9E00003460148184700BF180000200048704750
:10D9F000180000202DE9F04FD1F810908DB09A4614
:10DA00000023B9EB030605469048059218BF01268E
:10DA1000079320F0DDFC0C46410740F10C812046C5
:10DA2000FFF760FF28B96FF0150B58460DB0BDE841
:10DA3000F08F204620F0A7FC80460028F3D005F1A7
:10DA40001007384620F0C4FC0206C0F3C01300F1F2
:10DA5000F580CDE90933CDF82B30A3686068ADF8C7
:10DA60002030E368ADF8223020F0A3FC6FF4807121
:10DA70008DF82D00754820F0B1FC754A23782B7085
:10DA800082F86F3061680DF1250332462846FFF7B2
:10DA9000C1FE83460028C8D105F10903B9F1000F82
:10DAA00018D021690868C5F80900888898808979A4
:10DAB0009971204620F090FD63680646D8071BD474
:10DAC0009A0503D4169B0BB9022E56D102238DF86A
:10DAD000243023E05F4A1168C5F8091091889279D3
:10DAE00099809A71204620F077FD6368D907064631
:10DAF000E6D58DF8249011E013F0100F0CBF012330
:10DB000004238DF8243023691968CDF826109988EC
:10DB1000ADF82A109B798DF82C30D8460F2142F2AF
:10DB20000600FEF7A9FF8346002800F08A800F2236
:10DB300008A90C301FF01FFE0022594642F20600D1
:10DB4000FFF718F900287FD1B9F1000F1BD06368E7
:10DB5000DB0726D42846012120F04EFD079D834691
:10DB6000002860D0002D3FF460AF2846002100F06F
:10DB700065FD284600F038FD57E70323DDF858809F
:10DB80008DF82430CAE7179B0093CDE90186169BD8
:10DB900005995246284620F0A8FC83460028D6D096
:10DBA00043E707A92846FFF7EBFE83460028D1D0BC
:10DBB00010F10C0F7FF439AFB9F1000F7FF435AFDE
:10DBC000636898073FF531AF626882F00202C2F3E2
:10DBD000400B0BF001020E21384620F06DFC731E45
:10DBE0005A425A410821384620F066FCB11E4A428A
:10DBF0004A413846092120F05FFC62680A2102F0A0
:10DC00000102384620F058FC42460B21384620F0ED
:10DC100053FC62680D21C2F38002384620F04CFCB0
:10DC20004FF0000B01E715B1284600F0DDFCB9F11B
:10DC3000000FCED1C8E76FF00A0BF6E66FF0770B56
:10DC4000F3E66FF0680BF0E68346EEE6D4000020C2
:10DC500000000020AC80050073B51546069A0C46FE
:10DC6000CDE900322B460A4601461148FFF7C2FEB5
:10DC700021460646002340F201109D4202D1304663
:10DC800002B070BD0A88824204D14A6812B112788B
:10DC9000D20702D401330831EFE70649064825F0E0
:10DCA000F7FE4FF47022002303481BF089FFE6E7DC
:10DCB000180000204DE604003000002010B519487F
:10DCC00020F0C1FC18486FF4804120F087FB164813
:10DCD00020F07EFB03461A06C0F3C01021D512487F
:10DCE00020F076FB430513D50E48FFF73DFE0F49A4
:10DCF0000346087E93B90E49052200F0D3FF04467F
:10DD000030B10021017300F099FC204600F06CFC5A
:10DD1000BDE810400348002120F06EBC06222131EE
:10DD2000EBE710BD180000202800002000000020B4
:10DD3000A580050073B53248314C20F049FB10F442
:10DD4000804F5AD0204620F043FB030655D420468E
:10DD500020F03EFB460550D501A9A4F11000FFF7C5
:10DD60000FFE002849D1A4F11000FFF7FDFD024687
:10DD7000204620F02DFBC0F38031204620F028FB08
:10DD800081F0010145054FEA41011D4848BF41F0BE
:10DD9000010120F01DFB800448BF41F00401194837
:10DDA0000DF10303FFF736FD054630BB1548012191
:10DDB00020F022FC019E28B9304602B0BDE8704038
:10DDC00000F012BC2946304600F038FC6FF4804168
:10DDD0000B4820F003FB0546304600F005FC6B04C1
:10DDE0000BD5BFF35B8F54E8003F43F4804344E816
:10DDF0000032002AF7D1BFF35B8F02B070BD00BFC5
:10DE0000280000201800002070B59AB03B4B039307
:10DE10000021142204A826F0BAF844F2010309A84C
:10DE2000099320F015FC099B059301A9344B069337
:10DE300003A81AF089FC10B31F25324BBFF35B8F88
:10DE400053E8001F21F0010143E80012002AF7D136
:10DE5000BFF35B8F2C4E1CF0E5F83468002C45D0E6
:10DE6000002DA4F10404294D18BF002523680BB12F
:10DE7000284698476468002C38D0043CF6E701989F
:10DE800002AB412209A924F02DFD0028D4D1204A5B
:10DE90000DF125030DF1650153F8040B42F8040B55
:10DEA0008B42F9D11B49019802AB202224F0BFFC20
:10DEB0000028C1D1019824F070FC05460028BBD190
:10DEC0001349124820F0D1FB1348203120F0CDFB3C
:10DED000BFF35B8F114B53E8001F41F0100143E883
:10DEE0000012002AF7D1BFF35B8FA6E70023C6E933
:10DEF00000331CF0ABF81AB070BD00BF1271000106
:10DF0000000002090C21002014210020E54E002011
:10DF1000A54E0020854E0020054F0020D400002093
:10DF200030B5A7B004233D22002116A8159326F092
:10DF30002EF82D4B07931422002108A826F027F86D
:10DF400044F201030DA80D9320F082FB0D9B099371
:10DF5000264B0A93264905AB202207A824F0EEFCA5
:10DF6000D8B16FF004041CF05DF8224B1D6885B138
:10DF700000201860204BBFF35B8F53E8001F21F097
:10DF8000020143E80012002AF7D1BFF35B8F24B3EC
:10DF9000A8471CF05BF827B030BD184B0DF15502B7
:10DFA00003F14000194653F8044B42F8044B8342F6
:10DFB000F9D106AB02932023CDE900130B48059954
:10DFC000412315AA24F0FFFD0028CAD1059824F0AA
:10DFD000E4FB04460028C6D0C3E70DA8074920F09B
:10DFE00044FB0DA8D4E700BF127100010000020934
:10DFF000854E0020102100200C210020A54E00207D
:10E0000008B50449402226F048F9B0FA80F04009EA
:10E0100008BD00BFB982050010B598B014220446AF
:10E02000184B0193002102A825F0B1FF4FF4804363
:10E0300007A8079320F00CFB079B0393124B049354
:10E04000214604230DF11D008DF81C3020F00DFB3E
:10E0500004F120010DF13D0020F007FB6B46412249
:10E0600007A901A824F06AFC044601A824F009FFCE
:10E070002CB9009824F091FB012018B010BD0020AD
:10E08000FBE700BF124100010000020910B50028A3
:10E0900037D0204A136823B1043B834234D05B68F5
:10E0A000F9E71D4BBFF35B8F1968BFF35B8F8907DF
:10E0B0002DD414684460011D5068116000B951608E
:10E0C000BFF35B8F53E8002F42F0010143E80010DB
:10E0D0000028F7D1BFF35B8FD30701D5002010BD17
:10E0E0000E4BBFF35B8F53E8001F21F0100143E894
:10E0F0000012002AF7D1BFF35B8F0948FEF7D4FA6C
:10E10000ECE76FF01500EAE76FF07700E7E76FF0F4
:10E110000F00E4E7142100200C210020D40000208F
:10E1200080040020054BBFF35B8F1B680448BFF3DE
:10E130005B8F13F0100F08BF00207047D400002041
:10E14000E54E002070B505461E4803688B4232D06C
:10E15000BFF35B8F1C4B1B68BFF35B8FDA062DD5BB
:10E16000036813B16FF00F0070BD184ABFF35B8FE7
:10E170001368BFF35B8FDB07F4D4BFF35B8F52E808
:10E18000003F43F0020442E80046002EF7D1BFF3FF
:10E190005B8F13F00204E5D101600D48294620F0A1
:10E1A00064FA0C4805F1200120F05FFA0A48FEF7F6
:10E1B0007BFA2046D8E76FF07700D5E76FF07C0058
:10E1C000D2E700BF10210020D40000200C21002045
:10E1D000A54E0020C54E00207004002070B50C4BE9
:10E1E0001C68054644B154F8203C203C13B1297BFF
:10E1F00028469847246AF5E7064C074EB44200D3F8
:10E2000070BD236813B1297B284698472434F5E76D
:10E2100050210020B84D0500B84D050010B504464A
:10E22000FDF78CFF044901EB001120461FF009FCAB
:10E23000BDE81040FEF71CBD1C21002070B5D1E9DF
:10E24000015600220446C1E90122064825F037FBA9
:10E250003DB1314620462B466FF06D02BDE870405F
:10E26000184770BDB80B002070B5002205460E4659
:10E27000094800230021FDF783FF044658B1FDF74C
:10E280005DFF064B324603EB001329462046BDE8EE
:10E2900070401FF0B1BB70BD6C0C00201C21002031
:10E2A00070B505460F48002200231BF00DFAB8B9DF
:10E2B0000D4B1C6834B154F8183C203C03B198470E
:10E2C000246AF7E7094C0A4EB44204D32846BDE855
:10E2D00070401BF0D3BBA36803B198472434F3E725
:10E2E00070BD00BFA00B002050210020B84D0500DC
:10E2F000B84D05002DE9F843DFF854800446202787
:10E300000025EFF3118387F31288BFF36F8FE16964
:10E3100029B983F31188BFF36F8FBDE8F883206AB2
:10E320000A68E261814208BF226283F31188BFF369
:10E330006F8FD1E901694046C1E9015525F0BFFA67
:10E340001EB1002249462046B047FEF791FCD8E7AF
:10E35000B80B002030B5437B072B85B004463CD179
:10E36000BFF35B8F043050E8003F43F4806240E825
:10E3700000210029F7D1BFF35B8F5D052DD420F07C
:10E3800098F9C10323D5164D95F8D930DA0709D588
:10E39000022300211A46009120461FF0A6FE637B4F
:10E3A000072B1AD195F8D8309B0616D51FF0B6FC6E
:10E3B00098B10DF10E0103A81FF022FE68B9BDF857
:10E3C0000E20BDF80C1020461FF071FE05E020461F
:10E3D0001FF053FE637B072BD5D005B030BD00BFC7
:10E3E000000000200448B0F80431002B00F58470D0
:10E3F00008BF0020704700BF0000002030B5044671
:10E4000026F060F90D460C490C4A095891428BB030
:10E4100005D120460BB0BDE83040FFF76BBF243478
:10E420002146104625F003FB1DB16946204625F024
:10E430000EFB0BB030BD00BF08000000F01B002039
:10E4400038B5002204468A4202D10024204638BD55
:10E4500004F1C8030120BFF35B8F53E8005F002D78
:10E4600004D143E8000CBCF1000FF6D1BFF35B8F81
:10E4700002D0D0340244E6E7002CE6D0C8220021C6
:10E48000204625F084FD04F14000044925F000FBFE
:10E49000034904F1240025F0AEFAD7E751ED02005C
:10E4A000EDE6040038B50121044600F1BC03BFF3DA
:10E4B0005B8F53E8002F43E80015002DF9D1BFF31F
:10E4C0005B8F52B920F098F91BF0ACFD054804F1C0
:10E4D000B80120F0D4F81BF0B9FDBDE83840FEF7D4
:10E4E000C7BB00BF2401002070B53C4B5A8B32B132
:10E4F0003B4DD5F8244134B90024204670BD1B683B
:10E50000002BF5D1F8E754F8B83903B1B83B3549D9
:10E51000002601E01C461346B5F80421002A5AD013
:10E52000D5F810214AB904F1B806002BE4D0D3F88D
:10E53000B820002AEED0B83AECE70A68002AF2D0F8
:10E54000D4F8A420002AEED0D4F8A820002AEAD0DB
:10E55000D4F8AC20002AE6D0637B072B0DD12046EF
:10E56000904750B104F1C00020F0A3F8022804DC69
:10E570002046BDE8704020F03FB9D4F8B83004F12F
:10E58000B80206BBD5F82811C5F824318A4201D15A
:10E59000C5F828310022C4F8B82004F1BC03BFF349
:10E5A0005B8F53E8001F43E800200028F9D1BFF338
:10E5B0005B8F2046D4F8AC30984700289DD0204689
:10E5C000FFF770FF99E73360D5F828319A4208BF0A
:10E5D000C5F82861DEE79368FFDE00BF6C0C002001
:10E5E00000000020B80B002037B5C83010F8C65C1A
:10E5F00010F8C54CBFF35B8F50E8003F5A1E40E84F
:10E6000000210029F8D1BFF35B8F01A8019320F00E
:10E6100050F801280BD107481BF01CF806481BF0E6
:10E620002DFA012D03D1012C01D1FFF783FB03B09B
:10E6300030BD00BFA00B0020A004002070B5457BBA
:10E640008D42044678D0417325B98378082B01D0D8
:10E6500020F0D2F8637B012B09D1384D05F5847683
:10E660006169002956D1BDE87040FEF701BB072B58
:10E6700009D0002B60D1A378042B1AD12046BDE825
:10E680007040FFF7B1BFA378042B55D02C48002170
:10E690001CF0F6F80023C4E90D33E378012B4BD1CD
:10E6A00004F140004FF42032BDE8704000231BF01D
:10E6B00053BA082D40D801A353F825F039E70200DA
:10E6C000E1E6020007E702007DE602007DE60200C7
:10E6D0007DE6020007E7020039E7020039E70200A1
:10E6E00004F14005284625F0DFF920460121FFF717
:10E6F00085FE204620F018F828460022BDE870402C
:10E7000000231BF05DBA237B002BB7D02046FFF718
:10E7100065FDB3E7A2690B686361914208BFA3611D
:10E720002046FFF78BFDB5F80431002B14BF3046AF
:10E7300000201AF08FFF93E770BD00BF000000209B
:10E74000B004002010B502460C460748012120F015
:10E750006EF8034610B90023184610BD82781442A3
:10E76000FAD1FFF741FFF6E738110020F8B5074668
:10E7700009480D46164620F03FF8044650B183780C
:10E780001F4203D1BDE8F840FFF72EBF3146A8472E
:10E790002046F7E7F8BD00BF3811002002490022EB
:10E7A0000120FFF7E3BF00BF55E30200034BC01A8F
:10E7B000034B00115843C0B2704700BF381100200E
:10E7C000C54EECC470B51C46144305460E4608D031
:10E7D00025F078FF0A4908580A49884204BF0022F8
:10E7E00013460949002D14BF284608461EF051FF64
:10E7F000044618B1711D0C301EF0ACFF204670BDF0
:10E8000008000000F01B0020E80B002010B50446B3
:10E8100005481BF033F9204600F048FB2046BDE8D0
:10E820001040FFF7DBBC00BF900400202DE9F04F43
:10E8300085B0002301930393FFF756FE044668B1A9
:10E84000427BD0F8A430072A17D002AA4FF0FF313C
:10E850009847014628B92046FFF7C6FE05B0BDE837
:10E86000F08F039B019A20461FF029FFD4F8A430B3
:10E8700002AA4FF0FF312046EAE7DFF8689102AACA
:10E88000B9F80411984705460028E4D0B9F80421E6
:10E89000029B9A4206D30146D4F8A86003AB01AAB2
:10E8A0002046B0472B8A039EDDE9018B002B00F048
:10E8B0008A8028461FF0DBF88246002840F08380DB
:10E8C000B9F804314548002B08BF0020002200237E
:10E8D0001AF0FAFE002876D14148002200231AF0EF
:10E8E00087FE074600286ED0C0E90186B9F80461AA
:10E8F0002B8AB34598BF1FFA8BF6B34242D92846FC
:10E900001EF0F6FE3146FFF7AFFCB9F8043194F87B
:10E91000C4809B458CBF4FF0010A08F1020884F8BF
:10E92000C4A0064698BF5FFA88F804F1C00ABFF396
:10E930005B8F5AE8003F01334AE80032002AF8D1E1
:10E94000BFF35B8F04F1140B394658461FF097FE56
:10E95000A378012B19D1042106F10C001EF01CFF35
:10E96000238808F0FD0843EA08330380338A043B18
:10E970004380042333763046FEF7CCF828B9FEF7FF
:10E9800077F968E731462846BDE7BFF35B8F5AE861
:10E99000003F013B4AE80032002AF8D1BFF35B8F09
:10E9A000394658461FF0A5FE3046FDF767FC204665
:10E9B0003946FFF743FCB9F804310848002B08BF7B
:10E9C00000201AF047FE29462046039B019A1FF0BB
:10E9D00076FE132120461FF04CFF3CE70801002083
:10E9E000B80B002000000020F8B5031D04461846AF
:10E9F0001FF05FFE820419D5B4F88620B4F88810A1
:10EA0000914213D8B4F88A1091420FD3D4E923125B
:10EA100091420BD1BFF35B8F53E8001F21F40051EB
:10EA200043E80012002AF7D1BFF35B8F104B1D683B
:10EA30006DB155F8106C203D3EB1B4F88E30B4F88D
:10EA40008C20B4F886102046B0472D6AF0E7094DB7
:10EA5000094FBD4200D3F8BD2E693EB1B4F88E30E7
:10EA6000B4F88C20B4F886102046B0472435F0E77F
:10EA700050210020B84D0500B84D0500F8B50F4BEA
:10EA80001C6805465CB1203C00F1A006E36913B1A7
:10EA9000314628469847246A0CB1203CF6E7084CDA
:10EAA000084E05F1A007B44200D3F8BDE36913B1E5
:10EAB0003946284698472434F5E700BF5021002006
:10EAC000B84D0500B84D05002DE9F0410746084650
:10EAD0000D461FF044F9064618B900263046BDE839
:10EAE000F081144B1C6884B154F8143C203C0BB9E1
:10EAF000246AF8E72946384698470028EDD028468A
:10EB00001FF02DF90028F3D1E7E70B4CDFF82C803C
:10EB10004445E3D2E3680BB92434F9E72946384683
:10EB200098470028D9D028461FF019F90028F3D1BA
:10EB3000D3E700BF50210020B84D0500B84D0500B7
:10EB40002DE9F041C37804468BB900F17E06114BE4
:10EB50001D687DB1203D04F170076B691BB13A4619
:10EB60003146204698472D6A25B1203DF5E700F152
:10EB70007706ECE7084D094F04F17008BD4201D358
:10EB8000BDE8F0816B691BB142463146204698478B
:10EB90002435F3E750210020B84D0500B84D05009D
:10EBA000F8B5437A8372054616461FF0E1FF0D4B18
:10EBB0001C684CB154F8083C203C1BB1697A3246C1
:10EBC00028469847246AF4E7074C084FBC4200D314
:10EBD000F8BDA3691BB1697A3246284698472434A8
:10EBE000F4E700BF50210020B84D0500B84D0500E6
:10EBF00008B5084B1A6800F1200122B905481FF03A
:10EC00003EFD104608BD914201D01268F5E76FF055
:10EC10001000F7E75021002038B505460C460F4894
:10EC20000121FFF70DFCC0B1057223680367A388BB
:10EC3000A0F87430A37980F8763001234372837290
:10EC40008370074BC0F8A430064BC0F8A830064BC1
:10EC5000C0F8AC30054BC0F8883038BD3811002002
:10EC600085EF02009FE6040093E6040018002800E8
:10EC700070B505460A480E461FF0BEFD044620B199
:10EC80008378012B04D0FFF7AFFC0024204670BD31
:10EC9000324629461FF024FE0028F7D12046F2E72D
:10ECA00038110020F8B505460E480E4617461FF0ED
:10ECB000A3FD044620B18378012B03D0FFF794FC19
:10ECC00000240DE036B1324629461FF009FE08B98E
:10ECD0002046F3E7637BBB42FAD1237AAB42F7D1FC
:10ECE0002046F8BD3811002038B5044608460D46C8
:10ECF0001FF035F838B3154B93F8D830990707D47F
:10ED0000E37873B129462046BDE8384000F0A0B949
:10ED100094F894309A07F3D5201D1FF0CAFC4304E1
:10ED2000EED4294620461FF058FE58B92B88A4F887
:10ED300088306B88A4F88A30AB88A4F89030EB88D0
:10ED4000A4F8923038BD6FF01500FBE700000020FA
:10ED5000F7B510F8333C0446A0F140060BBB304633
:10ED60001FF0EEFE2A4B1D684DB155F81C3C203DAE
:10ED70001BB114F8341C304698472D6AF4E7254D32
:10ED8000254FBD4205D3304603B0BDE8F040FFF744
:10ED90002BBC6B681BB114F8341C304698472435E3
:10EDA000EFE710F83E3C012B30D1BFF35B8FA0F1B1
:10EDB0003C0555E8003F23F4005245E800210029B6
:10EDC000F7D1BFF35B8F9B0414D5A36C0093694606
:10EDD000236D01933046FFF787FF58B9BFF35B8F70
:10EDE00055E8003F23F4805345E80032002AF7D16C
:10EDF000BFF35B8FBFF35B8F55E8003F43F40063C5
:10EE000045E80032002AF7D1BFF35B8F03B0F0BDB5
:10EE100050210020B84D0500B84D050008B568B177
:10EE2000094B1A6800F10C0122B907481FF027FCB2
:10EE3000104608BD914204D01268F5E76FF0150046
:10EE4000F7E76FF07700F4E75821002010B50C4881
:10EE500024F0F7FC0B490A4824F031FD0A49084820
:10EE600024F02DFD0949064824F029FD20F0B2FBCD
:10EE700002F0ACFF044608B91FF042FF204610BD67
:10EE8000B80B00202C210020382100204421002034
:10EE9000044B186818B9044A5A600B6070476FF049
:10EEA0000B0070476421002044570500F7B5274D3B
:10EEB000274F04460026BD4201D303B0F0BD6B6866
:10EEC00001A92046984700283BDB019B2A889A82AB
:10EED0009A8403F11002A868BFF35B8F52E8001F09
:10EEE00042E8006CBCF1000FF8D1BFF35B8FC3E9BF
:10EEF00013669E649E60A16B03F1080219BBC4E90E
:10EF00000D221C60D86003F1300024F09AFC0198B7
:10EF100043681B6803B19847019BBFF35B8F1033B5
:10EF200053E8001F41F0010143E80012002AF7D125
:10EF3000BFF35B8F01984368DB6913B100F11001E7
:10EF400098470C35B7E70A60A263DAE7944D0500ED
:10EF5000B84D050030B5044652EA030008D025F04C
:10EF6000B1FB064D2D580648854204BF00221346CA
:10EF700020460431BDE83040FFF724BC0800000003
:10EF8000F01B00202DE9F843D0F8B0400E46904623
:10EF90004CB1483C236B63B104F13009484624F07E
:10EFA000A3FC054650B9FDF763FE00252846BDE8E1
:10EFB000F88320461FF05CFDA46CE9E71EF057FDC6
:10EFC0000028F2D1236D9BB9A38C2F8A403B9BB2C2
:10EFD0003F2B03D8238D9F4228BF1F46042105F1F4
:10EFE0000C001EF0D9FB0780A38C438004372765F3
:10EFF000236D2A8A9E420ED3934215D0A38C403BA8
:10F000009BB23F2B1ED920461FF032FD236B13B15C
:10F0100020461FF00CFD236DC8F800309E4234BF1F
:10F020009E1B00262665C1E70022002348461AF0F1
:10F03000DFFAA38CA3F140023F2AE4D8034AAA6175
:10F04000EB61E0E700221346F9E700BF27EC04007C
:10F0500070B5124B0C4619780131C9B2012938BF7D
:10F06000012105460822122019701FF09EFD064658
:10F0700088B108210C301EF078FB2288028062885B
:10F080004280A2888280E288C28031462846BDE85C
:10F0900070401FF0D5BD6FF00B0070BD254F0020F4
:10F0A00023281FD81A2804D8431E182B0ED906204F
:10F0B0007047A0F11B03082B1ED8DFE803F0051DE5
:10F0C0001B231D19251D0500032070470F4A01232E
:10F0D00083401A40C2B90E4A1A40002A14BF0120C8
:10F0E0000620704700F07F03522B05D100207047A7
:10F0F000012070470520704710F0400F0CBF06201C
:10F10000002070470420704702207047AAAA8A0294
:10F110005455450170B50E46438D418B8B4202F12B
:10F12000010228BF0B469A4205461ED83046FFF71B
:10F13000B7FF022810D004280ED025F0C3FA144BD4
:10F140001958144B994213D0134B1B685A1A18BF05
:10F150004FF0FF32134602E04FF4702200230F48B5
:10F160000021FFF7F7FE044620B90024204670BDB9
:10F170000022EFE7FCF7E2FF094B182202FB003305
:10F18000012104F10C009D601EF0EFFA0670EDE71E
:10F1900008000000F01B002000220020140C0020BA
:10F1A000B8210020011F014824F062BA7C0A002027
:10F1B00010B500F154030446BFF35B8F53E8001F02
:10F1C00041F0010143E80012002AF7D1BFF35B8F41
:10F1D000201F1FF0F5FE04F17400044924F058FCD0
:10F1E0002068BDE8104001F049BE00BF87F604006A
:10F1F00070B503788AB004460E4607AD032B20D8BD
:10F20000DFE803F002191B1D11492846F7F79CFFA0
:10F21000059563780493A3780393E37802932379A5
:10F22000019363790093A3790A4A1E2130461BF0AB
:10F2300075FB0AB070BD0849E7E70849E5E70849EA
:10F24000E3E7084A0A2128461BF068FBE0E700BF15
:10F25000AF7F0500D87F0500B67F0500BD7F0500A4
:10F26000C77F0500D17F05002DE9FF4105460E4609
:10F270004FF000084FF42053006817688DF808809D
:10F2800002A91446ADF80A301EF033FBA0B142F6D5
:10F29000010328688DF80C8003A9ADF80E301EF02C
:10F2A00028FB48B123691BB15A88B24200D25E8064
:10F2B000012004B0BDE8F081616828681EF019FBE8
:10F2C00010B100232361F3E7E368A0681A786AB1FC
:10F2D000B7F82AC0798B038A8C4594BFC3EB0C0323
:10F2E000C3EB0103934201DA0020E2E704210C3072
:10F2F0001EF03BFA2061068023695E80074B009375
:10F300000194A2680023294638461FF09CFE00287D
:10F31000EADB2069003818BF0120CAE727F00400A3
:10F32000F7B5002304460E462B480022694619F023
:10F33000A9FF0546D0B925F0C5F9284B009F1A58FA
:10F34000274B29461A60381D282224F020FE3C60F5
:10F35000009C24480195C4E90155C4E909550022DF
:10F36000002301A919F08EFF054620B16FF00B05AF
:10F37000284603B0F0BD019B0146B022184624F098
:10F3800006FE194A8260603024F05BFA019BBFF3ED
:10F390005B8F583353E8002F43E800510029F9D11F
:10F3A000BFF35B8F019B1C60636A019F1BB904F173
:10F3B0000C0024F046FA626AC7F8A820A26A07F196
:10F3C000A803636202B9A362019B17225A855A837C
:10F3D00004333360CCE700BF600A0020080000005F
:10F3E000002200207C0A0020C00400202DE9F74301
:10F3F000176805468846006851687E6814461EF006
:10F4000078FA8146002842D130469522294620F0DC
:10F41000F6FC0646207540B1E3681B780BB184F812
:10F420001490002003B0BDE8F083A0681EF064F9DA
:10F4300002210C301EF099F9164B2061A0F80080D3
:10F4400000930194A2683346294638461FF0FBFD1D
:10F45000002807DA10F1FF0F26BF4042C0B20E208D
:10F460002075DEE72369002BDBD0A0681FF053FC7A
:10F470007B8D7A8B9A4294BFC0EB0200C0EB0300F5
:10F48000E3681B78984294BF00200120CAE701205E
:10F49000C8E700BF27ED04002DE9F74F06460846F0
:10F4A0000C46FCF74BFEDFF898801823434308EB2B
:10F4B00003020546D2F808A0E068BFF35B8FB16D88
:10F4C000BFF35B8FC90738D5E16809781171002255
:10F4D00048F803200378D22B0ED1336821461868F0
:10F4E00021F0C2F840B101902046FCF7C7FE019B15
:10F4F000184603B0BDE8F08F04F10C001EF06CF963
:10F5000018235D4308EB050900231A4607462146E8
:10F51000301DB4F810B0C9F808601FF05CFB03465A
:10F520000028E5D06269A4F810B012FA87F7E76006
:10F5300048F80500C9F808A0DAE76FF01503D7E727
:10F54000B82100202DE9F14F0546FCF7F7FD3349BE
:10F55000182202FB00F3C81851F803A00779B0F88D
:10F560000680D0F810900021D0E9024624F00FFD6B
:10F57000A87AFCF7DBFD6969834651B16B7AD8073D
:10F5800005D4DBF824301B6828469B689847002385
:10F590006B612946584624F09DF9002F31D084B381
:10F5A000236873B31B6863B3BAF1000F29D1201D20
:10F5B0001FF00FFF3846FFF773FD052821D8DFE85D
:10F5C00000F0160320162003BFF35B8FA36DBFF37B
:10F5D0005B8FDA0715D5E36D9BB14FF470220023E2
:10F5E00004F1780001B0BDE8F04F1AF0E9BA2368E1
:10F5F0001D68BFF35B8FA36DBFF35B8FDB0700D587
:10F6000056B901B0BDE8F08F49462846B0470134ED
:10F61000A3B29845F8D8F4E70024F9E7B821002010
:10F62000F8B50B8A076804460D46002B39D0012136
:10F6300005F10C001EF0C0F87B7B072B064630D18D
:10F6400054F8043C6BB301781748043C002310F8CD
:10F6500033708F4200EBC30208D1298A5378977820
:10F66000994213D2012F1CD1042317E001330E2B32
:10F67000EDD10846FFF714FD98B1052811D081B1EE
:10F680000623002220461FF0E8FE0AE053682946C0
:10F6900020469847012F034603D110B13178002945
:10F6A000EFD10020F8BD00BF6C570500F0B51E4635
:10F6B00003680D46003987B0044618BF0121186859
:10F6C000174620F0A0FC40B904F158001FF07DFD62
:10F6D000002844D0002007B0F0BD002E41D01822F1
:10F6E0000021684624F053FC47BB23681E4A1B6870
:10F6F00000930023ADF812300C9B0393BDF8343017
:10F70000ADF8103001238DF8143031466B46304689
:10F710008DF808501FF04AFB9DF81430C3B1002F3C
:10F72000D8D00198FCF7AAFD9DF81430002DD1D057
:10F730003246294620461FF090FECBE7002239468C
:10F740002046FFF7E7FC01900028CED11120C2E748
:10F7500001990029BED020461FF071FEBAE71220A1
:10F76000B9E70120B7E700BF4BED0400F8B54FF44F
:10F770007022074600230D480E461DF08AFF0446FE
:10F7800090B100F10C05092128461DF0E3FF204649
:10F79000FCF7D4FC064B182202FB0033012128465B
:10F7A0009F601DF0E2FF06702046F8BD140C00209B
:10F7B000B82100202DE9F0410E8A043EF6B2022E57
:10F7C00004468CB0084601D0102E64D104210C30C0
:10F7D0001DF0F2FF0DF1080805884788011D32462B
:10F7E00040461EF0B4F8002857D09DB3002687B3DA
:10F7F000BD422FD84FF4205301A940468DF8046034
:10F80000ADF806301EF075F840BB1422002107A8A1
:10F8100024F0BDFB11212046FFF7A8FF0990002826
:10F8200037D001210C30CDE907481DF09EFF0023A1
:10F830000A901B4A037039460B93284607AB1FF00A
:10F84000B5FA0A9B1B78FBB90998FCF717FD0A2348
:10F8500001E03D4601232A4610210EE042F6010355
:10F8600007A940468DF81C60ADF81E301EF041F827
:10F870000028CAD010232A46194620461FF0EDFD65
:10F8800000200CB0BDE8F081099920461FF0D7FD9B
:10F89000F6E71120F5E70420F3E70E20F1E700BFBB
:10F8A00069F202002DE9F043036885B004460D4675
:10F8B0001868012120F0A7FB40B904F158001FF09F
:10F8C00084FCB0BB122005B0BDE8F08310220021FB
:10F8D000684624F05CFB21212046FFF747FF029099
:10F8E00048B3DFF85890009405F10C074FF0010879
:10F8F0002B8A012B04D8029920461FF0A0FD18E0A6
:10F9000038461DF061FF6B464A46014606468DF8B3
:10F910000C801FF04BFA9DF80C30002BE8D00298B9
:10F92000FCF7ACFC9DF80C303246202120461FF03D
:10F9300094FD0020C7E71120C5E700BF2FF20400A7
:10F940002DE9F043036885B004460D46186801218F
:10F9500020F059FB40B904F158001FF036FCB0BB51
:10F96000122005B0BDE8F08310220021684624F083
:10F970000EFB0F212046FFF7F9FE029048B3DFF897
:10F980005890009405F10C074FF001082B8A012BC9
:10F9900004D8029920461FF052FD18E038461DF0A9
:10F9A00013FF6B464A46014606468DF80C801FF051
:10F9B000FDF99DF80C30002BE8D00298FCF75EFCB6
:10F9C0009DF80C3032460E2120461FF046FD0020E7
:10F9D000C7E71120C5E700BFE9F10400F0B51D46F7
:10F9E000036885B004460E4618680121174620F0CA
:10F9F0000AFB38B904F158001FF0E7FB48BB12209E
:10FA000005B0F0BD65B310220021684624F0BFFAAE
:10FA100039462046FFF7AAFE029018B3BDF82830F9
:10FA2000ADF8043001238DF80C300F4A00946B467A
:10FA3000294628461FF0BAF99DF80C305BB10298B0
:10FA4000FCF71CFC9DF80C302A46314620461FF07E
:10FA500004FD0020D4E7029920461FF0F0FCF8E7EF
:10FA60000120CDE71120CBE7E9F104002DE9F041B9
:10FA70000E8A043EF6B2022E04468CB0084601D02F
:10FA8000102E76D104210C301DF096FE0DF10408E5
:10FA900005884788011D324640461DF058FF002862
:10FAA00069D085B377B3BD422DD86068012120F0BD
:10FAB000AAFA064678BB8DF8000042F602036946B2
:10FAC0004046ADF802301DF014FF20B342F60303A8
:10FAD00006A940468DF81860ADF81A301DF009FFF0
:10FAE000C8B1012D03D14FF6FF739F4213D004F12B
:10FAF00058001FF06AFB002814BF002012200CB031
:10FB0000BDE8F0813D4601232A46082120461FF02A
:10FB1000A4FC0020F3E7182200210DEB020024F0E2
:10FB200036FA09212046FFF721FE0890F8B101219D
:10FB30000C30CDE906481DF018FE00230990037033
:10FB40000A238DF82C300D4A06AB394628461FF0A3
:10FB50002DF99DF82C302BB10898FCF78FFB9DF800
:10FB60002C30D1E7089920461FF069FCD1E711201D
:10FB7000C5E70420C3E70E20C1E700BFEDF3020094
:10FB80002DE9F0430F4687B00446062107F10C002B
:10FB90001DF012FE0588B0F802808288D7F80C901C
:10FBA000C5B10023B8F1000F13D0A84512D38DF8CA
:10FBB00000308DF8043001A94FF420536846ADF8A9
:10FBC0000220ADF806301DF094FE064660B10A230F
:10FBD00001E0454601232A46062120461FF03DFC50
:10FBE000002007B0BDE8F0830146142201A83F7C45
:10FBF00024F0CDF907212046FFF7B8FD0290D8B1D7
:10FC00000A238DF815300D4A019401AB4146284670
:10FC1000CDE903698DF814701FF0C8F89DF8153010
:10FC20002BB10298FCF72AFB9DF81530D3E7029917
:10FC300020461FF004FCD3E71120D2E7C3ED0400F7
:10FC40007FB5CB681D885E88044685B176B1AE422B
:10FC50000DD310220021684624F099F90521204691
:10FC6000FFF784FD019058B9112007E035460123C4
:10FC70002A46042120461FF0F0FB002004B070BD8E
:10FC80006B46094A0094314628461FF08FF8029BC4
:10FC900023B90198FCF7F2FA0A23E9E70199204613
:10FCA0001FF0CDFBE9E700BF09EF040013B50B46D9
:10FCB000002101910E49024624F004FD0C680D4913
:10FCC00009580D488C4208BF002201A908BF1346FD
:10FCD00019F0D8FA014640B9019B1C22184624F0BD
:10FCE00056F90346184602B010BD0023FAE700BFDC
:10FCF0000022002008000000B40A002010B50446CD
:10FD0000806818B1FCF7BAFA0023A36021460248C4
:10FD1000BDE8104023F0ACBCB40A00202DE9F34745
:10FD2000044678300E4617461D4623F0BDFEE06DB2
:10FD300030B920461FF092FC002002B0BDE8F087E9
:10FD4000124B98424FF0000805D12068C4F85C803F
:10FD50001FF0F7FAF0E7D0F80490C0F80480E06DE7
:10FD6000D0F818A0FFF7CAFF2068C4F85C801FF025
:10FD7000E8FAB9F1000FDFD02068CDF800A00068E4
:10FD80003B4632462946C847D6E700BF042200203A
:10FD9000F7B550F8044C0546002C59D000F1A401E9
:10FDA00004F124001FF0F6F92E1F05F15C07002274
:10FDB0000023384619F01CFC024678BBAB6D2BB112
:10FDC00001466FF067033046FFF7A8FF002345F8B0
:10FDD000043C05F15403BFF35B8F53E8001F21F08F
:10FDE000010143E80012002AF7D1BFF35B8F636A79
:10FDF00073BB04F10C0600220023304619F0F8FB17
:10FE000078B9666886B913482660214623F030FC2D
:10FE1000286803B0BDE8F04001F0E4B8FCF72EFA22
:10FE2000C5E7FCF72BFAE6E7A26833686360964201
:10FE300008BFA36077683FB1B369009300232068CF
:10FE40001A466FF06701B8473046FFF757FFD8E70B
:10FE500003B0F0BD600A0020F8B51D460F461646F7
:10FE6000FCF76CF9044C182303FB0040C0E903764F
:10FE70000123C3800575F8BDB821002010B50449E1
:10FE8000144618461022A04700EAE07010BD00BFDB
:10FE90006012002070B50D4C2378834206460D4653
:10FEA00004D1611C28461FF0BFFC58B9237CB34223
:10FEB0000AD1074928461FF0B7FC10B1012004EB16
:10FEC000001070BD0020FAE70020FAE73822002079
:10FED0004922002070B50D4C2378834206460D461A
:10FEE00004D1611C28461FF09FFC58B9237BB34204
:10FEF0000AD1074928461FF097FC0028054808BF8B
:10FF0000002070BD2046FCE70020FAE70812002020
:10FF1000151200201412002070B50D4C2378834276
:10FF200005460E4603D1601C1FF07EFC60B9237BA2
:10FF3000AB420BD1074831461FF076FC18B10120C7
:10FF40000C2303FB004070BD0020F9E70020FAE716
:10FF5000F64D0020034E002070B5204B14468268F9
:10FF60009A420FD1A568C66875B9227921683046D2
:10FF70001FF062FC024628B1194901301FF025FC30
:10FF800015701581012070BDE0680028FBD02B881A
:10FF90008B420AD0F6D2E068A36801380433E060EF
:10FFA0000038A36018BF0120EDE7256822792946B3
:10FFB00030461FF041FC024660B9094930461FF047
:10FFC0003BFC02460028E6D0294601301FF0FDFB2D
:10FFD00023791370A3685B881381DCE7A503030012
:10FFE000AC80050038B50E4B144682689A420D4627
:10FFF00011D122792168C0681FF01EFC58B1D4F8D5
:020000023000CC
:10000000C8302F2B09D804EB8302013315810189F5
:100010005181C4F8C830012038BD0020FCE700BF82
:10002000A503030070B5144D064640B115F8011C38
:100030002A466C1E1EF054FC98B120460CE00F4975
:1000400028461FF0F1FB40B90C4905F110001FF0E4
:10005000EBFB20B105F10F0070BD681EFCE700202E
:10006000FAE7217C04F1110230461EF039FC002829
:10007000F5D004F11000EFE739220020AC80050034
:1000800010B54A1C0C4638B109781EF029FC08B19D
:10009000204610BD0020FCE7024910461FF0C4FBBB
:1000A000F5E700BFAC8005002DE9F04106460F469C
:1000B00090461DF0E5FE50B339463046FFF70AFF83
:1000C000054698B913481FF0E4FB0446E8B112480E
:1000D0001FF0DFFB50B9114D01240C235C43104A83
:1000E000601C394610441FF070FB1655012101FABF
:1000F00008F105F108001FF0AEFBBDE8F04109482A
:100100004FF40042002319F05BBD054DE5E7BDE863
:10011000F08100BF101200201C12002014120020D9
:1001200008120020201200202DE9F04180460F46E1
:1001300016461D46FFF7F0FE044648B91449FFF77E
:10014000EBFE0446F0B100F8018B39461FF03DFB91
:100150002289638992B99BB926816581254615F864
:10016000010B29461DF08CFE60B12246294612F88B
:10017000080BBDE8F0410423FCF7C8B9964203D34D
:100180009D42EAD8BDE8F0819D422681E6D9E4E7A8
:10019000AC8005002DE9FF410E46174698460446FF
:1001A00028B96FF01505284604B0BDE8F08102A912
:1001B0001DF077FB05460028F3D101A920461DF06C
:1001C00004F90198D0B902A90020FFF7A5FE044662
:1001D000D8B9002EE7D01149FFF79EFE0446D0B1F2
:1001E000002300F8013B02A91FF0EFFA042204F1FA
:1001F00008014046B84700EAE075D4E70A222946DC
:100200001AF0B8FB0028DED0CBE7002EEED1066056
:1002100046608660C7E76FF00B05C4E7AC80050059
:100220001FB51946074B10464FF00C12CDE90223BB
:1002300008230093BDF818206B441FF048FB05B05D
:100240005DF804FB1E00900108B513468168074A5B
:10025000914209D11A791968C0681FF0EDFA18B1F6
:100260000023036043600381012008BDA503030050
:1002700038B5094B154682689A420AD1C468296884
:10028000013420461FF0D0FA18B1696820461FF0EB
:100290009CFA012038BD00BFA503030002484FF4BB
:1002A000A472002319F08CBCE812002008B50421C8
:1002B00008481FF0D0FA07486FF002011FF0DAFA81
:1002C00004481FF0E6FAC30701D5FFF7E7FF002057
:1002D00008BD00BF18130020024608B508490130C8
:1002E0001FF073FA002313720C32BFF35B8F52E8D6
:1002F000001F42E800300028F9D1BFF35B8F08BD32
:10030000AC8005002DE9F041234B154682689A42E6
:10031000074602D1C468638933BB0120BDE8F08180
:10032000FEF762F9E36800216181002BF5D03846C1
:100330009847F2E705F17008287A41461DF0A0FDC4
:1003400068B9164B9C4202D128461FF05DFB144948
:1003500030461FF03AFA002323702381E2E741463A
:1003600030461FF032FADDE72389002BDAD026462B
:10037000284616F8011B32461EF0B2FA0028D9D1E1
:1003800020783146FEF774FC0028CBD0437B072B46
:10039000C6D1FEF729F9C0E7A50303003405002004
:1003A000AC8005002DE9F0471F46BDF82030D1F89C
:1003B0000C9006468846002B46D17B1E012B46D862
:1003C000012F4946157818BF1588FFF759FE0446D6
:1003D00078B915B93846BDE8F0874946FFF750FEB1
:1003E0000446B8B306F1700101301FF0EEF9337A1C
:1003F0002370D9F81030DBB9B4F808A02581B9F81A
:100400000A30AB4203D0494640461FF048FAAA459D
:1004100005D0307A002206F17001FFF745FE002D6D
:10042000D8D10E49601C1FF0D0F925702581D1E785
:100430002A464146304698470028CCDB013801283F
:10044000DAD96FF00D00C6E76FF00600C3E76FF072
:100450000C00C0E76FF01000BDE700BFAC800500E6
:1004600008B5124801211FF0F6F910F0010F104BEA
:100470000AD1104A9A610D481FF00BFA830713D472
:10048000BDE80840FFF70ABF1A8B588B012A4FF6C8
:10049000FF7205D8904207D04FF6FF725A83EAE701
:1004A00090421983E7D0F7E708BD00BF181300207A
:1004B000C81200200100FFFF10B5104C1049204663
:1004C0001FF0B2F9014638B9601E1FF02FFB14F877
:1004D000010C21461FF0BEFA09490A481FF0A4F991
:1004E000014650B908481FF021FB084BBDE81040F9
:1004F000187C03F111011FF0ADBA10BD39220020A4
:10050000AC8005004922002048220020382200202B
:1005100010B56FF0020104460E481FF0ABF90D480C
:100520001FF0B7F9C20704D50B480022002319F0C9
:1005300047FB20461FF001F958B12046FFF772FD36
:1005400038B1037ADB0704D5BDE8104001211FF064
:10055000FDBA10BD18130020E812002010B51C4889
:1005600001211FF078F9C30731D4022118481FF088
:1005700072F9084007D11749174A0B88174CA24255
:100580001FD300B10B801649164823F081FA4FF4AF
:10059000A47200231348FCF781F81349134823F091
:1005A00077FA022112481FF056F91249124823F037
:1005B0006FFA1248FEF732FCBDE810401048FEF713
:1005C00017BB506803449BB208320120D7E710BD27
:1005D000582200200E4E0020B84D0500E04D0500C9
:1005E000BFFD040070120020310B0300E812002050
:1005F00018130020ED000500201200200C0500203B
:10060000E80400202DE9F041034648B1008A38B9DA
:100610001249DFF84CE001244FF0140C714501D36E
:10062000BDE8F081D1E90076BB4204D30CFB067231
:10063000143A93420ED93444A2B208311446EDE77D
:100640000CFB0578434507D001356219B54292B2DB
:10065000F6D1F2E70025F8E71046E1E7B84D0500CE
:10066000E04D05002DE9F74FBDF830500091994657
:100670004FF6FF73002D08BF1D46244B1B88834295
:10068000074690463CD203B0BDE8F08F7368234420
:10069000BB4232D29CB208361D4B9E42F6D3F2E7E3
:1006A0008958019340461DF024F9019B90B1013413
:1006B0000AF1010AA4B273685345ECD9009B9C422D
:1006C000E1D8BC423168F2D30BFB0AF28B18B8F1C7
:1006D000000FE5D1B9F1000F0BD1013DADB21846C5
:1006E0000E9A0D9B21469847002DCCD00028DED1D4
:1006F000C9E7DA689145DAD1EFE74FF0000ADAE7A7
:10070000044E01244FF0140BC6E700BF0E4E00202C
:10071000E04D0500B84D050010B51422B6B000211B
:100720000DEB0200CDE90011CDE9021123F02FFC01
:100730004FF41053ADF810301F4C8023ADF8123039
:1007400010224FF48063CDE90634694634AB0DEBDB
:10075000020022F0F3F8014660BB54220AA823F0FD
:1007600016FC54220AA91FA823F0E9FB349922465B
:100770001FA822F0B8F9E8B9104A1FAB4FF6FF7175
:1007800001201FF011FB0E490AAB10221FA822F016
:10079000C8F978B90A4B082203F11001187811F84A
:1007A000014D03F8014B013A0870F7D105480821C3
:1007B0001FF051F836B010BD0002C0038BFA0400E0
:1007C00050120020181300202DE9F0411949BDF8FE
:1007D00018700446A1F1300015461E4623F077F943
:1007E00015481FF056F8010707D4FFF795FFFFF7EC
:1007F00063FE12481021FBF7BBFE2046FFF712FCF8
:1008000068B1037ADA070AD500F10C0420461FF01C
:1008100040F8C30703D4022120461FF01CF8102320
:1008200006933A4631462846044BBDE8F0411FF096
:100830004EB800BFA0120020181300205012002054
:1008400010B51B481FF025F8C0F3C00080F001046C
:1008500008B9FFF761FF16481FF01BF8034614485C
:100860001FF017F8DA0621D5830608D5F4B1FFF793
:1008700023FEBDE810400F481021FBF779BE202170
:100880000B481EF0E8FF0B491022881823F005FDE5
:1008900048B9094823F008F9BDE8104004486FF052
:1008A00001011EF0E7BFFFF7DBFDE0E710BD00BF71
:1008B0001813002050120020E812002008B5102163
:1008C00003481EF0C8FFFFF7BBFF002008BD00BFB4
:1008D000181300202DE9F041B8B00C461646214906
:1008E0003E986A461F461CF04CFD002837D0009DFC
:1008F00001A928461CF069FD65B1019870B90DF198
:1009000008080023284641468DF814301CF0C9FF22
:10091000054650B16FF0150425461AE00A22002161
:100920001AF028F80028EAD0F4E7CDF81080A4B136
:10093000C02208A93846B047041EEDDBA40808AB66
:10094000CDE90634084A04AB4FF6FF7101201FF0D1
:100950002BFA284638B0BDE8F0812346F0E76FF067
:100960001505F6E7F982050059FF020007B50023D7
:100970000193FFF747FE411C89B20846034A01ABC9
:100980001FF012FA019803B05DF804FB8BF7040026
:100990002DE9F843154689469422696806461FF0FA
:1009A0002EFA8046002842D16968022230461FF0A4
:1009B00061FA00283ED04FF470200021AF8AFFF783
:1009C00075F90237044680B11C4B47611D21417403
:1009D000C0F80C80436085613A4630461EF095FDB4
:1009E000074638B92046FFF789F96FF00B0528460E
:1009F000BDE8F883012342464146FFF72DFAA98A54
:100A000007F10C0002311CF0B0FE20F8029BAA8A0C
:100A1000296923F094FAA760214630461EF070FE43
:100A200005460028E3D02046FFF768F9DFE74FF0DE
:100A3000FF35DCE76FF01505D9E700BF91F704003B
:100A400030B504468BB037481EF023FF42070D46F1
:100A500061D514B1637B072B60D168680590FFF7FF
:100A6000D1FD2A68ADF818003AB305A902912E49C4
:100A700001910121002300914FF6FF710593FFF7CB
:100A8000F1FD059B1BB96FF001000BB030BD6B6031
:100A9000059B186800238DF8103004A942F6030363
:100AA000ADF812301CF025FF70B90598C3689B792A
:100AB0009B0605D46FF01500E7E70028E8D1E2E7D0
:100AC0001FF02BF9ADF81800BDF818003CB1012358
:100AD0000146AB752A462046FFF75AFFD5E76FF06F
:100AE0007F0307930223ADF8203042F60213ADF8DE
:100AF000123005ABAC7502930C4B019301230093AC
:100B000004AA23464FF6FF7109958DF81040FFF7B0
:100B1000A9FD0798B9E76FF00A00B6E76FF07F000C
:100B2000B3E700BFD4000020BFF70400610D03004D
:100B300073B500F13005044650F8083C0193A0F16C
:100B400020066FF0010128461EF094FE0D4B44F87C
:100B50001C3C0D4B44F8183C01AB002044F8103C01
:100B6000042324F8080C24F8060C24F80C3C314625
:100B7000FFF766FF18B9022128461EF06CFE02B08E
:100B800070BD00BF14580500110503002DE9F8439E
:100B9000334B1468174682689A4205465DD1C66891
:100BA000002306F10109002B57D13389002B54D0C3
:100BB00031784A4620461DF093FE00284DD04FF470
:100BC0009572294620461FF01AF9A0B1032844D097
:100BD000052820460CBF4FF003084FF002081DF017
:100BE000EBFE804507D93A7942454FF00103DAD24E
:100BF00087F80480D7E7314628461EF050FE194B8F
:100C00009E422AD1207A04F17001FFF785F905464A
:100C100018B303890BB94389FBB12046FDF7C6FD24
:100C2000114A2B8922F8203002EB80036989598010
:100C30000E490F4D182303FB001300B202EB800294
:100C400000EB40005D601A610A4D9D60042201EBDB
:100C5000C00120469A82FFF7F3FE0120BDE8F88329
:100C6000A503030034050020F24D002020220020BF
:100C700014580500EFFB040030B504468BB035482E
:100C80001EF007FE42070D465DD514B1637B072BAE
:100C90005CD168680590FFF7B5FC2A68ADF81800CC
:100CA0003AB305A902912C49019101210023009139
:100CB0004FF6FF710593FFF7D5FC059B1BB96FF04D
:100CC00001000BB030BD6B60059B186800238DF8E8
:100CD000103004A942F60303ADF812301CF009FEEF
:100CE00070B90598C3689B79DB0605D46FF01500D1
:100CF000E7E70028E8D1E2E71FF00FF8ADF81800A9
:100D0000BDF818002CB101462A4620461FF044F9D0
:100D1000D7E742F60212ADF8122005AA6FF07F0362
:100D200002920E4A07930123CDE90032ADF820303C
:100D300004AA23464FF6FF7109958DF81040FFF77E
:100D400091FC0798BDE76FF00A00BAE76FF07F00EB
:100D5000B7E700BFD4000020BFF70400610D030017
:100D60002DE9F843414B144682689A42074603D066
:100D700001273846BDE8F883C6683D4B9E4211D036
:100D80003289A3899A4206F10101F1D13078FDF749
:100D90006FFF05460028EBD0437B072B26D0FDF7DD
:100DA00023FCE5E7334DDFF8D0904FF000084946CB
:100DB00028461EF039FD78B915F8010C072229469E
:100DC000FDF770FF78B9236915F8010C1A692946F7
:100DD00053881288FFF7A8F90C35B8F1000FCFD16E
:100DE0004FF00108E3E7FDF7FFFBF5E7736923B177
:100DF0003946984708B92846D1E73946942228460B
:100E00001EF0FDFF07460028F5D1A389022B14D15F
:100E1000338913F0020604D12846FDF7E5FBA660EE
:100E2000A6E72269A1882846FFF7B2FD0646A8B9C1
:100E30002269937D01339375EEE7012B04D0284698
:100E4000FDF7D2FBA76093E7338913F00106E3D0E7
:100E50002269A18828461FF09FF806462846FDF71C
:100E6000C3FB002EA66084DB82E700BFA50303005E
:100E700034050020F74D0020AC80050070B58EB021
:100E800000F17005044603900123007A8DF81030BC
:100E900029461CF0F5FF90B1227A1AB302AE042164
:100EA00030461BF048FC00960F4A242105A82B462B
:100EB000FBF79CFA05AA0D491046FAF70DFA4FF612
:100EC000FF710B4A03AB01201EF06EFF20461DF0A0
:100ED00073FD9DF81010884202D220461DF02FFDB0
:100EE0000EB070BD0092DFE7FC820500D50803005C
:100EF0008D0B0300F8B5084B1C6805460E461746D7
:100F00004CB154F8043C043C1BB13A4631462846E7
:100F100098476468F4E7F8BD5C22002013B50A4ADC
:100F2000009004464FF6FF7101206B468DF80400D7
:100F30001EF03AFF002120461FF065F808B9FFF7C0
:100F40008FFA02B010BD00BF8D0B030030B5B5B0F5
:100F5000002301918DF8080033930A4A01AB04463F
:100F60000D4601204FF6FF711EF01EFF339B3BB173
:100F70009B0003AA29462046FBF7ECFA35B030BDAA
:100F80001A46F7E7E5FF02002DE9F34100F170088A
:100F9000CDE9001204460F46007A414616461CF081
:100FA0006FFF0F4A05466B464FF6FF7101201EF09A
:100FB000FBFE1DB1207A4146FFF7C8FF207A394673
:100FC000FEF768FF40B1314601301EF0FEFB1DB157
:100FD000207A41461EF03EFD02B0BDE8F08100BF20
:100FE0007102030073B5044603461A4A4FF6FF71B7
:100FF000012004F170061EF0D7FE207A31461FF062
:101000003BF8207A31461CF03BFF50B1237A8DF833
:101010000430114A00966B464FF6FF7101201EF016
:10102000C3FE2046FEF7FEFF054688B1207A314612
:101030001CF026FF28B9284602B0BDE87040FFF733
:101040004BB93146681C02B0BDE870401EF0BDBB14
:1010500002B070BD0503030049020300064BD3F83C
:10106000EC0028B9054AC3F8F020EC330B60704758
:101070006FF00B00704700BF2013002018590500C7
:1010800008B5054B014618461FF05AF8043B0028E6
:1010900014BF1846002008BD2413002010B50C4AC8
:1010A00011680C4ABFF35B8F00F5B87353E8004F2B
:1010B000944204D143E8001CBCF1000FF6D1BFF309
:1010C0005B8FBFF35B8FD0F87001BFF35B8F10BDF8
:1010D000602100202013002008B5FFF7DFFF034642
:1010E000C8B1D0E9011221B9002A0CBF03200220A7
:1010F00010E032B1C36813B9094B1B7833B904202F
:1011000008E00749087828B1DB6833B9003A18BF0E
:101110000122500008BD0320FCE70120FAE700BFD0
:10112000264F002038B5051D0446082128461FF02B
:1011300059F8064904F15700FDF704F820B1284694
:1011400008211FF027F8082038BD00BFFD06050064
:1011500038B5EC220546002122F019FF102105F1D7
:1011600027000CF069FC044648B9052128461FF009
:1011700039F8FCF7D7FF034B1860204638BD082428
:10118000FBE700BF6422002070B50E4686B004461F
:10119000FFF784FFF36804F137020546114603F1B7
:1011A000100053F8046B41F8046B8342F9D1237AA1
:1011B000052B40D8DFE803F0172323033F6502AB7C
:1011C00045490093096804F1270304F1570000F032
:1011D00045FF80BB0A21201D1FF004F8EB6802992F
:1011E000D4F8EC00984720460D211EF0FBFF201D8F
:1011F00010211EF0F7FF20461FF04CF819E094F87C
:10120000DC10D4F8D83002ADCB403349009503F060
:101210000103096843F0800304F157001FF02FFC1D
:1012200048B91022294604F1170023F036F820B1FE
:10123000042006B070BD0820FBE7032120461EF005
:10124000D1FF1FF027F80028F3D194F8DC300133E8
:10125000DBB2142B84F8DC3009D10D2120461EF0BE
:10126000C1FF1021201D1EF0BDFF0020E1E710216D
:1012700004F127000CF0E0FB003818BF0120C0008B
:10128000D7E7102104F127000CF0D6FB0028D2D1BB
:1012900005B32B69F3B1114BE27A1B88ADF8083026
:1012A000A37CD20703F0010312D4002B14BF012347
:1012B00003238DF809300023C4E93833201D0C21A5
:1012C0001EF090FF2B69D4F8EC0002A99847CCE7F8
:1012D0005B00EEE70220ACE7642200200D4F050022
:1012E00073B5047A022C054623D844B190F8DC305B
:1012F000D0F8D840DC4004F0010444F0800403211D
:1013000028461EF0A8FF0646A8B110210C301CF09C
:101310002CFA00900F482346006805F1270205F1DA
:1013200057011FF0ACFB044650B13046FAF7A6FF58
:1013300001E0032C02D0082002B070BD0024DEE7DB
:10134000314628461EF037FF281D21461EF022FF99
:101350002046F1E764220020F8B50446FFF79EFE20
:10136000251D06460E2128461EF0EAFE48B94C4BC4
:101370002022196804F1570022F08FFF08B90820D5
:10138000F8BD0C2120461EF066FF07460028F6D067
:1013900040210C301CF0E9F9414B1B680246014624
:1013A00003F1200053F804CB41F804CB8342F9D178
:1013B000203203F1200153F8040B42F8040B8B4256
:1013C000F9D1394620461EF0F6FE237A052BD6D8F1
:1013D00001A252F823F000BFF113030075140300BB
:1013E0001D140300F11303007F1303009514030081
:1013F000042120461EF0F6FEFFF772FF0028BFD141
:10140000284607211EF0EEFE0820FFF739FE0028CF
:1014100043D12046BDE8F840FFF784BE2046D4F80B
:10142000EC70FFF73BFE0421064604F1D8000CF0F7
:1014300003FB0028A3D1D4F8D8301A4AB3FBF2F149
:1014400002FB1133C4F8D83084F8DC0056B173685D
:1014500043B10B2128461EF0C5FE7368D4F8D8109E
:1014600038469847032120461EF0BCFE0E211EF090
:10147000B9FEC5E7204603211EF0B4FE0E211EF082
:10148000B1FE28460A211EF0ADFEB368D4F8EC0088
:101490009847B5E704212046E9E7002070E700BF40
:1014A0006422002040420F0070B50E460446FFF74C
:1014B000F5FDF36804F157052A4603F1200153F8BE
:1014C000040B42F8040B8B42F9D104F1770203F1CB
:1014D000200153F8040B42F8040B8B42F9D1284643
:1014E000FCF78EFD28B30E21201D1EF07BFED4F8E4
:1014F000EC50D5F89C3033B9287A05F1700100F032
:1015000073FCC5F89C00D5F89C3043B90F4B1D689F
:10151000B5B9201D06211EF065FE284608E0DA89CF
:1015200002F02402002AF1D05B7B9B07EED403205B
:1015300070BD2846FCF770FD0028E7D10A20F7E7C8
:101540002046BDE87040FFF707BF00BF64220020BF
:1015500038B512490446A0F1EC05543022F098FA4F
:1015600028461EF0ECFFBFF35B8F0D4A04F18403A5
:1015700053E8001F43E800200028F9D1BFF35B8F38
:10158000BFF35B8F88344FF0FF3354E8002F44E8FB
:1015900000310029F9D1BFF35B8F38BD3B0805004E
:1015A0002013002038B5174B1B78054623B301F0F4
:1015B0000F042846FFF790FD134A03280CBF04F0E0
:1015C0000B0444F0040405F5BA731278BFF35B8F83
:1015D00053E8001F013103D143E800200028F7D170
:1015E000BFF35B8FBFF35B8FD5F87431BFF35B8FB5
:1015F0002BB144F0010038BD01F00704D9E704F035
:10160000FE00F8E7264F0020B10900202DE9F34144
:101610000D46D0F8EC700446FFF740FDED68EB781E
:10162000102B03D0062002B0BDE8F081D7F89C3023
:101630005BB1261D0F2130461EF082FD80B9204689
:10164000FFF786FD60B1C0B2EDE7387A07F17001AF
:1016500000F0CAFBC7F89C000028EAD10820E2E7A6
:10166000012363722B68C4F80A30AB88E38102233C
:101670002374A9782046FFF795FFE0742046FFF712
:101680002BFD1023607423752B7903F0030363751E
:101690006B7903F00103A375E37C1A070CD5AB78D3
:1016A0001B0709D5052130461EF09CFD637D03F024
:1016B000020363750023A375052130461EF040FD2B
:1016C000002845D05B4B1B78A374E37C980606D5B5
:1016D000AB78990603D5142130461EF083FDE37CD8
:1016E000DA0737D5AB78DB0734D50D2130461EF04D
:1016F00079FDA37D84F8E830637D84F8E930032127
:1017000030461EF06FFD237BE17C95F8008003EAF4
:101710000102100704D5E27AA07C0243D2071DD44F
:10172000B8F1040F1CD80B4313F0040307D0204674
:10173000FFF7D2FC404B08EB880843441B5C237244
:10174000D7F89C1020461EF004FD58B903206AE724
:101750003A4BB8E700236375A375CAE70523EEE7A4
:101760000023ECE7D4F8EC309B7A032B5DD04BD808
:10177000013B012B3FF672AF052130461EF0E0FC25
:101780000028E3D02046FFF789FC0346D4F8EC009C
:10179000FBB11A68EAB12A788DF800206A788DF8D2
:1017A0000120AA788DF80220EA788DF803202A79A2
:1017B0008DF804206A798DF805201B6869469847E2
:1017C0000138C0B2082804D81D4B185C00287FF4EB
:1017D0002AAF0C2120461EF005FD02211EF03BFD24
:1017E000054600283FF43AAF06210C301BF0BDFF40
:1017F000D4F811300360B4F81530838029462046B0
:101800001EF0D9FC00200EE7042B7FF427AF237DC8
:10181000627B934228BF1346102B7FF403AF052150
:1018200030461EF08DFC002890D0237A002BA3D1E7
:101830008CE700BF284F002034830500274F00208D
:101840001C8305002DE9F041C678012E044604D022
:101850006FF015042046BDE8F0811EF06AFC0546D5
:10186000002800F0AB80071D042138461EF068FCFC
:10187000002840F0A680032138461EF061FC10B11C
:101880006FF00F04E6E7314638461EF059FC002899
:10189000F6D12846FFF702FCD5F8EC309B7A032BF3
:1018A000064642D032D8013B012B48D90F21201DDA
:1018B0001EF046FC0028CBD1D4F89C3083B904F14B
:1018C0007006217A3246202000F0F0FAC4F89C001D
:1018D00030B9217A3246042000F0E8FAC4F89C00BE
:1018E000D4F89C30002BB3D0DA8912F0240FAFD09B
:1018F000A17A022923D9587BC007A9D503291ED074
:101900009206A5D51B7B102BA2D118E0042BCDD1BC
:101910002846FFF7E1FB032804D1002EC6D0336927
:10192000002BC3D0284B1B7807E02846FFF7D4FBD9
:10193000032804D1002EB9D03369002BB6D0D4F8D7
:101940009C303BB12846FFF703FC044670B16FF0B2
:1019500068047FE7207A04F1700100F045FAC4F8CA
:101960009C000028EED16FF00B0473E70B21284692
:101970001EF071FC06460028E9D001210C301BF056
:10198000F4FE092180462846FFF70CFE234688F81E
:1019900000002246314605F1EC001DF01CF904461A
:1019A00018B13046FAF76AFC54E738460F211EF0AA
:1019B00019FC012128461EF015FC4BE76FF07F044F
:1019C00048E76FF0040445E7264F0020F8B5D0F84B
:1019D000EC40D4F89C300646051D43B90221284648
:1019E0001EF0AEFB0927002851D11F214BE081BB1F
:1019F0000D2128461EF0A4FB074620B1D4F89C0018
:101A000008B11FF01CF8364B1B689BB11D6805B16F
:101A10000C3D53F80C3C13B13946204698474DB164
:101A20002B46ED681B681DB10C3D002BF4D1F7E788
:101A3000002BF1D130461EF082FD637B072B4DD188
:101A4000627AA37A9A4249D02046BDE8F840FFF76F
:101A5000F9BE0139C9B20E2998BF224A1B7B94BF37
:101A6000575C092723BBD4F89C001EF08AFF002393
:101A7000C4F89C30022128461EF062FB38B9072FBB
:101A8000B3D8194BD95D3A462046FDF789F80321B2
:101A900028461EF055FB0028CCD0114B1B68002BAC
:101AA000C8D01D6805B10C3D53F8083C4BB90BE09C
:101AB000022128461EF044FB0028D4D1DAE70C3D71
:101AC00023B1394620469847002DB3D02B46ED6808
:101AD0005B68002DF3D1002BF3D1ABE7F8BD00BF5D
:101AE000582100202583050014830500124B10B5F2
:101AF000044618604FF0FF324FF0FF330F4817F0E5
:101B0000AFFC0F4818F062F80C4817F021FD04B93B
:101B100010BD0C4CBFF35B8F54F80439BFF35B8FDF
:101B20005B06F5D52046FFF717FC01460028EFD0ED
:101B300020461EF09CFDEBE7642200206405002097
:101B400078050020241300202DE9F0410B8A04467B
:101B50000E46B3B3012106F10C001BF02DFEA4F1DB
:101B6000EC05E83C0746042120461EF0E9FA40BB9C
:101B700039780E2925D8DFF8508058F8313023B94C
:101B8000072128461EF073FD1BE028461EF0ACFC22
:101B900030B9032120461EF0D3FA90B10821F0E7B6
:101BA0003B78318A08EBC3021279914201D00A21B5
:101BB000E7E7314658F83330284698470146002871
:101BC000DFD10020BDE8F081405905002DE9F34147
:101BD00090F8E930CF68D0F8EC6023F0020380F889
:101BE000E9303B78044623B1BB7903F0C003C02B36
:101BF00070D106F1700807223946404622F04DFBAD
:101C000088B1307A394600F0AFF9054658B101463F
:101C100020461EF09EFA18B9082002B0BDE8F081F7
:101C200028461EF0AEFE0D21201D1EF089FA002868
:101C30003CD0317A424602201EF08FFE0546002835
:101C4000EAD0F378002B3ED106F17E031878012804
:101C500025D19A7902F0C002402A20D1D3F8012080
:101C6000C5F83A20B3F80530EB8796F87030B3B179
:101C700096F8763003F0C003C02B10D017496A469F
:101C8000CDE90087FCF772FD3B68C5F80130BB88E1
:101C9000A5F80530BB79EB713046FCF751FF2846BB
:101CA000FBF7AEFBC0B92846FBF7BAFB94F8E93066
:101CB0005B0703D50A2120461EF094FAB4F8E81019
:101CC00021B10020A9E706F17703BFE72046FFF71F
:101CD0007DFEF6E70A20A0E703209EE71505050034
:101CE0002DE9F0410546A0F1E80604460F463046CE
:101CF000012155F8EC891EF0F7FB002859D0CFB12F
:101D0000032130461EF01CFA002852D03846FAF75C
:101D1000F9FE0138C0B208289ABF2B4B1C5C002486
:101D2000022130461EF05EFA21462846BDE8F04109
:101D3000FFF74CBE98F80B30002B3AD00321304609
:101D40001EF0FEF920B92846BDE8F0411EF0F7BBB1
:101D5000052130461EF0F4F9B8B114F8043C1F0711
:101D600007D514F8033C180703D5112130461EF09F
:101D700039FA14F8043C23F0080304F8043C14F87E
:101D8000033C23F0080304F8033C14F8033CD90790
:101D900011D5062128461EF025FA022130461EF0F4
:101DA00021FA2368D3F89C301BB134F8041C0029B5
:101DB000BBD0BDE8F0819A0701D50821EAE75B07AF
:101DC000EBD50A21E6E700BF1C83050008B5044BEC
:101DD000044801221A70FCF759F9002008BD00BF21
:101DE000264F00208005002070B50F4C14F8013BF1
:101DF000834206460D4604D10722204622F04DFAC2
:101E000068B10A490A48072222F047FA48B904F89B
:101E1000016C2B682360AB88A380AB79A371024867
:101E200070BD0020FCE700BF68220020AC800500E8
:101E300069220020F7B50E4F04460D4616460023D2
:101E4000F9893A780BB103B0F0BD0029FBD0A2426A
:101E5000F9D1084B18689A8800909B798DF8063064
:101E600031466846ADF80420A8470123E8E700BFE3
:101E7000682200206922002010B40B461146054A52
:101E8000D489044203D05DF8044B104618475DF82E
:101E9000044B70476822002008B503490022022045
:101EA000FFF7EAFF002008BD57090500F8B50C4C04
:101EB000E389074620463B400D464FF00006114699
:101EC00010F8012B07D0954203D1072222F0E5F943
:101ED00018B1304600E01846F8BD2046FCE700BFC8
:101EE00068220020F8B50B78012B06460C4601D07D
:101EF0000020F8BD8B7903F0C003402BF8D1174DBB
:101F0000EF892946BF0711F83A2B4FF0000304F17F
:101F1000010006D5B24204D1062222F0BEF9D0B1AA
:101F20000023EA89297802F00202002BE0D1002A7E
:101F3000DED0B142DCD1671C094839461BF087FC72
:101F400001230028EDD0D4F80130C5F83A30054B14
:101F5000B4F805209A800148CBE700BF6822002032
:101F600092220020A222002010B5074C2378834241
:101F700008D10722601C22F090F900280CBF2046EF
:101F8000002010BD0020FCE7682200202DE9F0476A
:101F90009AB01D46DDE923972E4B16460CAA8446BF
:101FA0008A4603F1300E904618685968144603C4F7
:101FB000083373452246F7D118681B7920602371D6
:101FC0006146202204A81EF042FD23486B462022D1
:101FD00004A900F071F80446C0BB102251460DF16F
:101FE00035001EF034FD102231460DF145001EF083
:101FF0002EFD2946062211F8013B8DF855300DF1D2
:1020000056001EF024FD2299062211F8013B8DF89E
:102010005C300DF15D001EF01AFD4B463522414645
:10202000684600F049F8044680B948461EF019FD9C
:1020300001238DF8303035223B464146684600F09A
:102040003BF8044610B938461EF00BFD20461AB086
:10205000BDE8F0870F4F05005583050070B598B0B7
:102060000E4614460146202204A81D461EF0EFFC31
:10207000202231460CA81EF0EAFC1022294614A8A2
:102080001EF0E5FC1022214668461EF0E0FC6B467F
:10209000502204A9184600F00FF840B9039B054AE6
:1020A0001BBAB3FBF2F102FB11331C9A136018B098
:1020B00070BD00BF40420F002DE9F0418CB00746D3
:1020C0000C4615460021142207A81E4621F05FFF8A
:1020D0004FF41053DFF85080ADF818308023ADF87E
:1020E0001A304FF44063CDE90838102204AB39466A
:1020F00006A820F023FC20B16FF004000CB0BDE86E
:10210000F08105AB029310232246CDE900634146DE
:102110002B46049820F044FD0446049820F03DFB33
:102120002043EBD0E8E700BF0002C00300F1070C3A
:102130002CF0030C10B4541E1860A4B2ACF80020AC
:10214000023A93B201FB04F24FF0000C40F802C0D7
:1021500074B103FB011403FB01F22044121B4FF680
:10216000FF7C013B9BB263458050A0EB0100F8D19E
:102170005DF8044B704700BF0346006810B1026869
:102180000AB91A60704700F1070C2CF0030CD11D3E
:10219000BCF800C021F003010CF1FF3CA1F800C025
:1021A000EFE700BF0B687BB1073323F003031A8806
:1021B000013292B20346D1F800C043F807CB23F0B6
:1021C00003031A80086070470122F3E702FB010055
:1021D000704700BF401A90FBF2F080B2704700BF1A
:1021E000531E11449BB242B1DB430138CA1811F8A7
:1021F000013D00F8013F9142F9D17047014402E0EE
:1022000010F8013B1BB98842FAD100207047012029
:10221000704700BF10600860704700BF0A6803463F
:102220000068904205BF00220A6000201A607047D3
:1022300010B414682060146861605DF8044B10608D
:10224000704700BF884203D01AB1436813607047DB
:10225000002070470B68834209D02AB1586810608B
:102260001A680A6018467047002BF9D1FAE7002374
:10227000F8E700BF2DE9F041DFF834800B4E0C2762
:1022800006F130044546221D214628460C3CFFF746
:10229000C1FFA642A5F10805F5D1043F3B1DA8F1F9
:1022A0002008A6F13006EBD1BDE8F081B023002074
:1022B0002423002010B403468C46A2B101EB410157
:1022C000154803EB4304090101EB84010144487AFA
:1022D0000C7AA04204BF013008725DF8044B6146DD
:1022E00018460EF011BA01EB41020B4C120100EB43
:1022F000400302EB830323449C7ADA7AA24202D0A1
:102300005DF8044B704701329A72044B01225A5413
:102310005DF8044B0EF050BA2C230020A8220020B8
:10232000F8B506461C460D4602B322786378D21AE9
:1023300012F003023AD1274F71004FEA450C3144A5
:10234000AC44890001EB0C1101330431DBB27A1883
:10235000606823702146FFF76BFF1F4B012229465F
:1023600030465A550EF028FA0020F8BD0EF00EFA4D
:102370000028DAD0294630460EF0E6F90028D4D0FD
:1023800005EB450206EB4601124F6378120102EBA2
:1023900081023A447100907AD27A90424FEA450C19
:1023A0000CD02078C01A10F00302C8D0012A03D044
:1023B0000133DBB22370D0E71046F8BD2278D21A81
:1023C000920702D00233DBB22370D4E902039847AC
:1023D000CAE700BF2C230020A82200202DE9F04FDF
:1023E000DFF8649119F8003089B0002B5AD0DFF87B
:1023F0005CA13C2204234FF0000B00EB400712FBD2
:1024000000330324CDE904BB09F800B00AEB071739
:10241000039302948346B8460023B96A58F8240F00
:10242000079307AAFFF70EFF044607AAB4B1079D5A
:102430002E786978761A06F00306012E35D02B78AF
:10244000591A01F003010129DBB23DD1D7E9090195
:10245000FFF7F8FE044607AA002CE8D197F82E30C3
:1024600097F82F209A4203D087F82F300123049346
:1024700097F82C3097F82D209A4203D087F82D300A
:1024800001230593029B5D1EEBB2FF2B0293A7F184
:102490000C07C0D1049AD846DDF814B012B1BBF1D4
:1024A000000F45D009B0BDE8F08F01396970079B76
:1024B000D3E902039847079D2A786978D3B2521A64
:1024C00002F00302012A21D0B86A0193002241469A
:1024D000FFF7C0FE6C60019B6A786B702B789B1ACB
:1024E00003F00303012B08D0D7E9090107AAFFF77E
:1024F000A9FE012E044698D10EE0039B6A7029467E
:1025000020460AEB0302FFF793FEEDE7D7E9090146
:1025100007AAFFF797FE0446029B8BB10123594699
:10252000584609F80B300EF047F909B0BDE8F08FB6
:102530005A464146404609B0BDE8F04F0EF0E4B8B7
:10254000002C8BD0EAE700BFA82200202C2300201B
:102550004B1EDBB271B1411E00EB030C002011F8E1
:10256000013F23B15A1E01301340C0B2FAD1614578
:10257000F5D170470846704730B5037E0568FF2BDC
:1025800014D003EB43028B4205EB021227D04FF02D
:10259000000C01E099420BD09E4613789468FF2B03
:1025A00003EB4302A44405EB0212F3D1002030BD3B
:1025B000714517D00FFA8EFE137890680EEB4E0E11
:1025C0004FEA0E1EFF2B05F80E3006D003EB430337
:1025D00005EB03139A6802449A60604430BD9E463E
:1025E0004FF0000C13780376E4E700BFA2EB010C78
:1025F0001CF4000F10B4836844690BD12CF07F4C9D
:102600006344A3420ED8E41A0023446183605DF85A
:10261000044B7047891A21F07F418B4209D95B1A1C
:10262000A342F0D91B1B0024446183605DF8044B76
:1026300070470C44E41AE7E72DE9F843284DBDF84C
:102640002C7004464FF02C0E0EFB045E084604EB83
:10265000840104EB4104DEF8041001EBC00605EB35
:102660008405F47811F83080717804F1010C5FFA78
:102670008CFCE04598BF4FF0000C61452DD071688F
:1026800004EB44044FEA041901EB04144FF004086E
:1026900001F809806360089BA360099BE3600A9BC3
:1026A00023610C9BA361119B63620D9BE3610E9BF5
:1026B00023620F9BA362109BE36202236270A782D6
:1026C000A37086F803C0DEE9083698472B464146DA
:1026D0000022B047A078BDE8F8830120BDE8F88368
:1026E000EC2300202DE9F04F0346407AD3E9004562
:1026F00087B0002800F0FE80421ED2B205EBC20275
:102700009A468B46039205952346039A516856785C
:102710000491BBF1FF0F66D00BEB4B044FEA04189A
:10272000CDF804B013F808B003EB041400254FF003
:10273000FF0C84F800C0DAF800709AF8182007EB54
:1027400008096245D9F8081018BF02960ED1CBE0EF
:10275000091A06D1B9F81E80BEF81EE0F04500F255
:10276000B780B85DFF2894466DD0024602EB420662
:1027700007EB061E3601DEF808008842E8D9029E03
:10278000C9F80810BCF1FF0F89F8002064D00FFAD7
:102790008CFC0CEB4C0C4FEA0C1C019807F80C005D
:1027A000FF2A06D002EB420207EB0217BA68521A60
:1027B000BA60A27801326270002DAAD0AA6A4FF0E6
:1027C00000012970A97022B1E96A019300209047A5
:1027D000019B6268002A9CD1AA6A2262EA6A62624C
:1027E000BBF1FF0F98D1039A049F9278994606EBAC
:1027F0004601701CB2424FEA011CC6B207EB01153C
:1028000069D0039B17F80C101878B04208BF002657
:102810000429ECD16A7802EB420809EB0814012084
:1028200094F801E0A1788E454FEA081818D04FF0CF
:10283000000307F80C30AA6AA8700AB1E96A904749
:10284000039B9A78D3E70246BCF1FF0F029EC9F8BA
:10285000081089F800209AD101988AF818009FE79B
:102860000192AA8ADAF814104FF6FE7082424B46A3
:1028700007D04FF6FF70121AB2FA82F2520984F8AA
:102880002C206A6AA262EA6862602A6902930023C5
:1028900063622262AA8A4FF6FD739A4288BF0022C1
:1028A000A283AA69A261EA69E2602A6A2261AA682F
:1028B000A260002363616A682046FFF797FEE27812
:1028C0004FF0000342F00102E383E270029B2EE727
:1028D000029E014654E70399059881424B46A1F1B7
:1028E000080207D0039210E707F80820019A8AF837
:1028F00018205EE707B0BDE8F08F00BF2DE9F04F6C
:10290000447E01238FB08376002C40F0B480037E98
:10291000FF2B814600F0AE800DF036FAD9F8142076
:10292000D9F81C3099F81880D9F800A0801A20F046
:102930007F45AB4294BF00230123B8F1FF0F0493FE
:10294000A34676D0059408EB48080AEB08144FEA32
:102950000818A368AB426BD8A0781AF80880ED1A63
:102960009B4463781B1ADBB2012B5ED1A26AA36978
:102970000393002A00F0F0801668002E7ED0002B12
:1029800040F08F80049B002B00F00B810423039305
:10299000137A590700F0FA80137A6FF30203137267
:1029A000E78B94F82C207B1C9BB2E383002A74D025
:1029B000A28B9A4271D2A26A002A00F04B81137A4C
:1029C00003F00703012B68D00126002351685360F0
:1029D000A36A1A7A002060F302021A72A078E768EC
:1029E0000138A0700FB36369D9F8142094F803C0BC
:1029F000ABEB0303134423F07F40626A23690CF0BE
:102A0000010C002E40F0B980B4F81EE0CDE900C3FF
:102A10007346B847039BE683002B049B18BF012332
:102A20000493E37866F30003E370B8F1FF0F8AD1F3
:102A3000059C99F80B3099F80A209A4208D1013286
:102A4000D2B2022A1ABF14462346002389F80B404B
:102A500009EB83030022C3F80CB0D9F8244089F8AD
:102A60001A204B46012204210320A4460FB0BDE8E2
:102A7000F04F604784760FB0BDE8F08F039B002BCA
:102A800068D0049B002B87D1D9F81C305B4583D8D4
:102A9000B8F1FF0F11D1049E97E7A378013BA37013
:102AA000C3E7049B002B7FF473AFD9F81C309B4520
:102AB000FFF46EAFB8F1FF0F49D0039BE78B07938C
:102AC0009C46A38B6668BB429CBFFB1A99B208EB7D
:102AD000480388BF39460AEB0313089301FB0663DA
:102AE0000693089B9968079B8B422ED3CDE90C7007
:102AF000089BCDF820C0DDF81CC0CDF81C90DDF897
:102B00000C90CDF82C80CDE9095B8E46A346B046EB
:102B10001446986A9A6910B1006800284FD1002ABB
:102B20004DD11B78FF2B07D003EB43030AEB0313B4
:102B300099688E44E645ECD92246DDE9079C5C465F
:102B4000DDE9095B0D98DDF82C80CDF80CC0002A7A
:102B500000F09780002638E7039BA3B1049B002B6D
:102B60007FF41EAFD9F81C309B45FFF419AFB8F1C4
:102B7000FF0FA2D104990E4631E7CDE900C34FF60D
:102B8000FF73B84751E7039E002128E7A08BE18B34
:102B900088423FF601AF012161F302031372E78B14
:102BA000FFE6D9F81C305B453FF6F0AEB8F1FF0FF9
:102BB00053D04FF0040CE78BCDF81CC081E7DD8BC0
:102BC0009F8B5E68BD422AD2002E41D1002CA8D036
:102BD000304626682EB1B9F1000F02D172449642F8
:102BE0003FD2BD429DD3DA789BF8031002F0010674
:102BF00001F00105AE4204D84A40D50791D400281F
:102C00008FD02246DDE9079C5C460C9FDDF82C80C6
:102C1000DDE9095B002A32D1CDF80CC0C1E69EB1D6
:102C2000E81B80B2B8F1000F0AD000FB0660401A22
:102C3000069981422CBF00200120002CC9D1D0E789
:102C40004046002CC5D1CCE7002CC1D12046CAE7B4
:102C50002846E7E7A078012696E70423049E03931D
:102C6000B3E62246DDE9079C5C46DDE9095BDDF859
:102C70002C80CDF80CC0002E3FF48EAE88E616688E
:102C8000F7E716461146AAE62DE9F04F8FB0837E8E
:102C90000090002B40F0A982437E0C93002B7AD148
:102CA0000098837AC27A012141769A42416907915C
:102CB00000F00E840133DBB2022B00990ABF0C9A9C
:102CC0001A46134601EB82028B72D368079A05936A
:102CD000D31823F07F434B6101230B93009C267E86
:102CE0000DF052F8677A236801937B1E65680490A3
:102CF000DBB2002F00F0FB8405EBC30A0027FF23A3
:102D000003930D960897DAF804B04FF000092F46A8
:102D10009AF803009AF802800FFA88F404EB44044E
:102D200008F1010340454FEA0416DBB20BEB041433
:102D300000F010819AF800209A4208BF00238AF818
:102D400002301BF806206178042A3AD9019801EB79
:102D5000410300EB0315082A4FEA03130293A878F6
:102D60006B7822D81B1A13F0FF032CD1062A1CD132
:102D7000009BDB7E8B4251D00BF80690A36A84F84F
:102D80000290002BC4D00020E16A98479AF8030013
:102D90009AF80280C0E7446A042103460122042015
:102DA000A4460FB0BDE8F04F60470BF806904FF017
:102DB0000103A370A36A002BAAD0E16A01209847FF
:102DC000A6E79846A8E7052A1FD162684AB9A26813
:102DD0003AB9E2682AB922691AB9626932F07F42C7
:102DE000E3D0012B1CD0009B04215C6A3D460122EC
:102DF0000846A0470123AA4508938AF80280AAF151
:102E0000080300F0AD809A467DE7012B00F0A38116
:102E1000062AE8D1009BDB7E8B42ADD16168BCE124
:102E2000DDF800804046FFF7A7FBA860D8F8141033
:102E3000049B059A5B1A23F07F431344984240F2A7
:102E4000C481C01A6B68002B52D0A38A002B4FD0CC
:102E5000013B9AB2A282D5F804C0EB8B604523D91E
:102E60000CF10108069709911AE06A6ADFF814E28A
:102E7000834996448E4584BF02F1E87202F5D4324C
:102E80004746296A94BF674602F5A572013BC01BFD
:102E9000521A9BB260456A62EB8340F21D82A28A9D
:102EA0009342E2D8069F0999934220D2CDE9097155
:102EB0000CF10102D5F820E006926A6ADFF8C481BD
:102EC0006F49724490448845674606D8A2F1E8727B
:102ED000A2F5D432069FA2F5A57201339BB26A62B5
:102EE000EB83A28A9A423844E7D8DDE90971AA83C4
:102EF00063680344AB60A2686B69A86A13446B61A2
:102F000028B103681BB1D4E901329B1A4360049ACB
:102F10002846FFF76BFBE268AB691344AB6122699B
:102F200093428CBF9B1A0023AB61A37D1BB1EA784F
:102F300063F30002EA70E37D13B1013B85F82C30A6
:102F4000DDE90132039999546B7862780392013379
:102F50006B7011E73D46AA45AAF108037FF453AF11
:102F60000D9E089F009A0B9B92F818B0BBEB0605CC
:102F700018BF0125002B00F0B881049B0799D2F8F7
:102F800000805B1ABBF1FF0F23F07F495DD04FF04B
:102F9000000A0896CDF804A00695C2461646C84613
:102FA000DDF8149005970BEB4B050AEB05142D018A
:102FB000A2684A4500F27183019BA178E08B13441B
:102FC000019363785B1AF1698A4234BF891A002140
:102FD000A9EB0209A8EB020824BF4FF0FF32F276FA
:102FE000F161A16ADBB2002900F06C810A68A7696F
:102FF000002A00F05481002F40F05481022B00F091
:1030000047830022A2601AF8052032766168002901
:1030100040F00B81A26A2AB1127A02F00702012A5B
:1030200000F0E6803BB1012B00D020B1236A13B140
:10303000616A01209847A378637096F818B0BBF1D5
:10304000FF0FB0D1069D089E059F009C0B9B039926
:103050005E4518BF1D462046FFF744FBCDE90156EB
:10306000D4F800B003974FF0000C009B197EFF29A5
:10307000084600F07C830D464FF0FF0905E000BFD5
:10308000592B177F5A2B17FF1D462BB203EB430317
:103090000BEB03161B01B26A2AB1147A04F0070481
:1030A000012C00F019821BF80330FF2BA946EBD14D
:1030B000DDE90156039FBCF1000F00F01C818E4238
:1030C00000F00483002F00F045810846FF2800F03F
:1030D0005A83FF2E00F04283009B1B6800EB4000E8
:1030E00003EB0013D3F808B0BBF1000F00F0EA8245
:1030F0000CF04AFEDFF85482914F924EDDF800A0AA
:103100000A250246DAF814300192D11A21F07F41E3
:103110008B4505F1FF3501F103015CD959452CBF01
:103120005B185B4423F07F494846DAF8283098471B
:103130000CF02AFE019AA9EB0203821A22F07F42C8
:10314000033223F07F439A42044646D9002D00F013
:10315000E6802246D6E7062A3FF40AAEDDF8008074
:103160004046FFF709FAAB78A8606B7098F81B200F
:1031700063789A427FF400AE1BF80630062B3FF4CA
:103180004DAE009AFF23D3761BF80630062B3FF492
:1031900045AE082B3FF442AE0499009B5A698B1A46
:1031A0001D0209D4059A23F07F4313440099CA698C
:1031B0009A4288BFCB61DFE5059B521A22F07F421D
:1031C00093428CBF9B1A0023F0E76A6913441B1AD1
:1031D0006B61002036E601230C93009A002353769E
:1031E000937E0C9A1A4340F095800FB0BDE8F08FA3
:1031F000A378C4F808906370079B019A71699A18C4
:1032000022F07F422046FFF7F1F9039B0AF80530D0
:103210006378CDF80CB00133DBB2637096F818B068
:10322000BBF1FF0F7FF4BFAE0CE7A36A23B11B7A9B
:1032300003F00703012BDBD0B4F81EC0BCF1000F74
:103240004ED1B4F81CC0E646481C0290D4E908737D
:1032500000220494704604E001388E46441C7244F7
:1032600012D0DFF8ECE0384C3B449E44A645F3D83E
:10327000DDF808E0A3F1E8730138A3F5D433441C6A
:10328000A3F5A5737244ECD1049C94F82C006362FE
:10329000002800F0F380A260A4F81EC0ACE7002F65
:1032A0003FF4AFAE022B7FF4ACAE00287FF4A9AEA2
:1032B0000A7A02F00702012A3FF4A3AEF76186F80A
:1032C0001BB09EE6A769002F3FF49BAE022B7FF454
:1032D00098AE0028F2D094E6069F0999A28AE3E509
:1032E000A37863704FF0000EAEE7009C0399204670
:1032F000FFF7F8F9217E8E427FF4E4AE002F00F054
:103300000F82009B002D40F06E825D769B7E002B2D
:103310003FF46BAF009B01225C6A03213FE540F65E
:103320005B4342463946304619F0EEF985F3118881
:10333000BFF36F8F0323184602DF2246E2E600BF89
:10334000A45C0500205A0500592B177FB8590500C9
:103350005A2B17FF009B5A7A5C68531EDBB201257B
:10336000002A3FF4B2AECDE9075604EBC303019344
:103370000694019B5E78DA785B68B24218BF1D46FE
:1033800067D036B206EB4606330105EB0616EB5C5A
:10339000012B49D0022B51D1D6E901C133699CF8E8
:1033A0000040D6F80CE00593009BDEF80080D3F8CF
:1033B00000905869FF2CD6E905AB02D00B68834218
:1033C00056D0009B4FF000081C7E0860FF2C27D0D1
:1033D000CDE90256CDF810C05646F24609E0BA686B
:1033E0004244B04788B919F80540BB68FF2C98449F
:1033F00038D004EB440509EB05172046B9695B4654
:103400002D01002EEBD10029EDD00599DDF810C07B
:10341000BB68DDE90256D64609B17A6A0A6098446B
:103420008CF80040CEF80080B36A4FF00002B27012
:1034300013B1F16A00209847019BDA7801994E7820
:103440000B780136F6B2B34208BF0026B2424E7086
:1034500097D1019A06998A42A2F1080300F0D1801F
:10346000019386E7DDE90256DDF810C0D646D7E7BE
:1034700004EB4404230119F80340A7E790457FF6C5
:103480000AAF8646481C0290029C0995704605E0EA
:103490008E4672440130904580B212D9DFF8B8E20E
:1034A000A84D3B449E44AE45F2D8A646A3F1E8732E
:1034B0007244A3F5D43301309045A3F5A57380B2CF
:1034C000ECD8049C099D636260441FFA80FCE2E62C
:1034D0000C9B0B93059301E4B1681C46134600292D
:1034E00040F00881D6F81880B8F1000F15D11A689D
:1034F000002A40F0F880944A9449954840F6BD135C
:1035000019F002F9002383F31188BFF36F8F0323AF
:10351000184602DFB26A4FF00408009BDB69181DF1
:103520005368049319461368994280F0C080A3EB56
:10353000010C1BF80430FF2B00F0B980C445C0F02B
:10354000B6804FF0000E0595C24677460546CDF889
:1035500018903AE0A7F10409F144E14528BFE1469B
:1035600008EB050084450DD3D1450BD3B069002885
:103570003DD0107A00073AD4B9EB080002D0A84237
:1035800080F02881886A20B1007A00F007000128C5
:1035900027D0886928B3496819B3B169BE4404309B
:1035A00000EB0E0509B3107A0007ACEB080103D558
:1035B0008D4294BF294600211BF803300027FF2BC2
:1035C00022D008EB0E0AD4451ED303EB43030BEBCA
:1035D00003111B0188680744042FBBD84FF0000972
:1035E000BEE71BF803300021E9E72946E4E7002D98
:1035F000C8D0A9EB0809A945C4D32946DDE9055976
:1036000004E0DDE907567CE6DDE90559049B0B443F
:1036100053601BF80400FF2818BF4FF0FF0E01D1C4
:10362000C0E0184603B203EB43030BEB031C1B0182
:10363000DCF808708F4280F0D1801BF80330FF2B3C
:103640008646A1EB0701ECD1FF28B16015D0B9F196
:10365000FF0F1BF804106CD00FFA89F303EB430340
:103660001B010BF8031000B200EB400003011BF834
:1036700003100BF804100BF80350F38B013BF3839A
:10368000137A022161F3020313724FF0010CECE490
:1036900000287FF4B6AC04270AE64B46D21A009BFA
:1036A000A260069D089E059F93F818B0CDE4049B88
:1036B00053601BF80430FF2B08BF002172D0002399
:1036C000B360DAE7009B83F819B023E6002F7FF49C
:1036D00003AD009B5A7A5C68531EDBB2002A3FF4AC
:1036E000FBAC65463FE61A464FF0040815E7FF239A
:1036F000039337E4144A1749154840F6B51319F0F7
:1037000003F8002383F31188BFF36F8F0323184658
:1037100002DFD6F81880B8F1000F0DD0B26AFCE6CF
:10372000009B5A7A5C68531EDBB2002A7FF41BAE02
:10373000E7E5009B197696E7B36A002B3FF4DBAE12
:10374000D5E600BF592B177FB8590500405A050030
:10375000205A0500F85905005A2B17FF0CF014FBEE
:1037600004460CF0D9FA009BC8B1187EB4E4DDE938
:103770000156039FBCF1000F3FF4BDADFF2E13D0E7
:10378000002F3FF4E7AD0CF0D7FA0446B8B1009A29
:1037900000235376937E002B7FF4BCAD25E5187E85
:1037A0005C6199E4B16068E7002FECD1009B5A7A24
:1037B0005C68531EDBB2002AE5D06546D3E5009D68
:1037C000E8610CF0E1FA6C766861AB7E002B3FF4A7
:1037D0000CAD9FE5DDE90559014617E77F1ACCF8E6
:1037E0000870704630E7187E70E400BFF8B5069E9A
:1037F0009DF81C50089CB8B9144F3A605A1E397293
:103800007B727E60D2B273B106EBC2025460114685
:1038100012F808398E4203EB4300A5EB030304EBD7
:103820000014DDB2F2D10DB10120F8BD099B3B625D
:103830000A9B7B62FF240B9BBB623C760CF0A4FAD4
:103840007D817861FC76FD612846F8BDEC2300207F
:10385000044B2C2202FB0033187A003818BF0120D9
:10386000704700BFEC23002010B40B4B2C2202FB4E
:103870000032546A64B100EB800200EB420003EBBB
:103880008003A44601225DF8044B03210220604717
:103890005DF8044B704700BFEC23002010B58AB0E0
:1038A0000C9C00940D9C01940E9C0294BDF83C402D
:1038B0000394109C0494119C0594129C0694139CF0
:1038C0000794149C089400240994FEF7B5FE0AB0EE
:1038D00010BD00BF10B4BDF8104004945DF8044B57
:1038E000FEF7AABE2DE9F84F294DBDF834609DF8CA
:1038F0003880044608462C2101FB045104EB840760
:1039000004EB470405EB84054C6804EBC00E14F887
:1039100030909EF803409EF8017004F1010C5FFAAC
:103920008CFCE14598BF4FF0000C67459DF8449032
:103930002AD0DEF8047004EB44044FEA041A07EBC3
:1039400004144FF0050B07F80AB063600A9BA360EC
:103950000B9BE3600C9B23610F9BA362109BE362B4
:1039600002236270A68284F8168084F81790A370F0
:103970008EF803C0D1E9083698472B46002204216F
:10398000B047A078BDE8F88F0120BDE8F88F00BFF0
:10399000EC23002010B588B00A9C00940B9C019485
:1039A0000C9C0294BDF8344003949DF83840049474
:1039B0000F9C0594109C069400240794FFF792FF37
:1039C00008B010BD2DE9F0411E4D064608462C21D9
:1039D00001FB065E06EB860406EB4404DEF8046099
:1039E00005EB840706EBC00516F83060EC786978C3
:1039F00004F1010C5FFA8CFC664598BF4FF0000C97
:103A000061451BD0696804EB4404260101EB0414F2
:103A10004FF0070801F80680A362069BE3620223C9
:103A20006270A37085F803C0DEE9083598473B460D
:103A300000220421A847A078BDE8F0810120BDE85C
:103A4000F08100BFEC2300202DE9F0411F4D064618
:103A500008462C2101FB065E06EB860406EB4404B7
:103A6000DEF8046005EB840706EBC00516F830604D
:103A7000EC78697804F1010C5FFA8CFC664598BF1C
:103A80004FF0000C61451DD0696804EB4404260129
:103A900001EB04144FF0080801F806806360069BF0
:103AA000A362079BE36202236270A37085F803C0E0
:103AB000DEE9083598473B4600220421A847A07854
:103AC000BDE8F0810120BDE8F08100BFEC230020BB
:103AD0000CF05AB9401A20F07F407047014800218D
:103AE000704700BF7F400100022801D001207047CD
:103AF00038B5044608461D4603F0E0FC18B108231B
:103B00002B70002038BD204638BD00BF082303704D
:103B10000B70704738B5054600200C4603F098F945
:103B200070B93DB9074B44B120681860A2889A80EB
:103B3000002038BD044B002CF6D11C609C80F7E7B8
:103B40000C2038BD20240020182400200128034622
:103B500005D8044A0448002B08BF104670470020CF
:103B6000704700BF202400201824002001280AD814
:103B7000064A074B002818BF1346186808609A8841
:103B80008A80184670470023184670471824002082
:103B90002024002010B504460AF03EFB50B90AF07C
:103BA000B7FFD0B90BF0E0FB50BB2046BDE810409A
:103BB00015F050BD1C4A1D491D4840F6571318F01A
:103BC000A3FD002383F31188BFF36F8F03231846EF
:103BD00002DF0AF09DFF0028E4D0134A134914487D
:103BE00040F65C1318F090FD002383F31188BFF3B7
:103BF0006F8F0323184602DF0BF0B6FB0028D4D0EA
:103C0000094A0A490A4840F6681318F07DFD002366
:103C100083F31188BFF36F8F0323184602DF20461A
:103C2000BDE8104015F016BD985A0500D45A05009D
:103C3000205A05000860014815F00CBD282A002014
:103C400015F008BD2DE9F84F89462A4D99F8003046
:103C500095F84010072B88BF0B469A423ED05C1C5B
:103C6000E4B29246082C35F833200280834608BF20
:103C7000002405EBC303002601274FF012081AE0C9
:103C8000012833D0C3F8048089F8004095F840300B
:103C9000072C98BF23469A4521D01AB20133DCB2D3
:103CA00035F83200BBF80010082C08BF0024884209
:103CB00005EBC20313D1586860B1FF28E0D902793F
:103CC00002F00302013A012A0CD912225A6003F0D1
:103CD0000DFCD9E701365F60F6B2D5E70026304625
:103CE000BDE8F88F0136F6B20122EFE70136F6B2F1
:103CF000CAE700BF542400202DE9F047374F3B8826
:103D000098425DD913F0FF0528D0DFF8DCA0DFF87A
:103D1000D0809AF81540DFF8CC909AF8143001342E
:103D2000E4B2052C08BF0024A342404618D0FEF799
:103D300023FA064648468EB1FEF71EFA002841D007
:103D400006609AF815304AF823003B888AF8154037
:103D5000013D013B15F0FF053B80DED1BDE8F0875A
:103D60003B88002BFAD0DFF884A01D4D9AF80D4057
:103D70001C4E4FF000080134E4B2032C9AF80C30CA
:103D800008BF0024A3422846E8D0FEF7F5F9814693
:103D90003046B9F1000FE1D0FEF7EEF9C0B1C9F835
:103DA0000480C0F800909AF80D304AF823003B8850
:103DB0008AF80D40013B9BB23B80002BDBD1CDE765
:103DC0000546A2E730460649BDE8F047FEF7EAB9E6
:103DD00048460349BDE8F047FEF7E4B9BC2400209B
:103DE000C024002014250020382800209C24002016
:103DF0002DE9F84F414B424FDFF80891DFF8FCB056
:103E00000422981824214FF00008A7F81480FEF728
:103E10008DF93C4B042208219818FEF787F997F892
:103E200014A07C7D04260134E4B2052C08BF0024D4
:103E3000A245484613D0FEF79FF90546584675B18E
:103E4000FEF79AF9002853D0C5F8048005607B7D01
:103E500047F82300013E16F0FF067C75E3D12A4B9C
:103E60000822181D6421FEF761F9284B0A22181D4B
:103E70000821FEF75BF92548FEF77EF90446C8B134
:103E8000234A2046111FFEF7C5F92048FEF774F9B2
:103E90000446F0B11F4A2046111FFEF7BBF91E4B26
:103EA0000622FF201A80FFF727FF08F08DFD002073
:103EB000BDE8F88F194A1A491A4840F6321318F02B
:103EC00023FC84F31188BFF36F8F0323184602DFAE
:103ED000D6E7124A1249134840F6391318F014FC79
:103EE00084F31188BFF36F8F0323184602DFD1E7F5
:103EF00004492846FEF756F9B1E700BF74280020B0
:103F0000082900205028002014250020C02400206B
:103F1000B8240020B0240020BC240020985A0500BA
:103F2000905F0500205A05002DE9F04FDFF89882D8
:103F3000DFF88492DFF888B2DFF8A4A287B0D8E96E
:103F4000000103AAFEF77EF90546002834D0039C41
:103F5000002C71D0207804AA02A903F017FF0446B0
:103F6000002855D0DDE90313BDF808200F78ADF81F
:103F70000A20059305AE0DF10A0503F019FF21464D
:103F8000059ABDF80A0003F059FF204603F0DAFE57
:103F900032462946384603F0F9FE04460028ECD1A3
:103FA000D9F8000015F056FBD8E9000103AAFEF786
:103FB00049F905460028CAD104AA02A90DF1070053
:103FC00003F0CCFE0446002846D0049B05939DF8E0
:103FD0000770BDF80830ADF80A3005AE0DF10A05DE
:103FE00003F0E6FE2146059ABDF80A0003F026FF1D
:103FF000204603F0A7FE32462946384603F0C6FEA7
:1040000004460028ECD16C4B186815F023FB96E7AA
:10401000039B05931B79013B172B20D8DFE803F0A6
:104020002F43861F1F1F1F1F1F1F1F1F1F1F1F1F05
:104030001F1F1F1F1F1F7B2F604840F604235A4677
:10404000514618F061FB84F31188BFF36F8F03238F
:10405000184602DF039C7DE707B0BDE8F08F584AA1
:104060005849564840F6A43318F04EFB002383F31A
:104070001188BFF36F8F0323184602DF5FE75249B1
:10408000D8F804000022FEF7E5F8504B059993F8A4
:10409000413028460B704E4AFEF7CAF8464B186866
:1040A00015F0D8FA4BE74849D8F804000022FEF78B
:1040B000D1F8059EB46844B1237803F0FF07002BC4
:1040C0006AD02378013BDBB22370337B23B1012B11
:1040D00052D13046F3F7ACFE3E4A00273773537D8A
:1040E000117D0133DBB2052B08BF3B46994234D02A
:1040F0003560517D42F821605375002C3FF41FAFAD
:104100002378002B7FF41BAF6369002B3FF417AFBC
:10411000A069984713E72C49D8F804000022FEF75D
:1041200099F80599284603F04DFC08E705A92846AB
:1041300003F072FC2449D8F804000022FEF78AF844
:10414000059900293FF4FBAE0B792D2B3FF4F7AE18
:104150001E4B284693F841309CE7194A1E491748E0
:1041600040F6124318F0D0FA87F31188BFF36F8F2F
:104170000323184602DFC0E7114A12490F4840F6F0
:104180000B4318F0C1FA002383F31188BFF36F8F3C
:104190000323184602DF9FE7094A1049074840F603
:1041A000B43318F0B1FA87F31188BFF36F8F03238C
:1041B000184602DF85E700BF242A0020205A0500A8
:1041C000985A0500F85A0500B42400205424002011
:1041D000B024002008290020FC5A0500E05A050000
:1041E000DC5A050030B5314B314C186087B00BF00C
:1041F00085FD2378002B53D02E492F4A2F4D05954E
:104200004FF0050C81F808C02D4C04922D4A022075
:10421000CDE9022404230D24CDE900142A4A0874B0
:1042200008760B7000200621FFF7E0FA40BB012260
:10423000002126481FF05CFB09F080FF044610B106
:10424000204607B030BDFFF7D3FD04460028F7D164
:104250000AF046FC04460028F2D102F0A5FD04460F
:104260000028EDD10BF074F804460028E8D103F0E3
:1042700055FB04460028E3D10120F4F751FBDFE7AA
:10428000134A1449144840F2762318F03DFA0023EB
:1042900083F31188BFF36F8F0323184602DFC6E74D
:1042A000FDF7E8FF01232370A6E700BF242A0020C2
:1042B000294F0020B02C00207D0804007D09040057
:1042C00015080400402A0020D02C0020282A0020B5
:1042D000985A0500D45A0500205A050010B586B03A
:1042E00002F072FD002835D103F01AFB002844D1FA
:1042F0000024414B2046A3F84040F4F711FB3F490E
:104300003F4A404BA1F8004194829C810122214602
:1043100068461FF0EDFA3C4B224621460320C3F8C5
:1043200008D0FDF7FDFF002857D14FF0FF324FF0C6
:10433000FF33684615F0C8F902F04CFD00283CD167
:10434000FFF756FD48BB0021012006B0BDE8104034
:10435000FFF7E0BB2D4A2E492E4840F22E3318F0CD
:10436000D3F9002383F31188BFF36F8F032318461B
:1043700002DF03F0D5FA0028BAD0244A24492548A0
:1043800040F25A3318F0C0F9002383F31188BFF3C9
:104390006F8F0323184602DFAAE71C4A1C491D48F9
:1043A00040F2A33318F0B0F9002383F31188BFF370
:1043B0006F8F0323184602DFC5E7144A14491548D6
:1043C00040F2963318F0A0F9002383F31188BFF36D
:1043D0006F8F0323184602DFB2E70C4A0E490D48DF
:1043E00040F2893318F090F984F31188BFF36F8F8E
:1043F0000323184602DF98E75424002020290020D8
:10440000382800209C240020C8050020985A050068
:10441000D45A0500205A05000C5B050008B5FFF7CB
:104420005DFFBDE8084009F0B9BE00BF2DE9F04FBF
:10443000DFF8F490364E83B007468846A9F1400471
:1044400000233B60D6E9000101AAFDF7FBFE05460B
:1044500000284BD0019B49461A784046FFF7F2FBF3
:10446000034600284AD194F840208DF8012094F8A2
:1044700041200DF101010DF102009A46FFF7E2FB28
:104480004AEA000212F0FF0A0346F0D1019B1A79B2
:10449000012A37D1DFF894B0706852463146FDF7F3
:1044A000D9FE0BF104012846FDF77CFEBBF8003075
:1044B000052B0AD8019817490133ABF80030FDF7F6
:1044C00071FE0120FFF718FCBAE7134A134914489C
:1044D0004FF4D76318F018F98AF31188BFF36F8F80
:1044E0000323184602DFBBF80030E3E70D494046DE
:1044F00091F841204031FFF7A5FB0346184603B071
:10450000BDE8F08F3B605346184603B0BDE8F08F1E
:10451000AC24002014250020985A0500145B0500E7
:10452000205A05005424002094240020BC2400209C
:10453000F0B5624983B000234868019301AAFDF7F2
:1045400089FE0446002868D020465D49FDF72AFE12
:10455000019B1C791D2C10D8DFE804F0200F0F20E0
:104560000F0F0F0F0F0F0F0F0F0F0F0F0F0F0F0F5B
:104570000F0F0F32202020202020524A524953484A
:1045800040F2735318F0C0F8002383F31188BFF38F
:104590006F8F0323184602DF03B0F0BD002CFBD160
:1045A000484A4B49494840F26F5318F0ADF884F33C
:1045B0001188BFF36F8F0323184602DF03B0F0BDED
:1045C0001A7F3C2A38D05C7FC4B19B681C68606E3F
:1045D00020B100233F496366FDF7E4FD94F86A309B
:1045E0006FF3000384F86A30002002F031FC10F011
:1045F000FF00D1D108F092FE03B0F0BD314A32493C
:10460000324840F2F64318F07FF884F31188BFF384
:104610006F8F0323184602DFE6E72A4A2E492B480C
:1046200040F2354318F070F884F31188BFF36F8FB0
:104630000323184602DF87E79E68D6E90045F5B1F7
:1046400000277760AB6F6BB11E4A24491F4840F2C8
:10465000B24318F059F887F31188BFF36F8F032323
:10466000184602DF05F16C0105F16800FDF7D6FD83
:10467000064698B12868AE6702F00AFFAEE7114A15
:104680001749124840F2AF4318F03EF885F31188FD
:10469000BFF36F8F0323184602DFD1E7094A1149A0
:1046A0000A4840F2B54318F02FF886F31188BFF39B
:1046B0006F8F0323184602DFDCE700BFAC24002025
:1046C000C0240020985A0500F85A0500205A050019
:1046D000845B050014250020905F0500605B0500E9
:1046E000545B0500785B05002DE9F04704688146BE
:1046F0005CB3DFF86C81DFF888A1584F2646246848
:1047000035791D2D10D8DFE805F03C0F0F3C0F0F59
:104710000F0F0F0F0F0F0F0F0F0F0F0F0F0F0F0FA9
:104720000F28583C3C3C3C3C40F2AC63424651466E
:10473000384617F0E9FF002383F31188BFF36F8F2A
:104740000323184602DF002CD8D10023C9F800301B
:10475000BDE8F047FF20FFF7CFBA337F3C2B66D090
:10476000F3B13F4A3F493D4840F2D75317F0CCFFE1
:10477000002383F31188BFF36F8F0323184602DFF2
:1047800035796DB9384940F22D634246384617F005
:10479000BBFF85F31188BFF36F8F0323184602DF39
:1047A000324D2B88052B31D8013331492B803046CF
:1047B000FDF7F8FC002CA1D1C7E7F688002EC2D186
:1047C000304602F073FED0F8943005466BB1244AAF
:1047D0002849224840F29B6317F096FF86F3118820
:1047E000BFF36F8F0323184602DF05F1880105F13F
:1047F0008400FDF713FD064608B3C5F8946028460B
:1048000002F046FE002C7FF479AF9EE71A494FF480
:10481000D7634246384617F077FF002383F31188A9
:10482000BFF36F8F0323184602DF2B88BCE71049C4
:104830003046FDF7B7FC002C7FF460AF85E7084AEF
:104840000E49064840F29E6317F05EFF86F311881A
:10485000BFF36F8F0323184602DFCEE7205A05000F
:10486000985A0500A85B0500B45B0500BC24002035
:1048700014250020DC5B0500145B0500905F05003B
:10488000F85A05000148FDF777BC00BFC02400209E
:104890000149FDF787BC00BFC02400200148FDF797
:1048A0006BBC00BF142500200149FDF77BBC00BF95
:1048B00014250020034B044A93F841300B70FDF798
:1048C000B7BC00BF54240020B024002008B5064B1C
:1048D000064A93F841300B70FDF7AAFC044B1868A8
:1048E000BDE8084014F0B6BE54240020B0240020D7
:1048F000242A00200B490A7B4B7B9A420AD8A3EB5F
:10490000020C5FFA8CFC604509D89A4207D051F836
:104910002200704703339B1ADBB29842F7D900207C
:10492000704700BF9C240020074A117B537B8B42B9
:1049300008D04B1CDBB2032B08BF002352F8210028
:1049400013737047002070479C24002008B5134A59
:1049500092F841C092F840E00CF10103DBB2082B61
:1049600008BF00239E4508D022F83C0002EBCC0C87
:10497000CCF8041082F8413008BD094A09490A48B8
:1049800040F2127317F0C0FE002383F31188BFF3C7
:104990006F8F0322104602DF1B80FFDE54240020AD
:1049A000985A0500E0600500205A05000022042303
:1049B00002700B70704700BF002208B511460B4B08
:1049C0000120FDF7ADFC00B908BD094A09490A48B4
:1049D00040F2317317F098FE002383F31188BFF380
:1049E0006F8F0323184602DF08BD00BFB805002003
:1049F000985A0500F45B0500205A0500022810B5FE
:104A00000C4602D00B68022B07D004484FF0FF324F
:104A10004FF0FF3314F058FE206810BD282A002004
:104A200004490A680AB110467047024608601046F9
:104A3000704700BF50240020044A136823B19842F5
:104A400006BF002111600023184670475024002043
:104A5000014B1868704700BF5024002004490A68C1
:104A60000AB110467047024608601046704700BF02
:104A700098240020044A136823B1984206BF0021FD
:104A8000116000231846704798240020014B1868D5
:104A9000704700BF9824002030B505682B7887B098
:104AA0005BB304460122002168461EF021FF144B2F
:104AB000C5F818D06B612B78FBB1124B0022114660
:104AC00003209C60FDF72CFC38B94FF40042002312
:104AD000684614F0F9FD07B030BD0B4A0B490C488D
:104AE00040F2E97317F010FE002383F31188BFF33F
:104AF0006F8F0323184602DFE7E76FF07700EAE7DE
:104B0000413C0300A8050020985A0500F45B05000D
:104B1000205A0500F0B5254E336885B00C4617467F
:104B2000002B36D0994215D10223039303AB0246E2
:104B3000009303211E4B0020FEF744FF0228054688
:104B40000CD0039B022B09D195B133680BB19C4269
:104B500021D014B36FF02D0005B0F0BD15484FF013
:104B6000FF324FF0FF3314F0AFFD039D002DECD169
:104B70003846FFF791FF33680BB19C4211D0002CEF
:104B8000E8D10028E8D010F1780F08BF002005B068
:104B9000F0BD3160C8E7002333606FF0770005B0E7
:104BA000F0BD35600028D7D0EDE700BF50240020CD
:104BB000353C0300282A00200B490A7D4B7D9A4290
:104BC0000AD8A3EB020C5FFA8CFC604509D89A4224
:104BD00007D051F82200704705339B1ADBB2984288
:104BE000F7D90020704700BF38280020074A117D00
:104BF000537D8B4208D04B1CDBB2052B08BF002332
:104C000052F82100137570470020704738280020A3
:104C100038B50C46054603F09BF82070214628461F
:104C2000024ABDE83840FDF703BB00BFB8240020AE
:104C30000122024B11460020FDF772BB98050020AF
:104C400070B50C46054603F083F821462070064AED
:104C50002846FDF7EDFA0122BDE87040034B1146EE
:104C60000020FDF75DBB00BFB824002098050020A0
:104C70002DE9F0431A4D9DF81C8095F801C10CF107
:104C8000010E5FFA8EFEBEF1080F994695F80031CD
:104C900008BF4FF0000E73451DD0144605EB4C1CA9
:104CA000E36807460E4610685168926864460FC470
:104CB0009CF81C30CCF8186008F0010823F00303BE
:104CC00043EA0803CCE904978CF81C3085F801E12D
:104CD0006046BDE8F0834FF0000C6046BDE8F0830D
:104CE00020290020054890F8003190F801219A42CF
:104CF00014BF00EB43100020704700BF20290020A4
:104D000001460B480A7890F80131072A84BF90F8D1
:104D100000210A70934208D0531CDBB2082B08BF55
:104D2000002300EB42100B7070470020704700BF5B
:104D3000202900202DE9F04F444F97F8004197F8C3
:104D4000013185B0A34202903FD04FF0000A07EB3B
:104D500044140A25CDF80CA0D346CDF804A0267F34
:104D6000D4F80C90C6F3400806F00106002D47D099
:104D7000013DEDB2B8F1000F2AD097F8013197F854
:104D80000041A34221D00134E4B2082C08BF002422
:104D9000A34287F8004118D007EB4414E368B8F148
:104DA000000FDCD1002E3AD1019A002A47D0BBF186
:104DB000000F08BFCB46227F9107D0D4D20735D44D
:104DC000019A9A4201D09B45C9D105B0BDE8F08F48
:104DD0001F4B02989C6042464146FDF7A1FA00280D
:104DE000CBD01C4A1C491D4840F67E0317F08CFCB2
:104DF00088F31188BFF36F8F0323184602DFBCE7E7
:104E0000144A1749154840F66F0317F07DFC85F3E7
:104E10001188BFF36F8F0323184602DFA8E7039AB8
:104E200082B1BAF1000F08BFCA46C4E7BBF1000F58
:104E300095D1039A9A42C8D09A4590D1C5E7CDF84A
:104E40000490B8E7CDF80C90B5E700BF202900200A
:104E500088050020985A0500F45B0500205A0500DB
:104E6000FC5B0500054B1A7D597D914204D053F837
:104E7000220010B10C307047002070470829002034
:104E800070B5134A117D537D8B421ED04B1CDBB293
:104E900052F82140052B08BF00231375ACB1022343
:104EA0000025266823712560A06002F051FF094AA1
:104EB000207021463046FDF7BBF90122064B114612
:104EC0002846FDF72DFA204670BD0024FBE700BF01
:104ED00008290020B82400209805002010B582B0D1
:104EE0000024CDE90044049B09F04EFB02B010BD44
:104EF00010B50346007F1A699969012482B02040E9
:104F0000CDE90004586909F03FFB08B1773001D1C1
:104F100002B010BD074A084908484E2317F0F4FBB9
:104F2000002383F31188BFF36F8F0323184602DF3A
:104F300002B010BD045C0500485C0500205A050065
:104F400010B50469FFF76AFA40B90C48F6F752FD4C
:104F50000B48F6F74FFD0020206010BD094A0A49B2
:104F60000A4840F2793317F0CFFB002383F311880E
:104F7000BFF36F8F0323184602DFE6E760150020BA
:104F8000981400205C5C0500D45A0500205A0500E6
:104F90002DE9F047464FD0F81080DFF81CA1DFF86C
:104FA0001C9182B006464FF0FF324FF0FF33384677
:104FB00014F01EFB0028F6D043790190042B22D870
:104FC000002B4FD13B4840F212235246494617F07E
:104FD0009BFB002383F31188BFF36F8F03221046DE
:104FE00002DF019A01A81360FFF77EFB4FF0FF324A
:104FF0004FF0FF33384614F0FBFA0028D3D0437942
:105000000190042BDCD9052BDCD14FF0FF324FF09F
:10501000FF330820F7F79AFB04462146019800F079
:105020005DFF019B00221A6001A8FFF75DFB002CC9
:10503000B9D0204618F05CFB21460546002018F048
:105040007DFB2B8A0446294630463BB1D8F8003018
:10505000984715F037F8002CEBD1A4E72846F7F76E
:105060000DF9F6E7022B13D04FF0FF324FF0FF336C
:105070000220F7F76BFB044601989CB1214600F033
:1050800069FF019B00221A6001A8FFF72DFBD0E702
:105090000022002301210020F7F768FB0446019855
:1050A000002CEBD1046001A8FFF71EFB7BE700BFDB
:1050B000F42D0020205A05005C5C0500F85A05001C
:1050C000F0B50546076989B00E461F481EF0B9FBCA
:1050D0004FF0FF3200211D481EF00AFC1B48FFF76D
:1050E00081F8044660BB3E60F2F7CAFB0026002749
:1050F0006FF00903CDE90334CDE90667CDE901443A
:10510000134B144900954FF40072134814F0E4FD5A
:10511000124911481EF01EFD6FF00702CDE903246D
:10512000CDE90667CDE901440D4B0E4900954FF4DA
:1051300060720D4814F0D0FD0C490B481EF00AFDBA
:10514000204609B0F0BD00BFF42D00200C2E002039
:1051500089510300006A0020601500209C5C050056
:10516000914F03000066002098140020A85C050001
:105170000B7E0269022B01D013681847CB681B789D
:10518000052BF9D1704700BF2DE9F043DFF8C4804B
:105190002F4F83B005460DE0F7F7E8FA2246BDF839
:1051A0000210044601F0ACF921462846FFF7E0FF63
:1051B00014F088FF0DF1020101A8FFF737F904464A
:1051C0004FF0FF324FF0FF3300211320002CE3D1CA
:1051D000019BB3B1FFF7ACF9DDF80490484601F04C
:1051E000A7F9019E89F805007379032B02D1337961
:1051F000182B0ED0314638461EF061FB019B002B68
:10520000D8D14FF0FF324FF0FF33404614F05CFA34
:10521000D0E74FF0FF3321464FF0FF320520B6F8BC
:105220000690F7F7A3FA49460246044606F11C0029
:1052300000F02CFE484600F049FE2146284624B1E5
:10524000FFF796FF2046F7F719F8019ED2E700BF57
:10525000F42D00200C2E002070B50B8A82B033B1E3
:105260000B7E012B0C46064619D0042B04D06FF0A0
:105270001505284602B070BD01A9204600F0A8FD22
:105280000199054611B13046FFF772FF002DF0D1AC
:105290002046F6F7F3FF0025284602B070BD002334
:1052A00001A92046019300F02BF901460028EFD018
:1052B0003046FFF75DFF019D002DE9D0284601F043
:1052C00037F96871019902481EF0F9FAE0E700BF6A
:1052D000F42D002010B514F0A5FE054C20461EF05C
:1052E000BCFA20461EF0ADFABDE8104014F0AEBE88
:1052F000F42D00202DE9F0411A4C6468A40004D577
:105300001646194A1268120701D4BDE8F08103F16C
:105310000C0405460F462046022118F026FA40F6F6
:105320003E4303800121204618F01FFA0346042261
:1053300020461A700B2118F018FA0570A0F80160C9
:105340003DB97B68BA68C0F80720C0F80330BDE8F3
:10535000F0814FF00008C0F80380C0F80780BDE876
:10536000F08100BF9801002090010020F0B50138C5
:1053700087B0144611280AD8DFE800F0233F55090A
:105380000967097998AB090909090909090D6FF03D
:10539000150007B0F0BDCB68DA789978188807F067
:1053A000FFFA554B06460121188818F0D4FE01215A
:1053B00005460C3018F0D9F906702560002007B0BA
:1053C000F0BD4D4B0D21188818F0C5FE0D21206051
:1053D0000C3018F0CAF94FF0021400234FF480612A
:1053E00001220370C0F80140A0F80510C2710372D9
:1053F00043728372C3720373E0E73F4B4121188805
:1054000018F0A9FE412120600C3018F0AEF90021FF
:1054100004463E2200F8031B1EF0B9FD40F2A733FC
:10542000A4F80130CAE7344B0921188818F093FE1C
:10543000092120600C3018F098F90346002203F887
:10544000012BC0F801205A60B8E7C9680020FEF7B8
:1054500061FB294B0121188818F07DFE01210546CA
:105460000C3018F082F9002303702560A6E7234E64
:10547000214F0FCE01AD0FC5336838882B70122134
:1054800018F069FE122120600C3018F06EF9044605
:10549000002301AE04F8013B84460FCE2D78CCF8F2
:1054A00001006160A260E360257487E7124B182158
:1054B000188818F050FE182120600C3018F055F9AB
:1054C00000230446012100F8023B0AF09DFB6070B6
:1054D00074E7094B2121188818F03DFE2121206036
:1054E0000C3018F042F90146002301F8113B01305D
:1054F0000AF0DAFB62E700BF104E0020C45C050032
:105500002DE9F041038A8CB00022022B079230D99A
:10551000044603210C3018F04FF9228A83789A420E
:1055200027D30088D94EC0F38523082B30801FFA7B
:1055300080FCC0F3090509D8A3B1013B072B11D8A2
:10554000DFE803F01C10284C101010643F2B09D129
:1055500007AA21462846FFF709FF163040F02784A6
:10556000B6F800C0012160460CB0BDE8F04118F06B
:1055700004BE002420460CB0BDE8F081062D00F0EA
:10558000CF831D2DEED1E368188802F0BBF80146E9
:105590003088E9E7632D00F0078400F2EE80032DE8
:1055A00000F0DE832D2D40F0D380E36860460421B7
:1055B0001E8893F8028018F0CEFD042104460C30BA
:1055C00018F0D3F8B7B20546C31C4246394602204C
:1055D000FEF78AFAA5F801602870CBE7681E082854
:1055E000C0D801A353F820F041580300F557030039
:1055F000CF5703006555030065550300655503004B
:105600006555030065550300AF570300681E4D281C
:10561000A8D801A353F820F0A15803006B58030049
:1056200049590300655503003F59030023590300FE
:1056300009590300FD580300F1580300D158030035
:105640006555030065550300655503006555030066
:10565000B1580300B75B0300AF5B0300A75B030017
:10566000855B0300655503005D5B03004F5B030032
:10567000155B0300F55A030065550300EB5A030060
:10568000DB5A0300BB5A0300655503006555030050
:10569000655503009B5A0300815A0300715A0300A9
:1056A0003D5A0300315A0300655503006555030058
:1056B000735C03006B5C0300655C0300455C0300E6
:1056C000135C0300E15B0300D75B0300C95B0300CD
:1056D000D75C0300815C0300115A0300BF5903002B
:1056E00065550300655503006555030065550300C6
:1056F00065550300655503006555030065550300B6
:1057000065550300655503006555030065550300A5
:105710006555030065550300655503006555030095
:105720006555030065550300655503006555030085
:105730006555030065550300655503006555030075
:105740009D590300655503006555030093590300F7
:10575000012D7FF407AFE2684D4B11685268196064
:10576000604629465A6018F0F6FC012104460C30C8
:1057700017F0FBFF00230370FCE67B2D00F0D882BE
:105780007C2D7FF4EFAEE3681F885988B8B202F031
:1057900093F805460321308818F0DDFC0321044608
:1057A0000C3017F0E2FF0570A0F80170E2E66046E9
:1057B000072118F0D0FC072104460C3017F0D5FF64
:1057C0000146002001F8010BFEF7D0F9D2E60921CD
:1057D000604618F0C0FC092104460C3017F0C5FFE4
:1057E0000346002203F8012B6021C0F801205A6013
:1057F0004171BFE66046412118F0ADFC41210446ED
:105800000C3017F0B2FF002105463F2200F8021BC2
:105810001EF0BDFB04231F4AEB72EB7520231E49CB
:10582000C5F81A20C0204FF490626B704FF40A73D1
:10583000A871C5F82110A5F82720A5F80F3099E622
:105840000921604618F087FC092104460C3017F046
:105850008CFF4FF450610023104A01800D218370AA
:10586000C3700171C0F8052084E60421604618F079
:1058700072FC042104460C3017F077FF00231B2133
:105880000322037041708370C27073E6104E0020D3
:1058900098010020F7C3F70E30F0F97FF105FFFF04
:1058A000E268C64B1168526819606046012159E7E9
:1058B0006046022118F04FFC022104460C3017F01C
:1058C00054FF00230370054607F0D0F9687051E6D5
:1058D000E3681878F1F7FCFF05460121308818F0DD
:1058E0003AFC012104460C3017F03FFF057041E6F9
:1058F000E16811F8010B01F0CBFBEDE7E16811F86D
:10590000010B01F057FBE7E70221604618F023FC8A
:10591000022104460C3017F028FF00230370437067
:1059200028E6E468A57BA37962792179208802952D
:10593000657B01950734009401F042F9CCE7E168FA
:105940000120FEF7E7F8C7E76046092118F003FCDD
:10595000092104460C3017F008FF0346002503F820
:10596000015BC0F801505D600646FEF7B7F82B46B4
:1059700061F30703C1F3072262F30F23090C61F3FC
:105980001743090A61F31F63C6F80100C6F8053022
:10599000F0E5E068C17907F06FFC9DE76046032100
:1059A00018F0D9FB032104460C3017F0DEFE014647
:1059B000002301F8023B0130FEF7A8F8DAE5E268BF
:1059C00091781088B2F80540CB0703D5D37843F01F
:1059D0000103D37013798F07D17844BF43F00103DB
:1059E000137143EA0102012A00F2E7814D0700F03A
:1059F000E1815A0700F0DE8114F003021CBF04F1BC
:105A0000FF3404F0010201F011FF01463088ABE5DC
:105A1000E3681A78D10744BF0721597092074CBF39
:105A200007219978587848BF997001F0F5FE53E73F
:105A3000E3685988188801F0BBFE4DE760460521F0
:105A400018F089FB052104460C3017F08EFE08A9DA
:105A500005460DF11A0001F09FFEBDF81A30A5F8B9
:105A60000130BDF82020A5F8032000232B7081E52C
:105A7000E3681F889A885988B8B201F063FE88E607
:105A8000E268178892780023CDE90233CDE900332C
:105A90000221B8B201F078FD7BE6E16800220F88B0
:105AA0004B88039208890290C888019089880091E8
:105AB000B8B2022101F068FD6BE60921604618F0DA
:105AC0004AFB092104460C3017F04FFE3C493D4A81
:105AD00001600023426003724CE5E3681F880022E6
:105AE0000621B8B206F04AFF53E6E268002132F818
:105AF000027BF6E76046092118F02DFB09210446D8
:105B00000C3017F032FE002300F8013B082108F0AA
:105B100055FB2FE5E068002308AA00F110010AF008
:105B200091FF3088112118F016FB112104460C302A
:105B300017F01BFE0646002306F8013B08AD07469A
:105B40000FCDC7F801007160B260F36012E5E36841
:105B5000188801F0B5FD0146308805E5E368604628
:105B600008211E8818F0F7FA082104460C3017F0B7
:105B7000FCFD0546E91CB0B201F04AFDA5F8016044
:105B80002870F7E4E16800224B88088803920C89AA
:105B90000294CC88019489880091114601F0F4FCAC
:105BA00001463088E0E4E06807F016F994E6E06822
:105BB00007F084F890E607F05BF88DE6900100208E
:105BC000008FCC30ECC00100E368188807F04AFB76
:105BD00030880121C7E5E368187807F02FFB7BE6E2
:105BE000E368186808909A889B798DF8263060469B
:105BF0000721ADF8242018F0AEFA072104460C3036
:105C000017F0B3FD0546411C08A807F0E3FA287019
:105C1000B0E4E368186808909A889B798DF826307C
:105C200060460721ADF8242018F095FA07210446B4
:105C30000C3017F09AFD0546411C08A807F090FAB1
:105C4000287097E46046022118F085FA0221044684
:105C50000C3017F08AFD054607F052F900236870F2
:105C60002B7087E407F04EF936E6E06807F088F914
:105C700032E6E06800F11702C11D07F019FD2BE6BE
:105C8000E368604605211E8818F065FA0521044680
:105C90000C3017F06AFD05462A1DB0B2E91C01F070
:105CA0009DFDEB782A792870002B93FAA3F3B3FAC1
:105CB00083F308BF4FF0FF330133EB70002A92FAF1
:105CC000A2F3B3FA83F308BF4FF0FF330133A5F813
:105CD00001602B714EE46046092118F03CFA09215D
:105CE00004460C3017F041FD08AB05460DF11A02D1
:105CF00006A90DF1160001F065FDBDF81630A5F8F6
:105D00000130BDF81830A5F80330BDF81A30A5F8F9
:105D10000530BDF82020A5F8072000232B7029E4CA
:105D2000E3689978188801F095FC014630881BE4F7
:105D3000E3681F8808A9B8B201F08AFD052105466D
:105D4000308818F008FA052104460C3017F00DFDD4
:105D50000570A0F80170BDF82030A0F8033009E408
:105D6000174B184A4FF0FF3041F6FF71C3E90001AD
:105D7000154B00200021C2E900011F200021C3E9CA
:105D80000001FEF7ABFA3088012118F0E4F9012197
:105D900004460C3017F0E9FC00230C4A0370136032
:105DA000FFF798FAFFF7E6BBE268064B7AE5079C37
:105DB000FFF7E0BB1221FFF7D6BB1121FFF7D3BBE2
:105DC000980100202816002090010020242E002099
:105DD0002DE9F84300230B60038A032B2ED90546D7
:105DE00088460C30042117F0E7FC2B8A4788B0F86E
:105DF0000090BB4222D31B2F20D801F071FB4FEA49
:105E0000193633460446F8B19B0817D1D6B1012E96
:105E100014D12379677166F301032371E9683A4667
:105E2000E01D1EF08CF82146C9F30B0001F064FB65
:105E300008B9BDE8F883204601F058FB6FF0150063
:105E4000BDE8F8830226E4E70F4B1B689B0117D5DA
:105E50004FF0FF324FF0FF330220F6F777FC0221BC
:105E6000C8F800000C3017F080FC4FF48D730380ED
:105E7000D8F8000001210C3017F077FC01230370E3
:105E80006FF06800D5E700BF98010020F8B50E4B11
:105E90001B68DB0600D4F8BD02F10C0406460D4673
:105EA0002046022117F061FC034640F205421A80A9
:105EB0002046042117F059FC00270770A0F8015074
:105EC0003278C270F8BD00BF98010020024A136802
:105ED000013B1360704700BF242E002070B5037F84
:105EE000C68803F00303013B012B0FD9164A17495B
:105EF000174842F2CF3316F007FC002383F31188D2
:105F0000BFF36F8F0323184602DF70BD044601F113
:105F10000C052846042117F028FC237F03F0030317
:105F2000022B0CBF46F4005646F480560680637F71
:105F30004380617F284617F018FC627F04F11F013F
:105F4000BDE870401DF0FBBFD85C0500F85A0500A5
:105F5000205A05002DE9F04390F804C0C688BCF132
:105F6000030F85B004460D4600F11C070ED0ACF1BE
:105F7000170CBCF1060F00F2AF82DFE81CF02B001B
:105F8000880090002100C100D400F400C37F033BCF
:105F9000122B00F21F81DFE813F063011D011D01C8
:105FA0008A01B1011D01E3011D011D011D01E8016F
:105FB0001D01BF011D011A001D011D012D012D0133
:105FC000C74B5B6818044FF0000400F1398105B03D
:105FD000BDE8F083F80700F1ED81277F002F00F086
:105FE000E081BF4B5B689900F1D5BE4B1B6840F266
:105FF0000122134203F40078E9D00C35002F40F061
:10600000F481B94A136801331360B8F1000F00F04E
:106010000C820221284617F0A8FB41F63E7303804C
:106020000121284617F0A1FB03460A221A702846D0
:106030001E2117F09AFB0770A0F80160637FC37000
:10604000A37F0371D4F81F30C0F80530B4F82330B3
:10605000A0F80930D4F82B30C0F80B30B4F82F304A
:10606000A0F80F30D4F82530C0F81130B4F829303A
:10607000A0F81530638EA0F81730A38EA0F8193061
:10608000E38EA0F81B3094F8383043779FE70A4638
:106090003846314605B0BDE8F043FFF7F7BE904BF8
:1060A0005B689A004FF0000891D58E4B1B685B0728
:1060B0008DD50C350221284617F057FB40F63E23BC
:1060C00003800121284617F050FB03464FF00309D7
:1060D000284683F80090092117F047FBFF07054683
:1060E00000F1EC81237F2B70A5F80160E38BA5F80C
:1060F0000330238CA5F80530638CA5F8073066E7DC
:106100007A4B1B6819027FF562AF0C3502212846D5
:1061100017F02BFB40F2572303800221284617F08B
:1061200024FB068053E76E4B5B689A007FF54FAF08
:106130006C4B1B681B037FF54AAF0C3502212846C8
:1061400017F013FB40F23E4303800121284617F06D
:106150000CFB142303700321284617F006FB06806E
:10616000237F837033E75E4B5B689F007FF52FAF23
:106170005C4B1B6818057FF52AAF0C3502212846B9
:1061800017F0F3FA40F23E6303800121284617F02E
:10619000ECFA0C2303700521284617F0E6FA237F5A
:1061A0000370A0F80160627F002A92FAA2F3B3FAAA
:1061B00083F308BF4FF0FF330133C370A27F92FA1D
:1061C000A2F3002AB3FA83F308BF4FF0FF33013381
:1061D0000371FCE6464A4749474842F2A33316F0AA
:1061E00093FA002383F31188BFF36F8F03231846BC
:1061F00002DFECE63A4B5B689A007FF5E8AE394B7C
:106200001B685B067FF5E3AE0C350221284617F0CC
:10621000ACFA40F63E3303800121284617F0A5FA78
:10622000072303700A21284617F09FFA0680A38CE3
:106230004380E38C8380238CC380638C0381C6E618
:106240000C350221284617F090FA4FF44C73038066
:106250000321284617F089FA0470A0F80160B6E619
:106260001F4B5B6899007FF5B2AE1E4B1B68DA06C8
:106270007FF5ADAE0C350221284617F076FA40F6D0
:106280003E5303800121284617F06FFA052303705F
:106290000C21284617F069FA034623F8026B216A9D
:1062A000626AC0F802105A60238D43818FE60C4B5E
:1062B0001B681B064FF000047FF589AE0C350221E8
:1062C000284617F052FA4FF48163038004212846D0
:1062D00017F04BFA01230470A0F80160C37076E652
:1062E0009801002090010020242E00202816002074
:1062F000D85C0500F85A0500205A050090F82030B7
:106300000E2B7FF464AE0B46324600211A2005B0F6
:10631000BDE8F043FEF7EEBF724B5B68980059D5BD
:10632000714B1B68990655D50C350221284617F08C
:106330001CFA40F63E3303800121284617F015FA77
:10634000062303700A21284617F00FFA0680238CD3
:106350004380638C8380A38CC380E38C038136E607
:106360000B46324639460020D1E75E4B90F820407C
:106370001B681F067FF52BAE0C350221284617F04F
:10638000F4F94FF4816303800421284617F0EDF9F6
:10639000002C08BF1F2400230470A0F80160C37004
:1063A00015E6A07F04F12503FF2204F11F0106F08A
:1063B00095FE16E64D4A4E494E4842F2CF0316F07E
:1063C000A3F9002383F31188BFF36F8F03231846CB
:1063D00002DF02E60023CDE90233CDE900331A22C1
:1063E0000221304601F0D0F8F1E5B8F1000F4CD1B0
:1063F0000221284617F0B9F941F23E33038001210A
:10640000284617F0B2F9012303701221284617F02D
:10641000ACF9C0F80180C0F80580C0F80980C0F868
:106420000D8080F811800770D1E50221284617F011
:106430009CF941F23E3303800121284617F095F97B
:10644000034601221A702846122117F08EF90770B0
:10645000A0F80160637FC370A37F03F001030371A1
:10646000D4F81F30C0F80530B4F82330A0F8093054
:10647000638EA0F80B30A38EA0F80D30E38EA0F849
:106480000F3094F838304374A1E50221284617F004
:106490006CF941F63E7303800121284617F065F937
:1064A0000A2303701E21284617F05FF904461D22B7
:1064B000002101301DF06BFD277088E50B4A0E4965
:1064C0000C4842F2581316F01FF988F31188BFF3F5
:1064D0006F8F484602DF05E6044A0849054842F244
:1064E000BF237CE69801002090010020D85C0500C5
:1064F000145D0500205A0500505D0500F85A05009E
:1065000070B500F10C040E4620460221154617F026
:106510002CF940F2135303800521204617F025F98A
:1065200001230370A0F80160A0F8035070BD00BF04
:106530000379032B09D0172B05D0183B052B8CBFF3
:1065400000200320704701207047037F03F00303FE
:10655000032B14BF05200420704700BF30B583B063
:106560001B4B079D1B4AEB1AA2FB032313F47F5F0F
:10657000C3F387141BD1A21C174B0095D2B2012183
:106580000020FDF71FFA10F0FD0F0ED0134A14493A
:10659000144840F6EB1316F0B7F8002383F3118884
:1065A000BFF36F8F0323184602DF03B030BD0B4AE1
:1065B0000D490C4840F6E61316F0A6F8002383F3C5
:1065C0001188BFF36F8F0323184602DFD3E700BFA4
:1065D0005C2E002009CB3D8D816603008C5D05009B
:1065E000D85D0500205A0500CC5D0500F8B50568AA
:1065F0002F6E0646C7B16C6E00232B6644B3002194
:106600001723696623714FF6FF73E38004F11C00C2
:106610001E221DF0BCFC3C232377A6602146384691
:10662000BDE8F840FEF752B9114A1249124840F647
:10663000332316F069F887F31188BFF36F8F0323B4
:10664000184602DF6C6E2F6E00232B66002CD6D10D
:10665000074A0A49084840F6372316F055F884F3EC
:106660001188BFF36F8F0323184602DF6C6EC6E7F5
:106670008C5D0500F45D0500205A0500085E0500EC
:1066800000B170470C4B10B50246044699600220D9
:106690000121FBF745FE00B910BD084A0849094829
:1066A00040F6072316F030F884F31188BFF36F8F9C
:1066B0000323184602DF10BDF80500208C5D05009D
:1066C000F45B0500205A050038B5044610F81C3B61
:1066D000002B2ED0194D6369A8607BB1184A194967
:1066E000194840F61C2316F00FF8002383F3118895
:1066F000BFF36F8F0323184602DFA86813490F4BBF
:106700000022C4E9051011460120FBF709FE00B97B
:1067100038BD0B4A0E490C4840F6232315F0F4FF10
:10672000002383F31188BFF36F8F0323184602DF22
:1067300038BDBDE83840FFF759BF00BFE80500206D
:106740008C5D0500205E0500205A0500ED65030004
:10675000F45B050038B50C46124994F82930124A0A
:106760000978117004EB8303DB6A1D7800B938BD2A
:10677000FEF76EF98442FAD015F00E0F02D1236AAB
:10678000002BF4D0094A0A490A4840F6D31315F001
:10679000BBFF002383F31188BFF36F8F03231846D9
:1067A00002DF38BD2B4F00202A4F00208C5D0500F2
:1067B000345E0500205A050000B5154B93F82910EA
:1067C0009A8C93F86AC003EB81014FF0020E22F419
:1067D0004372C86A6EF3420C4FF4006122F0020269
:1067E000A3F8681083F86AC042F00E0206214FF049
:1067F000000C9A8480F800C0417093F8350003EBD8
:10680000800304229B6B1A7059705DF804FB00BF73
:106810005C2E002070B51C4C256AAB6F73B11B4A0F
:106820001B491C484FF4266315F06EFF002383F3C9
:106830001188BFF36F8F0323184602DF05F16C0147
:1068400005F16800FBF7EAFC064670B12868AE6700
:1068500000F01EFE0025606E2562FEF725F8206E12
:106860006566FEF715F8256670BD084A0A490948AD
:1068700040F6622315F048FF86F31188BFF36F8F4F
:106880000323184602DFE1E75C2E00208C5D050043
:106890008C5E0500205A0500905F050030B5504C15
:1068A00094F86A30D90785B067D5236A53B193F855
:1068B0002C2042F0020283F82C20236A93F82C301B
:1068C000DA0771D44648FEF7ABF884420ED0454A49
:1068D0004549464840F62B3315F016FF002383F355
:1068E0001188BFF36F8F0323184602DF94F824301A
:1068F000DB0703AD0DD5022103913D4B009503212C
:1069000001220020FDF75EF82946FEF777F80028FF
:106910005BD10222364B0095032100200392FDF744
:1069200051F82946FEF76AF8054648BB3148FEF79C
:10693000B3F808B1783039D12948FEF77DF88442A0
:106940000ED0284A2849294840F64D3315F0DCFE80
:10695000002383F31188BFF36F8F0323184602DFF0
:10696000236A0BB1FFF756FF94F86A3000206FF3EB
:10697000000384F86A3006F0D1FC002005B030BD79
:106980001748FEF759F884420ED0164A16491748A0
:1069900040F6443315F0B8FE002383F31188BFF3AB
:1069A0006F8F0323184602DF0C20E7E70D4A1249D8
:1069B0000E4840F64A3315F0A7FE85F31188BFF361
:1069C0006F8F0323184602DFB6E70548FEF734F859
:1069D0008442E9D0034A0449044840F63633D9E7F3
:1069E0005C2E00208C5D0500A05E0500205A05008D
:1069F000353C0300782E0020AC5E0500037803F0E0
:106A00000F0302F1FF3C022B1FFA8CFC25D0012B57
:106A10000DD01031C9009BB1062B11D04FF4F37388
:106A200013FB0CF340F25320184480B2704740F23D
:106A3000162313FB0CF340F2E330184480B2704786
:106A400040781030C00001F21B3100F5B37313FB26
:106A50000CF30844184480B2704741780CEB8C0367
:106A6000C3EB0310400001F11003DB0000F23B1008
:106A700003FB020290B270472DE9F0431E468BB033
:106A80004FF6FF739E429DF84890139C17D02578CF
:106A90000135EDB280461746257075B33B493C4B36
:106AA0000E8104F11C000022C860C1E9008781F852
:106AB0000A90996001201146FBF732FC68B994F8FE
:106AC000240010F0010505D1324A334B11781B78B0
:106AD0008B4221D00BB0BDE8F083304A30493148B9
:106AE00040F66C1315F010FE002383F31188BFF3FA
:106AF0006F8F0323184602DFE1E7284A2A49294815
:106B000040F64A1315F000FE85F31188BFF36F8F2E
:106B10000323184602DFC1E70133042109A81370DB
:106B200007F068FB099B214A0694A2FB0312991AFD
:106B300002EB5102120A40F2471101FB12331C4AC8
:106B40001C49A21AA1FB021292091B490232CDE98B
:106B500004510133CDE90255CDE90055D2B20121EE
:106B600028460993FCF716FF10F0FD0FB2D00B4A30
:106B700012490C4840F2BB7315F0C6FD85F311882D
:106B8000BFF36F8F0323184602DFA3E7302E0020E8
:106B9000D80500202B4F00202A4F00208C5D0500D7
:106BA000F45B0500205A0500C45E050021F1D49075
:106BB0005C2E002009CB3D8D55670300C85E0500A3
:106BC0002DE9F04F714C1F46714B94F86A60864670
:106BD0008C4693E8030083B016F001061546DDF8F5
:106BE00030809DF834209DF8383000908DF80410E6
:106BF00040F08A80A18C02F0070203F003035200E8
:106C000021F4437142EA032221F002010A43A284E3
:106C100094F8292004EB8202BCF1010F0CF1080367
:106C2000D2F82C9008BF4FF0000E0DEB030CA4F827
:106C300068E099F800A01CF8083C2AF01F0113F046
:106C40000E0F03F00F030CBF012200220B4362F36F
:106C5000451389F8003003F00F03012B0AF00F0AE7
:106C600049D094F86A3065F3420384F86A30DAB2A6
:106C70005B070CD5134667F3C30384F86A30D8F872
:106C80000030C4F86B30434BB8F804209A8099F870
:106C9000003003F00F02012A05F0010B39D099F8FA
:106CA0000120F2B1BAF1010F51D099F800306BF325
:106CB00086136FF3C71389F8003094F83530E46118
:106CC00004EB8304AD01A36B05F040055A7845F051
:106CD00004051D700AB906225A70304603B0BDE89B
:106CE000F08F6BF3861362F3C71389F80030062325
:106CF00089F80130E1E7BAF1010FB2D099F801202B
:106D0000CAB984F84060ACE70C26304603B0BDE851
:106D1000F08F4A466BF3861367F3C71302F8083BFC
:106D2000D8F80010C9F80810B8F8041091800C23A6
:106D300089F80130C1E7052A16D9063AD2B209F11D
:106D40000801154884F840201DF0F9F889E794F807
:106D50004020114909F108001DF0F1F894F8403085
:106D6000063389F80130A0E70C4A0D490D4840F27E
:106D7000BD1315F0C9FC86F31188BFF36F8F032391
:106D8000184602DF99F80120D7E700BF5C2E0020EB
:106D9000B44E0500C72E00209D2E00208C5D0500FE
:106DA000005F0500205A050010B5064C204607F08C
:106DB000C7FE04F10C0007F0C3FEFFF7FDFC002046
:106DC00010BD00BF842E002008B5FFF767FD00202E
:106DD00008BD00BF38B5094C04F10C05204607F08A
:106DE000BFFE284607F0BCFE204607F0A9FE284655
:106DF00007F0A6FEFFF7E0FC002038BD842E00203F
:106E0000034A044B801AA3FB0030C0F38F10704775
:106E10005C2E002009CB3D8D044A0068044B801A8B
:106E2000A3FB0030C0F38F10704700BF5C2E002022
:106E300009CB3D8D38B9054890F86A3013F0010F41
:106E400008BF002070470020704700BF5C2E002064
:106E500028B9044B93F86A0000F001007047002045
:106E6000704700BF5C2E002050B9064B93F86A00B3
:106E700010F0010005D093F8250000F003007047E2
:106E8000002070475C2E002070B5054690F8260063
:106E90000C4606F093FB18B3237843F040032370AD
:106EA00023780268C4F8022003F00F038288E2808E
:106EB000012B04F1020601D0304670BD95F8260082
:106EC00006F0AEFB0028F7D02278234642F080027D
:106ED00003F8082B0268A26082889A80304670BD51
:106EE0002078C0F38010FCF731FED9E71F2957D86E
:106EF0002DE9F04190F8293000EB830382B0DF6A7E
:106F00003B7803F00F03012B0E460546904649D00F
:106F10000DF10701283007F08FFE3A78037802F070
:106F20000F0223F01F03134303703B780278C3F36F
:106F3000401363F3451202703B78D2B2C3F380135F
:106F4000394663F38612027011F8023BD2B2DB09B4
:106F500063F3C712044600F8022B06221CF0FDFF63
:106F60003246414604F1080006361CF0E8FF667020
:106F700095F86A30DB0707D49DF8073085F829308B
:106F8000002002B0BDE8F08195F8353005EB8303B1
:106F900021469A6B2846F0F74FFE0028ECD0F0E728
:106FA0001220704780F840100A46413041461CF0DC
:106FB000C6FFE5E703460A4601481946FFF796BFB4
:106FC0005C2E00201F295FD82DE9F04190F8353064
:106FD00000EB830382B09E6B0F460446904600F19F
:106FE0003405002E41D028460DF1070107F024FE9C
:106FF000037823F03F03314643F00403037011F894
:10700000022BDBB2C2F3801203F03F0343EA821388
:107010000370BB1D43700546062202301CF09DFF25
:107020003A46414605F108001CF089FF94F86A30A1
:10703000DA0707D49DF8073084F83530002002B015
:10704000BDE8F08194F8292004EB82024123D16A43
:107050000A7802F00F02D340DB07EBD52A46204620
:10706000F0F7EAFD0028E5D0E9E7284607F068FDDB
:10707000C0B258B994F8353004EB83039E6B0423F7
:10708000337006237370AEE7122070470720D6E7EF
:1070900003460A4601481946FFF794BF5C2E0020BC
:1070A00010B5134B1348144C01224FF4D871FBF761
:1070B0003DF8124B0322181D2421FBF737F8104B23
:1070C0000722181D0821FBF731F802F009FB0D4AD1
:1070D0000D4B0E49002010601B221A800C4A012320
:1070E0004FF4A47CA4F800C00B70137010BD00BF57
:1070F000F02E002030160020124E0020302F0020ED
:10710000F42E002008300020144E00202D4F0020C7
:107110002C4F00202DE9F0410768324982B0054626
:107120004FF4D8723846FBF755F805F16806294642
:1071300008F01CF9E86E01AA3146FBF78BF800B3A2
:10714000294C4FF6FF7894F8412094F84010531CD6
:10715000DBB2082B08BF0023994232D004EBC201F6
:1071600024F83280019A4A6012680260019A106025
:10717000E86E84F8413001AA3146FBF76BF800282D
:10718000E1D1D7F8644107F5B2754CB10023C7F8D7
:10719000643129462046FDF753FD02B0BDE8F08179
:1071A000124A1349134840F2FC7315F0ADFA84F308
:1071B0001188BFF36F8F0323184602DFD7F86441AD
:1071C000E4E70A4A0C490B484FF4FD6315F09CFABA
:1071D000002383F31188BFF36F8F0322104602DF71
:1071E0001B80FFDE30160020A02F0020405F05002E
:1071F000885F0500205A0500805F050010B50C4629
:10720000C0B9144B0022012102209C60FBF788F8D2
:1072100000B910BD104A1149114840F2A27315F08F
:1072200073FA002383F31188BFF36F8F032318468B
:1072300002DF10BD084A0B49094840F29C7315F063
:1072400063FA002383F31188BFF36F8F032318467B
:1072500002DFD6E728060020405F0500F45B05004A
:10726000205A0500985F050008B50C4B0022986075
:1072700011460120FBF754F800B908BD084A094936
:10728000094840F2CE7315F03FFA002383F31188CA
:10729000BFF36F8F0323184602DF08BD08060020E6
:1072A000405F0500F45B0500205A050038B5044630
:1072B00010F81C3B002B2ED0194D6369A8607BB1E0
:1072C000184A1949194840F2B77315F01DFA0023FE
:1072D00083F31188BFF36F8F0323184602DFA8687A
:1072E00013490F4B0022C4E9051011460120FBF79A
:1072F00017F800B938BD0B4A0E490C4840F2BE736E
:1073000015F002FA002383F31188BFF36F8F032374
:10731000184602DF38BDBDE83840FFF7A5BF00BF03
:1073200018060020405F0500205E0500205A050079
:1073300069720300F45B050008B583685A6892F827
:107340002730DB090FD10B4A0B490C4840F213736D
:1073500015F0DAF9002383F31188BFF36F8F03234D
:10736000184602DF08BD0146BDE808400831F1F7C4
:107370009FB800BF405F0500F85A0500205A05007D
:1073800000B9704710B50C46FDF780FB844212D05F
:10739000FDF75EFB84420ED0074A0849084840F2D8
:1073A000D66315F0B1F9002383F31188BFF36F8F13
:1073B0000323184602DF10BD405F0500A45F0500EF
:1073C000205A050010B50C46A0B92046FDF752FB27
:1073D00084420ED00F4A1049104840F2EC6315F079
:1073E00093F9002383F31188BFF36F8F03231846AB
:1073F00002DF10BD074A0A49084840F2E96315F068
:1074000083F9002383F31188BFF36F8F032318469A
:1074100002DFDAE7405F0500F85F0500205A05004B
:10742000985F050010B50C46A0B92046FDF716FB85
:1074300084420ED00F4A1049104840F2E26315F022
:1074400063F9002383F31188BFF36F8F032318467A
:1074500002DF10BD074A0A49084840F2DF6315F011
:1074600053F9002383F31188BFF36F8F032318466A
:1074700002DFDAE7405F0500F85F0500205A0500EB
:10748000985F05000148FAF777BE00BFF02E002094
:107490000149FAF787BE00BFF02E002002494FF4E1
:1074A000D872FAF797BE00BF3016002002464FF49C
:1074B000D8710148FAF78ABE3016002058B908B5CD
:1074C00002464FF4D8710548FAF780FE038E03B9DF
:1074D00008BD002008BD0020704700BF3016002006
:1074E0000148FAF749BE00BF302F00200149FAF7E2
:1074F00059BE00BF302F002000283CD170B5024695
:107500000E461E484FF4D871FAF760FE028E05460B
:10751000E2B91B4C94F821C094F820100CF101033F
:10752000DBB2042B08BF0023994221D024F83C2071
:1075300004EBCC0CCCF8046084F82130037843B918
:1075400095F94330002B0EDB002070BD6FF0150065
:1075500070BD0C4B012198600320FAF7E1FE95F90C
:107560004330002BF0DA0021284605F0CDF9EBE797
:107570006FF0680070BD6FF0150070473016002086
:10758000E42F0020380600202DE9F04782B0BDF836
:107590002870BDF82C80BDF83090B0B90C46154667
:1075A0004FF4D871024619481E46FAF70FFE038EB3
:1075B000824653B96CB1022C03D0012002B0BDE861
:1075C000F087CDB902F0D2FA12E0022002B0BDE895
:1075D000F0870D9B0193CDF8009043463A46314623
:1075E00002F03CFA0028E9D19AF94330002B07DB7E
:1075F000002002B0BDE8F087294602F0C7FAF7E79D
:107600000146504605F080F9F2E700BF3016002031
:10761000E0B938B502460C460D484FF4D871FAF778
:10762000D5FD038E054643B902F0AAF938B10368C7
:10763000236003792371002038BD022038BDD5F8BE
:107640003E30236095F842302371F4E70220704702
:107650003016002038B510B10224204638BD02464D
:107660000C4615484FF4D871FAF7B0FD038E054665
:10767000FBB91A2C04D8042C16D81224204638BD85
:10768000292C01D03B2CF8D12146284602F05EF986
:1076900004460028E1D195F94330002BDDDA01469C
:1076A000284605F031F9D8E7044BE340DB07EBD47B
:1076B000E3E70C24D1E700BF301600202000380497
:1076C00038B598B902464FF4D8710D48FAF77EFDE7
:1076D000038E054653B9012102F00EF9044618B98C
:1076E00095F94330002B04DB204638BD02242046A8
:1076F00038BD0146284605F007F9204638BD00BFD1
:107700003016002038B590B902464FF4D8710C48B5
:10771000FAF75CFD038E05464BB902F005F9044605
:1077200018B995F94330002B04DB204638BD0224FC
:10773000204638BD0146284605F0E6F8204638BD0B
:1077400030160020F0B970B50D4616464FF4D871CA
:1077500002461048FAF73AFD038E044683B9D0F882
:1077600040319B060AD53246294602F01BF920B962
:1077700094F94330002B07DB002070BD1A2070BD48
:10778000022070BD022070470146204605F0BCF87B
:10779000F2E700BF30160020034A044B12881B8812
:1077A00002800B80704700BF144E0020124E002054
:1077B000024A034B1080198000207047144E0020AD
:1077C000124E00204FF0450CA0F800C04FF4267078
:1077D000A2F800C008801880704700BFC0B938B553
:1077E0000D4614464FF4D87102460A48FAF7EEFCEB
:1077F0000346008E50B993F88220C2F302022A7029
:1078000093F88330C3F30203237038BD022038BDE0
:107810000220704730160020024A034B1070197086
:10782000002070472D4F00202C4F002060B908B574
:1078300002464FF4D8710548FAF7C8FC038E0BB91D
:107840001A2008BD022008BD022070473016002013
:1078500060BB10B502460C4615484FF4D871FAF7D4
:10786000B5FC038E03BB438EB0F89621052B0FD8D1
:1078700001339BB202FB03F30E494FF4FA7202FB91
:1078800003F3A1FB0313C3F34F332380002010BD88
:1078900003FB02F2074940F2E24303FB02F2A1FBC1
:1078A0000212C2F34F33F0E7022010BD02207047EE
:1078B000301600205917B7D158BB10B502460C46F8
:1078C00015484FF4D871FAF781FC038EFBB9438E4B
:1078D00042F2107202FB04F1052B01F1FF310DD8C9
:1078E00001339BB24FF4FA7202FB03F31944B1FB6C
:1078F000F3F189B2A0F89611002010BD40F2E242E7
:1079000002FB03F31944B1FBF3F189B2F2E7022061
:1079100010BD0220704700BF30160020FFF7C0BB2B
:1079200038B500224FF4D8711948FAF74FFC0446D5
:1079300000F11C0201460320FDF7ECF818B110F12C
:10794000780F05460ED11349134A00234FF6FF70F6
:107950002086C4F894300B84A2F84030BDE838404B
:10796000FFF79EBB40F221730C490D480D4A14F0FD
:10797000CBFE0D482A46002114F0C6FE002383F3F7
:107980001188BFF36F8F0323184602DFDBE700BFC8
:1079900030160020E42F0020A02F002034600500C6
:1079A000205A0500405F05004C600500014B187827
:1079B000704700BF2D4F0020014B1878704700BF63
:1079C0002C4F002038B58B6808601D682B780C465A
:1079D000A3B16B6973B10C4A0C490D484FF45E7347
:1079E00014F092FE002383F31188BFF36F8F0323FB
:1079F000184602DF074BC5E9053438BDBDE83840FD
:107A00000846FFF799BC00BF405F0500205E0500F7
:107A1000205A0500397303000B68DA8892BB70B5F1
:107A20000C4606464FF4D8711848FAF7CFFB038E80
:107A300005461BBB02F0E6F82268137F03F0030340
:107A4000032B08D101231371226831462846BDE873
:107A5000704002F0EBB853B995F890319B0703D50D
:107A60003D2385F8603122680123137170BD95F8BC
:107A700090319A07FAD53D2385F8603123680122B9
:107A80001A7170BD01221A71704700BF30160020B4
:107A9000F8B50446008E1D464FF6FF7398420F4618
:107AA00016460CD02046C4E94776A4F8245101F0CC
:107AB000B5FE94F8903113F0010010D1F8BD0B4AD7
:107AC0000B490C4840F2BE3314F01EFE002383F332
:107AD0001188BFF36F8F0323184602DFE2E76FF3CD
:107AE000000384F890316FF08B00F8BD405F050013
:107AF00064600500205A0500F8B51C4C1C4E94F833
:107B0000212007461AE0FAF761FB0346E0301B8E9E
:107B10000BBB696801F0FCFB94F8201094F821205D
:107B20004B1C8A4207F1FF30DBB204D0042B08BFA4
:107B3000002384F8203010F0FF0716D094F820308E
:107B400093424FF4D87130460FD034F8332004EB11
:107B5000C305002AD7D069680B796FF301034FF68C
:107B6000FF700B71FCF7F2FED6E7F8BDE42F0020A2
:107B7000301600202DE9F04F414A1468A042064615
:107B80000B4604BF00211160008EA6F86A0118227E
:107B900083B0012186F8682186F88031304601F0F3
:107BA00047FE06F1E007304601F056FE384601F088
:107BB00097FB384601F0CCFB044600283BD0037904
:107BC000DFF8D090DFF8C4B0DFF8CCA003F00303F7
:107BD000032B0CBF0346002303604846FAF7CCFA98
:107BE00006F188080546B8B1214642462846FAF70C
:107BF0001FFB384601F0ACFB0446E0B1037903F00B
:107C00000303032B0CBF0346002303604846FAF727
:107C1000B3FA05460028E7D11A4840F28D735A4658
:107C2000514614F071FD85F31188BFF36F8F032364
:107C3000184602DFD8E7328E134B00960332D2B2D9
:107C400001210020FBF7BEFE10F0FD0F0ED00F4A01
:107C50000F490C4840F2537314F056FD002383F390
:107C60001188BFF36F8F0323184602DF4FF6FF73AF
:107C7000FF20338603B0BDE8F04FFFF73DBF00BFE4
:107C800008300020205A0500FD710300405F050008
:107C900004600500F42E0020905F050000293BD011
:107CA0002DE9F84F4D1EDFF87890DFF878B0DFF857
:107CB00078A00746EDB200F1E00815E0237903F063
:107CC0000303032B0CBF234600232360FAF754FA67
:107CD000064690B1013D07F1880221463046EDB2DB
:107CE000FAF7A6FAFF2D06D0404601F031FB044614
:107CF0004846002CE2D1BDE8F88F084840F2B55361
:107D00005A46514614F000FD86F31188BFF36F8F79
:107D10000323184602DFDDE7704700BF205A050045
:107D2000F42E0020405F0500905F050010B504466A
:107D30000120FFF7E1FE20460121BDE81040FFF7DA
:107D4000ADBF00BF0149FAF72DBA00BFF42E0020E5
:107D5000014B93F841007047A02F002000B50A4B5B
:107D600093F840C093F841E0F4450BD080F800E070
:107D700033F83C00088003EBCC035B6813601868A1
:107D80005DF804FB0020FBE7A02F0020074B93F8D1
:107D900040C0844508D003EBCC0033F83C300B8066
:107DA000436813601868704700207047A02F0020B8
:107DB000094A92F8401092F841308B4209D04B1C8E
:107DC000DBB2082B08BF002352F8310082F84030A4
:107DD00070470020704700BFA02F002008B5134A4D
:107DE00092F841C092F840E00CF10103DBB2082B9D
:107DF00008BF00239E4508D022F83C0002EBCC0CC3
:107E0000CCF8041082F8413008BD094A09490A48F3
:107E100040F2F45314F078FC002383F31188BFF38D
:107E20006F8F0322104602DF1B80FFDEA02F002091
:107E3000405F0500DC600500205A0500F8B5577961
:107E4000144605460E467FB3237903F00302032A46
:107E50000CD04FF6FF72954204BF6FF301032371FC
:107E600021462846BDE8F840FCF770BD4FF6FF7389
:107E70009D4228D133689C423AD0002BF0D01F4A53
:107E80001F49204840F2166314F03EFC002383F3A0
:107E90001188BFF36F8F0323184602DF214628465F
:107EA000BDE8F840FCF752BD144A1749154840F2A6
:107EB000016314F029FC87F31188BFF36F8F03234C
:107EC000184602DFC0E72A464FF4D8710F48FAF788
:107ED0007DF9214601F078FE3368A342CDD13DB94A
:107EE0000A482A464FF4D871FAF770F9038E03B1A5
:107EF00000202146BDE8F84001F044BC405F050089
:107F0000F0600500205A0500E460050030160020EE
:107F100090F86620B0F85C30C2F30212022A14BF57
:107F2000DB089B0890F87E20B0F8580014BF0A3B8D
:107F30000B3B9BB2D20644BF043B9BB2984228BF86
:107F400018467047704700BF90F8903143F0020325
:107F500080F89031704700BF90F890316FF3410383
:107F600080F89031704700BF0278838F12B1581E9D
:107F700080B27047C18EB0F824215818104480B2E6
:107F8000704700BF10B50B68C0F83E3004463E3065
:107F90000B7903710521FAF7DBFA94F8433060F3AB
:107FA000050384F8433010BDB0F87C30B3F5267F6C
:107FB00028BF4FF42673B3F5A47F4FF4267038BF63
:107FC0004FF4A47308801380704700BF00B5B0F869
:107FD0006C20B0F8661003468A4290F88300B3F82C
:107FE0006AC028BF0A4600F00700B3F870101B2AC9
:107FF00038BF1B22042814BF4FF4A4704FF429602B
:10800000614528BF61468142B3F87AC038BF014656
:108010008C45B3F8760044D09042A3F87A1001D092
:10802000A3F8762093F8DD2042F00202012083F8C5
:10803000DD20B3F864C0B3F86E2093F88210B3F873
:1080400068E0624528BF624601F007011B2A38BF7D
:108050001B220429B3F8721014BF4FF4A47C4FF410
:10806000296C714528BF71466145B3F878E038BF87
:1080700061468E45B3F874C017D06245A3F87810F6
:1080800001D0A3F8742093F8DD206FF3410283F848
:10809000DD2093F8DD200120024383F8DD205DF828
:1080A00004FB9042BCD10020C3E76245E9D193F8BC
:1080B000DD1041EA510202F0010221F003010A43FE
:1080C00083F8DD200028E4D15DF804FBB0F86C20D3
:1080D000B0F8661003468A4290F88300B3F86AC08D
:1080E00028BF0A4600F00700B3F870101B2A38BFFB
:1080F0001B22042814BF4FF4A4704FF4296061457B
:1081000028BF61468142B3F87AC038BF01468C452A
:10811000B3F876000DD09042A3F87A1001D0A3F8FE
:10812000762093F8DD2042F00202012083F8DD2062
:1081300070479042F3D10020704700BFB0F86E2026
:10814000B0F8641003468A4290F88200B3F868C021
:1081500028BF0A4600F00700B3F872101B2A38BF88
:108160001B22042814BF4FF4A4704FF4296061450A
:1081700028BF61468142B3F878C038BF01468C45BC
:10818000B3F8740014D08242A3F8781001D0A3F899
:1081900074204FF0010C93F8DD106046C1F34002EB
:1081A00042EA0C0221F003010A4383F8DD20704704
:1081B0008242ECD193F8DD10002001F0010CEDE7D4
:1081C0001B2928BF1B21B2F5A47F064BA0F87E1007
:1081D00028BF4FF4A472A0F87C208366A0F8641036
:1081E000704700BF48019802F8B5002343678367D2
:1081F000A0F88030314B324A1B8812881B2B28BFD5
:108200001B23A0F87E30A0F86430452301F003055D
:10821000A0F866304FF01B1305F12806C3665235EF
:1082200090F88330B2F5A47FC1F340014FEAC6064F
:108230004FEAC50528BF4FF4A472CE40CD4003F0ED
:108240000703B7B2ADB2A0F87C20042B4FF4A472A0
:108250000446A0F86A50A0F87070A0F87270A0F8F8
:10826000682020D0AF423B4628BF2B46934238BF00
:108270001346A4F87A301B23A4F8763094F8DD3046
:1082800043F0020384F8DD302046FFF757FF94F8EF
:10829000DD30AF4243F0010384F8DD3006D0012326
:1082A00084F88030F8BD4FF42963E2E7B6F5A47F87
:1082B000F5D1636EB3F11B1FF1D1F8BD144E002050
:1082C000124E0020F8B506460F46154601F03AF961
:1082D000044600283CD02A1F201D092A06D8DFE8C2
:1082E00002F01F22250505050528052B234A2449F0
:1082F000244840F2DF2314F007FA002383F31188A7
:10830000BFF36F8F0323184602DFE3797B732146A7
:10831000304601F02DF9304603F0FAFF2046F8BD53
:1083200002F08CFEF1E702F0A1FEEEE702F0A8FEFB
:10833000EBE702F0AFFEE8E796F8303197F84E1021
:108340001BB1D6F840315B0711D402F0ADFEDCE77B
:108350000A4A0D490B484FF4317314F0D5F984F3F0
:108360001188BFF36F8F0323184602DFB3E70A4675
:1083700097F84D1002F0A4FEC7E700BFFC600500AF
:10838000F85A0500205A0500E0600500F8B50546DA
:108390000C4601F0CFF828B9204601F00DF903236F
:1083A000A372F8BD042221462846FFF78BFF83689D
:1083B000C268C4F84720C4F843300369C5F8B83030
:1083C000A6690023A361A6B10323377933712B8EED
:1083D000F38006F11C01204602F018FE2D2F02D07A
:1083E0000423A372F8BD30683146FCF76FFA04230A
:1083F000F7E7074A0749084840F2F62314F084F9E2
:1084000086F31188BFF36F8F0323184602DFDBE783
:10841000FC60050040610500205A050070B5044667
:108420000D4601F087F810B90623AB7270BD04F158
:108430009B063346002205F13B0105F12B0008F0B5
:1084400001FBD4F8A310C4F8C410D4F8B410D4F8C5
:10845000A720C4F8D510D4F8B810D4F89F30C4F8C9
:10846000C820C4F8D91094F8B32094F8D410C4F8F4
:10847000C0300023D4F89B0084F8AB3063F30001D4
:10848000C4E9333384F8AC3084F8AD3084F8AE30CE
:1084900084F8AF3084F8B03084F8B13084F8B2306A
:1084A00042F00103C4F8BC0084F8D41084F8B3305F
:1084B000052229462046FFF705FF4FF4C1636B8173
:1084C00094F89A3043F0080384F89A3070BD00BFE6
:1084D000F0B50C46897A83B0064615460D2900F2A0
:1084E0002C81DFE801F05E6669959907070C173665
:1084F000393E4F52002D00F0A18003B0F0BD002D99
:10850000FBD1214601F016F8002840F0C780072370
:10851000A372F2E7022DF0D1A5690023A361002D1B
:1085200000F0EE8003272F71338EEB80237A052B2A
:1085300000F0E180062B40F0CF801A232B712146FA
:10854000304600F0F7FF002840F08D800923A37229
:10855000D3E7002DD1D1F2E7002DCED10B23A372AA
:10856000CBE7072DC9D1012101F006F83046FFF70E
:10857000EBFC2146304600F0DDFF002864D10C23DF
:10858000A372BAE7002DB8D1F3E7082DB5D140F2B8
:108590000233638190F89A306FF3041380F89A30B5
:1085A000ABE7002DA9D1237A062BD7D00223A372E3
:1085B000A3E7002DFAD0A0E7012D9ED12946019313
:1085C00000F0DAFF3046FFF7BFFC304602F038FA21
:1085D000019B5A689968C4F82510C4F821201A7BB9
:1085E00084F829205A7B84F82A20D3F80E20D3F867
:1085F0001210C4F83F10C4F83B20D3F81630C6F868
:10860000B4302146304603B0BDE8F040FFF7BEBEAF
:10861000002D7FF472AFF4E7032D0CD0042D7FF40E
:108620006CAF062140F20362072384F82010A4F8FF
:108630004D20A37261E70523A3725EE7214603B0D4
:10864000BDE8F040FFF7EABE0B2221463046FFF7B7
:1086500039FE40F60D33638196F89A306FF3C30309
:1086600086F89A3049E7062221463046FFF72AFE6F
:10867000304604F01BF80023A3720121304600F0BD
:108680008FFF3046FFF768FC304602F0DDF996F8C0
:108690009A3043F0100386F89A302EE70D222146D7
:1086A0003046FFF70FFE304604F000F894F8203013
:1086B000062B34D0242B3FF420AF284A28492948E0
:1086C00040F2773314F020F885F31188BFF36F8FF1
:1086D0000323184602DF10E7204A2149214840F2CF
:1086E0001E3314F011F8002383F31188BFF36F8F4A
:1086F000384602DF23E705F11C0002F0C1FC1EE74B
:10870000164A1949174840F20F3313F0FDFF85F35D
:108710001188BFF36F8F0323184602DF02E70121A0
:10872000A172304600F03CFF3046FFF715FC3046A2
:1087300003B0BDE8F04002F087B9084A084909488B
:1087400040F2D34313F0E0FF002383F31188BFF31B
:108750006F8F0323184602DFCFE600BFFC600500E1
:10876000F85A0500205A05004061050092F81FC024
:10877000ACF1030C02F11C03BCF1080F06D8DFE8D2
:108780000CF01205050F0505050C09003D2380F8C6
:10879000603170470822FFF79BBE0722FFF798BEA3
:1087A0000222FFF795BE0122FFF792BE00230322AB
:1087B000FFF78EBE00230422FFF78ABE887AA0F15D
:1087C0000400B0FA80F04009704700BF1346002251
:1087D000FFF77EBE70B591F82C3091F82D20042B58
:1087E0000C4603D8032B01D0042A0DD913431121C1
:1087F00013F0070384F828104FF001050CD184F81A
:1088000028300125284670BD032A0DD0134313F0EC
:1088100007034FF00005F2D0668DFFF7A5FB801B24
:108820000304EFD42823EAE7112381F82830012537
:10883000F2E700BFF0B50E4683B00DF1060201A9C4
:10884000B0F87850B0F87A700446FFF7ADFB96F8B0
:108850002D20002A5CD196F82C30FBB9B4F8783082
:10886000AB420ED3BDF806209A420AD3B4F87A3050
:10887000BB4206D3BDF804209A4202D3002003B0C5
:10888000F0BD94F8DD30A4F8785043F001030120E6
:10889000A4F87A7084F8DD3003B0F0BD94F9430099
:1088A00000281DDB94F8821094F8745001F0030343
:1088B0002B440D33DB00C1F34001CB409BB2BDF82C
:1088C0000650B3F5A47F38BF4FF4A4739D4228BF70
:1088D0001D4632B3002803DA96F82C30002BBDD0A9
:1088E00094F8832094F87610BDF8047002F0030326
:1088F0000B440D33DB00C2F34002D3409BB2B3F50F
:10890000A47F38BF4FF4A4739F4228BF1F46A5E73A
:1089100094F943000028C5DB96F82C30002BDFD0FB
:10892000C0E796F82C30002B98D0002896DAD7E7CD
:1089300070B58D6900230C4606468B61002D35D03D
:1089400094F82130DB071ED52B792D2B1ED11D234A
:108950002B71338EEB8094F828302B7796F8833088
:10896000C3F30203AB7796F88230C3F302036B774D
:1089700028682946FBF7AAFF94F821306FF300031B
:1089800084F8213070BD01232B71F1E70F4A1049A3
:10899000104840F2B91313F0B7FE002383F3118897
:1089A000BFF36F8F0323184602DFD0E7074A0A4957
:1089B00008484FF4DB7313F0A7FE85F31188BFF36B
:1089C0006F8F0323184602DFBAE700BF446105003A
:1089D00088610500205A05004061050070B591F8D6
:1089E00021304D6A9B070C4603D4CDB101232B7176
:1089F0000AE00646ADB103232B71338EEB8005F1FF
:108A00001C01304602F0ACFC28682946FBF75EFFEB
:108A100094F8213000226FF3410384F82130626220
:108A200070BD074A0749084840F2DF1313F06CFE97
:108A300085F31188BFF36F8F0323184602DFDAE74F
:108A40004461050040610500205A0500F8B5CE6973
:108A50000C4605464EB300F081FD10B90723A37202
:108A6000F8BD00F083FD06466062002834D0637BC9
:108A7000E66966610027172BE76125D01E4A1F496A
:108A80001F4840F2C93313F03FFE87F31188BFF34C
:108A90006F8F0323184602DF2846314600F068FD39
:108AA0002846BDE8F84003F033BC134A1549144882
:108AB0004FF4697313F028FE86F31188BFF36F8FAC
:108AC0000323184602DFC6E7311D284602F032FBB9
:108AD00041F603036381DFE7074A0B49084840F288
:108AE000AE3313F011FE86F31188BFF36F8F0323AB
:108AF000184602DFBBE700BF44610500F85A0500D5
:108B0000205A0500B0610500C4610500F8B5CE69C2
:108B10000C460546002E5AD0637B162B2ED195F9B4
:108B20004330002B2ADBE66966610023E36194F899
:108B3000203095F8A421C3F3C20363F3C50285F87E
:108B4000A42194F8202095F8A43162F3020385F85B
:108B5000A43194F8203095F88220C3F3801363F396
:108B6000C302311D85F88220204602F0BFFA02219F
:108B7000284600F001FD0223A3721FE000F0EEFC86
:108B800010B90723A372F8BD00F0F0FC064660623E
:108B900060B3637BE66966610027162BE761C6D088
:108BA0001A4A1B491B484FF4D27313F0ADFD87F3EB
:108BB0001188BFF36F8F0323184602DF2846314622
:108BC00000F0D6FC2846BDE8F84001F041BF0F4A4E
:108BD000114910484FF4BF7313F096FD86F31188C6
:108BE000BFF36F8F0323184602DF95E7074A0B494F
:108BF000084840F2891313F087FD86F31188BFF30C
:108C00006F8F0323184602DFC3E700BF44610500EE
:108C1000F85A0500205A0500B0610500C46105003E
:108C200038B505460C4601F003FF10B10123A372CD
:108C300038BD284603F05AFB0028F7D121462846C4
:108C400000F078FC0028F1D0284603F04DFB0728FF
:108C5000ECD02846012103F041FB28460D2103F00A
:108C600041FB162321466373284600F06BFCE0614C
:108C700021462846BDE83840FFF748BF38B50546CD
:108C80000C4603F03DFB10B10223A37238BD214610
:108C9000284600F04FFC0028F6D0284603F024FBBD
:108CA0000728F1D028460D2103F01CFB172321468D
:108CB0006373284600F046FCE06121462846BDE883
:108CC0003840FFF7C3BE00BFF0B591F80AC083B0CB
:108CD0000C46074615461E46BCF1090F0BD8DFE8C7
:108CE0000CF005051B0A0A0A31747BAF002A00F05C
:108CF000BA8003B0F0BDA64AA649A74840F2653342
:108D000013F002FD002383F31188BFF36F8F032359
:108D1000184602DF03B0F0BD032AEAD190F84330D1
:108D2000DB0940F0CD809A4A9A499B4840F28A2359
:108D300013F0EAFC002383F31188BFF36F8F2846FA
:108D400002DFD6E7052A00F0AE80062A00F0908008
:108D5000022ACED190F94330002B0EDB8C4A8F498A
:108D60008D4840F2CB2313F0CFFC002383F311880E
:108D7000BFF36F8F0323184602DF0221384603F04A
:108D8000ADFA3146204602F0EBF921463846FFF7AE
:108D900021FD0546204600F00FFC002D40F0AA8082
:108DA00094F82D302BB197F8822063F3061287F8E0
:108DB0008220384601F056FE0823A372022138466D
:108DC00003B0BDE8F04000F0EBBB002A91D103B046
:108DD000BDE8F040FFF79ABE002A8AD14D8DFFF71B
:108DE000C3F8401B000484D497F9431097F88220FD
:108DF00097F8833094F82C6094F82D50002902F0F5
:108E0000070003F0070CC0F291800021384603F000
:108E100065FA94F82030002284F82820DB0994F8C1
:108E2000212063F3000284F8212097F88230C3F3F5
:108E3000020262F30613092287F88230A27258E711
:108E4000042A7FF456AFFFF773FD21463846FFF73B
:108E5000C5FD384601F0CAFE0021384603F042FA4B
:108E60000023A37245E703B0BDE8F040FFF7D8BE8A
:108E7000002103F033FA1A2384F82830204600F04A
:108E80009BFB94F8213043F0010384F8213097F8DC
:108E90008230C3F3020262F30613092287F882309C
:108EA0000221A2728BE73146204602F017F994F8AE
:108EB0004E3084F828300021384603F00FFADDE701
:108EC000374B90F8822093E8030094F82030134346
:108ED00002AD03F0070305E9030008336B440221E8
:108EE00013F8083C63F3061241F6060387F8822064
:108EF000638164E70021384603F0F0F994F82830E4
:108F00000BB187F8603194F8203094F82120DB0908
:108F100063F3000284F8212097F88230C3F3020241
:108F200062F3061387F88230092346E7E9071FD565
:108F3000012161F30202F50787F8822024D561F34D
:108F40000203884287F883301AD021463846FFF75B
:108F500071FC94F8213060F3410384F82130002142
:108F6000384603F0BBF9002384F82830012356E784
:108F7000F2077FF54AAF012262F3020387F88330DC
:108F8000BCF1010FE1D140E70128DED13DE700BF90
:108F900044610500F85A0500205A0500E06105000B
:108FA000BC4E0500F0B50C46897A83B006461546DE
:108FB00009290BD8DFE801F01B2059620A0A95AD98
:108FC000B605042D00F0E08003B0F0BD8E4A8F4955
:108FD0008F4840F20A5313F097FB002383F3118864
:108FE000BFF36F8F0323184602DF03B0F0BD002DDF
:108FF000EAD10123A372E7E71946204602F08CF874
:1090000094F8202096F8A431C2F3C200C3F3C20141
:109010000140C3F30203C2F30200034043EAC10369
:1090200022F03F02134384F8203096F94330002B9E
:109030000BDB94F8203013F0380F40F0A18094F847
:10904000203023F03F0384F820300221304600F026
:1090500093FA012DB8D196F84330DB0907D16A4A5B
:109060006A496B4840F23443B5E7002DACD1214644
:10907000304603B0BDE8F040FFF700BE022DA3D19B
:1090800090F94330002B0EDB5F4A6249604840F2A2
:10909000544313F039FB002383F31188BFF36F8F20
:1090A0000323184602DF5C4B96F8822093E8030006
:1090B00094F82030134302AD03F0070305E90300E1
:1090C00008336B44022113F8083C304663F3061260
:1090D000062386F88220A37203B0BDE8F04000F0BA
:1090E0005FBA032D7FF470AF1946204602F038F8BE
:1090F00021463046FFF76EFB0546204600F05CFA3D
:10910000002D52D094F82830282B2ED186F86031CB
:109110002BE0002D7FF458AF214603B0BDE8F040AE
:10912000FFF794BC002D7FF44FAF678DFEF71CFF57
:10913000C01B03043FF548AF84F8285096F943104C
:1091400096F8822096F8833094F82C5094F82D707D
:10915000002902F0070003F0070C2CDB002294F832
:10916000213062F3000384F8213096F88230C3F393
:10917000020262F30613092286F88230A27223E704
:109180005A077FF462AF5AE72146FFF7D1FB214629
:109190003046FFF723FC304603F088FA00213046C2
:1091A00003F0A0F80023A3720EE7304603F0B6F8F0
:1091B0000823A37208E7FF0718D5012161F3020213
:1091C000ED0786F882201CD561F30203884286F8F9
:1091D000833012D021463046FFF72CFB94F8213023
:1091E00060F34103012284F82130B8E7EA07B5D5DE
:1091F000012262F3020386F88330BCF1010FE9D14A
:10920000ACE70128E6D1A9E744610500F85A05005A
:10921000205A0500E0610500BC4E050092F81FC011
:10922000BCF1110F02F11C030FD0BCF1180F12D0CA
:10923000BCF1070F0CD010B524230C4680F8603128
:1092400001F0D4FC0023A37210BD0522FFF73CBD42
:109250000622FFF739BD0222FFF736BD1346002272
:10926000FFF732BD13460322FFF72EBD0023042271
:10927000FFF72ABD10B592F81FE0BEF1160F02F1FC
:109280001C030BD0BEF1180F0DD024230C4680F820
:10929000603103F00BFA0023A37210BDBDE810404B
:1092A0000122FFF77FBEBDE810400322FFF77ABE20
:1092B00013460022FFF776BE13460222FFF772BE66
:1092C00000230422FFF76EBE002303704360836017
:1092D000C3600361704700BF0378013303707047B8
:1092E00003785BB9C3687BB102691AB1816861B167
:1092F0000B6082600023C36003617047013BDBB2F7
:109300000370002BEED0704770474360F1E700BF59
:1093100003783BB100230C300B60436843B1196004
:1093200041607047002304300B604368002BF6D186
:1093300001604160704700BF00230B60836813B178
:109340001960816070474160816070474068704774
:109350000346406828B1996802685A60884208BF8D
:109360009A6070474078A0F10C00B0FA80F0400994
:10937000704700BF4078A0F10800B0FA80F04009C3
:10938000704700BF4078A0F10200B0FA80F04009B9
:10939000704700BF4078A0F11700B0FA80F0400994
:1093A000704700BF4078A0F10100B0FA80F040099A
:1093B000704700BF4078A0F10900B0FA80F0400982
:1093C000704700BF4078A0F10600B0FA80F0400975
:1093D000704700BF4078A0F11800B0FA80F0400953
:1093E000704700BF4078A0F10300B0FA80F0400958
:1093F000704700BF4078A0F10500B0FA80F0400946
:10940000704700BFF8B5064608460D46F8F7B4FEAB
:10941000044680B1002745600672476187612C22AF
:10942000394620301AF0B3FD4FF47F43FF226272B9
:109430006381A381A7732046F8BD00BF4078A0F1E7
:109440000200B0FA80F04009704700BF4078A0F1F8
:109450000200B0FA80F04009704700BF4078A0F1E8
:109460000100B0FA80F04009704700BF4078A0F1D9
:109470000200B0FA80F04009704700BF4078A0F1C8
:109480001800B0FA80F04009704700BF4078A0F1A2
:109490000100B0FA80F04009704700BF4078A0F1A9
:1094A0000100B0FA80F04009704700BF4078A0F199
:1094B0000900B0FA80F04009704700BF4078A0F181
:1094C0000900B0FA80F04009704700BF4078A0F171
:1094D0000300B0FA80F04009704700BF4078A0F167
:1094E0000300B0FA80F04009704700BF38B5456806
:1094F00004462DB129462046BDE83840F8F752BE53
:10950000094A0A490A48702313F0FEF885F31188C6
:10951000BFF36F8F0323184602DF65682046294694
:10952000BDE83840F8F73EBEF86105003862050036
:10953000205A0500024B1868003818BF01207047F8
:109540005806002010B50448F8F716FE044604300B
:10955000FEF7F8FC204610BD5806002008B5012093
:10956000FBF7C8F9003818BF012008BDFBF7DCB9CC
:10957000E030FFF7E1BE00BF38B590F85631054640
:109580000C461BB11C4385F8564138BDE030FFF74F
:10959000A3FE95F856311C4385F8564138BD00BFEF
:1095A00090F8563123EA010180F8561101B1704755
:1095B000E030FFF795BE00BF38B58569044645B178
:1095C0002B792D2B04D02D232B71A36922691A60CE
:1095D00038BD084A084909484FF4967313F094F8C7
:1095E00085F31188BFF36F8F0323184602DFA56947
:1095F000E6E700BFF861050044620500205A050057
:1096000038B5856904465DB12B792D2B00D038BD66
:1096100001232B71A169BDE838400868FBF756B9F2
:10962000074A084908484FF49D7313F06DF885F315
:109630001188BFF36F8F0323184602DFA569E3E7A4
:10964000F861050044620500205A05008B6913B1DA
:109650001A792D2A0BD00B7A072B15D0CB692BB199
:10966000D0F85C211A60CB69C0F85C3170471B6888
:10967000D0F858215A608B6901221A718B69C0F8A1
:1096800058310B7A072BE9D14B6A002BE6D01B68C7
:10969000D0F858215A604B6A01221A714B6AC0F8FF
:1096A0005831DBE7F8B50D4F05463846F8F764FD4D
:1096B000044680B1002647600572466186612C220F
:1096C000314620301AF063FC4FF47F43FF22627270
:1096D0006381A381A6732046F8BD00BF4806002021
:1096E00010B50A4B062258685021F8F71FFD084BA9
:1096F000012258685021F8F719FD064BBDE81040CB
:10970000586804222C21F8F711BD00BF5006002034
:10971000480600205806002038B50446002501F010
:1097200025FA2046C4E93E5584F8045102F0B2FF00
:10973000C4F82851C4E9425584F81651A4F81451CC
:10974000A4F81851C4F82B51A4F84851C4F830516A
:10975000C4F83451C4F83851C4F83C51C4F84051ED
:10976000C4F84451FAF7BAF994F89A3084F856518B
:10977000C4E95001C4E9565523F0180384F89A301F
:10978000A58738BD08460149F8F70CBD58060020EA
:1097900038B5B0F802510346144625B1A9420ED29D
:1097A0006D1AA0F80251B3F8122122B191420DD2E4
:1097B000521AA3F8122100231846237038BD01F075
:1097C00095F8054658B12B7A0A2B03D022236FF067
:1097D0007300F2E795F820306FF07300EDE7074A69
:1097E0000749084840F2022312F08EFF85F31188E2
:1097F000BFF36F8F0323184602DFE4E7F86105002B
:1098000058620500205A0500034B0B44B3FBF1F3EB
:10981000A0F81831704700BFFF59620210B5044626
:1098200002F040FF2046BDE8104001F0A7B900BF9C
:1098300010B5044611B1012907D010BD02F03AFF5E
:109840002046BDE8104001F0FBB902F037FF20468A
:10985000BDE8104001F018BA70B5D0F8584106467E
:1098600034B1206821464468FBF724F8002CF8D175
:10987000D6F85C410023C6F858313CB1054D20466E
:1098800024682946F8F78EFC002CF8D10023C6F88E
:109890005C3170BD5806002090F94330002B14DA7B
:1098A00070B504460E46032009491546FFF7AAFD88
:1098B000014640B180F8206080F82150204600F039
:1098C000E1FF002070BD0C2070BD0C20704700BF70
:1098D0005006002010B5074904460120FFF792FD0D
:1098E00028B10146204600F0CDFF002010BD0C201D
:1098F00010BD00BF5006002038B504460D460220BA
:109900000849FFF77FFD58B190F8203065F3000358
:10991000014680F82030204600F0B4FF002038BD1A
:109920000C2038BD5006002010B50749044604201D
:10993000FFF768FD28B10146204600F0A3FF002094
:1099400010BD0C2010BD00BF5006002038B50446E5
:109950000D4601F0F1F9204602F00CFF07490A20FC
:10996000FFF750FD38B1014680F82050204600F046
:1099700089FF002038BD0C2038BD00BF50060020F4
:1099800008B590F94330002B08DB00F0AFFF20B1A1
:10999000037A0B2B0CBF2230002008BD02F0ACFC78
:1099A000F5E700BFF8B5D0F840319B0601D40020A0
:1099B000F8BD04460D460C2008491646FFF722FD67
:1099C000074648B1294620463246FEF7F9FB39469C
:1099D000204600F057FFEAE70C20F8BD50060020B3
:1099E00070B506460D4602F087FC20B1037A053BB0
:1099F000012B044601D90C2070BD01463046FEF70C
:109A0000DDFE0028F7D029686A68AB68ED68C4F805
:109A100037503046C4F82B10C4F82F20C4F8333028
:109A20002146FEF7C3FE002070BD00BF38B50546D5
:109A300002F062FC20B1037A053B012B044601D9F8
:109A40000C2038BD01462846FEF7B8FE0028F7D0A6
:109A500028462146FEF7AEFE002038BD2DE9F0472E
:109A60000546D0F84001BDF82090099E9A4683072C
:109A70008846174632D495F94330002B50DB3049E5
:109A80000820FFF7BFFC0446002C56D0237A082B91
:109A90002AD0092B34D1A4F826802785A4F82AA03F
:109AA000A4F82C90002E3ED03388238773886387D8
:109AB000B388A387F388E3873389A4F84030738998
:109AC000A4F8423095F94330002B12DA2846FDF70E
:109AD000E5FC0146284602F017FF0AE01849092074
:109AE000FFF790FC0446CFE72785A4F82AA0A4F846
:109AF0002C902846214600F0C5FE0020BDE8F087E6
:109B0000104A1149114840F2054312F0FDFD0023AF
:109B100083F31188BFF36F8F0323184602DFE8E752
:109B20001A20BDE8F0870A4A4FF0FF33C4E90E233C
:109B3000A4F840304FF6FF73C2E70C20DEE700BF09
:109B400050060020F8610500F85A0500205A05006B
:109B50000000FFFF08B502F0CFFB28B1007AA0F1AA
:109B60000C00B0FA80F0400908BD00BF10B50446F3
:109B700002F0C2FB10B1037A092B00D010BD0146E0
:109B80002046BDE8104002F0D9B900BF38B5044600
:109B90000D4602F0B1FB10B1037A092B00D038BD9D
:109BA00080F8205001462046BDE8384002F0CAB98E
:109BB00008B502F0A1FB28B1007AA0F10900B0FAC3
:109BC00080F0400908BD00BF38B505460C4600F0DE
:109BD0008DFE10B14369A3420ED0284602F08CFBE3
:109BE00010B14369A34200D038BD22460146284641
:109BF000BDE8384002F024BD01462246284600F068
:109C00007FFFEAE710B5044600F070FE18B1014688
:109C1000204600F099FF204602F06EFB014620B17D
:109C20002046BDE8104002F023BD10BD2DE9F041F3
:109C3000537F144605460E46002B3FD0D37F1E2B84
:109C400029D9284600F052FE0746284602F054FB68
:109C50000146002F5ED0FA7AE37F002848D0934275
:109C6000C07A51D03A7B002A5DD098424ED00A7B10
:109C7000002A4BD1072B6DD0112B04D14A7B94F8CD
:109C800020309A4242D02346324639462846BDE823
:109C9000F04100F0EBBE444A52F8232022B104F117
:109CA0001C00904760B1E37F022BCAD101232246FA
:109CB00031462846BDE8F04102F004BDFF23D377CA
:109CC000284600F013FE28B1E27FC37A9A420DD0F5
:109CD000037B5BB9284602F00FFB002850D0E27FDF
:109CE000C37A9A4202D0037B002BE0D0BDE8F0811A
:109CF0009342C8D03A7B002AC5D1072B4DD0112BF7
:109D00004BD00D2BBFD0D1E798421CD11F2385F833
:109D10006031EBE70028C9D0234632462846BDE82B
:109D2000F04102F013BC072B2CD0112B18D0B3F14B
:109D30000D0218BF012298421FD00B7BEBB9002AFD
:109D4000A1D02423E3E70A7B002ADFD1072B95D09B
:109D5000112B98D14B7B94F820209A42D6D092E7D1
:109D60007A7B94F82030D21A18BF0122112804D02F
:109D7000087B10B9487B9842E1D1002ACCD1C5E7D5
:109D8000034694E77A7B94F82030D21A18BF012258
:109D90000728EDD1002ABFD1B8E77A7B94F82030AC
:109DA0009A4283D16FE700BF5C62050070B505463B
:109DB0000E46FFF7C7FB0446002862D0337A013B0A
:109DC000211D0B2B07D8DFE803F022282E350606CD
:109DD0000606063B0642324A32493348DD2312F07A
:109DE00093FC002383F31188BFF36F8F032318467E
:109DF00002DFE379737321462846FFF7B9FB337A14
:109E00000A2B2AD02846BDE8704000F021BE084643
:109E100000F0B0FF1323F372EBE7284600F0DEFFFB
:109E20000923F372E5E7304601F096F8FF237461E9
:109E3000F372DEE7084601F0B1F80C23F372D8E7BD
:109E4000304601F09BF8FF237461F372D1E7284696
:109E500001F056FA1523F372CBE76B8EB5F89C111F
:109E600040F2E24202FB03F342F2107202FB0131C4
:109E700001392846B1FBF3F1BDE8704089B200F02A
:109E8000EDBD074A09490848A22312F03DFC84F3BE
:109E90001188BFF36F8F0323184602DF8EE700BFE0
:109EA000D8620500F85A0500205A0500E060050058
:109EB0002DE9F04107460C46164602F021FA28B17A
:109EC0000323A37200252846BDE8F08121463846C9
:109ED000FFF730FB05460028F2D021463846FFF751
:109EE00031FB804680B3237A013B08F104010B2B40
:109EF00007D8DFE803F03846064C060606060606D5
:109F0000063E264A2649274840F25E4312F0FCFBF3
:109F1000002383F31188BFF36F8F0323184602DFFA
:109F200098F80730637341463846FFF721FB3846FF
:109F300002F0EEF90423A372002EC4D0384602F0DA
:109F4000B5FB0023A372BEE7144A174915484FF426
:109F5000836312F0D9FB88F31188BFF36F8F03235B
:109F6000184602DFBFE7084600F00EFFFF23E3724A
:109F7000D6E7384601F0DCF9FF23C4F81480E37219
:109F8000CEE7384600F04EFFFF23E372C8E70846ED
:109F900001F004F8FF23E372C2E700BFD8620500B6
:109FA000F85A0500205A0500E060050038B50B7A24
:109FB000013B0C4605460B2B0CD8DFE803F00606E8
:109FC0000B290B0B0B0B0B1B0B24BDE8384001229C
:109FD000FFF76EBF174A1849184840F20E5312F0A7
:109FE00093FB002383F31188BFF36F8F032318467D
:109FF00002DF38BD02F05AFB94F820300022A27232
:10A0000085F8603138BDBDE838400022FFF750BF09
:10A0100090F8283143B90122FFF74AFF0028E8D021
:10A02000012385F8283138BD02F040FB0023A372DC
:10A0300038BD00BFD8620500F85A0500205A050057
:10A040002DE9F0410C46897A06461546042900F2AE
:10A05000F380DFE801F007230C1B0300012D4DD036
:10A06000BDE8F081002DFBD10123A372F8E7002D9C
:10A07000F6D1237A0A2B74D1304602F017FB94F8FC
:10A0800020300022A27286F86031E9E7002DE7D186
:10A0900021463046BDE8F041FFF788BF022DDFD1F1
:10A0A000DA786272023A122A6AD801A151F822F0D3
:10A0B000C9A1030081A1030081A1030081A10300C4
:10A0C00081A1030081A10300C1A1030081A10300BC
:10A0D00081A1030081A10300DBA1030081A1030092
:10A0E00081A1030081A1030081A1030081A10300DC
:10A0F00091A0030081A10300A1A10300237A0C2BEE
:10A10000AED1FEF71BF894F82030042140EA030793
:10A110003046FFF745FAA5690023FFB2A361002D81
:10A120007BD02B792D2B0ED04B4A4C494C4840F21A
:10A13000814312F0E9FA002383F31188BFF36F8F94
:10A140000323184602DF002F4BD101232B7128680F
:10A150002946FAF7BBFB304602F0A8FA0023A372A7
:10A160007EE73D4A3F493E4840F2245312F0CCFA84
:10A1700085F31188BFF36F8F0323184602DF7BE757
:10A18000354A3949364840F20D4312F0BDFA0023F2
:10A1900083F31188BFF36F8F0323184602DF77E73D
:10A1A000194601F0F5F804213046FFF7E5F930468D
:10A1B000FDF78CFF84F820002046FFF7FDF967E7E4
:10A1C000194600F06FFE63E71946204600F0E2FEF4
:10A1D00008213046FFF7D0F95AE7194600F006FF8C
:10A1E00056E703272F71338EEB80237A0C2B05F172
:10A1F0001C080DD0184A1D49194840F28A4312F034
:10A2000083FA002383F31188BFF36F8F384602DF90
:10A210004146304601F0A4F899E70F4A1449104826
:10A2200040F27E4312F070FA85F31188BFF36F8F0E
:10A230000323184602DF74E7074A0B49084840F237
:10A240008A5312F061FA002383F31188BFF36F8FF2
:10A250000323184602DF03E7D86205008861050082
:10A26000205A050020630500F85A05003C630500EC
:10A27000406105002DE9F041D1F8188000260C4618
:10A2800005468E61B8F1000F49D00126032788F8F2
:10A2900004702B8EA8F80630237A042B08F11C01D9
:10A2A00029D00C2B23D0022B17D0284A284940F262
:10A2B000AB13284812F028FA002383F31188BFF368
:10A2C0006F8F384602DF0EB1BDE8F081D8F800008C
:10A2D0004146BDE8F041FAF7F9BA637A072B1AD084
:10A2E000092B10D0194A1A494FF48173E1E7284627
:10A2F00001F036F8E7E7637A0C2B08D0134A1449CB
:10A3000040F20F13D5E7284600F0AEFDDBE7284604
:10A3100000F056FED7E7204600F052FDD3E7FFF7E6
:10A3200025F980460028B1D1084A0B4909484FF465
:10A33000C67312F0E9F988F31188BFF36F8F032316
:10A34000184602DF88F80480FFDE00BFD8620500EF
:10A35000F85A0500205A05004061050038B50B7A0F
:10A36000013B0C4605460B2B15D8DFE803F006240D
:10A370000E3214141414144114494B7A072B04D0D0
:10A38000132B02D0242385F86031284600F02EFCE0
:10A390000023A37238BD324A324933484FF4137355
:10A3A00012F0B2F9002383F31188BFF36F8F0323F8
:10A3B000184602DF38BD4B7A072B01D0092BE1D1BB
:10A3C00094F82030DB07E0D521462846FFF752FFFE
:10A3D000DBE74B7A0C2BD5D18B6993B3214628460A
:10A3E000FFF748FF284600F001FC0023A37238BDA8
:10A3F00000F0FCFB00221623A27285F8603138BD04
:10A400004B7A152B16D0072BBCD1D0F8403123F056
:10A410002003C0F8403100F0E9FB0023A372284676
:10A42000FFF798FB0028B5D128460421BDE8384045
:10A43000FFF7B6B8FDF7CAFD68B9284600F0D6FBAD
:10A44000EBE7FFF78BF80028C8D1284600F000FBA7
:10A450000423A37238BD21462846FFF70BFFECE723
:10A46000D8620500F85A0500205A050070B50E7A2A
:10A47000731E0C4605460B2B07D8DFE803F0161DAC
:10A480003145060606060661066F534A534954488D
:10A4900040F2CF2312F038F9002383F31188BFF381
:10A4A0006F8F0323184602DF70BD00F0C1FA002849
:10A4B0007FD00123A37270BD00F0BAFA0028F8D152
:10A4C00021462846FFF736F80028F2D021462846D4
:10A4D000FFF76CFC6369002B08BF0326A67270BDF2
:10A4E00000F0A6FA0028E4D121462846FFF722F81A
:10A4F0000028DED021462846FFF758FC6369002B70
:10A5000018BF0226A67270BD90F828319BBB00F0E0
:10A510008FFA0028CDD121462846FFF70BF80028F6
:10A52000C7D021462846FFF741FC6269002A4FF058
:10A5300001030CBF03220222A27285F8283170BDEC
:10A54000FEF7F8FF0028B4D021462846FFF72EFC7E
:10A550001622022384F82020A37270BDD0F8403167
:10A560009B0602D5FFF7F6FA68B1284600F03EFBDD
:10A570000023A37270BD0C2200234A728B61BDE8D8
:10A580007040FFF7EBBE284600F052FA002890D149
:10A5900021462846FEF7CEFF00288AD0042128460F
:10A5A000FEF7EAFF21462846FFF700FC0323A372CB
:10A5B00070BD21462846FEF7BDFF00283FF479AF65
:10A5C00021462846FFF7F2FB6369002B0CBF0323EB
:10A5D0000223A37270BD00BFD8620500F85A0500BF
:10A5E000205A050070B50C46897A0646154604299E
:10A5F00000F2A380DFE801F003031B280600002D12
:10A600005CD070BD002DFCD1237A042B00F0878034
:10A61000524A534953484FF45F7312F075F885F36B
:10A620001188BFF36F8F0323184602DF70BD052D1D
:10A63000E7D1237A032B01D00A2BE2D12146304601
:10A64000BDE87040FFF78ABE012DDAD1DA78627278
:10A65000023A172A37D801A151F822F013A70300B4
:10A66000C7A60300C7A60300C7A60300C7A603002A
:10A6700009A70300C7A6030001A70300C7A603009C
:10A68000C7A60300F9A603003DA60300C7A6030062
:10A69000C7A60300C7A60300EFA60300C7A60300D2
:10A6A0003DA60300C7A60300E7A60300C7A6030054
:10A6B000C7A60300C7A603003DA603002146BDE8C8
:10A6C0007040FFF7D3BE254A2549264840F24F3354
:10A6D00012F01AF8002383F31188BFF36F8F03235E
:10A6E000184602DFAAE7194600F07CFEA6E71946E5
:10A6F000204600F0F3FCA1E7194600F077FC9DE747
:10A70000194600F0FDFB99E71946204600F054FB7E
:10A7100094E7124A1249134840F23633D8E7FEF75D
:10A720001DFF00283FF46DAF21463046FFF7A2FD24
:10A73000304600F05BFAA57270BD084A0849094826
:10A7400040F29A3311F0E0FF002383F31188BFF346
:10A750006F8F0323184602DF70BD00BFD86205006B
:10A76000F85A0500205A0500131D0522FFF73ABFCD
:10A7700002F11C030122FFF735BF00BF1346002280
:10A78000FFF730BF02F11C030222FFF759BC00BFE4
:10A79000131D0122FFF754BC13460022FFF750BCE3
:10A7A00070B5044606F032F868B1D4F8F85045B1F7
:10A7B000D4F8FC202B68C4F8F830954208BFC4F8E0
:10A7C000FC30284670BD05460121032005F0BCFF82
:10A7D0002A46064601210320F7F76CFDD4F8F8500D
:10A7E00045B1D4F8FC202B68C4F8F830954208BF76
:10A7F000C4F8FC30002EE4D0012211460320F7F704
:10A8000059FD284670BD00BF70B5044605F0FEFF37
:10A8100040B1D4F8F850DDB100220123A4F80221A0
:10A82000AB7370BD05460121032005F08DFF2A465C
:10A83000064601210320F7F73DFDD4F8F850002E1D
:10A84000E9D0012211460320F7F734FD002DE3D1B2
:10A85000094A0A490A484FF4F57311F055FF85F388
:10A860001188BFF36F8F0323184602DF00220123F4
:10A87000A4F80221AB7370BD64630500AC630500EE
:10A88000205A0500F8B505460C4605F0BFFF40B15B
:10A8900000232360D5F8FC30F3B11C60C5F8FC4000
:10A8A000F8BD06460121032005F04EFF324607465B
:10A8B00001210320F7F7FEFC2660D5F8FC3083B1B8
:10A8C0001C60C5F8FC40002FEAD00122BDE8F8402A
:10A8D00011460320F7F7EEBCC5F8F840C5F8FC4078
:10A8E000F8BDC5F8F840C5F8FC40ECE770B5054682
:10A8F00005F08CFF18B1D5F8F840204670BD04462D
:10A900000121032005F020FF2246064601210320F5
:10A91000F7F7D0FCD5F8F840002EEED00122114612
:10A920000320F7F7C7FC204670BD00BF38B50C46C2
:10A930000546FFF7DBFF84420DD0184A1849194835
:10A94000522311F0E1FE002383F31188BFF36F8FD0
:10A950000323184602DFA36913B11B792D2B07D0FF
:10A960002846FFF71DFF2046BDE83840FEF7BEBD74
:10A970000A4A0D490B48572311F0C6FE002383F302
:10A980001188BFF36F8F0323184602DF2846FFF7B5
:10A9900007FF2046BDE83840FEF7A8BD6463050008
:10A9A000C0630500205A0500D463050038B505468C
:10A9B000FFF79CFF037A013B04460B2B1BD8DFE813
:10A9C00003F0060606061A1A2A1414061A06014689
:10A9D00000222846FFF7D2FEA37B03B938BD2146EB
:10A9E0002846BDE83840FFF7A1BF014600222846AF
:10A9F00001F076FAF0E70B4A0B490C484FF4EF737D
:10AA000011F082FE002383F31188BFF36F8F0323BD
:10AA1000184602DFE0E7014600222846FEF71EFC4A
:10AA2000DAE700BF64630500F85A0500205A050004
:10AA300090F80401A0F10100B0FA80F040097047DD
:10AA4000012380F804317047002380F804317047F7
:10AA5000B0F81831A0F80231704700BFA0F8021119
:10AA6000704700BF0023A0F80231704738B50C468C
:10AA70008969054610461A46F9B1217A01390B2930
:10AA800023D8DFE801F0060606062222321D1D0645
:10AA9000220621462846FFF76BFEA36923B11B79E6
:10AAA0002D2B1CBF0023A361A37B03B938BD214616
:10AAB0002846BDE83840FFF739BFA3612061DCE7D5
:10AAC0002146284601F0B8F9E7E70A4A0A490B4847
:10AAD00040F2491311F018FE002383F31188BFF3ED
:10AAE0006F8F0323184602DFD7E721462846FEF77B
:10AAF00095FBD2E764630500F85A0500205A05006B
:10AB000038B50B7A033B0C460546092B09D8DFE81C
:10AB100003F0050808080D08080508052146FFF799
:10AB200023FEA37B0022626143B938BD2146FEF7B4
:10AB300099FBA37B00226261002BF6D021462846B8
:10AB4000BDE83840FFF7F2BE38B50B7A072B0C464C
:10AB5000054608D0A37B03B938BD21462846BDE889
:10AB60003840FFF7E3BEFEF781FBF3E70222002344
:10AB700080F80021A0F80231704700BF38B590F886
:10AB800000310446032B1AD8DFE803F002100F103F
:10AB9000FFF7ACFE48B1057A2046FFF707FF0A2D04
:10ABA00014BF0123032384F8003138BDFFF79EFE54
:10ABB0000028FAD02046BDE83840FFF7F7BE084A23
:10ABC000084909484FF41B7311F09EFD002383F3DD
:10ABD0001188BFF36F8F0323184602DF38BD00BF13
:10ABE00064630500F85A0500205A050010B590F876
:10ABF00000310446032B0DD8DFE803F008020702FA
:10AC0000FFF702FE002384F8003110BDBDE81040BC
:10AC1000FFF7FABD074A084908484FF41B7311F0C3
:10AC200073FD002383F31188BFF36F8F032318464E
:10AC300002DF10BD64630500F85A0500205A0500C4
:10AC400008B590F80031022B13D000D808BD032BB3
:10AC5000FCD00A4A0A490B484FF41B7311F054FD0B
:10AC6000002383F31188BFF36F8F0323184602DF9D
:10AC700008BD002380F8003108BD00BF64630500F3
:10AC8000F85A0500205A050038B590F800310446FE
:10AC9000032B3AD8DFE803F0092612132046294691
:10ACA000FEF7D4FC2846FEF721FC2046FFF778FD8E
:10ACB00005460028F2D1022384F8003138BDFFF7A1
:10ACC0006FFD05460028F6D029462046FEF7BEFC5B
:10ACD0002846FEF70BFC2046FFF762FD05460028DC
:10ACE000F2D1E8E7FFF75CFD05460028E3D02946EE
:10ACF0002046FEF7ABFC2846FEF7F8FB2046FFF7A0
:10AD00004FFD05460028F2D1D5E7084A0849094811
:10AD10004FF41B7311F0F8FC002383F31188BFF389
:10AD20006F8F0323184602DF38BD00BF6463050040
:10AD3000F85A0500205A050038B50546FFF730FDE2
:10AD400068B1044621462846FEF780FC2046FEF7FF
:10AD5000CDFB2846FFF724FD04460028F2D100244D
:10AD6000A5F802412146284601F0B8FA85F80041CD
:10AD700038BD00BF03780121122243F003030370A2
:10AD80004170C270704700BF03780121132243F065
:10AD9000030303704170C270704700BF0B784FF01F
:10ADA000020C43F0030307220B7081F801C0CA7044
:10ADB00090F84C300B7170470B7980F84C3070472D
:10ADC0000B784FF0020C43F0030307220B7081F85D
:10ADD00001C0CA7090F84C300B71704710B50B78F9
:10ADE0000C460922082143F00303E17062702370CE
:10ADF00090F94330002BACBF0B460E23E370F8F7FD
:10AE00006DFE002261F30702C1F3072C0B0C6CF3FB
:10AE10000F2263F317421B0A63F31F626060A26094
:10AE200010BD00BF38B50C460546F8F757FE23782D
:10AE300043F00303237009236370E370D5F84031B6
:10AE4000217263F0FF031840020C0B0CC0F30725BE
:10AE50002071C1F30721100AA2711A0AE07165710D
:10AE60006172A372E27238BD0B78092243F00303CA
:10AE70000B704A70CA70D0E94E23100CC2F3072C35
:10AE80000A711A0C81F805C088714FEA102C0B72F8
:10AE9000C3F30720130A81F807C048728A72CB7285
:10AEA000704700BF2DE9F0414B68144F8E685A0F70
:10AEB00082EA137202F001021F40002193184941F7
:10AEC0009B18054641F1000887EA0374F8F706FE6F
:10AED00004EA0003C5F8403163F0FF0306F0EF0613
:10AEE0003B4046EA0878C5E94E3608EA01010122EE
:10AEF000C5F8441185F83021BDE8F0812FCF87F7E0
:10AF00002DE9F0414A68134F8E68530F83EA12739C
:10AF100003F00103D91807EA02074FF0000252417B
:10AF2000C918054642F1000487EA0178F8F7D6FD12
:10AF300006F0EF0646EA0474C5E94E7608EA00001A
:10AF40000C400123C5F84001C5F8444185F8303173
:10AF5000BDE8F0812FCF87F70B784FF0030C43F05B
:10AF6000030319220B7081F801C0CA7090F82030D9
:10AF70000B7190F821304B71704700BF0B780222A3
:10AF800043F003030B704A70CA7090F820300B71C5
:10AF9000704700BF0B7980F8203070470378074A6C
:10AFA000C0F805204FF0060C43F0030340F60C51A7
:10AFB000037080F801C0A0F803107047F105FFFF8F
:10AFC0000B784FF0060C43F003030C220B7081F852
:10AFD00001C0CA7090F82A310B71B0F82B31A1F87A
:10AFE0000530B0F82D31A1F807307047012380F803
:10AFF00029310B7980F82A31B1F80530A0F82B31CE
:10B00000B1F80730A0F82D31704700BF0B7803224C
:10B0100043F003034FF0170C0B7081F801C0CA70A6
:10B02000D0F82130D0F825208A604B6090F8293084
:10B030000B7390F82A304B73704700BF10B503783C
:10B040000D21042243F0030341700370C270841881
:10B0500005F0DCFB0C2120B12046BDE8104003F0D8
:10B06000B7B82046BDE8104003F0A8B80378012126
:10B07000052243F0030303704170C270704700BFA4
:10B0800003780121062243F0030303704170C2706C
:10B09000704700BF037801210B2243F003030370C4
:10B0A0004170C270704700BF037801714FF0020C0D
:10B0B00043F003030D22037080F801C0C270704793
:10B0C0000378017143F003034FF0030C0370112365
:10B0D00080F801C0C3704271704700BF0B7980F8DF
:10B0E0004D304B7980F84E30704700BF0B784FF0F1
:10B0F000030C43F0030316220B7081F801C0CA70E1
:10B1000090F82030C3F3C2034B7190F82030C3F3A2
:10B1100002030B71704700BF0A7990F8203062F388
:10B12000C50380F820304A7962F3020380F82030AA
:10B13000704700BF0B784FF0030C43F00303172256
:10B140000B7081F801C0CA7090F8A431C3F3C20338
:10B150004B7190F8A431C3F302030B71704700BF29
:10B16000CB8843850B7980F82C304B7980F82D30D3
:10B17000704700BF0B784FF0180C43F003030F2209
:10B180000B7081F801C0CA70C38C8B80038DCB809B
:10B19000438D0B81838D4B8190F834300B73C38EBC
:10B1A000A1F80D30038FA1F80F30438FA1F81130B3
:10B1B000838FA1F81330C38FA1F81530B0F8403059
:10B1C000A1F81730B0F84230A1F81930704700BF2D
:10B1D0000B784FF0180C43F0030310220B7081F82A
:10B1E00001C0CA70C38C8B80038DCB80438D0B81D3
:10B1F000838D4B8190F834300B73C38EA1F80D30E2
:10B20000038FA1F80F30438FA1F81130838FA1F87D
:10B210001330C38FA1F81530B0F84030A1F81730C3
:10B22000B0F84230A1F81930704700BF8B88C38452
:10B23000CB8803850B8943854B8983850B7B80F8FD
:10B240003430B1F80D30C386B1F80F300387B1F850
:10B2500011304387B1F813308387B1F81530C387B5
:10B26000B1F81730A0F84030B1F81930A0F84230EA
:10B27000704700BF0B78002243F003034FF00C0C23
:10B28000CA700B7081F801C090F823300B71036B0A
:10B29000094AA2FB03239B0AA1F80530438DA1F8BC
:10B2A0000930038DA1F80730838DA1F80B30838C12
:10B2B000A1F80D30704700BF5917B7D10B7980F84E
:10B2C0002330B1F8053040F2E24202FB03F303639E
:10B2D000B1F809304385B1F807300385B1F80B3078
:10B2E0008385B1F80D308384704700BFB1F8093011
:10B2F00003844B68C0F822300B7A80F82630704700
:10B300000B784FF0090C43F0030314220B7081F803
:10B3100001C0CA70B0F866308B80B0F864300B8121
:10B32000B0F86A30CB80B0F868304B81704700BF0E
:10B330000B784FF0090C43F0030315220B7081F8D2
:10B3400001C0CA70B0F866308B80B0F864300B81F1
:10B35000B0F86A30CB80B0F868304B81704700BFDE
:10B360000B784FF0090C43F0030315220B7081F8A2
:10B3700001C0CA70B0F876308B80B0F874300B81A1
:10B38000B0F87A30CB80B0F878304B81704700BF8E
:10B390008B88A3F11B02E02A22D8B1F808C0ACF1D7
:10B3A0001B02E02A1CD830B5CD88A5F5A47244F262
:10B3B000481492B2A24212D84A8900218E4662F302
:10B3C0000F0EA2F5A4726CF30F0192B2A24263F3C6
:10B3D0001F4165F31F4E9CBFC166C0F870E030BDD1
:10B3E000704700BF8B88A3F11B02E02A22D8B1F876
:10B3F00008C0ACF11B02E02A1CD830B5CD88A5F5F9
:10B40000A47244F2481492B2A24212D84A8900218E
:10B410008E4662F30F0EA2F5A4726CF30F0192B286
:10B42000A24263F31F4165F31F4E9CBFC166C0F883
:10B4300070E030BD704700BF70B58C6900230D46C9
:10B4400006468B6104B3192322792371338EE3807E
:10B4500095F82030237743B92B8DE3836B8D2384BC
:10B46000AB8D63842D2A09D070BD738EE383B38EB8
:10B470002384B6F89C3163842D2AF5D120682146B7
:10B48000BDE87040F9F722BA074A0849084840F277
:10B49000071311F039F984F31188BFF36F8F032379
:10B4A000184602DFCFE700BF2C64050040610500AD
:10B4B000205A0500F8B58C6900230D4606468B61BD
:10B4C00094B1032327792371338EE38004F11C01A7
:10B4D0002846FFF74FFE2D2F00D0F8BD20682146EB
:10B4E000BDE8F840F9F7F2B9074A084908484FF4AF
:10B4F000597311F009F984F31188BFF36F8F032397
:10B50000184602DFDDE700BF2C640500406105003E
:10B51000205A050030B5438E0A8D4C8D8D8D934297
:10B5200085B002D1838EA34214D0012381F822304A
:10B5300002950B6BCDE900240C7A91F82320898CBD
:10B540000391A4F10801B1FA81F14909ECF760FE19
:10B5500005B030BDB0F89C315B1B18BF0123E5E797
:10B56000F8B5CD6900230C4607461646CB61002D81
:10B570003FD0291D112E0AD8DFE806F02E0909094F
:10B580000909092A09090909090909093222234A6D
:10B59000234924484FF4527311F0B6F8002383F383
:10B5A0001188BFF36F8F0323184602DFEB796373B3
:10B5B00029463846FDF7DCFF237A092B14D0F8BD65
:10B5C000084694F8202094F82110FFF779FDEDE764
:10B5D0002046FFF7E3FBE9E72046FFF74BFEE5E7F0
:10B5E0002046FFF7F5FDE1E73846BDE8F84000F0FA
:10B5F0008FBEFDF7A7FF05460028BAD1074A0A49C2
:10B60000084840F22E3311F07FF885F31188BFF31C
:10B610006F8F0323184602DFABE700BF2C640500E1
:10B62000F85A0500205A0500E060050038B58B691E
:10B630000C46054673B11F4A1F49204840F2863325
:10B6400011F062F8002383F31188BFF36F8F032397
:10B65000184602DFFDF78AFF2D23A061037194F8DD
:10B6600034200121002384F823102363218D4AB163
:10B67000B1FBF2F313FB02F3E28C9BB29A429CBF44
:10B6800023851946238F8B4204D840F2E24202FB05
:10B6900003F323632846FCF767FCAB8E063318449C
:10B6A000A084002221462846FFF75AFF4FF60B736D
:10B6B000638138BD2C64050078640500205A0500BC
:10B6C0002DE9F0413A4E336804460D462BB18342D2
:10B6D00003D00123AB72BDE8F0812046FFF7A8F943
:10B6E0000028F6D1204600F001FE07460028F0D1E0
:10B6F00029462046FDF71EFF0028EAD02046FCF729
:10B7000033FC01218046204600F0E8FDA5F8368094
:10B71000D5F81C8085F834703460EF61B8F1000F03
:10B7200029D008F104012846FFF724FD98F80730D6
:10B730006B7341462046FDF71BFF2B7A092B16D071
:10B7400094F84330DB0902D004236B81C3E7194A24
:10B7500019491A4840F29B1310F0D6FF002383F3D7
:10B760001188BFF36F8F0323184602DFB3E720462B
:10B77000FFF76EF9E4E729462046FDF7E3FE804631
:10B780000028CED10B4A0E490C4840F22F1310F07E
:10B79000BBFF88F31188BFF36F8F0323184602DFC6
:10B7A00004212846FFF7E6FC98F80730FFDE00BFCB
:10B7B000083000202C640500F85A0500205A0500C6
:10B7C000E060050038B505460C4600F099FD10B163
:10B7D0000923A37238BD21462846FDF7ABFE002899
:10B7E000F6D021462846FDF7ADFEE061FDF7B6FE36
:10B7F00010B90C23A37238BD21462846BDE8384055
:10B80000FFF714BF70B50C460546FCF7ADFBA38CE3
:10B81000C31A1B0400D570BD21462846FFF77AFEE7
:10B82000237A092B15D094F82260E6B92046FDF75B
:10B83000E7FEA661284600F039FF237A092B05D1DF
:10B840000D4B1A68954204BF00221A600023A372B0
:10B8500070BD284600F062FD237A092BE3D194F8ED
:10B860002030002BDFD0002384F8203021462846EA
:10B87000FFF7E2FDDEE700BF0830002070B50646A6
:10B880000C4600F03DFD10B10623A37270BD0546C5
:10B8900021463046FDF74EFE0028F5D01122214604
:10B8A0003046FFF75DFE304600F000FF237A092B9B
:10B8B00004D1044B1A68964208BF1D600023A3728E
:10B8C00070BD00BF0830002070B5204A13680646DE
:10B8D0000C468BB183420FD002238B7200F010FD17
:10B8E000054620B921463046FDF724FE08BB204618
:10B8F000BDE87040FDF760BE218D738E16609942E1
:10B90000628DA08D06D021463046FFF7D3FD04237B
:10B91000A37270BDB38E9342F5D1B6F89C318342C9
:10B92000F1D12046FDF76CFE00220523A261A3722F
:10B9300070BD4FF47263214623843046FFF79EFFAB
:10B940002046FDF75DFEA56170BD00BF08300020F8
:10B9500070B50C46897A064615460C2900F2A98076
:10B96000DFE801F00B17464E586273A77A848B9F6D
:10B970000700002D00F0AD8070BD002DFCD1237AB2
:10B98000082B00F0C980092B40F0B7800123A37277
:10B9900070BD012DF0D119462046FFF747FCE38C1E
:10B9A000228DA08D618D94F83450052B17D9B2F5F6
:10B9B000486F14D8934212D8B1F5FA7F0FD2A0F194
:10B9C0000A039BB240F6764C634508D84B1C9BB2E9
:10B9D00002FB03F3B3EB800F01D2AA420AD240F676
:10B9E0001E73238421463046BDE87040FFF746BFF2
:10B9F000012DC1D821463046BDE87040FFF764BF35
:10BA0000002DB9D1FDF7AAFD002840F0C78003231F
:10BA1000A37270BD032D67D0042DADD10F22062374
:10BA200084F82120A37270BD002DA5D190F9433078
:10BA3000002B5CDA94F8203083B10F2384F8213096
:10BA40002146BDE87040FFF719BF002D94D1214673
:10BA5000BDE87040FFF712BF002D8DD1304600F0D9
:10BA60004FFC00285BD00823A37270BD002D83D14A
:10BA70002146BDE87040FFF7A5BE022D7FF47CAFE4
:10BA800090F84320C2F3C011D20956D184F84C106B
:10BA900000F036FC0546002800F089800D23A372D3
:10BAA00070BD002D7FF468AF2146BDE87040FFF700
:10BAB000A9BE504A5049514840F2515310F024FE5B
:10BAC000002383F31188BFF36F8F0323184602DF2F
:10BAD00070BDFDF743FD00283FF44EAF21463046D0
:10BAE000BDE87040FFF7A2BD0523A37270BDA5613C
:10BAF0002146BDE87040FFF765BE3E4A3E493F48DB
:10BB000040F2F23310F000FE85F31188BFF36F8F1F
:10BB10000323184602DF70BD0A23A37270BD2146BD
:10BB20003046FDF707FD00289DD010222146304603
:10BB3000FFF716FD0A23638170BD19462046FFF703
:10BB4000BDFB218D628DA58D8B1F9BB240F67A4087
:10BB500083422AD8B2F5FA7F27D2A5F10A039BB215
:10BB600040F67640834220D8531C9BB201FB03F37E
:10BB7000B3EB850F19D23046A58CFCF7F5F92B1ADB
:10BB80009BB247F6FE72934229D9282386F860318A
:10BB9000304600F08BFD0023A37270BD2146304675
:10BBA000FFF788FC0423A37270BD1E23EEE7214635
:10BBB0003046FDF7BFFC00283FF470AF0722214656
:10BBC0003046FFF7CDFC304600F070FD237A092B9C
:10BBD000E1D10B4B1A689642DDD11D60DBE72046B0
:10BBE000FDF7EAFC0B23A37221463046BDE8704006
:10BBF000FFF708BE2C640500F85A0500205A05001E
:10BC000008300020F8B50C46897A06461546062904
:10BC100008D8DFE801F0172B070733640400002D74
:10BC200065D0F8BD7F4A804980484FF43E7310F0DC
:10BC30006BFD002383F31188BFF36F8F0323184636
:10BC400002DFF8BD002DECD1237A092B10D0754A04
:10BC5000754976484FF4F57310F056FD85F3118859
:10BC6000BFF36F8F0323184602DFF8BD002DD8D134
:10BC700021463046BDE8F840FFF722BD032D00F015
:10BC80008D80042D00F09280022DCAD119462046E5
:10BC9000FFF714FB228D608DB4F82CC0931F9BB26C
:10BCA00040F67A418B4244D8B0F5FA7F41D2ACF1EC
:10BCB0000A039BB240F676418B423AD8431C9BB2B2
:10BCC00002FB03F3B3EB8C0F33D22946304600F06E
:10BCD00005FB2046FDF770FC0623A372F8BD002D7E
:10BCE0009FD1FEF7A5FE60B30523A372F8BDFCF754
:10BCF0003BF9A38CC01A030493D42946304600F0C4
:10BD0000EDFA21463046FFF705FC237A092B58D07F
:10BD100094F82250002D5ED12046FDF771FCA561FC
:10BD20003046FEF763FF237A092B2CD00023A37241
:10BD3000F8BD0021304600F0D1FA1E2386F86031AC
:10BD4000EEE721463046FDF7F5FB0028CCD029462A
:10BD5000304600F0C3FAE769E561002F43D094F85C
:10BD6000202094F82110381DFFF7AAF9FB7963739E
:10BD700039463046FDF7FCFB237A092BD0D13046FB
:10BD8000FEF766FECCE796F94330002B25DB284B07
:10BD90001A689642CAD100221A60C7E75B7984F814
:10BDA000203021463046FFF747FBB9E7D0F8403155
:10BDB0001A2223F00203C0F84031214684F82020E3
:10BDC000F0E73046FEF74EFE237A092BA0D194F817
:10BDD0002030002B9CD00023E1E73046FDF7E8FE41
:10BDE0000028D4D0A2E721463046FDF7ABFB07463A
:10BDF0000028B4D10B4A0F490C4840F22F1310F021
:10BE000083FC85F31188BFF36F8F0323184602DF8D
:10BE1000042094F8202094F82110FFF751F9EB79D1
:10BE2000FFDE00BF2C640500F85A0500205A05000B
:10BE300008300020E060050010B592F81FC082B005
:10BE4000044602F11C03BCF1110F0AD8DFE80CF024
:10BE50002C09090909090925090909090909090913
:10BE60001E17242380F860310191FEF7BFFE01996F
:10BE70000B7A092B1FD000238B7202B010BD032256
:10BE8000204602B0BDE81040FFF7BCBE01222046AC
:10BE900002B0BDE81040FFF7B5BE0422204602B054
:10BEA000BDE81040FFF7AEBE0222204602B0BDE85A
:10BEB0001040FFF7A7BE94F94330002B06DB074B79
:10BEC0001A689442D7D100221A60D4E72046019123
:10BED000FDF76EFE01990028F1D0CCE70830002074
:10BEE00013460022FFF78EBE70B5D57F02F11C030A
:10BEF00035B10F2D09D1BDE870400122FFF728BDF3
:10BF0000BDE870400222FFF723BD24230E4680F8CF
:10BF10006031044600F0CAFB337A092B05D1044B8B
:10BF20001A68944204BF00221A600023B37270BDE5
:10BF30000830002013460022FFF70ABD0023032229
:10BF4000FFF706BD00230422FFF702BD70B5D37FC3
:10BF5000012B05460C4607D0242380F8603100F001
:10BF6000A5FB0023A37270BD8B7A012B12D013F0B6
:10BF7000FD0FF8D0154A1649164840F2271310F065
:10BF8000C3FB002383F31188BFF36F8F032318468D
:10BF900002DF70BD02F11C012046FFF7A7F9284619
:10BFA000268CFBF7E1FF361AB6B247F6FE739E42C7
:10BFB00002D80223A37270BD282385F86031284679
:10BFC00000F074FB0023A37270BD00BF98640500ED
:10BFD000F85A0500205A050038B58B7A012B12D08B
:10BFE000022B0C4610D00BB3124A1349134840F2EF
:10BFF000271310F089FB002383F31188BFF36F8FA1
:10C000000323184602DF38BD0546FBF7ADFF238C3E
:10C01000C01A0304F7D404F122012846FBF7B2FF4B
:10C02000284600F043FB0023A37238BD01238B7226
:10C0300038BD00BF98640500F85A0500205A050075
:10C0400038B5D0F808318B4204460D4623D01C4A3F
:10C050001C491D48782310F057FB002383F31188F7
:10C06000BFF36F8F0323184602DFAB6913B11B794F
:10C070002D2B15D0D4F8083143B1D4F80C111A681F
:10C08000C4F80821994208BFC4F80C212846BDE82D
:10C090003840FDF72BBA8B69002BE8D10B46ECE753
:10C0A000074A0A4908487D2310F02EFB002383F33A
:10C0B0001188BFF36F8F0323184602DFDAE700BF52
:10C0C000E0640500C0630500205A0500D463050044
:10C0D00038B5D0F808512B7A013B04460B2B28D8F1
:10C0E000DFE803F00606060618181D1313062206DD
:10C0F00000222946FEF750FBAB7B2BB12946204698
:10C10000BDE83840FFF79CBF38BD00222946FFF745
:10C1100011FFF1E700222946FCF758FBECE700226B
:10C120002946FDF7C5F8E7E700222946FFF754FF47
:10C13000E2E7084A084909484FF4E77310F0E4FAC7
:10C14000002383F31188BFF36F8F0323184602DFA8
:10C15000D2E700BFE0640500F85A0500205A050048
:10C1600070B5D0F8085104461DB394F81431012B72
:10C1700003D1022384F8103170BD29462046FDF713
:10C18000D9F90028F5D029462046FDF7DBF9064607
:10C19000F0B1311D2846FEF701FEF3796B7331468D
:10C1A0002046FDF7E5F90123AB73002384F8103135
:10C1B00070BD0F4A0F49104840F2162310F0A4FA40
:10C1C00085F31188BFF36F8F0323184602DFCCE796
:10C1D000074A0A4908484FF4EF7310F095FA86F3BE
:10C1E0001188BFF36F8F0323184602DFD1E700BF2A
:10C1F000E0640500AC630500205A0500E06005001E
:10C2000070B5D0F808510446ADB394F81431012B41
:10C2100003D1012384F8103170BD29462046FDF773
:10C2200089F90028F5D029462046FDF78BF9064606
:10C2300000283CD02046FEF759FB2A7A037A934225
:10C2400006F1040026D0082B26D02A2194F830319C
:10C250001BB1D4F840315B0723D4FEF725FFF379F7
:10C260006B7331462046FDF783F90123AB7300233E
:10C2700084F8103170BD154A1549164840F206235E
:10C2800010F042FA85F31188BFF36F8F032318462D
:10C2900002DFBAE72321D9E7092A14BF2A21232183
:10C2A000D4E70A4694F81711FEF70AFFD7E7074AC2
:10C2B000094908484FF4EF7310F026FA86F3118805
:10C2C000BFF36F8F0323184602DFB3E7E064050076
:10C2D000AC630500205A0500E060050080F81611E7
:10C2E000704700BF704700BF0020704790F81501ED
:10C2F000003818BF01207047D0F80801704700BF10
:10C3000090F81401A0F10100B0FA80F040097047E4
:10C31000B0F81831A0F81231704700BF0023A0F820
:10C320001231704738B5D0F80841A4B10546D5F8A8
:10C330000C212368C5F808319442214608BFC5F88E
:10C340000C312846FDF782F92046FDF7CFF8D5F8E5
:10C350000841002CEBD138BD022938B5054612D072
:10C3600004290C460AD0012900D038BDD0F8083184
:10C37000002BFAD0BDE83840FFF7AABEFFF7D2FF86
:10C3800085F8104138BDD0F80841002380F81531F8
:10C390003CB100230122A5F81231A27385F81031B7
:10C3A00038BD074A0749084840F2292310F0ACF984
:10C3B00084F31188BFF36F8F0323184602DFE8E789
:10C3C000E0640500AC630500205A0500F8B590F85C
:10C3D000103104460E461546052B00F29F80DFE81B
:10C3E00003F00E1607030B03BDE8F840FFF7B4BFD8
:10C3F000BDE8F840FFF7B4BE03290CD0F8BD71B119
:10C400000429FBD1FFF78EFF84F81061F8BDBDE869
:10C41000F840FFF7F5BE002380F81031F8BDD0F8E2
:10C420000871002FEAD03B7A90F816C190F843E0EB
:10C43000112B11D8414A012101FA03F0024052B3F5
:10C440000A2B21D0C3B184F815612046FFF740FEC6
:10C45000032384F81031F8BD394A3A493A486B232E
:10C4600010F052F9002383F31188BFF36F8F032379
:10C47000184602DF3B7AE3E7EB7F87F84C30204633
:10C48000BDE8F840FFF76CBE2046FFF721FE05230C
:10C4900084F81031F8BD10F4386FDDD00A2BF3D0DA
:10C4A000002BE9D0BCF1000F01D10E46CBE71EF006
:10C4B000800F12D1BCF1010F22D0BCF1020F9DD12F
:10C4C0002046FEF713FA3B7A027A9A4222D0082AD3
:10C4D0001ED02A2384F86031F8BDBCF1010FECD1E5
:10C4E0002046FEF703FA08B1FF22C272012384F846
:10C4F00015312046FFF7ECFD032384F81031F8BD19
:10C50000EB7F84F817312046BDE8F840FFF778BE8E
:10C51000092BDED1232384F86031F8BD084A09498C
:10C5200009484FF4437310F0EFF8002383F31188A8
:10C53000BFF36F8F0323184602DFF8BD7FF40300BB
:10C54000E0640500F85A0500205A050038B50C468D
:10C550008969054610461A46237AF1B10C2B57D843
:10C56000DFE803F00D070707073C3C484242074E4F
:10C57000070021462846FEF705F9A16921B10B798C
:10C580002D2B1CBF0023A361A37B2BB12146284682
:10C59000BDE83840FFF754BD38BDA26120610C2BC7
:10C5A00036D801A151F823F00DC6030073C503006E
:10C5B00073C5030073C5030073C50300DDC5030025
:10C5C000DDC50300F5C50300E9C50300E9C50300A7
:10C5D00073C5030001C6030073C503002146284646
:10C5E000FCF7C4F8A169C9E721462846FFF77CFC9F
:10C5F000A169C3E721462846FCF73CFEA169BDE7D7
:10C6000021462846FFF7A2FCA169B7E71146B5E726
:10C61000084A094909484FF4A17310F075F800233E
:10C6200083F31188BFF36F8F0323184602DFA169DC
:10C63000A4E700BFE0640500F85A0500205A050091
:10C6400038B50B7A072B0C4605460ED00C2B01D1C2
:10C65000FEF79EF8A37B002262612BB1214628469B
:10C66000BDE83840FFF7ECBC38BDFCF725FEF1E72C
:10C6700038B50B7A072B0C46054608D0A37B2BB1A7
:10C6800021462846BDE83840FFF7DABC38BDFCF744
:10C6900017FEF3E70422002380F81021A0F81231DE
:10C6A000704700BF00220121FFF790BE0022022147
:10C6B000FFF78CBE00220321FFF788BE0022042171
:10C6C000FFF784BEF0B5044683B00E4615467BB135
:10C6D000D37F1B2B31D8DFF898C090F843100CEBB8
:10C6E0004307C9097F781AB201238B403B402BD105
:10C6F0001846FCF7D7FF0746E8B100230360D4F8DB
:10C700000C31E3B11860C4F80C012A460021204620
:10C71000FFF75CFEBB7B1BB139462046FFF790FC60
:10C72000D4F8081139B12B463246204603B0BDE893
:10C73000F040FFF70BBF03B0F0BD0023D8E7C4F80B
:10C740000801C4F80C01E0E71CF812300A2BCFD125
:10C750000193FFF7E7FD0022A4F8122184F81521C8
:10C7600084F810212046FEF7E7FA019BC0E700BFDE
:10C770002865050010B50446FFF7D4FD0023A4F892
:10C78000123184F8153184F8103110BD10B50C4603
:10C7900030B994F884316FF3000384F8843110BD0C
:10C7A0000A4A0B490B4840F2A2230FF0ADFF0023C9
:10C7B00083F31188BFF36F8F0323184602DF94F8C9
:10C7C00084316FF3000384F8843110BD6065050087
:10C7D000A8650500205A050000B9704708B5084A49
:10C7E0000849094840F29A230FF08EFF002383F393
:10C7F0001188BFF36F8F0323184602DF08BD00BF07
:10C8000060650500985F0500205A0500012800D0EA
:10C81000704710B50C46F8F71BF984420ED0084A51
:10C820000849094840F292230FF06EFF002383F37A
:10C830001188BFF36F8F0323184602DF10BD00BFBE
:10C8400060650500BC650500205A05002DE9F84328
:10C85000099C9DF820900546208E4FF6FF71884276
:10C8600025D02946204690461F46FBF711F9F0B91E
:10C8700026780136F6B226705EB31D491D4B0F8136
:10C8800004F11C000022C860C1E9005881F80A9038
:10C89000996001201146F5F743FD50B9FF20FBF7E1
:10C8A0002BF92046FF21BDE8F843FBF7F7B9BDE8B7
:10C8B000F883114A114912484FF413730FF024FF03
:10C8C000002383F31188BFF36F8F0323184602DF21
:10C8D000E4E7094A0B490A4840F23F230FF014FFEE
:10C8E00086F31188BFF36F8F0323184602DFC4E776
:10C8F000F43200206006002060650500D45A05006F
:10C90000205A0500C45E0500438F43B110B590F86E
:10C91000843113F0010488B002D008B010BD704714
:10C92000124A43F0010380F8843103310123CDE939
:10C930000442CDE902430690CAB2CDE90044234641
:10C9400003212046F7F726F810F0FD0FE5D0084A3E
:10C950000849094840F205230FF0D6FE84F31188F8
:10C96000BFF36F8F0323184602DFD6E78DC703009E
:10C970006065050004600500205A050038B50C46C6
:10C980001546FAF79BFD48B11CB1BDE83840FDF7EC
:10C990004DB82946BDE83840FDF722B8022038BD21
:10C9A00038B50C461546FAF789FD58B190F9433071
:10C9B000002B05DA2A462146BDE83840FCF76CBF5B
:10C9C0000C2038BD022038BD064B074A10B41F208A
:10C9D0004FF0FF3425211C60187111705DF8044B75
:10C9E000704700BF043300202E4F002030B50446AE
:10C9F00000789DF80C5002FB01111F4A014482FB94
:10CA000001020A44521102EBC20002EB80028A1AB0
:10CA1000D0B2C1082070595C02F0070241FA02F25C
:10CA200012F001021FD1B0FBF5F405FB1404E4B2CF
:10CA30005D1E1046043300F1080E15F8011F5FFA61
:10CA40008EFE024611F0010F02F1010C4FEA510176
:10CA500002D04CB1013CE4B25FFA8CF27245F1D1E4
:10CA600010469D42E7D130BDC11D891AC9B20729C0
:10CA70001046F6D830BD00BFA7C867DD42880088E1
:10CA800050407047F0B5344D344C48404FF0030CE3
:10CA9000060A5FFA80FE0EEB8E2E06EB862004EA75
:10CAA000401705EA400605EA4E0004EA4E1E3E43E2
:10CAB00040EA0E0000EB002706EB062E06EB0E26E2
:10CAC00000EB0720360CC0F3074040EA062000EBDD
:10CAD00000100CF1FF3C08441CF0FF0C80B2D7D1D1
:10CAE00041401F48A0FB01400C1A00EB54004009D4
:10CAF00000EBC00400EB8400081AC0F3C40400F08B
:10CB00000705145D2C41E407C0B21CD401FB03F3FC
:10CB1000561EC3F307430432604600F1080516F8B9
:10CB200001CFEDB201461CF0010F01F101044FEA03
:10CB30005C0C02D043B1013BDBB2E1B2A942F2D1BD
:10CB400008469642E9D1F0BD0730401AC0B2072826
:10CB50000846F6D8F0BD00BF10210200408408004E
:10CB60004D91CFBA1A491B482DE9F0410023451ECB
:10CB7000A1F1020C012606E00133082B01F10601A8
:10CB800000F1280022D003EB830215F83220D407ED
:10CB9000F2D59CF800409CF801E0D0F80080C2F388
:10CBA000801206FA03F79A4001333C434EEA020230
:10CBB00087888F80082B8CF800408CF8012001F1C9
:10CBC000060141F8068C00F12800DCD1BDE8F081B7
:10CBD00012330020FD3300202048214A2DE9F04780
:10CBE000204FDFF884800023951EA0F1020C01265F
:10CBF00015F83310C90706FA03F926D53C7812F860
:10CC0000011C4CB1072901EB810405D818F8341038
:10CC10004C0701D5C90618D515F833109CF801E06A
:10CC20009CF80040D2F800A0C1F3400199404EEAC0
:10CC3000010144EA0904B2F804E08CF800408CF8E1
:10CC40000110A0F804E0C0F800A00133082B00F1A7
:10CC5000060002F10802CBD1BDE8F0877E35002046
:10CC60003E350020304F0020FC3300200820704764
:10CC700038B50020FAF7F8F8C8B90E4C0E4D621E10
:10CC800014F83030072B03EB830105D815F8313049
:10CC90006FF3451305F8313012F830306FF30003AD
:10CCA00002F8303001300828EAD1002038BD0C20CD
:10CCB00038BD00BF3D350020FC3300202DE9F04F8A
:10CCC000804683B00020FAF7CFF8002875D198F895
:10CCD0000030FF2B054663D03D4E08F101094FF0AF
:10CCE000FF0A0446B71E03F0010B06E059455AD06F
:10CCF0000134082C06F108060FD017F83420C2F3CF
:10CD00004001D207F2D4BAF1FF0F08BF5FFA84FAEC
:10CD10000134082C06F10806EFD1BAF1070F52D8FA
:10CD200017F83A2063F3410207F83A20022314FB74
:10CD30000A34D8F801303B513C44B9F80430A380A0
:10CD400098F800B0234C0BF0010B661E04E001358F
:10CD5000082D04F1280434D005EB85034FEAC308FD
:10CD600016F83330C3F38012DB07F0D55A45EED105
:10CD700020460622494617F090FA0028E7D116F817
:10CD8000083043F0200306F80830EDB217F83A30C7
:10CD900007EBCA0243F0010307F83A305570002050
:10CDA00003B0BDE8F08F304606224946019317F0E4
:10CDB00074FA019B00289BD1F1E70C2003B0BDE879
:10CDC000F08FFF25E2E7072003B0BDE8F08F00BF3A
:10CDD0003E350020FD3300202DE9F04106460020BD
:10CDE000FAF742F8C8BB96F80080B8F1FF0F044686
:10CDF0002ED01B4D0136AF1E08F0010804E00134AF
:10CE0000082C05F1080525D017F83430C3F340028B
:10CE1000DB07F4D54245F2D106222846314617F009
:10CE20003CFA0028EBD107EBC4035B78072B08D84A
:10CE30000C4A03EB830312F8331060F3451102F838
:10CE4000331017F834306FF3000307F83430002044
:10CE5000BDE8F0810220BDE8F0810C20BDE8F08142
:10CE60003E350020FC33002007282DE9F843044616
:10CE7000884615461BD81D4E04EB84034FEA8409EF
:10CE800016F8333013F0010721D0A144012216F81F
:10CE90003930C3F3801388F80030282313FB0423B0
:10CEA000F218F3582B609388AB80BDE8F883104AE2
:10CEB000104911484FF48C730FF026FC002383F3C4
:10CEC0001188BFF36F8F0323184602DFD3E7084AA8
:10CED0000A49094840F219130FF016FC87F311882C
:10CEE000BFF36F8F0323184602DFCEE7FC33002029
:10CEF000EC65050030660500205A05003C6605001B
:10CF00000820704710B50020F9F7A2FF88BB1A4B24
:10CF10001A4C197893F82820207060F3000160F310
:10CF20000002197083F8282093F8501093F87820A5
:10CF300060F3000160F3000283F8501083F878205A
:10CF400093F8A01093F8C82060F3000160F300028A
:10CF500083F8A01083F8C82093F8F01093F81821F4
:10CF600060F3000160F3000283F8F01083F81821E9
:10CF700010BD0C2010BD00BFFC3300202F4F00203F
:10CF80002DE9F04F83B083460020CDF800B0F9F7CB
:10CF90005FFF002856D11BF8012BDFF83481019286
:10CFA00002F00103044608F1FF391E4604E0013493
:10CFB000082C08F1280841D004EB840209EBC205D3
:10CFC00019F83270FB074FEA840AC7F38012EED5D6
:10CFD000B242ECD140460622594617F05EF90028CD
:10CFE000E5D13E467607019A07462FD4354D02F02B
:10CFF0000108AE1E04E00137082F05F1080512D024
:10D0000016F83730C3F34002DB07F4D54245F2D1BE
:10D0100006222846594617F040F90028EBD106EBC6
:10D02000C706FF237370A244002019F83A306FF34B
:10D03000000309F83A3003B0BDE8F08F022003B0D6
:10D04000BDE8F08F0C2003B0BDE8F08FDFF884C09E
:10D050009CF800305E1E023B062BF6B203D895F812
:10D060001780B04502D18CF80060BFE7164A0190E6
:10D0700002EB061302EB081215460FCBDFF858E05F
:10D0800085E80F003D4605EB850309EBC30219F85F
:10D090003330D80705D5590703D59EF81730B3426A
:10D0A00007D00135082D0EF1280EECD1009B1A781F
:10D0B000D9E7009B82F817801A78044B03F80850D0
:10D0C000D1E700BF3E3500207C33002074330020C0
:10D0D000FD3300202F4F0020FC3300202DE9F843C2
:10D0E0001D465B7903F0C003402B01D0BDE8F883F7
:10D0F0000F46F1B1DFF86480002400F0010608F16A
:10D10000FF3904E00134082C08F12808EED004EBC4
:10D11000840319F83330D807C3F38012F2D5B24232
:10D12000F0D106224046394617F0B7F80028E9D179
:10D13000E2B2072ADAD8084B02EB820113F8311069
:10D14000C907D3D51820282111FB0202286898505E
:10D150001A44AB889380C9E7FC330020FD330020DC
:10D160002DE9F84F82461A4E1AF8018B89460024A1
:10D1700008F00108771E03E0082C06F128061BD0F2
:10D1800004EB8402D50017F83230C3F38012DB07BA
:10D1900004F10104F0D54245EED106225146304655
:10D1A00017F07BF883460028E6D118357C19062154
:10D1B0002046F5F723F810B90220BDE8F88F78591A
:10D1C000C9F80000A388A9F804305846BDE8F88FD4
:10D1D000FD3300202DE9F0478246174E1AF8018BE7
:10D1E0008946002408F00108771E03E0082C06F1A8
:10D1F00028061DD004EB840207EBC20517F8323075
:10D20000C3F38012DB0704F10104EFD54245EDD1F1
:10D2100006225146304617F040F80028E6D16B6AE6
:10D220001A68C9F800209B88A9F80430BDE8F08787
:10D230000220BDE8F08700BFFD33002010B5044692
:10D240000020F9F705FE40B91CB1012C01D01220D5
:10D2500010BD034B1C70002010BD0C2010BD00BF82
:10D26000304F0020034B4FF47A7202FB00F018603D
:10D27000704700BF0C3300202DE9F04782460020A4
:10D280008846F9F7E5FD90BB1D4E1AF8019B044650
:10D2900009F00109771E03E0082C06F1280620D0CA
:10D2A00004EB8402D50017F83230C3F38012DB0799
:10D2B00004F10104F0D54A45EED13046062251462C
:10D2C00016F0EBFF0028E7D1B8F1000F12D0B8F14B
:10D2D000010F09D17B5D43F010037B550020BDE8B1
:10D2E000F0870220BDE8F0871220BDE8F0870C200F
:10D2F000BDE8F0877B5D68F304137B55EEE700BF64
:10D30000FD330020034A044B002814BF1046184682
:10D31000704700BF7C35002010330020A8B110B545
:10D320000B4A12684FF4004340F2E7300021E2FB61
:10D3300003014FF47A720023E9F7E2FEBDE81040E2
:10D3400002460B4603480CF007BC024816F0ACBB83
:10D350000C330020E017002008B5094B00221A808A
:10D3600030B9084B084A1B78002111801BB908BD51
:10D37000FFF732FCF5E7BDE80840FFF7F3BB00BF5D
:10D380007C350020304F0020103300202DE9F04F75
:10D39000834687B016F007FD4A0143011B1A42EA93
:10D3A000D06262EB0102920042EA93729B001B186A
:10D3B00041EB02094FEAC90949EA5379C3F3103333
:10D3C00043EA49434FEAD939BBF1000F16D1644A09
:10D3D000D2E90012B2F1FF3F08BFB1F1FF3F0DD01B
:10D3E00060480068591A69EB0202814272F100023A
:10D3F000ACBF4FF0010A4FF0000A01E04FF0010A04
:10D40000594ECDF804B0DFF874810024F71F9B4615
:10D410000DE0254417F8353043F0020307F83530A6
:10D420000134082C08F1060806F1280625D004EB83
:10D430008403A50017F83330DA07F1D5BAF1000FED
:10D4400001D19807ECD42B1917F83330590750D471
:10D450002B1917F833301A07DBD502A9304610F024
:10D4600009FA00286CD1BDF80C300298A8F80430F5
:10D47000C6F81D80C8F80000CBE75B46DDF804B0B5
:10D48000BAF1000F02D0364AC2E90039BBF1000FF1
:10D4900008D00020F9F7CEFC044618B194F86A30A1
:10D4A0005B0702D407B0BDE8F08F94F82630072B55
:10D4B000F8D8FF238DF8083094F8293004EB830363
:10D4C00002A9DE6A04F1280001F0B6FB7278054675
:10D4D0000232314616F033FD29462046F9F7D4FCD6
:10D4E0009DF80830FF2BDDD084F8293007B0BDE867
:10D4F000F08F317C1D4B0F2202EB01121A440DF10B
:10D5000017000DF1070312F8011903F8011F8342F8
:10D51000F9D106F1170102A810F0ACF9002897D054
:10D52000134A1449144840F2F3230FF0EDF8002396
:10D5300083F31188BFF36F8F0323184602DF87E759
:10D540000B4A0C490C4840F201330FF0DDF8002380
:10D5500083F31188BFF36F8F0323184602DF82E73E
:10D56000101800200C330020033400207C330020EE
:10D57000EC650500D45A0500205A0500443300200C
:10D5800010B50120FFF702FF0A4A12684FF400436A
:10D5900040F2E7300021E2FB03014FF47A720023EE
:10D5A000E9F7AEFDBDE8104002460B4602480CF01C
:10D5B000D3BA00BF0C330020E0170020072815D88D
:10D5C000F8B500EB8003124D15F833301A07044606
:10D5D0004FEA8006C3F3C00007D5C3F340079B079B
:10D5E00006D5264405EBC603586AF8BD00207047EF
:10D5F000084A094909484FF44A730FF085F887F340
:10D600001188BFF36F8F0323184602DFE9E700BFDD
:10D61000FC330020EC65050050660500205A05002B
:10D6200007280CD800EB8003064A12F833104B078A
:10D6300005D5282303FB002202F11E0070470020BD
:10D64000704700BFFC3300202DE9F047894616469D
:10D650000AB1FF231370154D002400F0010805F1F5
:10D66000FF3A09E01EB13378FF2B08BF3770013451
:10D67000082C05F1280514D004EB8403E7B21AF84E
:10D680003330C3F38012DB07ECD54245EFD10622DD
:10D690002846494616F001FE0028E8D13846BDE884
:10D6A000F087FF273846BDE8F08700BFFD33002034
:10D6B0002DE9F04F074685B000200E469046F9F759
:10D6C000C7FB002874D1BA4604461AF8010B0DF1C5
:10D6D0000F025146FFF7B8FF072840F2BB809DF8C4
:10D6E0000F90B9F1070F79D809EB8902D2005B4D91
:10D6F000D7F801100192531C09EB890BE9502B4418
:10D70000BAF8041099803B7815F83B10009263F347
:10D710008611A95430461021F4F770FD009BE95C96
:10D7200060F38201E95440461021F4F767FD009B45
:10D73000019AE95C00F0010060F3C30111F0040FED
:10D74000E95405EBCB0B4FEA89034BD1002868D194
:10D7500018320021A9502A44414E918003EB09025E
:10D7600015F8321021F0120105F8321097F80080F8
:10D77000B71E08F0010804E00134082C06F1080681
:10D780001AD017F8342012F0010BC2F34001F3D085
:10D790004145F1D1304606225146009316F07DFDF9
:10D7A000009B0028E8D107EBC40787F8019005E04B
:10D7B0000C2005B0BDE8F08F4FF0000B4B444FEA52
:10D7C0004B1215F8331042F0010221F021010A43F7
:10D7D000002005F8332005B0BDE8F08F072005B024
:10D7E000BDE8F08FDFF87CE0DFF87CC09EF8001029
:10D7F0008BF817100CF80190DFF870B04FF0FF3C79
:10D800000CEB011C01318EF80010DC4406F10F0115
:10D81000013E11F801E90CF801EFB142F9D10028FD
:10D8200096D0D61DA81903EB0901D8F800B0D8F896
:10D8300004E0D8F808C0D8F80C8045F806B005EB2D
:10D84000C101C0F804E0C0F808C0C0F80C80002096
:10D8500048627DE7122005B0BDE8F08FFC33002060
:10D860003E3500202F4F0020743300207C330020F1
:10D87000072807D8044B00EB800013F83000C0F3F2
:10D88000C000704700207047FC330020024B1B781B
:10D8900003700248704700BF2F4F00207C330020E8
:10D8A00038B5234B1B78834204460DD9214B1C5DB0
:10D8B000072C1CD8204B04EB840213F8323013F0F1
:10D8C000010524D0204638BD1C4A1D491D4840F2A0
:10D8D00087330EF019FF002383F31188BFF36F8F96
:10D8E0000323184602DF134B1C5D072CE2D9134AB1
:10D8F0001549144840F289330EF006FF002383F3E4
:10D900001188BFF36F8F0323184602DFD2E70B4A5B
:10D910000E490C4840F28A330EF0F6FE85F311886A
:10D92000BFF36F8F0323184602DF204638BD00BFC8
:10D930002F4F002074330020FC330020EC650500DD
:10D94000E0670500205A050000680500D46705005F
:10D95000072825D8F8B5134F00EB8003044617F8C5
:10D96000333013F001054FEA800605D0264417F83E
:10D970003600C0F34010F8BD0B4A0C490C4840F289
:10D9800095330EF0C1FE85F31188BFF36F8F03232B
:10D99000184602DF264417F83600C0F34010F8BDE1
:10D9A00000207047FC330020EC6505003C66050054
:10D9B000205A05001378FF2B19D12DE9F047194D96
:10D9C0000446AE46002303EB830C9E0015F83CC0D2
:10D9D0001CF0010003D0CCF3801CA44509D0013316
:10D9E000082B0EF1280EEED10120BDE8F0870120B2
:10D9F000704701F1FF3877464FF0000C17F801AF80
:10DA000018F8019FCA450CF1010CE8D1BCF1060FD2
:10DA1000F4D11E44137015F836305A07E5D5C3F318
:10DA20000010E2E7FC330020024B1878003818BFE2
:10DA300001207047304F002000F0C0BB08B5002324
:10DA400003F000F8002008BD10B584B0079BD3E9AF
:10DA500000209047012812D004460DF10F010DF16E
:10DA60000E00F6F7A3FF0021064B00919DF80F2052
:10DA70009DF80E000121F5F7A5FF034BDC6004B013
:10DA800010BD00BF8DDA0300C835002000B585B099
:10DA90000DF10F010DF10E00F6F788FF9DF80F2034
:10DAA000064B9DF80E00002101320091D2B20221F6
:10DAB000F5F788FF05B05DF804FB00BF5DDB0300F0
:10DAC000F0B58DB00E4605460DF12F010DF12E007B
:10DAD0001C461746F6F76AFF9DF82FC006940CF116
:10DAE000010C0024CDE90744CDE90344CDE901440C
:10DAF0009DF82E00059700962B465FFA8CF20121C7
:10DB0000F5F7CCFE10F0FD0F0AD006480094064B46
:10DB1000C4609DF82F209DF82E000121F5F752FFDB
:10DB20000DB0F0BDC83500208DDA0300019B024A1C
:10DB30003121FFF7C5BF00BF3DDB030070B5059D78
:10DB40000446F6F739FF2B462046034ABDE87040ED
:10DB50000621FFF7B5BF00BF49DA030001480BF00B
:10DB600079BD00BFB035002008B501220021024870
:10DB700015F0BEFE002008BDB0350020024BA0F21B
:10DB8000A462C3E900207047C83500200020F5F7E3
:10DB90005FBE00BF08B5F5F79BFF014B986008BD5D
:10DBA000C8350020684620F007018D4601B502F017
:10DBB000F9F8EDF791FDBDE801408546704700BFDB
:10DBC00008B50A4BD3F840213AB90120F4F706FC16
:10DBD000BDE808400220F4F701BC0020C3F8400172
:10DBE000D3F84031F5F740FEEFE700BF00B000404A
:10DBF0000020F4F7F3BB00BF70B508BB214B224CEB
:10DC00001A7821789142D3B20FD0204A2049214876
:10DC100040F234430EF078FD002383F31188BFF304
:10DC20006F8F0323184602DF23781B4E1B4D32787B
:10DC3000013323702B78934212D033782B7070BD50
:10DC4000124A1749134840F22F430EF05DFD00239E
:10DC500083F31188BFF36F8F0323184602DFCDE7EC
:10DC60000A4A10490B4840F23A430EF04DFD00239A
:10DC700083F31188BFF36F8F0323184602DF3378D5
:10DC80002B7070BD314F0020324F00200868050016
:10DC900050680500205A0500364F0020354F0020FF
:10DCA000985F05006C68050070B51A4E1A4D337800
:10DCB0002A789A4204460BD033782B70174E184DB1
:10DCC0001CB933782A789A4212D033782B7070BD01
:10DCD000144A1549154840F21B430EF015FD002368
:10DCE00083F31188BFF36F8F0323184602DFE3E746
:10DCF0000C4A0F490D4840F226430EF005FD84F30F
:10DD00001188BFF36F8F0323184602DF33782B701F
:10DD100070BD00BF344F0020334F0020314F002032
:10DD2000324F00200868050094680500205A05005D
:10DD3000BC68050002F044B938B5194C194D237878
:10DD400029788B421AD0184B2170002205999960CE
:10DD500001201146F4F7E4FA00B938BD134A14491A
:10DD6000144840F2B3430EF0CFFC002383F3118834
:10DD7000BFF36F8F0323184602DF38BD0B4A0E49ED
:10DD80000C4840F2AD430EF0BFFC002383F3118832
:10DD9000BFF36F8F0323184602DF2978D3E700BF54
:10DDA000314F0020324F0020700600200868050027
:10DDB000F45B0500205A0500D86805002DE9F04FF6
:10DDC000494A4A4F12783B789A428BB00C4605D1AB
:10DDD000474B484A1B7812789A4271D0E368D4F8CE
:10DDE00000801B68DFF83091DD68D3E901219142A2
:10DDF0002CBFC5EB0105C5EB020508EB050626F0B7
:10DE00007F46D9F800103046F5F764FE10F40000A4
:10DE100002D10BB0BDE8F08F374A384B11781A7831
:10DE2000914232D1324A33491278097891422CD04A
:10DE30001A7801324FF0000AD2B21A705146304BB4
:10DE4000CDF800A052465046F5F7BCFD10F0FD0F8E
:10DE50001BD02C4A2C492D4840F29F430EF054FC15
:10DE60008AF31188BFF36F8F4FF0030B584602DF20
:10DE7000244A2549254840F267430EF045FC8AF3C1
:10DE80001188BFF36F8F584602DFE368C9F800605E
:10DE900006931F4B0022CDE907321E4BCDE902222B
:10DEA000CDE90423CDE900523C780134E4B2434685
:10DEB000114610463C70F5F7F1FC0BB0BDE8F08F51
:10DEC000C368D0F800801A68DFF84C90D568D2E9B2
:10DED000011088422CBFC5EB0005C5EB010508EB1E
:10DEE000050626F07F46D1E7354F0020364F00204B
:10DEF000314F0020324F0020334F0020344F00209C
:10DF0000A9DC030008680500D85D0500205A05005B
:10DF1000F9DB030039DD0300E0350020804A936817
:10DF2000002B7ED02DE9F04F136889B082467BB17B
:10DF30004FF0FF338DF80A3003E0067F16F003063A
:10DF400009D00DF10A00F6F7DBFE05460028F4D1F2
:10DF500009B0BDE8F08FC368534576D00768B14675
:10DF6000B04602E0037F990722D00DF10A00F6F7D0
:10DF7000C7FE04460028F5D1B8F1000F08BFA84637
:10DF800041464046FFF71AFF30F00203E0D0654AF1
:10DF90006549664840F2FA430EF0B6FB84F31188F7
:10DFA000BFF36F8F0323184602DF09B0BDE8F08F7F
:10DFB000C368B9F1000F0ED0534527D0D4F800B094
:10DFC00039465846F5F786FD00F4000000281CBFCE
:10DFD000A0465F46C9E79A458146EFD12B7FE968A5
:10DFE00043F002032B772846AB699847FF238DF84F
:10DFF0000A3003E0037F13F0030413D00DF10A008D
:10E00000F6F77EFE05460028F4D1A1E72B7FE968EC
:10E0100043F002032B772846AB699847A14587D187
:10E02000E4E77047C36853450FD03E4A40493F4834
:10E0300040F21D530EF068FB84F31188BFF36F8F1D
:10E040000323184602DFD5F80CA0354A5046536822
:10E05000116803AA98470446F0B110F1100F3FF47D
:10E0600077AF2F4A002093681168984714F10B0F7F
:10E070001BD08C343FF46CAF2A4A2E492B4840F217
:10E080005A530EF041FB002383F31188BFF36F8FC7
:10E090000323184602DF5BE72B7FAA69E96843F098
:10E0A00002032B772846904752E70224FF258DF87C
:10E0B0000B500DF10B00F6F723FE98B1037F9A0782
:10E0C000F7D40EB9DB07F4D4154AC3681168994236
:10E0D000EFD1037F43F002030377836998478DF8FC
:10E0E0000B50E6E70126B44201D03446DFE70C4D81
:10E0F000039B286800940021CDE904110691079044
:10E10000296004AAD5E90101F6F7B2FD044600280A
:10E110007FF41EAF034A084904484FF4AB633BE762
:10E12000E435002008680500D85D0500205A050088
:10E13000F4680500206905001869050010B5154848
:10E1400015F0E3F910B3144B00249C6000F03EFB83
:10E1500000281ADB214601202246EDF7F1FC224679
:10E160000B200121EDF7ECFC224621461820EDF7AB
:10E17000E7FC0120EDF7B4FC0B20EDF7B1FC182013
:10E18000EDF7AEFC01F03EFE204610BD6FF0120030
:10E1900010BD00BFB8480500E435002008B500F008
:10E1A00025FB002809DB0120EDF7A8FC0B20EDF78B
:10E1B000A5FC1820EDF7A2FC002008BD034603488B
:10E1C0008AB2194683681B68184700BFB848050023
:10E1D00030B4074DAB685C6834B18AB2A4460146DE
:10E1E0000023284630BC60476FF0850030BC704784
:10E1F000B848050030B4074DAB685C6834B18AB2EA
:10E20000A44601460023284630BC60476FF08500D5
:10E2100030BC7047B84805000020704730B5254B2A
:10E2200083B0044670B31A68824225D0FF250DF1F1
:10E2300007008DF80750F6F763FD38B91AE0A142E0
:10E240000AD00DF10700F6F75BFD98B1037F9B073D
:10E25000F7D4C168002CF2D1037F826943F0020336
:10E26000037790470DF107008DF80750F6F748FD4A
:10E270000028EBD103B030BD9D6865B10146002098
:10E28000A847D3E79D68002DD0D019680029CDD0CC
:10E290000020A847CAE7084A0849094840F2BF13C6
:10E2A0000EF032FA85F31188BFF36F8F03231846FF
:10E2B00002DFBBE7E4350020086805002C69050093
:10E2C000205A05000020704738B50446F6F70AFDCD
:10E2D00064B1054620B324680020F6F72BFD2046E4
:10E2E000F6F7CEFD044658B1002038BD1B4DAC6892
:10E2F0002CB32C680023AB602B60002CEBD1EBE738
:10E30000174A184918484FF40C730EF0FDF984F3BE
:10E310001188BFF36F8F0323184602DF002038BD3A
:10E320000F4A1249104840F2F9130EF0EDF985F347
:10E330001188BFF36F8F0323184602DFCBE7084A2B
:10E340000B4909484FF4FF730EF0DEF984F311888E
:10E35000BFF36F8F0323184602DFCAE7E4350020BE
:10E360000868050058690500205A05003469050051
:10E3700044690500D0E90132002A04DB9A4238BF23
:10E380001A4610467047C068984238BF1846704712
:10E3900010B51446F5F79CFB2146F5F79BFB0346A9
:10E3A00010F4000004D10333092B88BF184610BDB8
:10E3B000002010BD262810B504461CD0272812D0F6
:10E3C000252808D00A281ED9272821D80330400044
:10E3D00001F066FD02E0022001F062FD2046BDE88A
:10E3E000104001F063BD502001F05AFD2046BDE809
:10E3F000104001F05BBD1A2001F052FD2046BDE83F
:10E40000104001F053BD0230400001F049FDE5E746
:10E41000074A0849084840F2A2230EF075F9002384
:10E4200083F31188BFF36F8F0323184602DFD5E70C
:10E4300008680500F85A0500205A050001F094BD4F
:10E4400001F09ABD08B501F0BBFDBDE8084001F040
:10E4500023BF00BF08B501F0B3FD01F01DFFBDE80B
:10E46000084001F0C1BE00BF08B501F0A9FD01F0F0
:10E4700013FF01F0F7FE02F0FBF8BDE8084001F0E1
:10E48000B3BE00BF08B50146184801F09BFC01F07F
:10E49000CDFD60B101F096FF01F0ECFC00F0EAF96F
:10E4A00000280EDBBDE808400020FFF70DBF01F09B
:10E4B00071FD01F087FF01F0DDFC00F0DBF90028C1
:10E4C000F0DA0B4A0B490C4840F21E330EF01CF9EF
:10E4D000002383F31188BFF36F8F0323184602DFF5
:10E4E0000020BDE80840FFF7EFBE00BF35DD0300A8
:10E4F0000868050060690500205A050010B504464B
:10E5000001F05EFD01F0C8FE01F0ACFE02F0B0F8D3
:10E5100001F06AFE2046BDE81040FFF7B3BF00BF20
:10E5200008B50146144801F04DFC01F07FFD40B1F3
:10E5300000F0A0F900280ADBBDE808400020FFF742
:10E54000C3BE01F027FD00F095F90028F4DA0B4A6C
:10E550000B490C4840F22D330EF0D6F8002383F31C
:10E560001188BFF36F8F0323184602DF0020BDE838
:10E570000840FFF7A9BE00BF35DD030008680500AD
:10E5800060690500205A05002DE9F04F89B01F464B
:10E59000FF239DF848B08DF81F308046894692468B
:10E5A00002E0037F9C0722D00DF11F00F6F7A8FBC5
:10E5B0000028F6D1684DAB680446002B40F08180FE
:10E5C000FB682B60C5E901893846D047054603E062
:10E5D000037F13F0030356D00DF11F00F6F790FBF5
:10E5E00001460028F4D1284609B0BDE8F08F05683F
:10E5F0003E689DF81F300593044629463046F5F7DE
:10E6000069FABBF1000F01D1010254D4BC4214BF1E
:10E610002646002602E0027F920724D00DF11F005B
:10E62000F6F76EFB0028F6D14B4D059B8DF81F3099
:10E63000AB68002B46D1002E44D1002CC0D0BBF1DA
:10E64000000F66D1BC42BBD0444A4549454840F220
:10E65000B2330EF059F88BF31188BFF36F8F032399
:10E66000184602DFACE70268049029461046039280
:10E67000F5F730FA039A049B00F4000000281CBF51
:10E6800015461E46CAE71C46FFF798FB30F002030A
:10E69000A9D0324A3449334840F2D2330EF034F82C
:10E6A00084F31188BFF36F8F0323184602DF2846D7
:10E6B00009B0BDE8F08FFF23354605935C465E4602
:10E6C000ACE726464946CDF800B053463A464046A8
:10E6D000F6F7CEFA014638B3BBF1000F16D1002E83
:10E6E00035D03046FFF76AFB30F002030ED01B4AEC
:10E6F0001D491C4840F28D330EF006F8002383F3C9
:10E700001188BFF36F8F0323184602DF6FF0760581
:10E7100069E7CDF800B053463A4649464046F6F719
:10E72000A7FA06460028F1D10C4A10490D4840F2DC
:10E730007B330DF0E9FF002181F31188BFF36F8F68
:10E740000323184602DFBBF1000FC8D0DEE7002C20
:10E7500014BF26460E46C4E7E435002008680500CD
:10E7600074690500205A0500D85D05006C69050034
:10E7700001F110000AF06EBF70B505468AB00C4674
:10E780000122002104A815F0B3F80F4B01930026D5
:10E79000032369462846039602930EF0C3F8002827
:10E7A00010DB4FF40043314640F2E730E4FB030155
:10E7B0004FF47A720023E8F7A3FC02460B4604A844
:10E7C0000AF082FF0AB070BD71E7030010B50120A6
:10E7D00004F032F90449002301244B608C60CB60C3
:10E7E000BDE810400EF09EB8F435002010B50120B1
:10E7F00004F022F9044904460EF00FF92046BDE862
:10E8000010400EF0E6B800BFF43500200C4B1A782B
:10E810000AB10020704710B50120187004F00CF9FF
:10E820004FF4FA710446FFF7A7FF38B920460EF0FF
:10E83000D0F802280CBF00206FF0040010BD00BF0C
:10E84000374F002008B50A4BBFF35B8F53E8002F0A
:10E85000511C43E800100028F8D1BFF35B8F002A59
:10E8600001DD002008BD04F0EFF8002008BD00BF66
:10E87000F035002008B50C4B1A68002A11DDBFF3F3
:10E880005B8F53E8002F511E43E800100028F8D199
:10E89000BFF35B8F012A01DD002008BD04F0EAF818
:10E8A000FAE76FF0770008BDF0350020322070479E
:10E8B000014B33F810007047A869050010B50446F5
:10E8C000FFF7D2FD01F0C4FC2046BDE81040FFF781
:10E8D000D9BD00BF30B583B00546FFF7B3FD962024
:10E8E00001F0EAFC002318461A46194601F00EFC16
:10E8F0000120F6F761F90446002845D004F11C0018
:10E9000001F026FB01F072FBE0B92748294601F02F
:10E9100059FAFFF789F860BB01F0A8FD0021044611
:10E92000084601F02BFB00210546084601F022FBBA
:10E930002C44CB34201A01F051FD03B0BDE8304027
:10E9400001F086BD194A1A491A4840F29C430DF05D
:10E95000DBFE002383F31188BFF36F8F0323184678
:10E9600002DF1148294601F02DFAFFF75DF8002873
:10E97000D2D00DF10700FEF789FF002201469DF875
:10E98000070001F033FEC7E7084A0B4909484FF476
:10E9900093630DF0B9FE84F31188BFF36F8F0323E7
:10E9A000184602DFAAE700BF61F00300B86905005E
:10E9B0000C6A0500205A0500046A0500814208B56A
:10E9C0000ED00B7ADB0702D46FF08B0008BD134B1F
:10E9D0001360FFF737FF00280FDB6FF00A0008BD58
:10E9E0000B7B01EB83010B691B7803F00F03012BF9
:10E9F00014BF6FF08B00002008BD094A09490A487E
:10EA000040F251430DF080FE002383F31188BFF3E1
:10EA10006F8F0323184602DFDFE700BF69EE0300B4
:10EA2000B869050060690500205A050010B5044664
:10EA3000FFF71AFD01F00CFC2046FFF723FD0C4BFD
:10EA40000021012208469C60F3F76AFC00B910BD62
:10EA5000084A0949094840F2B1530DF055FE002318
:10EA600083F31188BFF36F8F0323184602DF10BDB5
:10EA700080060020B8690500F45B0500205A0500F7
:10EA800010B5E8B10C46FFF7F5FE002804DB204680
:10EA9000BDE81040FFF718BC0D4A0E490E4840F281
:10EAA00077430DF031FE002383F31188BFF36F8F9E
:10EAB0000323184602DF2046BDE81040FFF704BCE0
:10EAC000064801F07FF9BDE8104001F063BA00BFCD
:10EAD000B869050060690500205A0500BDE803001B
:10EAE000084B042210B598182821F3F71FFB064B9A
:10EAF00000249C8102222146044814F0F9FE20469D
:10EB000010BD00BF34360020243600200C36002013
:10EB1000084B042210B598182821F3F707FB064B81
:10EB200000249C8102222146044814F0E1FE204684
:10EB300010BD00BF34360020243600200C360020E3
:10EB400010B504460548F3F717FB20B10346002033
:10EB50005870636010BD6FF00B0010BD343600209C
:10EB600003460020187058709860704738B52B4DD8
:10EB70002B7B6A7B9A4202D055F8234034B928484F
:10EB8000F3F7FAFA044680B1204638BD25480AF06A
:10EB9000C1FD2B7B6A7B9A42F6D00133DBB2032B9B
:10EBA00008BF00232B73204638BD1E484FF4203287
:10EBB00000230AF089FD90B91A480AF0ABFD2A7BC0
:10EBC0006B7B93421AD0531CDBB255F82220032BE7
:10EBD00008BF00232B738AB11446204638BD124A61
:10EBE000124913484FF4DB730DF08EFD84F3118846
:10EBF000BFF36F8F0323184602DFDDE70A4A0D4992
:10EC00000B4840F2BB130DF07FFD002383F3118806
:10EC1000BFF36F8F0323184602DFB5E724360020C9
:10EC2000343600200C360020B8690500D45A05009F
:10EC3000205A0500206A050010B5027843789A42F0
:10EC400014D0D4B244700278944204D05A1C437059
:10EC5000D3B2022B0ED01A4600EB82040B70606810
:10EC600000B110BDFFF782FF606010BD0133DBB261
:10EC7000022BF0D100221346EEE700BFF8B5027870
:10EC800043789342044625D0D5B2154A00EB850758
:10EC9000507B92F80CC0431CDBB2032B08BF00234F
:10ECA0009C450E46796806D042F8201053730D48F3
:10ECB0000AF0D0FC00216B1CDBB2022B0ABF002241
:10ECC0001A46134679602370012104EB82043170E7
:10ECD0006068F8BD1A4604EB82046068F8BD00BFA6
:10ECE000243600200C36002070B5057AC5F30215D5
:10ECF0000446002D95FAA5F0B0FA80F008BF4FF059
:10ED0000FF3082B000F1010646D0227A6B1E2B4004
:10ED100063F3061206F124002272FFF74BFB002377
:10ED20000DF1070104F10C008DF80730FFF7A6FF85
:10ED30000546002842D0284601F010F92B7803F050
:10ED40000F03022B1FD00DF1070104F11800FFF78C
:10ED500095FF0646002840D09DF8073063B921464C
:10ED6000254801F02FF8962001F0A6FA002002B005
:10ED7000BDE8704001F082B9D5F80230C6F8023023
:10ED8000EB88F380EBE71D48214601F01BF802B049
:10ED9000BDE8704001F01ABA194A1A491A4840F2FF
:10EDA000BC530DF0B1FC85F31188BFF36F8F0323C3
:10EDB000184602DF257AC5F30215A6E7104A134963
:10EDC000114840F2C5530DF09FFC85F31188BFF345
:10EDD0006F8F0323184602DFADE7094A0C490A4842
:10EDE00040F2CF530DF090FC86F31188BFF36F8F84
:10EDF0000323184602DFAFE7D5E8030015EE030052
:10EE0000B8690500246A0500205A05002C6A05002F
:10EE1000306A050010B5044601F006F9FFF724FB3F
:10EE2000237A03F07102012A05D1C3F3420262F38F
:10EE300006132372DBB213F0700F05D0636853B171
:10EE400093F82C309B0706D501F002FA2046BDE866
:10EE50001040FFF717BB2046FFF746FF01F094F87C
:10EE6000BDE8104001F0F4BA70B5C36804461E68EE
:10EE7000F4F72EFE05463046FFF77CFA00232D1AE4
:10EE8000C4E9005323812046BDE87040E9F764BE21
:10EE900010B582B00446FFF7D5FC00281CDB164AEB
:10EEA0001649174800940023F6F718F808B1773090
:10EEB00001D102B010BD134A1349144840F2AF23E8
:10EEC0000DF022FC002383F31188BFF36F8F03231F
:10EED000184602DF02B010BD0A4A0D490B484FF434
:10EEE0002B730DF011FC002383F31188BFF36F8F98
:10EEF0000323184602DFD2E7598B020081EA0300A0
:10EF0000BDE90300B8690500485C0500205A05000A
:10EF1000606905002DE9F0410D46417A9DF81880A1
:10EF20001746CA071E4609D5B8F1000F17D02B782F
:10EF3000B7EBD31F1AD00020BDE8F0812946044664
:10EF400011F8020B079AC0F38010FEF733FD00287A
:10EF5000EDD1637ADB07EED5B8F1000FE7D1079B5F
:10EF60001878FEF7F5FC0028E1D1E4E7062205F168
:10EF70000801304615F091F9B0FA80F04009BDE87B
:10EF8000F08100BF2DE9F84F1F460B9B9DF828909C
:10EF90009DF8305006460C4692466BB9437A03F012
:10EFA0000303012B2CD9002D3AD02378BAEBD31FC1
:10EFB0004AD00020BDE8F88F88460D9A18F8020B59
:10EFC000C0F380104146FEF7F5FC0028F2D094F81B
:10EFD00000B0BAEBDB1FECD104F108013846062281
:10EFE00015F05BF90028E4D10D9B1B78FF2B1ED098
:10EFF000B27AFF2A1BD0981AB0FA80F04009D9E7FC
:10F0000011F8020B0D9AC0F38010FEF7D3FC002814
:10F01000CBD1737A03F00303012BCAD9002DC4D1DD
:10F020000D9B1878FEF794FC0028BED1C1E7CBF306
:10F03000801BCB45BDD10B980622414615F02DF91A
:10F04000B0FA80F04009B5E7062204F1080138461D
:10F0500015F023F9B0FA80F04009BDE8F88F00BF41
:10F060002DE9F0478AB0044600F0D4FFC0B250B991
:10F07000FFF7FAF97D48214600F0A4FE0AB0BDE88A
:10F08000F04700F087BF00F0E7FF054601F0F4F815
:10F09000824601F0FBF801F003FB064601F0E2FABC
:10F0A000EDB2804601F0AAF8FFF7DEF9002DE1D0BD
:10F0B00016F0FF067AD1FF2301208DF82730F5F7EF
:10F0C0007BFD0546002800F0A480237B95F81C807A
:10F0D00004EB830308F00F081F693B4605F11C0190
:10F0E00013F8020B00F00F0CBCF1010F0CBF07F17D
:10F0F00008094FF00009B8F1030FC0F380125FFA5E
:10F100008AFA4FEAD01759D0B8F1050FB2D1687F0B
:10F110002228AFD160680028ACD090F82C5015F0B0
:10F120000205A7D10DF127000390CDE9019A0097C0
:10F130002046FFF727FF00289CD00420F5F73CFD70
:10F14000002897D04A48214600F03CFE00F022FFFC
:10F1500000F04CFF00284DD1626892F82C3043F04B
:10F16000010382F82C30F5F741FD17224FF6FF73AB
:10F170000271C3808460054601F01EF9286101F028
:10F180006FF900210446084600F0F8FE241A6C616D
:10F1900096B19DF827306B76F5F728FD2946E86093
:10F1A0002868F5F74DFD0AB0BDE8F0875FFA88F0F2
:10F1B000FEF776FB03467FE7FF23ECE7687F0C282A
:10F1C0007FF458AFB9F1000F7FF454AF0DF1270071
:10F1D0000190CDF800A02046CDE906230591FFF768
:10F1E00099FE28BB95F81C80079BDDE9051208F005
:10F1F0000F0889E71F4A2049204840F25F630DF05D
:10F2000083FA85F31188BFF36F8F0323184602DF5B
:10F21000A2E7184A1A49194840F2FF530DF074FA50
:10F2200085F31188BFF36F8F0323184602DF4CE785
:10F230000E48214600F0C6FD00F0C8FF237E04EB17
:10F240008303D86900F08AFE00F0D0FE0028AAD01F
:10F25000084A094909484FF4C3630DF055FA89F388
:10F260001188BFF36F8F404602DF9CE715EE030065
:10F270002DEA0300B86905000C6A0500205A050054
:10F28000046A0500F8B50546FFF7EEF8F5F7EAFD64
:10F29000044600283FD0274B274A1B781178A279D3
:10F2A00026485B0001F0010103F002030B4322F04A
:10F2B00003021343224A01881278A18001202070A2
:10F2C000A371227219B195F92730002B04DB28466F
:10F2D000BDE8F840FFF7D6B895F82C30C3F3021319
:10F2E000022B16D0042B0CBF4FF4BC77282701F05B
:10F2F000A3F8064601F0A6F8361AE660EA6BC4E900
:10F3000004270023EB636B642846BDE8F840FFF751
:10F31000B9B81827EBE70B4A0B490C484FF4787340
:10F320000DF0F2F984F31188BFF36F8F03231846B1
:10F3300002DFB0E7394F00203A4F0020164E002080
:10F34000384F0020746A0500DC610500205A050072
:10F3500008B500F08BFE02780346012161F301023B
:10F360001A70002008BD00BF00207047704700BF22
:10F3700030B4074A074D084C084809490023138058
:10F38000084A2B80237003700B70137030BC7047D9
:10F39000164E0020184E00203A4F00203B4F002010
:10F3A000394F0020384F002091F82C305B070AD4E9
:10F3B00081420AD1064B1B88002B14BF6FF08B00D3
:10F3C0006FF00F007047002070476FF08B007047A0
:10F3D000184E002038B50D46002842D00446FFF7ED
:10F3E00049FA002851DBE2682389518B938301336A
:10F3F0000B4492F927105383002913DBF5F732FDF4
:10F400000446F8B1A37923F00303002243F002037A
:10F4100001212170A280A37122722846BDE83840E4
:10F42000FEF752BF2089136B916B00FB03330B4433
:10F43000516B8B4228BF0B469363F5F713FD0446CF
:10F440000028DFD1184A1949194840F207130DF076
:10F450005BF984F31188BFF36F8F0323184602DF33
:10F46000D0E791F92730002B07DB2946114800F03F
:10F47000A9FCBDE8384000F08DBD0F4B1B88002B68
:10F48000F3D10E4B01221A70EFE7074A0C490848E6
:10F49000EE230DF039F9002383F31188BFF36F8F4A
:10F4A0000323184602DF9EE7746A0500DC6105004D
:10F4B000205A050085F20300184E0020394F002025
:10F4C00060690500F8B506460120F5F775FB0446AE
:10F4D00070B30021617796F86750B6F85A7005F05E
:10F4E0000705284600F0C8FC96F87E301B0704F19B
:10F4F0001C044FEA850210D5391D42F00102C9B241
:10F50000082000F0FBFC2246294606F17F0000F0AF
:10F51000B3FFBDE8F84000F01BBDF9B2082042F08F
:10F52000010200F0EBFC2046BDE8F84000F010BD01
:10F53000074A0849084840F213330DF0E5F884F310
:10F540001188BFF36F8F0323184602DFC1E700BFA6
:10F55000746A0500046A0500205A050038B504469F
:10F56000FEF770FF2B4AA08913880133138000F047
:10F57000A3FE94F8662094F86700C2F3C00300F07D
:10F58000070002F00702002100F0C0FD2046FFF74F
:10F5900099FF00F035FD60BB00F068FF258A034647
:10F5A00094F867000D35012100F007001D4400F0BC
:10F5B000E5FC94F8673003F00703022B054416D0EE
:10F5C000042B0CBF4FF4BC73282394F86600C0F3DF
:10F5D000C00100F007001D4400F0CCFC281A00F028
:10F5E000FDFE21460C48BDE8384000F0EBBB182377
:10F5F000EBE70A4A0A490B4840F2AF230DF084F8C2
:10F60000002383F31188BFF36F8F0323184602DFB3
:10F61000C2E700BF184E00203DF70300746A0500E2
:10F62000C06A0500205A0500F8B50F4690F866102C
:10F63000B0F8586001F007040546C1F3C001204648
:10F6400000F01AFC95F87E30A200DB0642F00102C1
:10F65000F1B20DD50431C9B2082000F04FFC394693
:10F6600005F1A00000F056FFBDE8F84000F076BCC0
:10F67000082000F043FC3846BDE8F84000F06EBCBE
:10F68000F0B5054683B001AA806E0F46E96EF2F729
:10F69000D9FD95F87E305A07064638D448B3019C08
:10F6A00095F87D3095F87C2004341C4412B96278BA
:10F6B00085F87C2033B12378012262F301032370A3
:10F6C00095F87D3095F87C20D31A63702846F8F7BA
:10F6D0001FFC637883422AD960700121237803F0EC
:10F6E0000F03002243EA01132370A2703C6003B0B1
:10F6F000F0BD43F0040385F87E3000F0B7FC04460B
:10F7000023786FF3041323703C6003B0F0BD43F023
:10F71000040385F87E3000F0A9FC0446002EEFD0EB
:10F72000037843F0100303703C6003B0F0BD32680F
:10F73000EB6E9A42D1D10021D0E700BF2DE9F04114
:10F7400082B0044600F066FCC0B250B9FEF782FEFB
:10F75000BD48214600F036FB02B0BDE8F04100F0A4
:10F7600019BC00F079FCC5B200F048FDFEF772FE4E
:10F77000B64A1388012003441380F5F71DFA0646A4
:10F78000002800F0E380002D4ED1B14B1F78002FF0
:10F7900040F0AA80012201A920461A70FFF770FFED
:10F7A0000027DDF804803D46E08900F085FD94F8EF
:10F7B000670000F0070000F061FCA648214600F059
:10F7C00001FB00F045FE94F87E2098F8003062F3CB
:10F7D000C30388F8003094F87E3098F80020C3F313
:10F7E000400363F3820288F8002041462046FFF779
:10F7F0001BFF00F005FC002840F0988000F01CFE84
:10F80000002867D0002D6BD0A08A4FF6FF73984276
:10F8100000F0D1802946F8F7E1FA002F77D102B045
:10F82000BDE8F041F5F704BA94F87E30327F03F07A
:10F830000101C2F38000884200F09A8094F92720E9
:10F8400081F0010161F30003002A84F87E3005DABB
:10F8500094F82C3043F0080384F82C3094F87E3070
:10F860005D0700F1BC80D4E91A0101AAF2F7EAFCB5
:10F870000546002800F0B98094F87D20019B1344D0
:10F88000597971B194F87E30D8060AD5D4F8B030E1
:10F890000133C4F8B030D4F8B43043F10003C4F8F5
:10F8A000B43094F87C300A44D2B29A42C0F0A280BC
:10F8B00000F0B780684A6949694840F26D430CF02E
:10F8C00023FF002383F31188BFF36F8F03231846B0
:10F8D00002DF8AE000F0A4FD00F0A8FD002D93D126
:10F8E000AFB902B0BDE8F081013FFFB201A92046E7
:10F8F0001F70FFF7C5FE002F7FF452AFDDF80480C4
:10F900005148214600F05EFA00F060FC5BE7F5F735
:10F910006DF903233371A38A3068F3803146F5F71C
:10F9200077F902B0BDE8F041F5F782B94A4A4D498E
:10F930004B4840F2E9130CF0E7FE002383F31188F3
:10F94000BFF36F8F0323184602DF57E7424A464949
:10F9500043484FF4AA730CF0D7FE86F31188BFF327
:10F960006F8F0323184602DF002D3FF40EAF5BE7D5
:10F970000025C2F3C002C3F340039A423DD00027E2
:10F98000334A3A4B002111702046012201A91A7016
:10F99000FFF776FE337FDA061ED4DDF8048098F890
:10F9A0000030DB063FF500AF98F80130002B7FF404
:10F9B000FBAEA5E70027284A2D49294840F2092334
:10F9C0000CF0A2FE002383F31188BFF36F8F032393
:10F9D000184602DFA08A1DE7DDF80480E4E66FF335
:10F9E000820384F87E3000F041FB94F87E30327F51
:10F9F0000025BEE784F87D20F7E70320F5F7DCF863
:10FA00000028BCD094F87E3083F0020384F87E3066
:10FA1000737F002BB3D094F87E3019072AD40127C6
:10FA2000AEE70022A4F87C20E06E04F16801F2F752
:10FA300011FC019B1B682B60019B1D60019D94F8CC
:10FA40007E30327F95E700BF85F20300164E00201E
:10FA50003B4F00205DF50300746A0500F85A05006D
:10FA6000205A0500C06A0500046A05003A4F0020CC
:10FA7000DC6A050000F088FD0746002868D000F029
:10FA8000ABFD002854D1D4F88F30D4F89320134321
:10FA900004D1337F03F00303032B32D0344B3548BA
:10FAA000022221461A7000F08DF900F073FA00F07E
:10FAB0009DFA78B900F0C0FCE0B1002D3FF411AF21
:10FAC000A08A4FF6FF7398423FF474AF2946F8F7C7
:10FAD00085F9A4E6284A2949294840F265130CF023
:10FAE00013FE002383F31188BFF36F8F032318469F
:10FAF00002DFDFE700F094FC00F098FC002DDFD17E
:10FB0000EFE600F0B7FA4378272B0146C6D8033357
:10FB1000DAB206F11C0014F012FAD4F88F30D4F8DF
:10FB20009320013BC4F88F3042F1FF33C4F8933087
:10FB3000D4F88F300E4A0133C4F88F30D4F89330A4
:10FB400004F18F0143F100034B600123137066E75A
:10FB5000094A0C490A484FF491630CF0D5FD87F32C
:10FB60001188BFF36F8F0323184602DF87E700BFBA
:10FB7000384F002085F20300746A05000C6A050006
:10FB8000205A0500D46A050010B582B00446FEF77D
:10FB900059FE00281BDB154A15491648009400231E
:10FBA000F5F79CF908B1773001D102B010BD124AC7
:10FBB0001249134855230CF0A7FD002383F3118845
:10FBC000BFF36F8F0323184602DF02B010BD0A4A4D
:10FBD0000C490B484C230CF097FD002383F311884C
:10FBE000BFF36F8F0323184602DFD4E7D18C0200E6
:10FBF000D5F30300A9F30300F46A0500485C05008F
:10FC0000205A0500606905004FF080530246D3F882
:10FC1000A410013107D04FF08051D1F8A00010F0AE
:10FC2000010009D17047D3F8A8304FF6FF719BB29D
:10FC30008B42F0D100207047D1F8A4301360D1F886
:10FC4000A8301371C3F3072363F03F035371D1F856
:10FC5000903001331CD0D1F89430013318D0D1F852
:10FC60009830013314D0D1F89C30013310D0D1F842
:10FC70009030C2F80630D1F89430C2F80A30D1F88A
:10FC80009830C2F80E30D1F89C30C2F8123008E03B
:10FC90000023C2F80630C2F80A30C2F80E30C2F8AB
:10FCA00012300120704700BF00234FF080520360E4
:10FCB00043608360C360D2F88030013318D0D2F83B
:10FCC0008430013314D0D2F88830013310D0D2F808
:10FCD0008C3001330CD0D2F880300B60D2F88430F5
:10FCE0004B60D2F888308B60D2F88C30CB60704794
:10FCF00000230B604B608B60CB607047054B4FF46B
:10FD000080320021C3F80815C3F84423C3F8042344
:10FD1000704700BF00B00040054B1878421C1A70B5
:10FD200018B9044B01221A6070470120704700BFC8
:10FD30003C4F002000B0004038B50E4D2C784CB13F
:10FD4000601EC0B2287018B90B4B01225A6038BD32
:10FD5000012038BD094A0A490A4871230CF0D4FC35
:10FD600084F31188BFF36F8F0323184602DF2C78CA
:10FD7000E6E700BF3C4F002000B00040546B050098
:10FD8000A06B0500205A0500014BD3F8040570470D
:10FD900000B00040024B00F5A87043F820107047F7
:10FDA00000B00040044BD3F8103123B1034A044B98
:10FDB00010681B681847704700100040F039002099
:10FDC000F439002038B5044601200D46EBF796FEC5
:10FDD000084B094A1C600949094B15601020022292
:10FDE000C1F80403C3F88021BDE838400120EBF7D7
:10FDF00077BE00BFF4390020F03900200010004029
:10FE000000E100E04FF080434FF0FF320021C3F8E3
:10FE1000002EC3F8042EC3F8081EC3F80C2EC3F836
:10FE2000101EC3F8142EC3F8182EC3F81C2EC3F8E6
:10FE3000202EC3F8242EC3F8282EC3F82C2EC3F886
:10FE4000302EC3F8342E704710B50120EBF756FE64
:10FE5000064B074800244FF490514FF41052C0F85D
:10FE60001845C3F80018C3F8042810BD00F001407D
:10FE700000100040704700BF054B02280CBF042152
:10FE8000032140F20122C3F81015C3F85026704731
:10FE900000100040014BC3F80C05704700100040F3
:10FEA000014BC3F80805704700100040084B00F0F4
:10FEB0007F00C3F85405D3F8182522F00072C3F868
:10FEC0001825D3F8182542F00072C3F8182570479A
:10FED00000100040084A00210123C2F82C15C2F886
:10FEE0003035C378C2F824358178038843EA01436A
:10FEF0001B02C2F81C35704700100040C2F3820399
:10FF0000A3F1020302F00302B3FA83F3013A5B099F
:10FF10001B06022A98BF43F4801300F00F000A4A20
:10FF2000184340F48070C2F81405D2F81805074B46
:10FF30000340C2F81835D2F81835194341F440315E
:10FF4000C2F81815704700BF001000400000F8FE0E
:10FF5000014BC3F80405704700100040014BC3F883
:10FF6000040570470010004002280CBF28202920FB
:10FF7000704700BF012070472920704702280CBF3E
:10FF800005200A20704700BF014B01221A6070470C
:10FF900000100040084A094910B401234FF41064CE
:10FFA0000020C2F808455360D360C1F800020B611D
:10FFB0005DF8044B704700BF00F0014000100040A6
:10FFC000094B0022C3F80021D3F80011C3F8042123
:10FFD000D3F80411C3F80C21D3F80C11C3F8102185
:10FFE000D3F81031704700BF00100040034BD3F826
:10FFF0000001003818BF0120704700BF001000400A
:020000024000BC
:10000000034BD3F80401003818BF0120704700BF2C
:1000100000100040034BD3F80C01003818BF01203A
:10002000704700BF0010004001207047034BD3F819
:100030005005B0FA80F04009704700BF0010004042
:10004000044B40F20312C3F83425C3F83805C3F853
:100050003C15704700100040034BD3F800040038F3
:1000600018BF0120704700BF0010004000487047D3
:10007000F038002000487047EC370020F0B41D4BEA
:100080001D4D1E4E1E4C1F4F0322C3F800222A781E
:10009000C6F8687502F10C03DBB2D000DB009100FA
:1000A00003F1804300F1804003F5F83300F5F830A8
:1000B00001F18041C6F86C0501F5104104EB8204A2
:1000C0001148C3F81045C3F81405D1F840352D2B5D
:1000D0008ABFD1F8403501232D3BC1F840350132AC
:1000E000064B4FF4106102F00102C3F804152A70A8
:1000F000F0BC7047001000403D4F002000F0014070
:10010000409100400C110040041000402DE9F041E6
:10011000284E294C294FDFF8ACE0DFF8AC800323F0
:10012000C6F800322178CEF8688501F10C03DBB205
:10013000DB00CD0003F1804303F5F83305F1804582
:1001400007EB810705F5F835CEF86C554FEA810CC1
:10015000C3F8107549F63465C3F814654AF2B8134C
:10016000022A18BF1D460CF1804C42F2B84241F2FF
:100170008833022818BF13460CF5104C104A2B4444
:10018000A2FB0323DCF84025B2EB931F85BF98093F
:10019000DCF8403501231B1ACCF840350131094BFE
:1001A0004FF4106201F00101C3F804252170BDE88D
:1001B000F08100BF001000403D4F00204091004002
:1001C000D34D621000F001400C1100400449054B72
:1001D00003204FF41062C1F80002C3F808257047ED
:1001E0000010004000F00140034B0022C3F81C2126
:1001F000D3F81C31704700BF00100040034BD3F808
:100200001C01003818BF0120704700BF00100040DB
:1002100010B44FF0000C4FEA8C0303F1804303F558
:1002200080531468C3F800460CF1010C9488C3F89D
:100230002046BCF1080F02F10602ECD1034B40EA64
:100240000120C3F840065DF8044B704700100040E1
:10025000034AD2F8403623F0FF03C2F84036704715
:1002600000100040034B0022C3F81421D3F81431CE
:10027000704700BF00100040034BD3F81401003852
:1002800018BF0120704700BF00100040014BD3F899
:1002900010047047001000400449054B054A4FF414
:1002A0008020C1F84803C3F80825704700B000401B
:1002B00000F00140C001700E034B044A1B7803F5A7
:1002C000A87342F8230070473D4F00200090004083
:1002D000F0B4A2F574232F4DA3F51073AB4204467E
:1002E00006D902F1E87202F5D432013902F5A5729D
:1002F000294B2A482A4D2B4E0127DF600027C3F8DF
:100300000475A0FB02020427C3F81075900C0227A5
:10031000C3F80875244AC3F84005C5F848154FF4DA
:100320008021C5F844134021C2F84065C2F8443525
:10033000C2F804154CB34FF48013C2F804351B4ABD
:10034000012100240423D160C2F80445C2F810350D
:10035000154BC2F8084511601549C3F850150C3209
:10036000C3F8542502F5AF32124CC3F8584502F5D4
:10037000FC7201F50041C3F85C2538310832C3F83E
:100380006015C3F86425F0BC70474FF40013C2F841
:100390000435D4E7BFBDF07F0080004083DE1B43FF
:1003A00000B0004048B1004000F001400090004023
:1003B0000C11004040910040014BD3F848057047B4
:1003C00000B000400349044A01234B600B615360B5
:1003D0001361704700800040009000400449054BC5
:1003E000C1F844054FF08862C3F80425704700BF88
:1003F0000080004000F00140054B06480649074ACE
:10040000C3F84805C3F84C15C3F80425704700BF6E
:1004100000F00140001100404080004080000004D6
:10042000014BD3F84405704700800040014B186031
:10043000704700BFE8370020014B1868704700BFC5
:10044000E8370020014BD3F840057047008000409A
:10045000024B4FF00062C3F80425704700F00140E2
:10046000014BD3F84805704700800040014BD3F89A
:1004700048057047008000401F4B30B40024C3F88B
:1004800000450224A142C3F8004505462DD003F5DE
:1004900080334FF00071194CC3F80415164B1849FE
:1004A000C3F80445D1F818151648174CC9B20439D9
:1004B000C3F818150021C3F80855C3F80C05C3F894
:1004C0001025C3F81445C3F80012C3F80011D3F87F
:1004D0000021C3F80411D3F80421C3F80811012244
:1004E000D3F808111A6030BC7047084B084C4FF025
:1004F0000071C3F80415D1E700F0004001000001CD
:1005000000100040EC370020DC36002000F00140F5
:100510000100010130B4174B00240222C3F800454A
:10052000C3F80025144AC3F80425144AD2F8182544
:10053000D2B20546043AC3F818251148C3F8085545
:100540000122C3F80C150F49C3F81005C3F81415A0
:10055000C3F80022C3F80041D3F80011C3F80441E6
:10056000D3F80411C3F80841D3F808111A6030BC5D
:10057000704700BF00F00040000001010010004083
:10058000EC370020DC36002038B5114C0223C4F8CB
:100590000433D4F8043163B92025EFF3118085F3D7
:1005A0001288BFF36F8F0DF04FF8D4F80431002B91
:1005B000F3D0074B074A02204FF40041C3F8080369
:1005C000C2F88011D3F80801B0FA80F0400938BDB4
:1005D00000F0004000E100E0034BD3F800040038D5
:1005E00018BF0120704700BF00F00040F0B4194A66
:1005F000194BD2F80455194E0024013D0327C3F8C6
:100600000075C3F80405C3F80815C3F81055C3F8FE
:100610001465C3F80041D3F80011C3F80441D3F8BE
:100620000411C3F808414021D3F80831C2F860151D
:10063000D2F800320A4943F04003C2F80032C2F84F
:1006400028414FF40003D2F82821C1F80435F0BC4A
:10065000704700BF0010004000F00040D836002076
:1006600000F00140014BD3F80004704700F0004057
:1006700010B4084A084C09490023C2F828314FF445
:100680000000D2F82821C4F80035C1F808055DF84B
:10069000044B70470010004000F0004000F00140A3
:1006A00038B5164BD3F828312BB3154C0123C4F8B9
:1006B0000433D4F8003163B92025EFF3118085F3BA
:1006C0001288BFF36F8F0CF0BFFFD4F80031002BFE
:1006D000F3D00B4B0B4A01204FF40041C3F8080341
:1006E000C2F88011D3F804212AB1D3F80801B0FA76
:1006F00080F0400938BD002038BD00BF0010004028
:1007000000F0004000E100E00139012905D80B208C
:100710000AB1EBF7E5B9EBF7F1B908B5074A0849B3
:1007200008482D230BF0F0FF002383F31188BFF35B
:100730006F8F0323184602DF08BD00BFAC6B0500B6
:10074000F85A0500205A050029B10139012905D8B8
:100750000B20EBF7E7B91820EBF7E4B908B5084A26
:100760000849094841230BF0CFFF002383F3118888
:10077000BFF36F8F0322104602DF184608BD00BF8B
:10078000AC6B0500F85A0500205A050088420FD0CE
:10079000012807D002280DD1A1F10100B0FA80F0A4
:1007A00040097047A1F10200B0FA80F0400970479B
:1007B0000120704700207047012908B511D0022997
:1007C0000FD0A1B10D4A0E490E487B230BF09CFFC0
:1007D000002383F31188BFF36F8F0323184602DFD2
:1007E00008BD094B4FF40062C3F8002108BD064B59
:1007F0004FF08072C3F8002108BD00BFAC6B05004C
:10080000F85A0500205A050000E100E008B513F091
:100810009BF908BD032810B5044604D8124B1C5D93
:100820009CB1204610BD114A1149124829230BF0F2
:100830006BFF002383F31188BFF36F8F03231846E8
:1008400002DF094B1C5D002CEBD1084A0A4909481C
:100850002C230BF059FF84F31188BFF36F8F032310
:10086000184602DF204610BD7C6C0500FC6B0500BD
:100870004C6C0500205A05006C6C0500013810B561
:100880001C46042863D8DFE800F014221B2903006B
:1008900004292CD0304A31493148B8230BF034FFB9
:1008A000002383F31188BFF36F8F0323184602DF01
:1008B00010BD04292BD0284A284929484C23EDE7AC
:1008C00004291CD0244A254925487A23E6E7032930
:1008D00025D0214A214922486323DFE703292ED06E
:1008E000042924D01C4A1D491D48A023D6E71D4BCE
:1008F0009C60BDE8104002210320F1F711BD1A4BA6
:100900009C60BDE8104002210120F1F709BD174BA2
:100910009C60BDE8104002210020F1F701BD144B9E
:1009200001219C60BDE810400846F1F7F9BC114B6D
:1009300002219C60BDE810400846F1F7F1BC0E4B67
:100940009C60BDE8104001210220F1F7E9BC024A99
:1009500002490348BE23A1E7FC6B0500F85A0500D5
:10096000205A050090060020C0060020E006002066
:10097000D0060020A0060020B0060020014600207E
:10098000FFF708BA124B30B4012104460020596029
:10099000C3F80445C3F80001C3F80401196005E079
:1009A000D3F8042132B9D3F804251AB1D3F80021C1
:1009B000002AF5D05960D3F80421002AE7D1D3F8F2
:1009C0000455002DE3D0C3F8042530BC704700BFA8
:1009D00000E0004070B5174C0126D4F8045566605D
:1009E0000E20EBF78BF8D4F8040140B10021C4F8D5
:1009F0000411D5E90E323046BDE870401847D4F8EE
:100A0000006146B1C4F80001D5E90E3205F12001BC
:100A1000BDE870401847084A08490948E4230BF02C
:100A200073FE86F31188BFF36F8F0323184602DF2E
:100A300070BD00BF00E00040806C0500F85A050062
:100A4000205A050070B58CB00E461546014610229E
:100A500068461C46F1F7C4FB10220DEB020031463C
:100A6000F1F7BEFB6846FFF78DFF25B1102208A9FC
:100A70002846F1F7B5FB2CB108AD0FCD20606160C1
:100A8000A260E3600CB070BD7FB50D4D0D4E4FF010
:100A9000FF324FF0FF3301A9284608F07FFC002801
:100AA000F5D1094CB442F2D2236813B1019A9342B2
:100AB00003D1D4E9013101A898470C34F2E700BF13
:100AC000F80A0020A04E0500884E0500F0B585B05C
:100AD000DDE90C5417461E46019023469DF8280078
:100AE0008DF808002C432A468DF80910ADF80A70DD
:100AF000039608D013F0E6FD0749085807498842D5
:100B000004BF00221346064801A908F0E9FB00EAE9
:100B1000E07005B0F0BD00BF08000000F01B002031
:100B2000F80A0020054B1B7833B14FF0FF324FF02D
:100B3000FF33043008F094BC704700BF564F0020CC
:100B4000034B1B7813B1043008F002BD704700BF9F
:100B5000564F002007B501238DF807000DF107025D
:100B60000021034810F028F803B05DF804FB00BF33
:100B7000804A0500020600F07F0312D5082B05D13C
:100B8000010700F00F0306D50E48704710F0780FEC
:100B900012D100F00F034C2000EB43100A4B184415
:100BA0007047082B05D1020700F00F0306D5074850
:100BB000704710F0780FF6D000207047044800EB23
:100BC00043107047A43B0020583A0020C43C00204A
:100BD000C43B00200149024812F029BF803A00209E
:100BE000E01800200146014812F069BED00B002039
:100BF00002480022002308F0FBBC00BFD00B0020FD
:100C000013B5124800F0C4FE114B98421AD1114896
:100C100005F010F90024104805F052F90F4910486A
:100C200000944FF0FF334FF4806208F02DFF0D4920
:100C30000B4812F08FFF0C480C4912F0DCFE2046E6
:100C400002B010BD6FF00400FAE700BF550E0400BB
:100C50000000AD0B85830500106D050000710020BC
:100C6000E018002077830500803A0020710F04000F
:100C700010B50E49BFF35B8F002351E8002F012A06
:100C800003D141E800300028F7D1BFF35B8F0CD1CE
:100C900051F8044C143920460BF0BFFE783004D1D3
:100CA0002046BDE810400BF094BE10BD783A0020FD
:100CB00038B5002464F07F00C0B2FFF75BFF013459
:100CC00010F033F8082CF5D10E4D0024E0B2FFF7F8
:100CD00051FF036903B90561013410F026F8082CAF
:100CE00005F14005F2D1084810F01FF8074BD3F882
:100CF0007C2212B9064AC3F87C22064810F015F887
:100D0000002038BDE8400020A43B0020583A0020D5
:100D1000E83C0020C43C002010B5054CFFF768FFFC
:100D200020B14168204612F0A3FCF7E710BD00BFD8
:100D3000980A002007B500230E48002201A908F0F8
:100D4000A1FA90B1FFF7E8FF0A480022002301A9A9
:100D500008F098FA38B90198042340600374FFF74B
:100D600041FFFFF737FF002001E00198406003B02A
:100D70005DF804FB980A0020022810B511D8094B31
:100D80001C5CFFF7D7FF60B1002202740472FFF70A
:100D900029FF054B93F824301BB1BDE81040FFF745
:100DA00019BF10BD82830500583A0020F8B5877836
:100DB00006463846FFF7DEFE3B06F578044612D5B8
:100DC000002D43D1FFF7B6FF034600283ED0012295
:100DD000A5770274032202739C60FFF703FFBDE84E
:100DE000F840FFF7F7BE4DB1012D2FD1FFF7A2FF5D
:100DF000034658B3657705740573EDE7FFF79AFF6F
:100E000020B3B278124B12F0800F02F0080111D01B
:100E100041B1D3F8A836E3600123037402230373BE
:100E20008460DAE702F00F02142101FB0233D3F8E9
:100E30000836F0E711B1D3F8A837ECE702F00F025B
:100E4000142101FB0233D3F80837E4E7F8BD00BFF3
:100E500000700240F0B5064689B01422002103A8B4
:100E600013F095F83378013B052B21D8DFE803F028
:100E70007A0314146A1603238DF814300024FFF744
:100E800059FF0346A0B1047400F10802DDE9050131
:100E900082E8030018461DE00423EDE7B7783846E2
:100EA000FFF768FE837A044623B1013B022B43D946
:100EB00009B0F0BD3B06F57813D5002DF8D1FFF74A
:100EC00039FF03460028F3D00122A57702740322DC
:100ED00002739C60FFF786FE09B0BDE8F040FFF7A3
:100EE00079BE55B1012DE3D1FFF724FF0346002859
:100EF000DED0657705740573EBE7FFF71BFF074648
:100F00000028D5D00123037402230373846004F105
:100F10000C01B0780FF06AFF134AE168B2F88C3226
:100F20008B4206D95B1AA2F88C3201F07FF8384662
:100F3000D0E7A2F88C52FAE7304609B0BDE8F0409D
:100F4000FFF734BF01A801F04FF89DF80530052BDD
:100F500004D19DF8043013F0600FA9D0034B059322
:100F600001248CE702248AE7583A0020C43B002081
:100F70002DE9F043A64CDFF89C9285B08046FFF740
:100F800037FE074610B905B0BDE8F08394F8253068
:100F90003A7C3BB9002A00F0868079689D4812F0BF
:100FA00067FBECE7042A42D8DFE812F07D00050079
:100FB0000001160140013B7BBD68032B37D8DFE8F9
:100FC00003F0023D5A5F6E69934B002232607260FB
:100FD000D3F880143170D3F884147170D3F8881466
:100FE000D3F88C0441EA00217180D3F89014D3F82F
:100FF000940441EA0021B180D3F89814D3F89C34CA
:1010000041EA0323F3800823EB6030687168834B67
:1010100003C311462B68687A984796F90030002B75
:1010200008DBF38833B1A4F88C3200F0FFFF796855
:101030004846B4E70023A4F88C32F8E76B7F002B16
:10104000F5D02B7F002BF2D000266E774FF0FF32C9
:1010500073482E774FF0FF330FF07AFE6B690193E0
:101060006B68CDE9023601A9687A00F0E7FC6C48AC
:101070000FF070FEDBE72B680121687A9847D6E70E
:10108000AB7A6BB9EB7F5BB965484FF0FF324FF03D
:10109000FF330FF05DFE00F0CFFF61480FF05AFE06
:1010A0002B680221E9E73A7A042AC0D8DFE802F087
:1010B00059032367730000F02BFC05460028B6D1C6
:1010C00000F066FBBFF35B8F5649012351E8002F08
:1010D000002A03D141E800300028F7D1BFF35B8F2D
:1010E000A5D141F8085C41F8105CE06963611439EE
:1010F0000BF018FC9BE7002565F07F00C0B2FFF7FE
:1011000039FD037A13B1407A01F0FAF80135082D60
:10111000F2D194F854311BB194F8550101F0F0F874
:101120000025E8B2FFF726FD037A13B1407A01F0FB
:10113000E7F80135082DF4D194F874321BB194F816
:10114000750201F0DDF8002000F0C6FB012384F8F1
:1011500025302368002B3FF46AAF00210220984716
:1011600065E7002584F8255001F030F8FFF780FD91
:101170002368002B3FF45BAF29460420EFE7002BE8
:101180003FF455AF00F0CEFB2368002B3FF44FAF88
:1011900000210520E3E72268002A3FF448AF002B36
:1011A0003FF445AF00210620904740E708F11005C5
:1011B0004FF0FF334FF0FF3228460FF0C9FDFFF725
:1011C00077FD28460FF0C6FD58F8283C002B3FF469
:1011D0002EAF00210120C2E794F874327BB10125C3
:1011E00084F8895284F88852FFF7A4FD38B10E4A7A
:1011F000057405738260FFF7F5FCFFF7EBFC58F808
:10120000283C002B3FF413AF00210A20A7E700BFC2
:10121000583A0020980A0020007002405C3A0020F2
:10122000903A0020783A0020C43C002010F0BFFE25
:1012300000F0CCFF00F0A2FAFFF76EFDFFF738FDDB
:1012400010F0AEFE014800F0A3FBF0E6550E0400DE
:1012500038B5164D95F824402CBB05F1380012F036
:101260005EFA204601F0E8FB22460121E8612720D2
:10127000EAF766FC10F094FEFFF71AFD044610B979
:10128000012385F824300A4B1B680BB1FFF7A2FC41
:101290004FF08043D3F83834DB0702D50020FFF746
:1012A0006BFD204638BD0024FBE700BF583A002004
:1012B000D00B0020074B93F824203AB193F8253047
:1012C000002B14BF00206FF0120070476FF0120067
:1012D000704700BF583A002038B5104B93F82430BF
:1012E0000446C3B105782846FFF744FC10B96FF0F7
:1012F000150038BD45722379837263884360207876
:10130000618810F0080F02D14B1E0B42EFD10FF095
:1013100068FD0020EDE76FF01200EAE7583A002080
:1013200038B5124B93F824200546CAB193F82530FE
:10133000B3B1FFF71FFC0446A8B1837A012B12D08A
:1013400007D9023B012B07D96369A3610020E06044
:1013500038BD00F077FEF7E7284600F019FEF3E706
:101360006FF01200F4E76FF01500F1E7583A002033
:1013700038B50E4B93F82420054682B193F82530FA
:101380006BB1FFF7F7FB68B115F008040AD12846E6
:1013900000F020FE284600F0EBFF204638BD6FF03D
:1013A0001200FBE76FF01500F8E700BF583A002085
:1013B00038B50C4B93F8242005460C4662B193F8DF
:1013C00025304BB1FFF7D6FB48B144B1284600F0B9
:1013D000E7FD2070002038BD6FF01200FBE76FF0D2
:1013E0001500F8E7583A002070B5134E96F82430EF
:1013F0000446C3B1FFF7BEFB0546B8B1230705D4C9
:10140000204600F0E7FD204600F0B2FF2B7A83B9BA
:1014100001232B7296F825300BB9002070BD2046B1
:1014200000F06EFFF9E76FF01200F7E76FF01500BC
:10143000F4E76FF07700F1E7583A00202DE9F04328
:10144000DFF8EC801E4698F8243085B007468946C0
:101450001546002B61D098F82530002B5DD003068F
:101460005ED5FFF787FB0446002859D0037A002B8E
:1014700056D04FF0FF334FF0FF3208F138000FF035
:1014800067FCA37F4BB108F138000FF063FC6FF0ED
:101490000A04204605B0BDE8F083A37AC5B13BB38A
:1014A0000123A3774FF0000801A93846CDE9019543
:1014B000CDF80C8000F0C2FA1B4B984229D084F87A
:1014C0001E801EBB6FF0040418480FF043FCE0E7D9
:1014D000E27F02B1E577002BE2D100F0B9FD87424F
:1014E000DED000F0A9FD11480FF034FC0024D0E755
:1014F000B8F80A30AB42F0D96268B5FBF2F302FBF0
:101500001353002BE9D10123E377E6E7C6F8008007
:10151000D8E706B135600024D6E76FF01204B8E7CB
:101520006FF01504B5E700BF0000AD0B903A002046
:10153000583A00202DE9F0411D46204B174693F8FC
:1015400024200E46002A33D093F8253083B30306B7
:1015500031D401B97FBBFFF70DFB044658B3037AC2
:101560004BB34FF0FF3316484FF0FF320FF0F0FB54
:10157000E368BB42984628BFB84646B93FB905B1B3
:101580002B600F480FF0E6FB0020BDE8F081A16959
:101590004246304612F0D3FCA3694344A361E3689A
:1015A000A3EB0803E360002DEBD0C5F80080E8E76B
:1015B0006FF01200E9E76FF01500E6E7583A0020F7
:1015C000903A002070B51E4D95F82420034682B352
:1015D00095F825206AB31B062ED4FFF7CBFA0446F4
:1015E00050B3037A43B34FF0FF334FF0FF3205F1AE
:1015F00038000FF0ADFBE368B3B9012663692677C5
:10160000A361637F83B1FFF795FB30B905F1380023
:101610000FF0A0FB6FF00B0070BD067484600673C2
:10162000FFF7E0FAFFF7D6FA06480FF093FB002029
:10163000F2E76FF01200EFE76FF01500ECE700BF84
:10164000583A0020903A002010B5084B93F8243007
:101650000C462BB1FFF78EFA28B10460002010BDB4
:101660006FF01200FBE76FF01500F8E7583A002022
:10167000014B1860704700BF583A002008B5074B6F
:1016800093F8243023B1FFF775FA20B1406808BD04
:101690006FF01200FBE76FF01500F8E7583A0020F2
:1016A0004FF08053D3F83021082A06D1D3F83431D3
:1016B000052B04D8034AD05C7047002070470120F6
:1016C000704700BF86830500064B10F0800FA3F122
:1016D000D80208BF134600F00F00182202FB0030AA
:1016E000704700BF00440020EFF31180202383F3F4
:1016F0001288BFF36F8F0A4BD3F8001C032261B925
:1017000049F27531C3F8001CC3F8142DC3F8001C4E
:1017100080F31188BFF36F8F7047C3F8142DF7E77C
:1017200000E00640EFF31180202383F31288BFF31B
:101730006F8F0A4BD3F8001C61B949F27532C3F8B8
:10174000002CC3F8141DC3F8002C80F31188BFF3DC
:101750006F8F70470022C3F8142DF6E700E00640B3
:101760004FF08053D3F83031082B02BF024B0022D8
:10177000C3F81C2C704700BF00700240024A0023CF
:101780001360024A13707047E0440020424F00206B
:1017900008B54A4B4FF40062C3F80024FFF780FFFE
:1017A00008B1FFF7A1FF4FF08053D3F83031082B79
:1017B00018D1EFF31180202383F31288BFF36F8FCA
:1017C0003F4BD3F8001CC02200296ED149F275317D
:1017D000C3F8001CC3F8142CC3F8001C80F3118854
:1017E000BFF36F8F354B0122C3F80025D3F80024D7
:1017F0001205FBD54FF40062C3F800244FF080536C
:10180000D3F83031082B17D1EFF31180202383F365
:101810001288BFF36F8F2A4BD3F8001C002947D1E1
:1018200049F27532C3F8002CC3F8141CC3F8002C1D
:1018300080F31188BFF36F8FFFF732FF30B1FFF7EE
:1018400071FFFFF72DFF08B1FFF74EFF4FF08053F8
:10185000D3F83031082B194B0AD140F2E372C3F8A8
:1018600000284022C3F80428BFF36F8FBFF34F8FC7
:101870008022C3F81C250122C3F83025114B40F209
:10188000FF121A60104B00211960104B1970FFF7FE
:1018900067FF0F4B19700F4B02221A70FFF700FF02
:1018A00050B1BDE80840FFF73DBFC3F8142C95E7E1
:1018B0000022C3F8142CBBE708BD00BF0070024033
:1018C00000E00640DC440020D84400203E4F0020C9
:1018D000404F0020424F0020094B002210B51A70E3
:1018E000084A094B094C002808BF1346C4F80033C6
:1018F0002720EAF7F5F80123C4F8043510BD00BF2E
:10190000414F0020FDFFDF01FDFFFF01007002409D
:10191000034B1878012894BF00200120704700BFB6
:10192000424F002010B54FF0FF324FF0FF33154803
:1019300007F0CAFEEFF31181202383F31288BFF36F
:101940006F8F114B1B7803F0FF0483B10F4BD3F85B
:10195000002412F400720AD10120C3F82C05D3F838
:101960002C05D3F80004800502D5C3F82C250024EB
:1019700081F31188BFF36F8F024807F06BFE20469A
:1019800010BD00BF880B0020414F002000700240B6
:10199000F8B51C4B1C7894BB1B4A106001221A70CE
:1019A00040F2FF17264664F07F0514F0080FEDB2F1
:1019B00014BF3946402128460FF013FA2846FFF796
:1019C00083FE0134092C867506730661EBD1002471
:1019D00040F2FF17254614F0080FE6B214BF39464F
:1019E000402130460FF0FDF93046FFF76DFE01341F
:1019F000092C857505730561EDD10448F8BD0448CF
:101A0000FCE700BF424F0020E04400200000AD0B87
:101A10000500AD0B084B10F0800F00F00F0114BF54
:101A2000D3F81025D3F8142501238B40134214BF9B
:101A300001200020704700BF007002402DE9F843EC
:101A40000246EFF31187202383F31288BFF36F8FD1
:101A5000030703D1184B1B78834229D1174B184E2B
:101A60001C68356810460FF0B4F9E443A4B24FF097
:101A700001092C4309FA00F814EA08041AD11046A7
:101A8000FFF722FE80F80C90034607C91C6183E82B
:101A900007009C750B4B0C4845EA08058022356011
:101AA000C3F8042187F31188BFF36F8FBDE8F88373
:101AB0000648F7E70648F5E7404F0020DC440020E1
:101AC000D844002000E100E00000AD0B0A00AD0B9F
:101AD0000B00AD0B10F0080F074B06D0D3F8C00475
:101AE00010F4803F18BF0020704700F00F0000F591
:101AF000947053F820007047007002402DE9F74FB2
:101B0000AB4BAC4ED3F85421DAB10022C3F85421C8
:101B1000D3F80413890214D58DF80420D3F82025B6
:101B2000ADF80620D3F8C034002B336814BF4FF053
:101B300001224FF48072134333609F4B01A81B684E
:101B400098479B4BD3F8604134B10022C3F8602121
:101B5000D3F86C44C3F86C44D3F828214AB100226E
:101B6000C3F82821954B18780FF033F901238340EF
:101B70001C43DFF86482924F98F8005098F9009067
:101B800015F0080143D1B9F1000F05F00F032EDA6B
:101B90008C4A52F8230020B342F8231014225343F6
:101BA00003F1804303F51C33D3F80836864A1178D5
:101BB00003F001034B401370FFF7D2FD834807F099
:101BC00049FD2846FFF780FD837D032B37D128464A
:101BD0000FF0FFF8012303FA00F03B6823EA00034B
:101BE0003B60DFF8D4A101254FF006095DE0784A9B
:101BF00052F823000028F4D042F823101422534353
:101C000003F1804303F51C33D3F80837CEE7B9F16D
:101C1000000F674B09DBD3F85021002AE1D00022E6
:101C2000C3F85021D3F8A837C0E7D3F82C21002AF5
:101C3000D7D00022C3F82C21D3F8A836B6E7037B0F
:101C4000DBB928460FF0C5F8012303FA00F03B6822
:101C5000B9F1000F23EA00033B6001DA882DC0D1FF
:101C600006238DF8043000238DF80730524B8DF891
:101C700006501B6801A89847B3E7002DB1D14C4B23
:101C80000122DA64ADE794FAA4F03268B0FA80F089
:101C900005FA00F31A430F28326024EA03043A6875
:101CA00040F39C80134200F0A980002CEBD1404B04
:101CB000D3F800215AB1C3F80041464B1C703F4B8A
:101CC0001C70012301933C4B01A81B689847384BBB
:101CD000D3F85821002A2ED00022C3F85821D3F877
:101CE0000044C3F80044E30508D53A4B01221A70BA
:101CF00002230193304B01A81B689847A50508D51E
:101D0000344B00221A70032301932B4B01A81B684C
:101D1000984760050FD52F4B1A7862B100221A70D0
:101D2000234B0122C3F808259A6504230193224B13
:101D300001A81B6898471E4BD3F85C3103B3234BB3
:101D40009B681BB998F80030590619D0184B00222F
:101D5000C3F85C21D3F88034184A23F07F03137052
:101D60003B6823F001133B60336823F4803343F076
:101D700001033360052301930F4B01A81B689847AB
:101D80003A6833681A4200F0EB80104800220023C2
:101D900007F09AFC002840F0E380054BD3F82C357F
:101DA000002B7BD0094803B0BDE8F04F07F052BCD0
:101DB00000700240DC440020E0440020404F00203E
:101DC000D8440020087102403E4F0020880B0020BC
:101DD00030710240414F00203F4F002013407FF4FC
:101DE00064AF60F07F018DF804908DF806108DF8D7
:101DF0000730DAF8003001A8984756E7A0F1100143
:101E00008DF804908DF806108DF80750F1E749F031
:101E100080052846FFF758FC4368B0F814A0016815
:101E20009A4528BF9A4601F06043B3F1005F04462B
:101E300004D05448524612F082F85249226863682E
:101E400052442260A268A3EB0A03D20768B263601F
:101E500053D5BAF1000F52D1002323734FE011463E
:101E60004FF0000A604545D1003B18BF0123002A0E
:101E700042D0504540D9012303FA09F32BEA03036A
:101E80003B6006238DF804303F4B8DF8065002224C
:101E90001B68A2758DF8072001A89847D7F800B0F5
:101EA00033681BEA03093FF47DAF19F0012314BF27
:101EB00093FAA3F999FAA9F9B9FA89F9B9F10F0FC7
:101EC000A5D9A9F11005EDB22846FFF7FDFB0446A0
:101ED0002846FFF7FFFD6368B4F814C022689842F3
:101EE000BDD81B1A00EB020E11466360C4F800E077
:101EF0008246B7E70023BAE768B2002BACD04FF0B8
:101F00008053D3F83031082B02BF204B8222C3F814
:101F10001C2C336888F80050012202FA09F923EAE0
:101F200009033360236915F0080F53442361174BED
:101F300019D1002805F00F054FF0140000FB053003
:101F4000A9BF0A3503EB8503C0F80017C0F804A742
:101F5000AFBF43F82520C0F80016C0F804A65A60A9
:101F600003B0BDE8F08F0028B5BFC3F8A016C3F8D2
:101F7000A017C3F8A4A6C3F8A4A7B4BF5A629A6472
:101F8000EEE700BFE8420020E0440020007002407D
:101F9000024B40F48070C3F818057047007002408F
:101FA000030713D400F00F0310F0800F084A0BBF93
:101FB00003F5887303F5847302EB830252F8230060
:101FC00008BF5068003818BF0120704700207047D4
:101FD00000700240034BC3F80C0540F48070C3F856
:101FE0000C057047007002400023036043600E4BF5
:101FF000D3F880240270D3F884244270D3F8882464
:10200000D3F88C1442EA01224280D3F89024D3F80A
:10201000941442EA01228280D3F89824D3F89C34A5
:1020200042EA0323C380704700700240014B012243
:10203000DA64704700700240014B01221A65704754
:1020400000700240014B01225A6570470070024047
:10205000014B1878704700BF404F002010B5024672
:10206000EFF31184202383F31288BFF36F8F0EF0F8
:10207000B0FE0B49012303FA00F00B6823EA0003CA
:102080000B6012F0080101BF02F00F02054B02F5D0
:10209000947243F8221084F31188BFF36F8F10BD40
:1020A000DC44002000700240F7B50146EFF31185D3
:1020B000202383F31288BFF36F8FFFF705FB0646DB
:1020C00008460EF086FE012211F0800F02FA00F29F
:1020D0002D4818D1036832EA03040AD00846FFF7F6
:1020E000BDFF0323B37585F31188BFF36F8F03B072
:1020F000F0BD2649347323EA020303600B6823EA28
:1021000002030B60EDE70B0715D48029204B2FD07D
:1021100001F00F0404F2DA346400C3F80048D3F885
:102120000448D3F80478E4B244F002043C43C3F812
:102130000448D3F80438154F04683B6864EA030C7C
:102140001CEA020FCFD013433B60002333730323F9
:10215000B3758DF807300F4B8DF8061024EA020492
:10216000062204601B688DF8042001A89847BAE78E
:1021700040F2B474C3F80048D3F80448D3F80478A4
:10218000E4B244F00404D1E7D8440020DC44002049
:1021900000700240E044002038B50446094D4FF07D
:1021A000FF324FF0FF33284607F08EFA2046FFF744
:1021B0007BFF284607F04EFA034B8022C3F8042128
:1021C00038BD00BF880B002000E100E0F8B54FF0FB
:1021D000FF324FF0FF332B4807F076FA2A4B80226C
:1021E000C3F884212720E9F79DFC98B1274E284B9E
:1021F00034681B68240C24041C43012764BB254D50
:1022000040F2FF1333602720C5F80445E9F776FC58
:10221000C5F80043204A13788BB11E4B0021C3F848
:1022200008110121C3F80026C3F804165960D3F839
:1022300008110029FBD00021C3F808111170154BBB
:102240000022C3F80025FFF78BFA0E4807F002FAC8
:10225000124B01221A70F8BD94FAA4F5B5FA85F56F
:102260000F2D2846C6BFA5F11000C0B240F0800077
:10227000030701D4FFF718FF07FA05F524EA050460
:10228000BCE700BF880B002000E100E0DC44002038
:10229000D8440020007002403E4F0020424F0020F2
:1022A00010B504464FF0FF324FF0FF33114807F0EE
:1022B0000BFA2046FFF7F8FE04F00F0201239340CB
:1022C0000D4A14F0800F14BFD2F81015D2F814156F
:1022D0006FEA030315BF0B400B40C2F81035C2F87C
:1022E0001435044807F0B6F9044B8022C3F80421E2
:1022F00010BD00BF880B00200070024000E100E02C
:1023000070B50446FFF786FB68B904F00F0201259B
:1023100014F0800F144B05FA02F205D0D3F8101513
:102320000A43C3F8102570BDD3F814150A43C3F847
:102330001425631E062BF6D8EFF31186202383F3B2
:102340001288BFF36F8F2046FFF788FE20460EF0FD
:1023500040FD064A1368854023EA0503136086F3AF
:102360001188BFF36F8FDEE700700240D844002071
:10237000030610B5044605D4FFF712FE10B120463F
:10238000FFF76CFE014BC3F8184510BD007002400A
:1023900014280ED8084A12F8103053B102EB40024C
:1023A000527832B108684343002093FBF2F30B608C
:1023B00070476FF0150070478C83050021B101292B
:1023C00002D06FF085007047024B0020C3F8001563
:1023D000704700BF00700040054B0122C3F8002584
:1023E00090F8861009B1DA6070471A605A60704739
:1023F000007000402DE9F0410D7905F01F03072B17
:102400001DD80C780C2C1AD8DFE804F0080808193D
:1024100007191C19191E2019220003244A78032ABF
:1024200018D0042A0BD100204A8844F20A06B2428E
:1024300064D843F6FE76B2420ED8002A6CD06FF014
:10244000150057E00424E9E70524E7E70624E5E75B
:102450000724E3E70120E7E7A2F57F523F3A0B2A82
:10246000EDD801A656F822F0212504003F240400EF
:102470003F2404003F240400992404003F24040066
:10248000F92404003F2404003F2404003F240400F6
:102490003F240400192504000022224F8E7997F86A
:1024A000A8C04FF00108000308FA03FE40EA042028
:1024B00015F020055FFA8EFE40EA02404FEA031253
:1024C00014BF2CEA0E0C4CEA0E0C02F1804287F885
:1024D000A8C002F5E04218BF45461F44497987F875
:1024E000A01040EA0550C2F818050020C2F81005F7
:1024F000C2F81465BDE8F0810122CEE744F214066B
:10250000B2420BD044F22806B24209D044F20F0680
:10251000B24294D10322C0E70222BEE70422BCE704
:102520000522BAE7A0010020F7B50D464FF0FF33B2
:102530005B484FF0FF3207F0C7F86E68731EFE2B42
:1025400044D800235748584F1A4626FA03F111F091
:10255000010126D017F803C0BCF1000F36D000EB04
:10256000031E6C7CDEF81815003C18BF012421F016
:10257000807141EA0461CEF8181503F15101090197
:10258000013240F801C0D2B20133082BDDD12B7CDF
:10259000083B062B1AD8DFE803F011192519211979
:1025A000230000EB031CDCF8184524F08074CCF801
:1025B000184503F1510424010151E5E7002339498D
:1025C000012AC1F8F0356B7C0ED97BB16FF0150490
:1025D000334807F03FF8204603B0F0BD0223EEE792
:1025E0000323ECE70123EAE7082BEFD8C1F8F43521
:1025F0002968530011B1898901FB0333E9689942C5
:102600004AD3284BA968C3F82C162F46C3F83026A6
:102610000FCF264C04F174060FC63B6833600026CA
:1026200026672B6827469BB30FCB04F1880585E806
:102630000F006567A4F8986050B3BFF35B8F57E84D
:10264000003F47E80062002AF9D1BFF35B8F1849C9
:10265000D4F88850174A4FF400400F463146E5FB46
:10266000007100233846E4F74BFD0022CDE900015C
:10267000002304F1080008F0C9F80F484FF0FF32BA
:102680004FF0FF3307F020F800B12067246F9FE779
:102690000648FFF7A1FEF0E76FF00B0498E700BFD4
:1026A000E00100200070004040020020A001002056
:1026B0003F420F0040420F00F801002038B5114B97
:1026C0000025C3F80451D3F80421C3F81051D3F8FE
:1026D00010211222C3F8042304460720E9F700FA68
:1026E0002A4601210720E9F72BFA0748836C13B922
:1026F000403006F0AFFF20460449BDE838400AF0FC
:102700009FBD00BF00700040A0010020BD23040059
:10271000F8B53C4BD3F80421002A66D00021C3F859
:102720000411D3F80421384C01229A60C3F8001533
:10273000A66F94F8A8703742254606D1636FC3B9D7
:102740003248BDE8F84006F085BFD3F82C16F6B243
:1027500013461E4208D01F4205D0B1F90020002ABE
:10276000BCBF00220A8002315B009BB29F42F0D2C4
:10277000E4E7D4F88C30B4F898202BB1244998477A
:10278000012814D0022828D0B4F89830B4F8942046
:102790009A4222D90133A4F898301A4BD3F82C2648
:1027A000D3F8341689B202EB4102C3F82C26D4F8D0
:1027B000883023B9BDE8F8401348FFF70DBEBFF3DA
:1027C0005B8F55E8003F5A1E45E800210029F8D1EB
:1027D000BFF35B8F012BEDDCF8BDD4F88830002B04
:1027E000AED00C4811F026FBAAE7D3F8101100294F
:1027F000F2D0C3F81021D3F8102101229A601A6098
:102800005A60E9E700700040A0010020F8010020B4
:1028100014020020A8010020084B70B5C31A0D4611
:1028200007499B1004465943064840220EF016FB08
:102830002B4601462046BDE870401847F84400206A
:10284000B76DDBB67048050073B50C4C0C4A4023DD
:10285000041B00930D460B460A49A410614306462B
:1028600009480EF027FB011E05DA30462B4602B060
:10287000BDE87040184702B070BD00BFF8440020AA
:102880001F0F0500B76DDBB67048050010B5EFF3FC
:102890001184202383F31288BFF36F8F074A1368D4
:1028A00023F00201DB07116002D401200FF0C8FA07
:1028B00084F31188BFF36F8F10BD00BF484500201F
:1028C000002270B5012104461046E9F739F90F4896
:1028D00002F0D6FD0E4B984215D102F0E1FD2669BB
:1028E0000C4930460AF00BF800280BDB0125356453
:1028F0002469084904F11C000AF001F8002801DBF2
:10290000E564002070BD6FF00400FBE71D2A0400A1
:102910000000AD0B146D05007FB500220123CDE949
:10292000022304ABCDE90433094ACDF800D06B464D
:10293000CDF804D00EF0ECFA002805DB4FF480420D
:102940000023684606F0C0FE07B05DF804FB00BF38
:102950003F0F050030B4104B0C2202FB0033014640
:102960000020D3E90E529863EFF31180202484F302
:102970001288BFF36F8F1C6C04F0C00444F0020493
:102980001C6480F31188BFF36F8F1DB12B46034881
:1029900030BC184730BC7047F84400207048050030
:1029A00010B4EFF31182202383F31288BFF36F8FEB
:1029B0001848016841F002040460C80708D482F393
:1029C0001188BFF36F8F01205DF8044B02F080BDCA
:1029D0004FF08041D1F80C04D1F80C14C907EED5A2
:1029E000EFF3118083F31288BFF36F8F0A490B6CEA
:1029F00003F0C00343F002030B6480F31188BFF3BC
:102A00006F8F82F31188BFF36F8F00205DF8044B46
:102A1000FFF7A0BF48450020F844002010B101286E
:102A200004D07047034B1B6C5B0701D1FFF792BFCB
:102A3000704700BFF8440020024AC3B21C2003FBC9
:102A400000207047F8440020094BBFF35B8F53E828
:102A5000002F42F0010143E800100028F7D1BFF336
:102A60005B8F930702D4012002F032BD704700BF94
:102A70004845002010B5EFF31184202383F312881A
:102A8000BFF36F8F074A136823F001019B071160A2
:102A900002D401200FF0D4F984F31188BFF36F8FB3
:102AA00010BD00BF484500202DE9F0413849BFF373
:102AB0005B8F0746012251E8003F41E800200028D3
:102AC000F9D1BFF35B8F33B9324933484B60CB60E8
:102AD0008A6009F027FF7B1E012B2BD8012F07D11D
:102AE0004FF08043D3F81C3403F00303012B21D0B3
:102AF00011F02AF80546F8B9284B1B78E3B14FF0DE
:102B000080430222C3F808230646DFF894804FF082
:102B10008044D4F81824D4F81834D20315D503F01F
:102B20000303012B01D0012F0FD155B386F3118878
:102B3000BFF36F8FBDE8F081EFF31186202383F39D
:102B40001288BFF36F8F0125DFE7ADB130460AF081
:102B50007BFDD4F81835002BDBD1D4F80421002AF2
:102B6000D7D0C4F80431D4F804310123C4F818359F
:102B7000C8F88031A360CCE70021212011F09AF839
:102B8000E7E74FF080430222C3F80423D2E700BFF7
:102B9000F4440020E444002014450020564F002057
:102BA00000E100E0EFF31182202383F31288BFF3EA
:102BB0006F8F0A4BD3F8001161B10021D3F80805DB
:102BC000C3F80011D3F80031C0B282F31188BFF30B
:102BD0006F8F70476FF00A00F7E700BF00D000402A
:102BE000F0B5034610469C7893F803C0EFF31182CA
:102BF000202585F31288BFF36F8F1F7893F801E0CB
:102C0000E41B04EA0C04A04288BFA0B23E180CEA00
:102C100006063D461E7082F31188BFF36F8F0A18B7
:102C20008A4216D177450CD1EFF31182202181F32E
:102C30001288BFF36F8F1978597082F31188BFF330
:102C40006F8F1B79241AA34222BF064B01221A6000
:102C5000F0BD5E190135767901F8016B05EA0C05C6
:102C6000DEE700BF00D00040DB432DE9F04713F062
:102C700001050E46144604D02248FFF7B1FFBDE817
:102C8000F0879AB3EFF31188202383F31288BFF300
:102C90006F8F0D20E8F746FF07460D20E8F72EFF5F
:102CA00088F31188BFF36F8FDFF85CA0DFF85C80DA
:102CB000CAF80051DAF800314FF400590123CAF87C
:102CC00000302546C8F88091DAF8003183B1FFF76B
:102CD00069FF031EC8F88091F6DB013DADB2735564
:102CE000002DF1D117B10D20E8F7FAFE2046C6E716
:102CF000EFF31180202383F31288BFF36F8F0AF064
:102D0000A3FCE1E77C45002000D0004000E100E0AA
:102D10002DE9F041124F0D46144607F1450814B94C
:102D20002046BDE8F0814FF0FF334FF0FF323846C8
:102D300006F0CAFC224629464046FFF751FF0646E8
:102D4000384606F087FC3EB94FF0FF324FF0FF33B4
:102D5000044806F0B9FCE6E7A41BA4B23544DEE75C
:102D60004C4500206445002038B5194C012211461D
:102D7000204610F0BDFD0122002104F1180010F0E2
:102D8000B7FD40F20743A4F848304FF07063236367
:102D90000C2384F8343000250E4B84F84550A4F8F9
:102DA0004650D3F8042542F00102C3F8042501215E
:102DB000C3F80051D3F80021C3F804132A46196060
:102DC0000D20E8F7BDFE0D20E8F78AFE284638BD45
:102DD0004C45002000D0004010B5FFF7E3FE00286E
:102DE00020DB174B93F8322093F8314093F83310DF
:102DF000141B31EA0404C0B20DD193F8472093F8B4
:102E0000464093F84810141B31EA04040BD10D4BD3
:102E100001225A600EE09C180132114084F83500FE
:102E200083F8321010BD9C180132114084F84A001A
:102E300083F847100448BDE8104006F00BBC00BF03
:102E40004C45002000D000406445002000F1744053
:102E500000F5A6000A289ABF024B33F910006FF064
:102E60000F007047267D0500024B0B6001231360A5
:102E7000704700BFBC6D050000487047306D05000D
:102E80000268154BFF2A08BF4FF0FF32C3F8242514
:102E90004268FF2A08BF4FF0FF32C3F82825826836
:102EA000FF2A08BF4FF0FF32C3F83025C268FF2A5F
:102EB00008BF4FF0FF32C3F834250269FF2A08BF6C
:102EC0004FF0FF32C3F838254269FF2A08BF4FF0A0
:102ED000FF32C3F83C2570470090024030B5224DC8
:102EE0000FCD91B00AAC0FC495E8030084E803004D
:102EF0000024CDE90144AB238DF804301B4B03942F
:102F0000D3F82425D2B20492D3F82825D2B2059260
:102F1000D3F83025D2B20692D3F83425D2B2079234
:102F2000D3F83825D2B20892D3F83C350AA8DBB2E0
:102F30000993FFF7A5FF012003F026FB014604A833
:102F4000FFF79EFF0A4B99420BD1214601A80EF0D4
:102F50006FF8002803DB082010F0D2FA204611B0E9
:102F600030BD6FF00400FAE7C44E05000090024047
:102F70000000AD0B054B994206D14FF0FF324FF0E8
:102F8000FF33183006F0A0BB704700BF0000AD0B48
:102F90002DE9F043436889B006460021586B0EF0D6
:102FA000ABF8041E6FDB002201212920E8F7C8FDE1
:102FB000776832693949384603F012FAFFF746FF5D
:102FC000041E5BDBFFF78AFF041E57DB00219F23F3
:102FD0000DF108084FF0030903AD05A8CDE90491F0
:102FE000CDF80C8006918DF8143007950EF020F87E
:102FF000041E43DB4A46414607F1300011F04DF90B
:103000000446002845D17268537F023B012B3ED90C
:10301000167F023E022E8CBF0026012602200EF0F3
:103020004DF8002838DBC3B2C0F34000864225D0FB
:1030300083F0020300260120ADF804608DF805300E
:103040000EF03CF8041E19DB01AB039301210223AF
:1030500005A8CDE904368DF8044007968DF81410C4
:1030600006950DF0E5FF044640B901200EF026F864
:10307000041E01DBE307F8D404EAE47403F0A2FAC7
:1030800008B103F08DFA204609B0BDE8F0830126AF
:10309000C4E76FF01204F1E70446EFE725100500DE
:1030A000F0B585B005460C460AF060F806460028E3
:1030B00042D128690EF02FF84CB1012C24D06FF0CA
:1030C0008504286906F0C6FA204605B0F0BD6E6892
:1030D00003F0FCF91A4B984228D1B923214601A8E4
:1030E000CDE9014403948DF804300DF0A1FF041ED6
:1030F000E7DB032010F004FA03F00AFA706B0121F9
:103100000DF0FAFF0446DCE76F683146786B0DF08E
:10311000F3FF041ED5DB2A690A49384603F060F93B
:10312000074B984205D1FFF7D9FEEBE76FF00F048C
:10313000C7E76FF00404C4E76FF00F04C4E700BFF3
:103140000000AD0B251005002DE9F3470F4605469D
:1031500041681E469046002A79D0002B77D0042B78
:1031600001D9B30773D117F0030470D1002F6EDBC0
:10317000CA6ABB1993426AD828460DF0D2FF20468E
:103180000DF087FF044648B101200DF082FF28466C
:103190000DF0E3FF204602B0BDE8F087032E1ED8F5
:1031A00004213A460DEB01000EF015FF04460146DE
:1031B0002869FFF7DFFE274B9C4235D13246414656
:1031C00001A810F0BCFE04213A460DEB01000EF000
:1031D000FFFE044601462869FFF7CCFE24E008F014
:1031E0006043B3F1005F02D118F0030F2BD0DFF87A
:1031F00064A0042EB14628BF4FF004094A46414658
:1032000001A810F09CFE3A46494601A80EF0E0FEE7
:10321000044601462869FFF7ADFE544504D1B6EBDC
:103220000906C8444F44E4D12046FFF70FFE044688
:1032300001200DF02EFF064628460DF08EFF002CD3
:1032400008BF3446A6E73A4631464046BFE76FF02E
:1032500015049FE70000AD0B2DE9F04F824685B0C5
:1032600088461C461746002A00F08F80002B00F08D
:1032700088800029C0F289804268D26ACB189342C4
:1032800000F28380C8F1000505F003050DF049FF49
:10329000A54228BF25467B4203F0030307F003063F
:1032A00058BF5E42764206F00306A64228BF264675
:1032B000631BA41B24F0030423F00309A145C8BF2A
:1032C000A14603F0030BC8BFA3EB040BB9F1000F39
:1032D00018D0BB1908EB05024946184601930EF0B9
:1032E0007AFE04460146DAF81000FFF743FE284A4A
:1032F00094423DD1B54205D0019B4A461946781902
:1033000010F02BFEC5B1C5F10406A8EB060204219E
:1033100002A80EF060FE04460146DAF81000FFF73E
:1033200029FE1B4B9C4223D106F108032A460DEBD4
:103330000301384610F003FEBBF1000F17D008213F
:1033400008EB05024A440DEB01000EF044FE044672
:103350000146DAF81000FFF70DFE0D4B9C4207D135
:1033600009EB05005A4602A9384410F0E8FD084C64
:1033700050460DF0F2FE204605B0BDE8F04FFFF7D5
:1033800065BD184605B0BDE8F08F6FF01500F9E790
:103390000000AD0B2DE9F047C1F30B03D0F804C0DA
:1033A00007460E461546002A6CD0C2F30B0252EABD
:1033B000030467D1002965DBDCF82C204B1993420C
:1033C00060D80DF0AEFE2046D7F804800DF061FE07
:1033D0000446002850D1DFF8B890D8F82C30AB4222
:1033E00022D10EF0FBFDAA46044638692146FFF7BC
:1033F000C1FD4C452DD15644A5EB0A0500214FF4E3
:10340000A47010F057FC01200DF058FE041E30DBB4
:1034100014F00104F2D1002DDFD101200DF039FEAE
:10342000002C08BF044627E0B5F5803F09D3B3B2AE
:10343000A3B93146012003F0CFF84FF4803A044697
:10344000D3E7B5F5805F09D2104938690F4CFFF713
:1034500091FD2046FFF7FAFC0446DEE7C6F30B00B9
:103460000028F1D1314603F0B7F84FF4805A0446F2
:10347000BBE701200DF00DFE38460DF06EFE204634
:10348000BDE8F0876FF01504F9E700BF0400AD0B4D
:103490000000AD0B024B0B6001231360704700BFAF
:1034A000A045002000487047C46D050010B50122FA
:1034B00011460748074C10F01BFAFAF755FB0EF0BF
:1034C0005FFD20600EF058FD6060002010BD00BF61
:1034D000A8450020A04500204FF08042D2F81015EA
:1034E000D2F8103501F01E0123F01F030B4343F007
:1034F0000103C2F81035024B00221A70704700BF5A
:10350000434F00204FF08053D3F83031082B20D1A7
:103510004FF08042D2F81015CB071AD5D2F81035EB
:1035200001F01E0123F01F030B43C2F81035D2F83F
:1035300008315BB1D2F8103523F01F030B4343F081
:103540000103C2F810356FF08B007047024B012267
:103550001A700020704700BF434F0020F8B50446A2
:103560000EF00AFD237B05460BB1FAF713FB134F50
:103570000026FFF7C7FFE8B9606802F02DFCA368DA
:103580005B1BA36063682B4463603B780BB1FFF760
:10359000A3FF237B01363BB9A368002BE9D1A068C8
:1035A000003818BF0120F8BD3046E5F7B1FA002811
:1035B000F2D0F4E76FF08B00F5E700BF434F002037
:1035C000F0B587B00E4615460EF0D6FC29460746E4
:1035D00030460DF0E9FDC8B3B6FBF7F307FB136304
:1035E000A3BBB5FBF7F407FB14547CBBBD4222D34D
:1035F0004FF0FF324FF0FF33164806F065F8FAF748
:10360000C5FA02AB01461022C0B12146184610F09F
:10361000BEFC01228DF814200F4ACDE900200F488E
:10362000CDE90365FAF7AAFA6846E5F7F5F9044625
:10363000084806F00FF8204607B0F0BD184610F015
:10364000A6FCCDE90365FFF789FFF0E76FF01504ED
:10365000F1E700BFA84500205D350400645E01006D
:1036600070B5037B04460BB1FAF794FA194E0125A5
:10367000A368032B06D8184AD2F80034DB07FBD521
:10368000002070BDFFF73EFF08BB23686068196823
:1036900002F0C2FB33780BB1FFF71EFF63680433FF
:1036A0006360236804332360A368043BA360237B27
:1036B0000135002BDCD02846E5F72AFA0028D7D0C0
:1036C000054AD2F80034D907FBD50120D9E76FF0BD
:1036D0008B00D6E7434F002000E0014070B50D4657
:1036E00086B01946284616461C460DF05DFD60B3AF
:1036F00045EA04039B0728D1FCB14FF0FF334FF09C
:10370000FF32134805F0E0FFFAF740FA0346CDE92F
:10371000026502A804949BB101238DF814300D4B6F
:10372000CDE9003041F64C50FAF728FA6846E5F743
:1037300073F90446064805F08DFF204606B070BDBB
:103740008DF81430FFF78CFFF3E76FF01504F4E702
:10375000A845002061360400F0B54068057B01F003
:103760001F0444EA4514056987B0002D64D0B2F502
:10377000001F00F1100506D1214628460EF0F1FB8E
:10378000002007B0F0BD01AE0027B2F5800F019711
:10379000776039D1B3F1007F14BF052304238DF87E
:1037A00004300023CDE904630393836823FA01F115
:1037B00011F001011AD1B2F1A07F17D104F01F035B
:1037C000620903F5E0732AD0012A3BD11F4A52F85F
:1037D0002330DB070AD40DF1030632462146284682
:1037E00002F054F91A4B98421CD0029603AA2146C3
:1037F000284602F00DF8174B984220D101222146AD
:10380000284602F0A7F9BBE7B3F1C06F05D0B3F1CA
:10381000007F14BF01230223C1E70323BFE74FF05A
:10382000A042D4E73146284602F08EF9094B98426F
:10383000DBD06FF00B00A4E76FF08500A1E76FF01D
:1038400015009EE751F82330FFDE00BF0003005053
:103850000400AD0B0000AD0B38B545682B69B3B162
:103860001035284602F060F9044680B90146284622
:1038700002F026F9084B98420BD108492246284607
:1038800002F0FEF8224605210620E8F759F900204B
:1038900038BD6FF00400FBE70000AD0BA138040059
:1038A000420970B5034602D0012A17D070BD0D4EF3
:1038B000326951680029F9D003F01F0301250C6813
:1038C0009D400029F2D08A682A4002D04B683046D9
:1038D00098472CB1236821461C46F2E7024EE7E7E1
:1038E0002346F8E7A0480500884805002DE9F04385
:1038F000466840F20635D006337B87B002EA0505FC
:1039000054BFC2F34010032001F01F07B5F5837FB9
:10391000144647EA43178DF8030045D00FD8062D0B
:1039200018D007D8B5B1022D40D06FF0150007B000
:10393000BDE8F083B5F5807FF7D101250AE040F2BC
:103940000222954234D0B5F5407F33D0B5F5007FE3
:10395000EBD102250123220303FA01F12CD5736870
:10396000C3F80815326982BB07F01F037F0929D00D
:10397000012F77D13E4A02EB830284F48033D2F8E0
:103980000017C3F30043C4F3404444EA430421F462
:10399000E16144EA800421F0070144EA05230B4376
:1039A000C2F800370020C2E70725D3E70425D1E796
:1039B0000525CFE70325CDE7630344BF7368C3F84C
:1039C0000C15CFE74FF0A042D5E710360DF10202FB
:1039D0003946304602F05AF814F4403F80460CD184
:1039E000394630460EF0BBFA224B9845DAD19DF8A5
:1039F0000210304602F0A2F8D4E701AB4FF0000904
:103A000003AA39463046CDE90439CDE90199CDF80C
:103A10000C9001F0FDFE174B984286D114F4003350
:103A200015D09DF803308DF80E3084F48034C4F343
:103A300000444B4603AA394630468DF80C508DF8A9
:103A40000D4001F09FFF0B4B9842CDD06DE7CDE9C3
:103A5000043303AA0DF1030339463046039301F002
:103A6000D7FEF0E703F5E07352F82330FFDE00BF26
:103A7000000300500000AD0B0B680068C01A024B39
:103A8000C0105843704700BFABAAAAAAD0E90001F2
:103A9000014B0C2210F0BABA793A040038B5056926
:103AA0000446284640F8044BFFF7F0FF05F11000EC
:103AB00003490FF0EDFF636901221A71002038BD40
:103AC000F31405002DE9F047DFF8649006460C4634
:103AD00000250C2701F40008B368AB4202D800208F
:103AE000BDE8F087726807FB05F3D118D058097953
:103AF00083680269D3F818A0BAF1000F14D0B8F1A6
:103B0000000F0FD0126801238B4013420AD084F0BB
:103B1000C06202EA090302F0B072D0470028DFD188
:103B20000135D9E72246F4E76FF05700D8E700BF28
:103B3000400000062DE9F84F04460D4629B1012941
:103B400025D06FF08500BDE8F88F06690C27B368B3
:103B5000AB4206D97068002107FB05000DF0CAFBD7
:103B600088B1666800250C277368AB4206D93068B7
:103B7000002107FB05000DF0BDFB30B12046BDE87C
:103B8000F84F0DF0C9BC0135E1E70135ECE7D0F89D
:103B90001080DFF8A8A000254FF00C09D8F80830F5
:103BA0009D4209D2D8F8047009FB05F607EB060B15
:103BB000B8590FF0AAFCB8B9666800250C277368DD
:103BC000AB4208D9326807FB05F302EB0308D05873
:103BD0000FF09BFC48BB606800210DF0BCFB204649
:103BE000BDE8F84F0DF0C0BC4FF4803158460DF0E1
:103BF00081FB0028E0D1DBF8083022691901126C42
:103C000054509BF8040002EB0313012202FA00F067
:103C1000C3E902A0B859191D8368DB69002BCBD01A
:103C200098470028C8D10135B8E74FF40031404625
:103C30000DF060FB0028CED10135C0E72F1505003F
:103C4000036803F01F025B09026004D0012B0348E4
:103C500018BF002070474FF0A0407047000300508D
:103C60002DE9F04FDFF88091DFF880A185B015468F
:103C7000834600EB810140F2FF18594503D1002033
:103C800005B0BDE8F08FDBF800305E04C3F3C3225B
:103C9000C3F3080400F1A2801B0E043B19F8027064
:103CA000444508BF4FF0FF341E2B00F29A80DFE836
:103CB00003F0101727989898982E5B9898989898E2
:103CC000989898985E686B6E9898987178878A8DA6
:103CD0009000601CC5F808457ED10BF1040BCCE7C1
:103CE000621CC5F80C45F8D0012603A80394FFF721
:103CF000A7FF039B012202FA03F3C0F80C350FE083
:103D0000C5F81045631CE8D00026324608E0C5F827
:103D10000845002FF6D1631CDFD000263246062767
:103D2000DBF80030019303F40040002818BF0022A4
:103D300003A8009218BF01260394FFF781FF039C9C
:103D4000019B009A00EB8400C3F3412CD0F800479C
:103D50003B0243EA8C03134304EA0A04234343EA85
:103D60004603C0F80037B8E7C5F80C45D1E7C5F8F9
:103D70006045661CDBF80030AFD0C3F30043A3B945
:103D8000B2E7C5F86445F4E7C5F86845F1E7C5F85A
:103D90006C45EEE7C5F82445601C9ED00022012644
:103DA000BEE7C5F82845621C97D003A80394FFF727
:103DB00047FF039B012606FA03F3C0F80835A4E782
:103DC000C5F83045E8E7C5F83445E5E7C5F83845B6
:103DD000E2E7C5F83C45E6E7002686E76FF0150008
:103DE0004EE76FF085004BE737840500F0F8FCFFE5
:103DF000014B01221A60704700C000400C29036982
:103E00000BD1DB6A064907484B4393FBF0F100FBFB
:103E1000113311605360002070476FF085007047C8
:103E200090D0030040420F00044B00690022C3F809
:103E30000021D3F8003105F00DBC00BF00C00040E8
:103E40007FB505692B6B63B3402901D00C292BD1B9
:103E500005F118064FF0FF324FF0FF33304605F002
:103E6000FFFA134B0193286B032300246946039444
:103E7000029308F057FD4FF0FF324FF0FF33284612
:103E800005F022FC286B08F0A4FD0A4BD3F80825A6
:103E9000EA6201225A60304605F05AFB204604B01F
:103EA00070BD6FF00A00FAE76FF08500F7E700BF1A
:103EB000F13D040000C0004010B504690020FEF789
:103EC000BBFD20634FF0FF32002120460FF010FDB4
:103ED00004F118000FF023FC002201210C20E7F769
:103EE0002FFE0C20E7F7FCFD024B0122C3F8042350
:103EF000002010BD00C000407FB50546406829691C
:103F00008A6D0B6E0ABBABB14C6D8B6616461A46BA
:103F1000C96D0291CDE9004611B3002B18BF1346BD
:103F200000226946039302F027FD0E4B98420AD007
:103F30006FF004032C69236404F1280005F08AFB68
:103F4000002384F86C3004B070BD4C6D13B19A42FC
:103F500028BF1A46002C8A6614BF16460026D7E7EB
:103F60000B46DDE70000AD0B2DE9F04F89B0046989
:103F70000093436801938B88074698040E46914648
:103F800029D44FF0FF324FF0FF3304F1100005F059
:103F90009BFB6660D7F81080D7F804A098F86D30C6
:103FA00023B1D8F800309E4200F0B180B6F804C0CA
:103FB0001CF4006F16D06FF0850523689B8813F4FE
:103FC000005304D1636004F1100005F043FB284660
:103FD00009B0BDE8F08FA369002BD2D16368994284
:103FE000CFD1D7E71CF0090F02D06FF01505E4E739
:103FF000CCF34513082BF8D13568A34B9D42F4D977
:104000000AF1080BBBE80F000DF10C0EAEE80F0033
:10401000DBF80030CEF800309C4B9D4250D99C4BD1
:104020009D4250D99B4B9D4250D99B4B9D4250D9AC
:104030009A4B9D4250D99A4B9D422CBF4FF0004560
:104040004FF080451CF0020F05950CF0040346D09C
:10405000002B14BF032302238DF81830CCF3001378
:104060008DF81930DAF80030D3F80835591C12D021
:104070001CF0020F03F01F00CCF340014FEA531372
:104080004FF0010232D173B3934240F0F680854B7A
:104090008240C3F80C2598F86D302BB1504602F0E1
:1040A00033FC002388F86D3043467F4A03A950460D
:1040B00002F0F6FB7D4B984224D06FF004057CE7BC
:1040C0004FF00075BEE74FF08065BBE74FF000652D
:1040D000B8E74FF08055B5E74FF00055B2E7003B29
:1040E00018BF0123B8E74FF0A043D1E73BB1012B44
:1040F00040F0C6806B4B8240C3F80825CBE74FF0F9
:10410000A043F8E7012388F86D30C8F80060012368
:1041100084F86C30019B596A4A1C03D003F12800D3
:104120000DF0C1FBB9F1000F40F08780C4F8449056
:104130000023A36404F1580204F1480104F144008F
:104140000DF091FA009B6065002B7FD1E3640023A2
:10415000236504F1600204F1500104F14C000DF0FC
:1041600082FAE06520680023236448B183683BB18C
:10417000012108300DF0B3FA236818690FF0C0F977
:104180003846FFF7B9FE0023A06C1A46824266D17A
:104190000022256D1146A94268D19342264638BFB8
:1041A00013464FF4FA5202FB03F556F8283B4FF042
:1041B00000081B68B5FBF3F54FF4004CC8354146C9
:1041C00040F2E7304FF47A720023E5FB0C01E2F78E
:1041D00097FF02460B46304605F076FA18B9256C73
:1041E00015F1740F13D10198C4F8688002F08CFBAC
:1041F00084F86D803F696FF073053D6407F1280016
:1042000005F028FA87F86C80304605F083FA2368B9
:10421000002B3FF4D2AE9A68002A3FF4CEAE9988C4
:1042200011F480567FF4C9AE18690FF069F920685F
:10423000314608300DF053FABFE6D9F80030636418
:10424000002B3FF475AFD9F8043072E7009B1B6870
:10425000E364002B3FF47BAF009B5B6878E7616C05
:1042600001EBC201013249680B448FE7E06C00EBBF
:10427000C1000131406802448DE7C1F80C15FFDE32
:104280000023C3F80835FAE747E801008FD00300A0
:104290001FA107003F420F007F841E00FF083D0062
:1042A00000127A00000300500B1805000000AD0B4F
:1042B00000F01F0240090DD001280ED10A4B03EB7C
:1042C00082030A4AD3F80007024042EA8102C3F897
:1042D000002770474FF0A043F1E702F5E07200239A
:1042E00053F82230FFDE00BF00030050F0F8FCFF5F
:1042F000F0B587B001238DF8023002238DF8043029
:104300006B4403930F4601AB0DF1030100240493AA
:1043100005460291059401F017FC0C4B98420646A5
:104320000FD103AA3946284601F072FAB0420BD0E9
:104330009DF80310284601F001FC6FF0040007B05F
:10434000F0BD6FF01200FAE72046F8E70000AD0B71
:104350002DE9F8434468066905460021606B0DF0BD
:10436000E2FA002821DBA16B481C15D1E36A9847CB
:10437000B46801270834D6E9023203EBC203A4F182
:104380000802934213D830460DF02CFB28461F49F3
:10439000BDE8F84308F054BF04F13C00FFF7A8FF64
:1043A00010F1130F01D0411DE0D1BDE8F88354F89E
:1043B000080C0FF0AAF828B354F8080C14F8041CE1
:1043C00034F8023CD0F810E0D0F80890DEF800C0D5
:1043D000DA0754BF43F4B01383F4D01323F48012EC
:1043E00007FA01F8DB074CBF48EA0C032CEA080384
:1043F000CEF80030D9F800309847002804F10804BE
:10440000B9DAD2E76FF01200CFE700BF4519050017
:104410002DE9FF410569D0F804802B6E0646A86D92
:10442000002835D1002B53D0B8F830406A6DEF6DBD
:104430009C4228BF1C46EB6D53B1296E41B107F079
:104440006041B1F1005F03D0082C6F6F28BF0824D2
:1044500000926A6DAC661AB1AA6D002A18BF224696
:10446000CDE901271BB12B6E002B18BF234600227C
:1044700069464046039302F02BFD184B984229D021
:104480006FF00401304604B0BDE8F0410DF0CCBA45
:10449000696DEF6DB8F830400A46ABB1834228BF72
:1044A00003469C4228BF1C460029C4D001F060434B
:1044B000B3F1005FBFD0082C28BF08242246286F24
:1044C0000FF03DFD2A6FB6E7844228BF0446EBE7B4
:1044D0001946D7E704B0BDE8F08100BF0000AD0B7E
:1044E0002DE9F04F8DB004690193436802938B88E6
:1044F00006469804884691462DD44FF0FF324FF07F
:10450000FF3304F1100005F0DFF8C4F80480D6F89A
:1045100004B0D6F810A0DBF8083003939AF86D3099
:1045200023B1DAF80030984500F0B380B8F804E021
:104530001EF4006F16D06FF0850523689B8813F476
:10454000005304D1636004F1100005F083F828469D
:104550000DB0BDE8F08FA369002BCED163689942FE
:10456000CBD1D4E71EF0090F02D06FF01505E4E7B8
:10457000CEF34513082BF8D1D8F80050974B9D4245
:10458000F3D90BF10C0CBCE80F0004AF0FC79CE88B
:104590000F0087E80F00039BAB4228BF2B461D4648
:1045A0008F4B9D4217D28F4B9D4214D28E4B9D4212
:1045B00011D28E4B9D424CD88D4B9D424BD88D4B8A
:1045C0009D424AD88C4B9D4249D88C498C4B8D4A90
:1045D0008D4288BF13461EF0020F09930EF00403AC
:1045E0003FD0002B14BF032302238DF82830CEF3D5
:1045F00000138DF82930DBF80030D3F80835591C4A
:1046000012D01EF0020F03F01F00CEF340014FEA5C
:1046100053134FF001022BD13BB3934240F0D680AD
:10462000794B8240C3F80C259AF86D302BB158466F
:1046300002F014FC00238AF86D303346734A04A953
:10464000584602F0D7FB724B98421DD06FF004051C
:1046500073E7704BBFE7704BBDE7704BBBE7704B28
:10466000B9E7003B18BF0123BFE74FF0A043D8E7ED
:104670003BB1012B40F0AD80634B8240C3F808256D
:10468000D2E74FF0A043F8E701238AF86D30CAF86B
:104690000080012384F86C30029B996B4A1C03D084
:1046A00003F13C000DF0FFF8B9F1000F68D1C4F838
:1046B00044900023A36404F1580204F1480104F17A
:1046C00044000DF01DF9019B6065002B60D1E3648F
:1046D0000023236504F1600204F1500104F14C0051
:1046E0000DF00EF900252A46E065012120462564DB
:1046F0000DF058F93046FFF78BFEA06C2A462B468A
:1047000083424DD10023256D1946A9424FD19A42CB
:10471000274638BF1A464FF4FA5303FB02F557F801
:10472000283B4FF000081B68B5FBF3F54FF4004C35
:10473000C835414640F2E7304FF47A720023E5FB7A
:104740000C01E2F7DDFC02460B46384604F0BCFFE4
:10475000024618B9256C15F1740F2FD10298C4F8D0
:10476000688002F07BFB84F86D806FF07301304647
:104770000DF05AF9384604F0CDFF6FF07305DCE612
:10478000D9F800306364002B93D0D9F8043091E756
:10479000019B1B68E364002B9AD0019B5B6898E740
:1047A000616C01EBC301013349680A44A8E7E06C7E
:1047B00000EBC100013140680344A6E7002D3FF43F
:1047C000BCAE014630690DF0EDF8B6E6C1F80C1547
:1047D000FFDE0023C3F80835FAE700BF47E8010011
:1047E0000048E8010024F40000127A00FF083D00B0
:1047F0007F841E003F420F001FA107008FD00300DF
:1048000048E8010090D00300000300504B1A050057
:104810000000AD0B00093D0080841E0040420F00E7
:1048200020A1070070B5012383400E4ABFF35B8FC0
:10483000DC4352E8001F01EA040542E80056002E5E
:10484000F7D1BFF35B8F4FF4803282400648C0F847
:104850000823BFF35F8FBFF36F8F0B4214BF01209C
:10486000002070BD784600200010014070B40E4951
:10487000D1E90034D01AC31844F1000422F07F4675
:10488000C1E90034A6F50013B3F5400F09D2074B78
:104890001B681A0A1B069C19054B42F10005C3E967
:1048A000004570BC05F0D2BED81900207C4600201F
:1048B000E019002011B3BFF35B8F0123104A83403E
:1048C00052E800CF4CEA030C42E800C10029F7D1BE
:1048D000BFF35B8F0B4A4FF480338340C2F804333D
:1048E000094BBFF35B8F1B68BFF35B8FC340DB07D4
:1048F00042BF064B4FF40032C3F80021704700BF9F
:1049000078460020001001407446002000E100E0DD
:104910000D4B1868010A0006BFF35F8F0B4BD3F8ED
:104920000435181841F10001B3F5801F0AD2084B75
:10493000D3E90023904271EB030303D210F180709E
:1049400041F10001704700BF7C460020001001408B
:10495000E01900202DE9F04F85B016461F469DF85E
:1049600040A00446FFF75EFF0190FFF7D1FFB04281
:1049700071EB070354D23E4B301A67EB01019842AA
:1049800071F100014FD23B4B03EB0413D3E9022337
:104990009F4208BF96425ED037494FF4803804F1F9
:1049A000500508FA04F8AD00C1F848832046ADB2BE
:1049B0000DF0A4F826F07F4B05F1804504F5A873AF
:1049C00005F58835DC464FF003090293029A2CF076
:1049D0007F4341F82230C1F84483D1F80435274A97
:1049E0006FF00200C01A604420F07F40904232D93C
:1049F000286868B1D1F804350393A3EB0B0020F0CD
:104A00007F40B0F5000F26D920460DF077F8039BC4
:104A1000BAF1000F07D109EB030C09F10109D5E741
:104A2000BAF1000F09D06FF0150520460199FFF784
:104A300041FF284605B0BDE8F08F0123104ABFF3BF
:104A40005B8FA34052E8000F184342E800010029A1
:104A5000F8D1BFF35B8F07490E98230101EB0412D5
:104A6000C8500F9B5360C2E902670025DDE700BF15
:104A700001008000C819002000100140FDFF7F00E8
:104A8000744600207FB51C4C1C4BC4F80833C4F896
:104A900048331B4B00254FF0FF304FF0FF31C4F877
:104AA0000855C3E902014FF48033C4F80433154BB1
:104AB00002264FF400320121C4F804631120C3F828
:104AC00080212A46E7F73CF81120E7F709F80E4A5B
:104AD0000123A360236013600C4B0D4A0093CDE9C2
:104AE000015500232846FFF735FF3046FDF7DCFF70
:104AF000284604B070BD00BF0010014003000F0045
:104B0000C819002000E100E0784600206D4804004C
:104B1000FFFF7F002DE9F7432F4CD4F804339907AA
:104B20000BD5D4F8043143B12C4A0023C4F8043126
:104B3000D4F80431136801331360D4F80433DA0372
:104B400029D5BFF35B8F264B53E8002F22F00101DC
:104B500043E800100028F7D1BFF35B8FD30702D4DE
:104B6000D4F84031BBB10025C4F84051D4F84031ED
:104B7000FFF7CEFEEFF31182202383F31288BFF3F9
:104B80006F8F184BD3E90267B042B94106D282F366
:104B90001188BFF36F8F03B0BDE8F0834FF0FF388B
:104BA0004FF0FF39C3E90289D3E900101D604FF4CB
:104BB0008033C4F84833C4F84051D4F8403182F30C
:104BC0001188BFF36F8F0029E5D0009032463B4635
:104BD00028468847DFE700BF001001407C460020E0
:104BE00074460020C819002030B5431C124C85B013
:104BF00005D08442A8BF0446012CB8BF0124FFF7AA
:104C000087FE0E4B0C4DD3E90013401AB0F5000F90
:104C100010D22218AA4228BF2A4652184FF000008C
:104C200007490091CDE9010043F10003FFF792FE2F
:104C300005B030BD2A46F0E7FFFF7F00D8190020FD
:104C40006D48040008B5FFF763FE024B1B68C01AED
:104C500008BD00BFD819002010B5084C01236360BF
:104C60001120E6F74BFF064BC4F80833C4F848336D
:104C7000044B4FF40032C3F8802110BD00100140F6
:104C800003000F0000E100E070B5184B026B50F814
:104C9000285C53F822300446284698470146A06312
:104CA00018BB236B0133042B236307D1012184F844
:104CB00034106868BDE870400CF04FBF0C4A52F8E1
:104CC00023504FF4004625EAE57540F2E7304FF4F3
:104CD0007A720023C5FB0601E2F712FA02460B4680
:104CE0002046BDE8704004F037BF70BD746F05000A
:104CF000846F05001D2910B411D01F2913D01B2962
:104D000015D120234FF4FF54A24215D89A4213D351
:104D1000B2FBF3F25DF8044BD2B20CF08DBF084C3D
:104D20004FF42073F0E7074C4FF44853ECE76FF073
:104D300085005DF8044B70476FF01500F9E700BF80
:104D4000807D020000CE310008B5E4F76DFB30B184
:104D500001780448B1FA81F149090CF09CFF002068
:104D600008BD00BFE04A05002DE9F04350F8145C8F
:104D7000D5F810906E6899F85C3087B0002B00F081
:104D8000AF80072304AA122130460CF0C7FE8046EC
:104D9000002840F0A5809DF813209DF811709DF823
:104DA0001240130103F470631F449DF8153004EBA7
:104DB00002241B029DF8162003F48073134499F813
:104DC000042047F30B0744F30B04002A44D02C2B98
:104DD00006D80246322128460CF02EFF89F80480BE
:104DE000DFF820C1DFF82081DCE90032FB1842EB5C
:104DF000E77E424FD7E90021A21841EBE4714FF062
:104E0000FF3443457EEB0400CCE9003EC7E90021B6
:104E10002DDA424571EB040469DB47F6FF74A242C8
:104E200071F10001B8BF14B2354B96F8262000206E
:104E30000021C7E90001CCE9000196F82570CDE911
:104E40000201B4FA84F04009009039462846FBF785
:104E50003DFE002C44D029E02D2BC1D980223221E7
:104E600028460CF0E9FE012389F80430B8E747F63C
:104E7000FF7083427EF1000E0ADB424571EB0404B1
:104E800037DB824271F1000135DA14B20346CCE718
:104E9000424571EB04041BB217DA194C002BC4D144
:104EA00000220023CCE90023C7E9002396F825104F
:104EB00096F827200027002601230093CDE90267FA
:104EC00023462846FBF702FE0AE0824271F1000108
:104ED00001DB0446E2E714B2002BA6D1002CDFD19F
:104EE0006868012107B0BDE8F0430CF036BE044C01
:104EF0009AE7034CCAE70446034696E7E819002000
:104F00000080FFFFF01900200180FFFF2DE9F34131
:104F1000A1F1C80540F6B834A54206469DF8200028
:104F20003CD8C824B1FBF4F149B20AB161F07F0169
:104F30000BB141F0400108B141F02001194B8DF84F
:104F400005101A889B78ADF800208DF80230706843
:104F5000FF230024BA2241218DF804308DF8064049
:104F60000CF050FE0A2000210EF0A4FE6F460DF159
:104F7000040818F8012B17F8011B70680CF042FEAA
:104F8000054610B90134032CF3D17068B5224121D4
:104F90000CF038FE284602B0BDE8F0816FF0150530
:104FA000F8E700BF8D840500F8B54568066904463A
:104FB00028680EF0AAFA18B96FF012042046F8BD5E
:104FC000E868002859D1002306F114002F49346005
:104FD00033710EF010FD65682769A8690EF095FA27
:104FE0000028E9D0EB8BA869297F43F48032D0F800
:104FF00010C0D0F808E013F0010F4FF00104DCF806
:10500000003004FA01F414BF2343A343CCF800306A
:10501000DEF80030984704460028CFD12B7F1C488B
:10502000012202FA03F3C7E90303A8698368DB6975
:1050300007F1080133B3984704460028BED106F1B2
:105040002807384613490EF023FDB26D124B53F872
:1050500022504FF4004625EAE575214640F2E7303C
:105060004FF47A720023C5FB0601E2F749F80246C5
:105070000B46384604F070FDA0E70EF046FA002813
:10508000A1D199E76FF0570498E700BF694D04007C
:105090009F1B0500894C0400846F0500BFF34F8FF0
:1050A0000549064BCA6802F4E0621343CB60BFF3C4
:1050B0004F8F00BFFDE700BF00ED00E00400FA05E0
:1050C0004FF08053D3F83021082A06D1D3F8343179
:1050D000052B02D8024AD05C70470020704700BF01
:1050E000A5840500024AD2F80034002BFBD070479B
:1050F00000E0014010B54FF08053D3F83021082A6A
:105100004ED14FF080420021C2F80C11C2F81011AC
:10511000C2F8381502F54042D3F80414C2F820153D
:10512000D3F80814C2F82415D3F80C14C2F82815C3
:10513000D3F81014C2F82C15D3F81414C2F8301593
:10514000D3F81814C2F83415D3F81C14C2F840155B
:10515000D3F82014C2F84415D3F82414C2F8481523
:10516000D3F82814C2F84C15D3F82C14C2F85015F3
:10517000D3F83014C2F85415D3F83414C2F86015BB
:10518000D3F83814C2F86415D3F83C14C2F8681583
:10519000D3F84014C2F86C15D3F84434C2F8703513
:1051A000FFF78EFF18B1474B474AC3F88C26FFF72D
:1051B00087FF18B1454BFB22C3F81825FFF780FF86
:1051C00070B14FF080414FF08053D1F8E42ED3F806
:1051D000583222F00F0203F00F031343C1F8E43EEC
:1051E000FFF76EFF20B13A4B4FF40072C3F8402630
:1051F0004FF08053D3F83031082B09D14FF0804362
:10520000D3F80024D20744BF6FF00102C3F8002492
:10521000304AD2F8883043F47003C2F88830BFF3C4
:105220004F8FBFF36F8F4FF08053D3F83021082A90
:105230000ED1D3F83431052B02D8274AD35C3BB1C9
:105240004FF01023D3F808224FF08043C3F85825BD
:105250004FF01021D1F80C32DB0714D51F48012381
:10526000C0F80435FFF73EFFD1F80C3223F00103FC
:10527000C1F80C32FFF736FF0023C0F80435FFF702
:1052800031FFFFF70BFFD1F80032002B03DBD1F821
:105290000432002B14DA114901234FF01020C1F819
:1052A00004351224FFF71EFFC0F80042FFF71AFF73
:1052B000C0F80442FFF716FF0023C1F80435DEE70B
:1052C00010BD00BF005000404881030000F00040C6
:1052D0000090024000ED00E09F84050000E00140E6
:1052E00030B50468CCB1BFF35B8FB4FA84F3C3F17B
:1052F0001F03DBB201229A4024EA020250E8005F59
:10530000A54204D140E8002CBCF1000FF6D1BFF358
:105310005B8FE6D102480B7030BD0248FCE700BF4E
:105320000000AD0B0200AD0B10B50368CB40DB07EE
:1053300014D401238B400268BFF35B8F43EA020160
:1053400050E8004F944204D140E8001CBCF1000F2B
:10535000F6D1BFF35B8FEED1014810BD0148FCE7E9
:105360000000AD0B0400AD0B2DE9F04700F16040EB
:105370004C1E0444DFF834801F461646050B240BF0
:10538000FF234FF0010AA54201D9BDE8F08718F8C4
:105390000510994201F00F00894604D009093246F0
:1053A0000AFA01F1B84701354B46ECE7AB8405003A
:1053B000014BFFF7D9BF00BF2B1E0500F7B505460F
:1053C000F8B101281BD104224FF4807301464FF03D
:1053D000804003440244C0F80813002601211160F4
:1053E0001E608D421B688DF8071008BF0DF107067F
:1053F00042F210744FF0804745B1012D28D003B020
:10540000F0BD0C224FF482730221E0E7D7F8183484
:1054100003F480333EB9002BF1D001200CF003FDE2
:10542000013CF3D1EBE7D7F8182402F00302326015
:10543000002BE4D09DF80700012803D10CF0F3FC09
:10544000013CD9D1012DDAD10C4B00225A71D6E79B
:10545000D7F80C3403F480333EB9002BF4D001208C
:105460000CF0E1FC013CF3D1EEE7D7F80C2402F09C
:1054700001023270002BDDD1E6E700BF804600203C
:10548000044B1A7922B9012218609A8002487047A9
:1054900002487047804600200000AD0B0C00AD0BA9
:1054A00008B5094B1B682BB10020E6F73BFB08B998
:1054B000E6F716FB4FF080430022C3F81825034B94
:1054C00001221A7008BD00BF80460020544F002002
:1054D00010B510B1012843D010BD4FF08043D3F870
:1054E0001814D3F81824C80321D502F00303012BA4
:1054F00004D013B10020FFF761FF00234FF080427A
:105500000220C2F8183508224FF4827303F1804359
:105510000021196002F180421C6801241460154AC0
:1055200012680AB34FF08043C3F80403D4E7D3F8FA
:105530001424D107E1D5D3F81C249207DAD40D4AFC
:1055400012681AB10222C3F80423C5E7D3F8042174
:10555000002AFBD00022C3F80421D3F80431BBE7B2
:1055600000224FF48073D1E71A68002AFCD019603A
:105570001B68B1E78046002010B54FF08043D3F898
:1055800000216AB10022C3F80021D3F800210122D2
:10559000C3F80823114B587910B95A711B68984702
:1055A0004FF08043D3F8042172B10022C3F80421E4
:1055B000D3F80421D3F81824D3F81824920704D17F
:1055C0000122C3F818259A6010BD0222C3F80823EF
:1055D000024BBDE810401B680120184780460020A0
:1055E000036803F01F025B09026004D0012B03482B
:1055F00018BF002070474FF0A040704700030050D4
:10560000034A430900F01F00D35C1844C0B270473E
:10561000EB84050070B50546FFF7F2FF0C4C08302F
:105620000E4634F81030DA0508D5C3F3432304EBF3
:10563000C302284654F8333052689847A3682BB108
:10564000E26831462846BDE87040184770BD00BF8B
:10565000CC08002008B5FFF7D3FF034B083033F820
:105660001000400B08BD00BFCC08002008B5FFF7B4
:10567000C7FF034B083033F81000C0F3400008BDEB
:10568000CC08002008B5FFF7BBFF034B083033F808
:105690001000C0F3401008BDCC080020034611F0F4
:1056A000010010B5CCB20DD1A207C4F3400012D551
:1056B000094AD2F820055860C2F82005003818BF02
:1056C000012008E04FF0A041D1F820251A60C1F870
:1056D0002025002AE8D010BD0003005010B5FFF7C8
:1056E0008FFF124A083032F81030D9051CD5C3F3A9
:1056F000432123F4F85322F8103002F10E04002065
:1057000034F8023F13F4807F03D0C3F3432399425C
:105710000AD001303028F3D1002342F83130044858
:10572000BDE81040FFF700BE10BD00BFCC08002050
:1057300044090020F0B5054600200446012607462E
:105740008C420BD1114BD3F87C2132B10022C3F82B
:105750007C21D3F87C3140F00040F0BDE3B29B00E7
:1057600003F580729B0806FA03F31D420BD002F189
:10577000804202F5C042D2F800C0BCF1000F02D056
:105780001760126818430134DAE700BF0060004078
:10579000F7B506460846FFF733FF194F00F1080535
:1057A0000C4637F81530DB0727D530460CF0B3FB35
:1057B0002046FFF767FF40B12046FFF74BFF3168F7
:1057C00000F5A270002341F820302046FFF786FF45
:1057D000002301A827F815300194FFF701FF019B72
:1057E00000EB8300074BD0F80027134043F002037F
:1057F000C0F80037044803B0F0BD0448FBE700BF21
:10580000CC080020F0F8FCFF0000AD0B0400AD0B4D
:105810002DE9FF41164680460846FFF7F1FE0D468A
:105820003168044609B32846FFF720FF18B128461F
:10583000FFF728FF10BB0023CDE900338DF80E30B1
:105840008DF80F300DF10F020B4628460DF10E01B9
:105850000CF0F8FA474A04F1080132F8113023F04D
:10586000020343F0010322F81130736863B3284642
:105870001F785968FFF7FAFE10B1D1B13E4826E013
:105880003C4A04F1080032F8103023F02003DB0416
:10589000DB0C22F8103061B1032FEFD87168496832
:1058A00091F800C0D8F80010A7B90CF5A27C41F817
:1058B0002C70304A04F1080132F8113023F01C0337
:1058C00043EA870322F81130B3684BBB2B4804B07E
:1058D000BDE8F08101EB8C0143EA4C33D1F810E5CF
:1058E0002EF0030EC1F810E5D8F8001001EB8C0E75
:1058F00043F02003DEF8101522F8103021F44F3168
:1059000021F44071CEF810152902DEF8108501F45B
:105910007C5141EA074141EA0801CEF81015C8E779
:10592000D3E900672846FFF7D9FE002ECED0114DEF
:10593000D5E90023964203D19F4201D1002209E01C
:105940000F480DF10F01FFF7CBFC0C4B9842BED175
:105950009DF80F2045F8326005EBC20308345F6004
:1059600035F8143043EA422343F4807325F81430A9
:10597000ACE700BFCC0800200400AD0B0000AD0B6D
:10598000440900202DE9F0430C4685B080462046AE
:1059900011461E46FFF734FE054629B32046FFF7A1
:1059A00065FE18B92046FFF76DFE18BB314F05F1B3
:1059B000080937F8193013F01C0F02D04B78012B6F
:1059C00018D001238DF80F300023CDE900134A1CB5
:1059D0008B1C20460DF10F010CF034FA37F819300A
:1059E00043F0030327F81930002E41D02046FFF77B
:1059F0003DFE18B9204805B0BDE8F08396F800C018
:105A0000D8F800301B4F0CF5A272002143F8221089
:105A100005F1080237F8121021F02001C904C90C61
:105A200027F8121075781DB3D8F80000B67800EB8F
:105A30008C002D04D0F8103523F4991323F4F85377
:105A4000C0F81035230203F47C5305F440353605C5
:105A5000D0F810E52B4306F4801641EA4C3133436D
:105A600041F0200143EA0E0327F81210C0F8103568
:105A70000248C0E7CC0800200400AD0B0000AD0BCD
:105A8000014BC3E902127047CC08002010B508464C
:105A90001446FFF7F7FD50B10846FFF7B1FD054B7F
:105AA000083033F8103004485B0B237010BD0348F6
:105AB000FCE700BFCC0800200000AD0B0400AD0BDC
:105AC00070B5164D95F8804006462CBB21466022E5
:105AD00005F110000EF05BFA30682E6F21468E4201
:105AE0000ED10023C0F87C31D0F87C3140F3073070
:105AF000E5F7F6FF01230A4885F88030AB6770BDF3
:105B0000CBB29B0003F580727C2B08BF845001F15F
:105B1000010108BF8358E2E70248F0E7CC08002003
:105B20000000AD0B0C00AD0B034B93F88000003868
:105B300018BF0120704700BFCC0800200148FFF7C4
:105B4000F3BB00BF400900200148FFF7C9BB00BFFD
:105B50004009002073B503681646D3F80423002AD1
:105B6000A8BF4FF000420546A8BFC3F8042308466B
:105B70000C46FFF787FD00B30846FFF777FD0146A7
:105B8000D8B92046FFF766FD04B2A40004F5807280
:105B9000034628688150296882582144D1F810258D
:105BA00042F00102C1F810252EB12968012202FA43
:105BB00003F3C1F8043302B070BD2046FFF720FDA7
:105BC0000F4B083033F81030C3F38203042B12D08C
:105BD000052B12D001A80194FFF702FD019AD0F81D
:105BE0001035D34003F00103991C204602B0BDE8F4
:105BF00070400CF070B90321F7E70221F5E700BF10
:105C0000CC0800202DE9F04F694BDFF8B081D3F8C4
:105C10000403D8F87010C0B289B040F00040FFF71C
:105C200089FD051E2FDAC24600235AF87C1F06A8FC
:105C3000CDE90633FFF732FD5E4B01930DF11809F4
:105C40004FF0000B019A12F8013B0192DA0803F0C1
:105C500007031AF8022022FA03F3DA071CD409F129
:105C60000409BBF1000F14D0D8F870104FF00040B9
:105C7000FFF760FDD8F87C1006A8FFF70FFD00289D
:105C8000DAD125F000450124002D79D109B0BDE815
:105C9000F08F4FF0010BD5E7474B5B440293D9F8E7
:105CA00000100029DBD0029B91FAA1F11C78B1FA17
:105CB00081F141EA44142046FFF7A2FC0830059424
:105CC00038F81070C808BB0819F80020039301F0D9
:105CD0000701012303FA01F122EA010209F8002079
:105CE00005A8FFF77DFC059A039B02F5E072C7F358
:105CF000820650F822205B073746C2F3014224D5C2
:105D000020463946D6B2FFF785FC05A80594FFF773
:105D100067FC059B03F5E07350F82330C3F30143A0
:105D20009E4207D1002120460CF0D5F8314620468E
:105D30000CF0D1F805A80594FFF752FC059B012251
:105D400002FA03F3C0F82035A9E7022A0CD1032197
:105D500020460CF0C0F806F00503012BEAD13946C5
:105D60002046FFF757FCE5E70221204603920CF09E
:105D7000B2F8032EF3D0039A032ADBD1022EEDE70B
:105D800095FAA5F3B3FA83F304FA03F29B0003F147
:105D9000804303F5C04325EA0205D3F81005D3F884
:105DA0001015C0F30520C1F30141FFF733FC6BE789
:105DB00000600040FB840500FB840500CC08002047
:105DC000044AD2F80034DB07FBD50160BFF35F8FD4
:105DD000704700BF00E001404FF080531A69B0FBEC
:105DE000F2F302FB130373B9084B0222C3F8042534
:105DF000C3F80805D3F80024D207FBD500220448D5
:105E0000C3F8042570470348704700BF00E0014015
:105E10000000AD0B0A00AD0B10B5054C0123C4F812
:105E20000435FFF7CDFF0023C4F8043510BD00BFD3
:105E300000E0014010B5184C237853BB0278C2F340
:105E40004003920712D54FF08053D3F83021082A2F
:105E50000BD1D3F83431052B07D8104AD35C23B1CA
:105E60004FF080430122C3F8382601234FF08042CF
:105E7000C2F88035037803F00103C2F878350020BA
:105E8000E5F750FE08B9E5F72BFE0123044823701F
:105E900010BD0448FCE700BF554F0020FD840500FD
:105EA0000000AD0B0C00AD0B4FF080434FF460725F
:105EB000C3F80823014B00221A607047884600206F
:105EC00008B5FFF7F1FF03680BB1014A136008BD85
:105ED0008846002010B54FF08043D3F80443620792
:105EE00007D54FF484700CF04FF810B11E4B1B68AF
:105EF0009847A30608D54FF48A700CF045F818B1FE
:105F00001A4B00201B689847600608D54FF48C7028
:105F10000CF03AF818B1154B01201B689847210680
:105F200008D54FF48E700CF02FF818B1104B0020EC
:105F30001B689847E20508D54FF490700CF024F8E0
:105F400018B10B4B01201B689847A3050AD54FF4E5
:105F500092700CF019F828B1054BBDE810401B6891
:105F60000220184710BD00BF904600208C4600203C
:105F70008846002070B5104D6C6B9CB14FF47A735D
:105F80005C430A23B4FBF3F40C4ED6F8003163B93A
:105F900095F839304BB90A200BF045FF013CF4D19C
:105FA000074870BD4CF25034EEE795F83930002BBD
:105FB000F6D10448F5E700BF944600200090024067
:105FC0000700AD0B0000AD0B094B10B500220124FA
:105FD000C3F80045C3F800211C6038B1FFF7CAFFC1
:105FE000044B984203D1044B83F83840014810BD5C
:105FF000009002400000AD0B9446002070B500F008
:106000006044B4F1005F5DD184075BD12F4C94F8FC
:106010003050012D05D09D4256D194F83850002DB6
:1060200052D02B4D022B0BBFC5F81025C5F8042507
:10603000C5F81405C5F808050CBFC5F81815C5F84E
:106040000C154FF0000684F8396026680CBF08254F
:106050000425BEB994F838306BB11D4B05F180456D
:1060600005F524350022C3F8002101232B60BDE88B
:106070007040FFF77FBF0120FFF7A6FF154B984246
:10608000EBD170BDA66826B1E0606161E2611248A3
:10609000F7E7A2610E4A84F830300123A060216145
:1060A000C2F80061C2F8043394F8382002F0FF000F
:1060B00012B9FFF789FFEAE705F1804505F52435B8
:1060C0002B60E4E70548DCE70548DAE79446002062
:1060D000009002400700AD0B0000AD0B0A00AD0BB5
:1060E0000B00AD0B084B9A685A621A699A629A695A
:1060F000DA62DA689A6032B15A691A61DA699A61C9
:106100000022DA60704770479446002000F01F03B9
:1061100040090FD0012810D10B4A02EB83020B4B30
:10612000D2F80007034043EA012343F00203C2F818
:10613000003770474FF0A042EFE7002203F5E0730D
:1061400052F82330FFDE00BF00030050F0F8FCFFE0
:1061500010B50E4B0238D3F83C26D3F83836072852
:1061600013D8DFE800F0110F0D0B0A080604100E1B
:10617000C871100C8871100A48710A711A0ECA7021
:106180001A0C8A701A0A4A700B7010BD00900240F7
:10619000023807281FD8DFE800F02927251123211E
:1061A0001F04CB791B068A7943EA02434A7943EA02
:1061B00002230A7913430E4AC2F83C36CB781B06F9
:1061C0008A7843EA02434A7843EA02230A7813436F
:1061D000074AC2F8383670470023E4E70023E5E7B2
:1061E0000023E6E70023EBE70023ECE70023EDE7DD
:1061F000009002400268154BFF2A08BF4FF0FF32A3
:10620000C3F824254268FF2A08BF4FF0FF32C3F8C5
:1062100028258268FF2A08BF4FF0FF32C3F83025D7
:10622000C268FF2A08BF4FF0FF32C3F83425026965
:10623000FF2A08BF4FF0FF32C3F838254269FF2A12
:1062400008BF4FF0FF32C3F83C2570470090024072
:106250000A4B002283F83820094B01214FF080506F
:10626000C3F808131961D0F83001082808BF596530
:10627000C3F80025C3F80021704700BF94460020F2
:106280000090024030B5194D0FCD8DB006AC0FC453
:1062900095E8030084E803001549D1F82435DBB202
:1062A0000093D1F82835DBB20193D1F83035DBB259
:1062B0000293D1F83435DBB20393D1F83835DBB231
:1062C0000493D1F83C3506A8DBB20593FFF792FFA3
:1062D0000023C1F8003101230B60D1F80031002BFD
:1062E000FBD06846FFF786FF0DB030BDDC4E0500E1
:1062F0000090024070B590F82930044613B190F830
:106300002A204ABB6068FF2860D0A268FF2A5DD0BF
:10631000E268FF2A5AD02269FF2A57D0B3B9032175
:10632000FFF7F4FEA068FFF7F1FEE068FFF7EEFE6E
:106330002069FFF7EBFE6069FF2801D0FFF7E6FE5A
:10634000A069FF2802D00321FFF7E0FE94F82A306D
:1063500013B9201DFFF74EFF1D4E636A73631D4D79
:1063600094F8293086F83A300123C5F80833FFF74E
:1063700089FF2368C5F84035A37F617F227F9B0199
:1063800043EAC1031343E27F43EAC213C5F844352D
:10639000D5F8002694F8203022F07F4222F0FF0248
:1063A000134394F8212043EA026394F8222043EA3D
:1063B000426394F8232043EA0273C5F80036336839
:1063C00013B12920E5F78CFB034870BD0348FCE7B7
:1063D00094460020009002400000AD0B0400AD0B7D
:1063E00038B50C4C94F8305095B9C4E9001248B94E
:1063F0000023C4E902330122074884F8302084F8DE
:10640000383038BDFFF776FF034B9842F9D1EFE7FC
:106410000248F6E7944600200000AD0B0C00AD0BDF
:106420002DE9F843DFF8A090074699F830000128DD
:10643000884614463DD199F838301F4E6BB31F4D36
:106440000123C5F80833FFF71DFFB8F1000F2BD16A
:106450004FF0000889F83980C5F80081BB787A7858
:106460001B0343EA02233A781343FA7843EA4233A0
:106470003A7943EA82337A7943EAC233C5F834364B
:10648000FFF778FDB0420CD0C5F800811CB17878D8
:106490002146FFF75DFE0A4804E0FFF795FDB04294
:1064A000CDD10548BDE8F88378784146FFF770FE06
:1064B000CEE70448F6E700BF0700AD0B00900240AE
:1064C0000000AD0B0B00AD0B944600201FB50D4A2C
:1064D00002920DF107020023114602A88DF8073041
:1064E000ADF80C30FFF79CFF074B984206D19DF8A2
:1064F000073013F0010F054B18BF184605B05DF8C3
:1065000004FB00BF050200010000AD0B0B00AD0B4A
:106510002DE9F8431A4E2920E5F7F0FAFFF798FE27
:1065200096F83A3033BB174BD3F82405D3F82895A7
:10653000D3F83085D3F83475D3F83855D3F83C45C3
:10654000C0B20BF042FD5FFA89F00BF03EFD5FFA3E
:1065500088F00BF03AFDEDB2F8B20BF036FDFF2DEE
:10656000E4B202D028460BF030FDFF2C02D02046CA
:106570000BF02BFD002386F83030BDE8F88300BF18
:106580009446002000900240034B93F838300BB93A
:10659000FFF71ABD01487047944600200C00AD0B70
:1065A00008B5054B93F83030012B03D1FFF750FEAF
:1065B000024808BD0248FCE7944600200000AD0BED
:1065C0000B00AD0B034B93F83000003818BF0120CF
:1065D000704700BF9446002038B511F0030539D14B
:1065E0001E4B1A68D2B193F83040012C34D11C4AAA
:1065F000C2F81C150421C2F8200583F8395083F82D
:106600003010C2F80051C2F8044393F8383003F058
:10661000FF00EBB9FFF7D8FC124818E0104CC4F8A3
:106620001C15C4F8200583F8392093F8383043B19D
:106630000023C4F800310123E360BDE83840FFF7D0
:1066400099BC0120FFF7C0FC074B9842F0D138BD40
:10665000D460E1E70548FAE70548F8E794460020EA
:10666000009002400000AD0B0700AD0B0A00AD0B1F
:106670000B00AD0B10B5224BD3F8002192B1214C89
:106680000022C3F8002194F8381094F8302071B932
:106690000121032A84F8381005D0042A05D0022AE3
:1066A00000D1996010BD5960FCE7D960FAE7032A70
:1066B00019D0042A19D0022A04D1012384F82030E9
:1066C000FFF710FDA36813B9012384F8303094F864
:1066D000393003F0FF0013B9D4E9003198470023A3
:1066E00084F82030DEE70223E8E7032284F8202044
:1066F000D3F81C256262D3F8203584F82830E1E70E
:106700000090024094460020036803F01F025B09DA
:10671000026004D0012B034818BF002070474FF0DF
:10672000A04070470003005007B5019001A8FFF793
:10673000EBFF019B00EB8300054BD0F800271340D3
:1067400043F00303C0F8003703B05DF804FB00BF5B
:10675000F0F8FCFF73B5CB7B0446002B38D10B7BE4
:106760000878012B77D80BF04AFC0B78019301A82D
:10677000FFF7CAFF019B00EB83003C4BD0F80027DA
:10678000134043F00103C0F800374878FF2804D0D5
:106790000BF035FC4878FFF7C7FF8B78FF2B0FD045
:1067A00001A88D7B0193FFF7AFFF019B00EB8300F6
:1067B0002E4BD0F80027134043EA8503C0F800377A
:1067C000C878FF2804D00BF00DFCC878FFF7ACFFA9
:1067D00023792748CA78282505FB03039A770B7C81
:1067E0009BB94B7825680E78FF2B18BF1A468B781B
:1067F000C5F8086508BF4FF0FF32FF2B08BF4FF008
:10680000FF33C5F80C25C5F8103523688A68C3F82E
:1068100024254B7B0A7B2568003B18BF0123022AF5
:106820001CD0032A1DD0012A01D143F00203C5F870
:10683000543523794979282202FB0303D977237938
:106840005343C35883B1206840F3073002B0BDE81A
:106850007040E5F745B90BF0C5FB86E743F004034C
:10686000E5E743F00603E2E702B070BDF0F8FCFF95
:10687000D046002007B5019001A8FFF745FF019B16
:1068800000EB8300054BD0F80027134043F00203D0
:10689000C0F8003703B05DF804FB00BFF0F8FCFF60
:1068A0002DE9F04190F80480144C4FF0280C0CFBBB
:1068B00008FC04EB0C06074696F81CE0BEF1000F3E
:1068C00019D144F80C20736041B1CB7B86F8253098
:1068D000CB78B3774B79F377FFF73CFF3A680848FA
:1068E0000123C2F80035282202FB08440022627707
:1068F0002377BDE8F0810348FBE700BFD0460020C6
:106900000000AD0B0C00AD0B70B50679194C056895
:1069100028237343E35833B145F30730E5F7EEF826
:106920000423C5F808330023C5F80035282303FBEA
:10693000064393F82530BBB9D5F80805FFF79AFF51
:10694000D5F81005421C01D0FFF794FFD5F80C05CF
:10695000431C01D0FFF78EFF282303FB0643987FDB
:10696000FF2801D0FFF786FF282303FB06440023FE
:10697000237770BDD04600202DE9F8430779394CC4
:1069800028237B439046E2180E46517F814600291A
:1069900066D1E3580BB10123537796E80F00282501
:1069A00005FB074505F10C0C8CE80F00A87F0023C0
:1069B000FF2885F8243001D00BF021FB2823B8F103
:1069C000000F06D003FB0743002227485A77BDE893
:1069D000F883D9F8005003FB07430422C5F80823C5
:1069E000C3F82080C5F80881D5F8082172689AB1EB
:1069F00033681B78C5F81C357368012B0ED93368D2
:106A00005B78C5F81C3528237B43E65876B1042310
:106A1000C5F804331548DAE7DB7FEBE7F368012BB1
:106A2000F1D9282303FB0743DB7FEAE707EB870164
:106A300004EBC101D5F80831002BFBD0C5F8086183
:106A40002846D5F808310BF0E7FA0028F2D12823C0
:106A500003FB0744A07FFF28DCD00BF0C3FAD9E783
:106A60000348B4E7D04600200300AD0B0000AD0B97
:106A70000B00AD0B10B50C480C490023C0F80831D1
:106A8000D0F808310BF0C8FA68B9887FFF2801D028
:106A90000BF0A8FA00234B770B72BDE81040D1E948
:106AA00000310348184710BD00300240D046002096
:106AB000D8460020036803F01F025B09026004D07F
:106AC000012B034818BF002070474FF0A0407047CB
:106AD00000030050012370B504460D46436164264F
:106AE0000022022120460BF0DFFA20B901200BF032
:106AF0009AF9013EF4D100236B774FF08051D1E930
:106B00004C1208291AD1052A18D80E498A5CAAB154
:106B10004FF0FF32D4F80805D4F80C15C4F800354E
:106B2000C4F80825C4F80C250922C4F80025C4F8C7
:106B30000035C4F80805C4F80C1570BD0023C4F86E
:106B40000035FAE7038505000F4B984219D00DD8A0
:106B50000E4B984215D007D80D4B984211D00D4BD3
:106B6000C31A5842584170470B4BF9E70B4B9842F8
:106B700007D004D80A4B984203D00A4BF0E70A4BDF
:106B8000EEE70120704700BF80841E0020A10700AF
:106B900048E8010090D0030040420F000024F400B8
:106BA00000093D0000127A000048E80173B516465E
:106BB000421C1C460546069B18D0012902D1BBB1D8
:106BC0000BF0B0FA01A80195FFF774FF019B00EBF1
:106BD00083002402D0F80027074B44EA86040C43C4
:106BE00013401C4344EA4101C0F8001702B070BDD5
:106BF0000BF0A5FAE6E700BFF0F8FCFF2DE9F3473C
:106C0000674B4D6990F804909D4206460C4600F093
:106C1000AE8000F29E80634B9D4200F0AB8000F29C
:106C20009080614B9D4200F0A880604B9D420CBF5C
:106C30004FF080654FF08045DFF88481E07E2422AC
:106C400002FB0983997F60F3000199773379217CF6
:106C500002FB03839A7F61F341029A77E77E5FBB71
:106C60006269534B9A420CBF4FF0030A4FF0000A7F
:106C7000237E012B94BF00230123009320685346F9
:106C80003A460121FFF792FF0097606853463A4663
:106C90000121FFF78BFF0097A27EA068534639467B
:106CA000FFF784FF237C83F001030093E0685346E1
:106CB0003A460121FFF77AFF242303FB0983E268A8
:106CC0001A62217C9A7F61F341029A77207FA77C28
:106CD000217E627E336890B9D4E900ECA468C3F8E1
:106CE00008E5C3F80CC5C3F810454FF0FF34C3F8EE
:106CF0006C45C3F81445C3F86805C3F86405003A49
:106D000018BF01220229C3F8C075C3F824553DD02D
:106D100003293ED0012901D142F00202C3F85425D3
:106D20000222C3F8602533792422534358F80330F4
:106D300093B3306840F3073002B0BDE8F047E4F7A2
:106D4000CFBE1C4B9D420CBF4FF080554FF080458D
:106D500072E7194B9D4213D0154B9D4213D0174B30
:106D60009D420CBF4FF000454FF0804564E74FF067
:106D7000005561E74FF000655EE74FF000755BE797
:106D80004FF0206558E74FF0A05555E742F0040258
:106D9000C4E742F00602C1E702B0BDE8F08700BFD9
:106DA00080841E0020A1070048E8010090D0030065
:106DB0000048E80140420F000024F40000127A006D
:106DC000F8460020431C07B50ED0019001A8FFF73C
:106DD00071FE019B00EB8300054BD0F800271340A8
:106DE00043F00203C0F8003703B05DF804FB00BFB6
:106DF000F0F8FCFF2DE9F8430746144C97F804809F
:106E0000242505FB08F504EB05091E4699F81C30FE
:106E1000C3B999B14869FFF797FEA8B138466251E6
:106E2000C9F80460FFF7EAFE242303FB08440023AB
:106E30006377074801232377BDE8F8836251C9F8D7
:106E40000460F1E70348F7E70348F5E7F846002058
:106E50000000AD0B0C00AD0B0400AD0BF8B5044603
:106E600006790068184D40F30730E4F747FE242305
:106E70007343EB5853B12368144AC3F8082306EB55
:106E8000C601206805EB8101FFF724FE2421236859
:106E900001FB0651D3F80805D3F80C45D3F810755B
:106EA0008B7FDB070AD4FFF78DFF3846FFF78AFF99
:106EB0002046FFF787FF086AFFF784FF242303FBC0
:106EC000065500232B77F8BDF84600205201080034
:106ED0002DE9F0430779554D24237B439046EA186A
:106EE0000E46517F85B08146002940F09C80EB58CA
:106EF00023B118F0140F04BF0123537796E80F0055
:106F0000242404FB075404F10C0C8CE80F00206AC5
:106F1000421C04D0A37F9B071AD50BF003F93368FA
:106F2000D9F8004023B103F06043B3F1005F06D10C
:106F3000B36883B103F06043B3F1005F0BD0242347
:106F400003FB075300223A485A7705B0BDE8F083A7
:106F50000BF0F5F8E3E718F0010318BF0123C4F8BC
:106F6000503518F0020318BF0123C4F8403596E8E5
:106F70000F00EC468CE80F00039BC4F84405C4F8EE
:106F80004815C4F83425C4F838350023C4F818313E
:106F9000D4F818310723C4F8003524237B4318F0B4
:106FA000080F05EB03021DD1E8580121216158B9F2
:106FB000D4F81831002BFBD06246402120460BF05C
:106FC00073F824237B43EA18EB5813BB106A461C62
:106FD00013D107EBC70705EB87012046FFF77AFDC2
:106FE0001448B2E7EB58A3B9106A411CF8D0937F5C
:106FF0009A070BD50BF0A3F8F2E7937F9B0702D516
:107000000BF09DF8E5E70BF08DF8E2E70BF08AF85E
:10701000E6E718F0040F4FF0400314BFC4F808333C
:10702000C4F80433DCE704488FE700BFF8460020CB
:107030000A00AD0B0000AD0B0B00AD0B10B5104AF4
:10704000104840210BF030F8C8B10F4C206A421CA8
:1070500004D0A37F9B070FD50BF071F8637F1BB1A2
:1070600009490848FFF736FD002323720748D4E991
:107070000031BDE8104018470BF054F8EEE710BDA2
:107080000447002000300040F84600200047002060
:10709000C02AF0B540D0B2F5807F3FD0802A40F0C2
:1070A000BB800A23036003460024520943F8044FBF
:1070B00001EB82028A4233D103680C2B35D00E2BB0
:1070C00063D00A2B26D1564D564900F1A0064269DD
:1070D00055F8044B8768C2F307237C40CB5C6340C0
:1070E000140E10300C5D83EA0443D4B20C5D83EAC5
:1070F0000463C2F307440C5D83EA042350F8044C94
:10710000836063400468C36063405A400361426126
:107110008642DCD10020F0BD0C23C3E70E23C1E77B
:1071200051F8044B43F8044FC4E73D4C3D4900F18E
:10713000C005C26954F8046B8768C2F307237E4018
:10714000CB5C7340160E18308E5D83EA0643D6B2D0
:107150008E5D83EA0663C2F307468E5D83EA0623EB
:1071600050F80C6C8360734050F8086CC360734037
:1071700050F8046C036173400668436173405A40E1
:107180008361C2618542D4D1C4E7254D254900F110
:10719000E006446A55F8042B8768C4F307237A4055
:1071A000CB5C87695340220E20308A5C83EA02431D
:1071B000E2B28A5C83EA0263C4F307428A5C83EA30
:1071C000022350F8142C8360534050F8102CC360F5
:1071D000534050F80C2C03615340DAB243618A5C8F
:1071E0007A401F0ECF5D82EA0762C3F30727C3F31D
:1071F0000743CF5DCB5C82EA072282EA034350F863
:10720000042C836153400268C36153405C400362B5
:1072100044628642BDD17DE76FF01F007BE700BF6F
:10722000946F0500098605002DE9F04FC9B00446AA
:1072300002A816460D460AF08FFF0023324663600F
:10724000294602A8FFF724FF0646002862D1029FC4
:10725000039B3548DFF8D4C0276004A903EB8703FC
:1072600001EB830251F82330A3605368E360936815
:107270002361D368636104F1180E103A7B1E9946AE
:1072800071469046B9F1000F2CDD01F11004A8F110
:10729000040B01945BF8044F250E1CF8055050F8C0
:1072A00025A0E5B21CF8055050F8255085EA3A2A89
:1072B000C4F30725C4F307441CF805501CF8044028
:1072C00050F8255050F824408AEA356585EA34455F
:1072D00041F8045B019CA142DCD109F1FF39A8F11E
:1072E0001008CFE76FF00F014B43002FCCBF1C46B7
:1072F000002402EB0400C3F10003D8BF00230EEB0F
:10730000030112594EF8032043684B6083688B6079
:10731000C368CB6002A84FF48C7100F0F3FE3046D6
:1073200049B0BDE8F08F00BFBC6F050009860500BD
:107330002DE9F04F904644680E684D6800F1080250
:1073400002EB840352F824208C68C9688FB0724025
:10735000019206925A6855409A6807955440DA6837
:1073600008945140026809914FEA620E03F130001F
:10737000CC4B0EF1FF3E002250E906A6029650F8D3
:10738000106C039650F80C6C049650E9087B50F88A
:10739000086C0596BEF1000F00F1200050F8249C07
:1073A00000F3C68022B1019ACDE90841CDE9062556
:1073B000DDE90640DDE90865E1B22A0E53F8211047
:1073C00053F8222081EA3221C0F3072253F8222009
:1073D00081EA3261C6F3074253F8222081EA324142
:1073E000220E794053F822700A91C2B253F822203B
:1073F00082EA3722C6F3072753F8277082EA3762FA
:10740000C5F3074753F8277082EA3742070EC0F3E7
:10741000074053F827C053F82000F7B2360E53F850
:10742000277053F8266087EA3C27C5F3072CEDB296
:1074300053F82CC053F8255087EA3C67C4F3074C37
:10744000C4F3072485EA362553F8244053F82CC0AA
:10745000029B039E85EA346484EA30405840040E5F
:10746000914B0D901D5DCCB282EA0B021C5D0B921C
:10747000744084EA0564C2F3072587EA3C475D5DF2
:1074800087EA0A0784EA0524C7F307450C975D5D80
:1074900084EA054E0D0ECDF818E05E5DD5B25D5D57
:1074A000049CC8F800E0654085EA0665C7F3072636
:1074B000059C9E5D85EA0625C0F307469E5D85EA2C
:1074C0000645160EC2F3074213F806C0C8F804506A
:1074D000FEB23F0E9E5DDF5D0795664086EA0C6654
:1074E000C0F3072CC0B213F80CC0185C86EA0C2657
:1074F000C1F3074CC1F3072180EA0900595C13F876
:107500000CC09B5C80EA076080EA012181EA0343AA
:1075100086EA0C4606A8C8F80860C8F80C30202196
:107520000896099300F0EEFD00200FB0BDE8F08F43
:107530000A0E029E53F822C09DF8042053F8222020
:107540007A4082EA3C2CC5F30722EFB253F822209E
:1075500053F827708CEA326CC4F307428BEA0707B2
:1075600053F822208CEA324C019A120E0EF1FF3EA3
:1075700053F8222087EA3227C4F3072253F8222047
:1075800087EA3267C1F3074253F8222087EA32477D
:107590002A0EC5F3074553F822B0E2B2240E53F881
:1075A000222053F824408AEA0202C1F3072AC9B212
:1075B00053F82AA053F821104E4086EA3421019C4A
:1075C000C4F3072682EA3B2253F8264081EA34615D
:1075D00053F825405FFA8CF581EA34410C0E53F8DC
:1075E0002560039D53F8244082EA3A6A019A754067
:1075F000C2F3074285EA3426C7F3072453F8222052
:1076000053F824408AEA324286EA3466C2F30744D9
:10761000FDB253F8244053F8255086EA34440194CF
:107620004FEA1C64049E53F824406E4086EA3425D9
:10763000C2F3072453F8244085EA3465C1F30744B4
:1076400053F8244085EA34453C0EC7F3074753F806
:1076500024A0059ED4B2120E53F8244053F82220E1
:10766000664086EA3A24C1F3072AC9B253F82AA031
:1076700053F8211084EA3A64CCF3074ACCF3072C80
:1076800089EA010181EA322153F82C2053F82AA01B
:1076900081EA326153F8272084EA3A4481EA324190
:1076A000012269E6BC730500098605002DE9F04F4B
:1076B000904644680E684D6800F1080202EB8403AE
:1076C00052F824208C68C96856405A6855409A6818
:1076D0005440DA688FB051400268069630334FEA62
:1076E000620E0193CE4B0795089409910EF1FF3E6F
:1076F0000022019850E9087B50E906A00290019809
:1077000050F8100C0390019850F80C0C049001985C
:1077100050F8080C05900198BEF1000F00F1200010
:10772000019050F8249C00F3C5801AB1CDE906659C
:10773000CDE908410798069E020EDDE9084553F899
:107740002210F2B253F8222082EA3122C5F3072137
:1077500053F8211082EA3162C4F3074153F8211033
:1077600082EA31425740220E0A9753F82210C2B2E1
:1077700053F8222082EA3122C6F3072153F8211060
:1077800082EA3162C5F3074153F8211082EA31429F
:10779000290EEDB253F821C053F82550E1B2C4F3DD
:1077A000072453F8211053F8244081EA3C21C0F308
:1077B000072CC0F3074053F82CC053F8200081EA8F
:1077C0003C61C6F3074C360E53F82CC053F82660C4
:1077D000029B85EA362585EA346482EA0B0284EA54
:1077E00030405840140E8F4B039E1D5D0B92FCB22F
:1077F00081EA3C411C5D0D90744084EA0564C0F34D
:10780000072581EA0A015D5D0C9184EA0524C1F334
:1078100007455D5D84EA054E0D0ECDF818E05E5D0E
:10782000D5B25D5D049CC8F800E0654085EA066558
:10783000C7F30726059C9E5D85EA0625C0F307462B
:107840009E5D85EA0645060EC0B213F806C0185CB8
:10785000C8F80450CEB2C1F307219E5D595C07956C
:10786000664086EA0C66C2F3072CC2F3074213F89F
:107870000CC086EA0C26C7F3074C3F0E80EA0900CD
:10788000DF5D13F80CC09B5C80EA076080EA012191
:1078900081EA034386EA0C4606A8C8F80860C8F8DF
:1078A0000C3020210896099300F02CFC00200FB02A
:1078B000BDE8F08F2A0E029853F822C0F2B20EF102
:1078C000FF3E53F822207A4082EA3C2CC1F3072283
:1078D000EFB253F8222053F827708CEA326CC4F3CD
:1078E00007428BEA070753F822208CEA324C220E1B
:1078F00053F8222087EA3227C6F3072253F82220C2
:1079000087EA3267C1F3074253F8222087EA3247F9
:107910000A0EC9B253F822B053F82110E2B2C4F3F0
:10792000072453F8222053F824408AEA0202C5F3C0
:10793000072A82EA3B2253F82AA082EA3A6AC6F36F
:107940000742360E484053F8266053F82220C5F30C
:10795000074580EA362181EA346153F825400398CF
:107960005FFA8CF581EA34413C0E53F8256053F8F8
:107970002440704080EA3426C1F307248AEA324268
:1079800053F82440049886EA3466C2F30744FDB2F3
:1079900053F8244053F8255086EA3446140E6840C4
:1079A00053F8244080EA3425CCF30724059853F893
:1079B000244085EA3465C1F3074453F8244085EA3E
:1079C00034450C0EC9B253F824A0D4B2C2F3072236
:1079D00053F82440604080EA3A24C7F3072AC7F3EB
:1079E000074753F82AA084EA3A64CCF3074A4FEADF
:1079F0001C6C53F82AA053F82CC053F8211053F8EC
:107A0000222089EA010181EA3C2181EA326153F8AE
:107A1000272084EA3A4481EA3241012269E600BF24
:107A2000BC6F050009850500F0B50C4B0C4E0446F3
:107A3000586800B9F0BDC579C5F3840556F82550DE
:107A40002D78A54208D1457905F00F07B1EB871FC6
:107A500002D1B2EB151FEDD00833E9E7BC77050082
:107A60005009002038B5044638B390F84430012B53
:107A700011D1C56B4DB12B7A012B02D168680AF088
:107A80008CFE0C2128460AF00FFC20464821BDE858
:107A9000384000F037BB006C10B124210AF004FC20
:107AA000E06B0028F1D02368044ADB79C3F3840338
:107AB00052F823309B699847E7E738BD500900200A
:107AC00038B505460C46A9B1482200210CF05FFAF2
:107AD000E379094AC3F3840352F823305B6913B98D
:107AE0002C60002038BD9847E8630028F8D1A0F545
:107AF000C340F7E70148F5E750090020009FFFFF6A
:107B00002DE9F0431E46DBB2012B87B004468846C0
:107B1000154672D8D0F80090B9F1000F6DD090F8EA
:107B20004430012B39D1C76B1822002168460CF074
:107B30002EFA6B0761D13B7A002B5ED199F80620B3
:107B4000102A08D80D2A08D8023A052A05D92C4847
:107B500007B0BDE8F083263AF7E74FF41053ADF8CD
:107B600000304FF4407302933B46414653F8042BD8
:107B70000392EA1DD20868460AF0E0FE10F1860F73
:107B8000E5D028B18D301F4818BF6FF06F00DFE7D8
:107B900001233B7265602672DAE799F8073003F03B
:107BA0000303012B06D899F8053003F00F03B2EB5D
:107BB000831F22D165602672012EE06B99F8073091
:107BC000114909D099F8052002F0F004302C03D0B7
:107BD00002F0E002402A0AD1C3F3840351F82330B3
:107BE000DB682A46414607B0BDE8F0431847C3F3B7
:107BF000840351F823301B69F3E70448A8E700BF6A
:107C0000809FFFFF809EFFFF50090020009FFFFF25
:107C10002DE9F04F154685B00268DDF838A004461E
:107C2000884699461AB9634805B0BDE8F08F90F8C8
:107C30004420012A01D16048F6E70022CAF800205A
:107C40000268002A00F0B280167916F01F0600F0D4
:107C5000AD80527902F0F002102A15D1B54240F001
:107C6000A780CAF8005002685449D279C2F384024E
:107C700051F8222090F908105568C06B4246AC4676
:107C800005B0BDE8F04F6047994208D1436A002B28
:107C9000C9D1B5FBF6F306FB1353002BC3D1202A41
:107CA000C9D194F90830626A03928BB9039BE268E8
:107CB000F31A8AB1AB4249D3039814302A4641469D
:107CC00020440CF03CF9636A2B4463620020ABE76C
:107CD000012B03D1039BF31AAB42EDD8039B002B7E
:107CE00037D1002DF2D0B5FBF6F706FB175737B9A1
:107CF00094F908301BB9E368002B18BF3746ED1B19
:107D00003A4608EB050104F114000CF018F9636A17
:107D10003B446362002DD9D02368284ADB79C3F342
:107D2000840352F82330CDE900892A469E6894F9ED
:107D30000810E06B04F12803B04700287FF474AF0B
:107D4000DAF800302B44CAF80030BFE7039B002B61
:107D5000C9D0039BA6EB030B03F114005A4641461E
:107D600020440CF0ECF82346144953F8142BD27934
:107D7000C2F3840251F82220CDE90039936894F9C6
:107D80000810E06B1F46324604F12803B84700286C
:107D90007FF44AAFDAF80030039F33442F44CAF827
:107DA0000030B1446062D844BD1B9AE704483BE709
:107DB000044839E7009FFFFF809FFFFF5009002024
:107DC000809CFFFF809DFFFF70B50C230024CD58E1
:107DD00022462EBA42EA460212BAC250043B1A1D8B
:107DE000C5F3C014F3D1084B1A680B7882EAD3129A
:107DF00053085B4252421343DB17C27B03F08703F5
:107E00005340C373002070BD1C47002038B50546A1
:107E1000D0B10468C4B1B9B10123FFF771FE0446C3
:107E200098B92B6883B19B79042B0BD8012B0BD904
:107E30002421012000F072F948B12864102100F0DB
:107E400061F902E0242BF3D0024C204638BD024CED
:107E5000FBE700BF009FFFFF809EFFFF2DE9F04F73
:107E60000F4685B016468046002879D00368002B5F
:107E700076D0002974D0046C002C71D01D79206A52
:107E800005F01F05F8B12A1AB2421CD21030204466
:107E90000CF055F804F110020023191DA9422CD949
:107EA00023441A1B954231D803AB00932A4623463C
:107EB00021464046FFF7ACFEE0B9236A2062EA1A89
:107EC000334417445E1B05F1FF394FF0010A0DF1F1
:107ED0000C0BB144B9FBF5F9CA4538D34EB1206A51
:107EE00010303246394620440CF029F8236A3344D6
:107EF0002362002005B0BDE8F08F52F8100C136823
:107F0000434042F8103C04320B46C6E71A7C19780D
:107F10004A4003F8012BC4E7FA58E0584240E250C7
:107F20000B46191D8D4204EB0302F5D2AB4210D370
:107F3000CDF800B023462A4621464046FFF768FEAA
:107F40000028D7D1761B2F440AF1010AC4E7002389
:107F5000E7E7F85C1178414002F8011B0133E5E7DF
:107F60000048C7E7009FFFFF2DE9F04F8B4691B017
:107F70008046002800F0C2800368002B00F0BE801D
:107F8000056C002D00F0BA80002900F0B7800DF1DB
:107F90001009102148460DF1200A1C7900F0B2F8B2
:107FA0001021504600F0AEF810210CA800F0AAF8FD
:107FB000D8F8006004F01F0416B1367906F01F06E9
:107FC00003AF0CAB0097324619464046FFF720FE40
:107FD00050B9102E08D10CA94846FFF7F5FE18B984
:107FE00049465046FFF7F0FE10210CA800F08AF831
:107FF000D5F820C0A44505F110060FD349460CA8BA
:1080000000231A1DA2425FD9A3421BD2F25C19F8C9
:1080100003104A400CA9CA540133F5E70CA90846DD
:1080200000239C453BD9F25C00F8012B01339C42B4
:10803000F7D8D44600231A1DA24235D90CAA1A44F7
:10804000A34239D30CA90023281F1A1DA24245D9E7
:10805000EA18A3424AD300972B46224629464046B7
:10806000FFF7D6FD074620B92246294658460BF0B1
:1080700066FF1021484600F045F81021504600F0F8
:1080800041F80023102130462B6200F03BF810210C
:10809000284600F037F8384611B0BDE8F08F0CBF25
:1080A00001220022D201BFE708685CF8043B43408C
:1080B00041F8043B1346BEE711781AF8030041402B
:1080C00002F8011B0133BBE7AB1851F804CBDB68A6
:1080D00083EA0C0340F8043B134692E7835851F8B7
:1080E00004CB83EA0C0383501346AEE70CA8117847
:1080F000C05C414002F8011B0133AAE7004FCAE708
:10810000009FFFFF10B50A46044619B1024B00213B
:108110001B68984710BD00BF54090020014B1B6825
:10812000184700BF5C090020014B1B68184700BFBF
:108130005809002010B500F0FE44B4F1A06F029A77
:1081400014D0B4F1806F0CBF0B4C0C4CA0420DD17D
:108150000124B1F5105F1C7008D10AB1022313701D
:10816000054B984205D0054B984202D06FF0850030
:1081700010BD0020FCE700BF004440040002C00323
:108180007FB5036816460E4A23F47E1393420D46CC
:1081900013D169460430FFF7E7FE044620B93246A2
:1081A000694628460BF0CBFE68461021FFF7AAFF70
:1081B00020460AF0EEF904B070BD6FF08800FAE7CF
:1081C0000002C00310B5036804464BB1094A23F40A
:1081D0007E13934206D10430FFF744FC0023236052
:1081E000002010BD4C2200210BF0D1FE6FF0880062
:1081F000F7E700BF0002C0032DE9F843D0F8009074
:1082000005460E461746B9F1000F30D123F47E140F
:108210000360184B9C420FD100F1040840460AF05D
:108220003FF8318872884B4620460AF05CF80146D8
:1082300058B96FF0850416E04C2249460BF0A7FEB2
:108240006FF085042046BDE8F8834046FFF738FC10
:1082500020B9728839464046FFF7D8FD0AF099F9EF
:1082600004460028EED02846FFF7ACFFEAE76FF09F
:108270008804E7E70002C00310B503685BB1074C50
:1082800023F47E13A34206D10430FFF7E7FDBDE8D7
:1082900010400AF07EB96FF0880010BD0002C003E4
:1082A0000E4B0340B3F1607F06D1B1F5885F14BF78
:1082B0006FF0860000207047B3F1707F0BD101F49E
:1082C000E043B3F5005F06D111F4E06F0CBF6FF02F
:1082D0008600002070476FF0860070470000C07F66
:1082E0008A42F8B506460C4600F0DB806F4922F45E
:1082F000FF7323F001038B420ED06D4B22F0FF0180
:10830000994209D06B4822F47F7323F00303834220
:1083100002D0694B994228D1684B24F0FF01994261
:108320000FD114F0FF000BD0654B40F00070984265
:1083300040F0B98082EA0400FF288CBF00200120B1
:10834000F8BD5B4B9942ECD0A3F588539942E8D035
:1083500024F4FF7323F00103B3F1062FE1D0564854
:108360008142DED053498B42DBD004F0FE43B3F1AF
:10837000A06F14D102F0FE43B3F1A06F40F09380E0
:1083800082EA040333F47E1340F08D8014F400403D
:10839000D6D0C4F30540C2F305429042CDE7B3F115
:1083A000407F6AD102F0FE43B3F1407F7BD182EA85
:1083B000040535F47E1576D131462046FFF770FF6F
:1083C000002870D13F4B12F47C1703EA02031BD044
:1083D000B3F1607FC2F305473FD13B49D3B243F0CD
:1083E00000738B423DD003F17E43043B0F2B01D839
:1083F0003649CD5C14F47C1FC4F3054333D1BD4230
:1084000014BF002001209BE7B3F1607F0DD12E49FE
:10841000D3B243F000738B421DD003F17E43043B83
:108420000F2BDAD82A49CF5CD7E7B3F1707FE1D1BF
:1084300006F4E043B3F5005F03D1C6F3022301273E
:108440009F4006F4E043B3F5005FD3D1C6F30221A9
:1084500001258D40CEE71027BFE7B3F1707FC9D16A
:10846000EFE71025C6E712F47C1F01D1AB4218D00C
:1084700022047FF565AFBB425FE7B3F1106F12D105
:1084800024F01F6020F4702068B902F0FE43B3F1BD
:10849000106F7FF455AF0F48104040F01060A042BD
:1084A000AEE701204CE700204AE700BF00020006CB
:1084B0000013000600040006000900060003000681
:1084C000FF0000020000C07F03000002518705008A
:1084D000518705000000FFF637B50D4D6B78022B74
:1084E0000C4612D12B78072B0FD1002301930A469B
:1084F00001AB0146281D09F0E9FE20B9019BA3420A
:1085000018BF6FF0930003B030BD6FF08800FAE73A
:1085100020470020F0B50446084604F0FE41B1F1C2
:10852000106F87B02BD124F01F6121F4702131BB73
:1085300045682D0A00F1200121D1068806F44F4537
:10854000B5F5824F1BD10F4D0F4F254045F01065FB
:10855000BD4214D1F6B2122E11D14588B5F5807FF7
:108560000DD10E9D04950D9D03950C9D0092CDE9B6
:1085700001352346426E0AF03BFD07B0F0BD6FF0B7
:108580008500FAE70000FFF6000002092DE9F84334
:10859000884617461C4600F0E9F9054688BBD8F81E
:1085A0000060B6F8009009F4E043B3F5804FB3687B
:1085B00008BF27F0010737EA03031AD10CB3254B94
:1085C00024F0FF029A421FD114F0FF0304D0224A84
:1085D00043F00073934232D0F16822464846FFF7D9
:1085E0007FFE074668B9316922464846FFF778FEA4
:1085F00070BB6FF084050023C8F8003030460AF0E5
:108600006AFC2846BDE8F883144B9A42DCD0A3F5F7
:1086100088539A42D8D024F4FF7323F00103B3F1B6
:10862000062FD1D00E498A42CED00E4A9342CBD0EB
:1086300004F0FE43B3F1407F04D12304CCD56FF0A6
:108640008605D8E7B3F1A06FF7D0034B9C42C2E791
:108650003D46D6E700030006FF00000200130006B7
:10866000000900060004000638B500F0FE43B3F12F
:10867000407F04460D4602D06FF0860038BDFFF7FC
:108680000FFE0028FAD114F47C1F12D0C4F3054366
:10869000032B137022D9284A2240B2F1607F3DD1CA
:1086A000264AE4B244F0007494422BD1102BE5D951
:1086B000E2E7214B2340B3F1607F15D11F49E3B2BC
:1086C00043F000738B4202D110231370D6E703F1FD
:1086D0007E43043B0F2B04D9002313706FF08500F9
:1086E000CCE71749CB5CD3E7B3F1707FF4D101F449
:1086F000E043B3F5005FEFD1C1F3022101238B40CA
:10870000DBB2C5E704F17E44043C0F2CB4D80D4A1B
:10871000125D9342B0D8202BB0D9DFE7B2F1707F61
:10872000AAD105F4E042B2F5005FA5D1C5F3022558
:108730000122AA40EDE700BF0000C07F0300000255
:10874000518705005187050007B5002300911A469F
:1087500002490AF0AEFA03B05DF804FB4078050068
:1087600010B5114C2378580744BF23F0040323703D
:108770002378990705D500F097F8237823F00203B2
:10878000237063781BB1094A0023636053600023A0
:10879000064863700821FFF7B5FC2378DA0744BF69
:1087A00023F00103237010BD204700202447002040
:1087B00038B5184C62782378022A01D1072B09D0EA
:1087C0009B070AD52378DD0713D562782378A2B1F9
:1087D00058071AD50025284638BD00F05DF82378E3
:1087E00043F00203237005460028EBD0FFF7B8FFE3
:1087F000F1E743F001032370E7E7D907E8D506491D
:1088000062604A6002226270E2E743F00403237070
:10881000E0E700BF204700202447002000F140424D
:108820000F2A38B504460D460CD81A4B682101FBB7
:1088300002331A7E022A02D15A69824218D06FF09E
:108840008B001FE001210AF020FBE0B1114A00205B
:108850001346117E022902D15169A14205D001308F
:10886000102802F16802F4D1E9E7682202FB003324
:108870001A7E022A0AD1DA69511C07D00132DA6164
:1088800000202B6038BD6FF08700FBE76FF096008B
:10889000F8E700BF2C470020024B012283F8802616
:1088A000002070472C4700202DE9F0410A4C00259C
:1088B00026464FF001080327C4F81C80277620467F
:1088C000013509F04DFF102D04F16804F4D10023A7
:1088D00086F88036BDE8F0812C470020F8B5214DA0
:1088E00095F8803606460F46002B34D000242B46E0
:1088F0002246197EF9B13CB9022905D1D96919B9C5
:108900001979002918BF1C460132102A03F16803A7
:10891000EFD114B96FF08C000BE0237E022B04D151
:10892000E3695A1C1CBF0133E361204609F018FFBC
:1089300010B100240DE01C46237E7BB90123237671
:1089400036B1094B651BED105D4305F1804535607F
:1089500000203C60F8BD6FF08800EAE76FF09600F9
:10896000E7E700BF2C470020C54EECC438B5094BE3
:1089700000250D6093F880360C4643B1FFF74EFF9B
:1089800010F18C0F02D125606FF0870038BD6FF0B9
:108990008800FBE72C470020043004289ABF034BD3
:1089A00033F910006FF08300704700BF3C7D050075
:1089B000014B0AF0F8BB00BFE878050070B514461B
:1089C00088B006460D46204621460C4A0AF04BFC6C
:1089D000224621466846FFF7EBFF6A46314630469D
:1089E000FFF7E6FF224669466846FFF7E1FF6A4661
:1089F00029462846FFF7DCFF08B070BDE87805007F
:108A000030B5044689B00AF093FB0C4A214668460B
:108A10000AF026FB0121054668460AF005FB6A4676
:108A2000214610460AF01CFB2DB1003818BF01206A
:108A3000404209B030BD4FF0FF30FAE7A47805009E
:108A400030B589B004460AF00BFB21460546054ABD
:108A500068460AF0EFFA2A46694620460AF017FBF4
:108A600009B030BDE878050070B5044690B00D46F9
:108A7000114616460AF05CFB234A214608A80AF074
:108A8000EFFA01283DD1114620460AF0CBFB06F152
:108A9000200128460AF04CFB1B4A294608A80AF088
:108AA000DFFA01282DD1114628460AF0BBFB2A46E1
:108AB00029466846FFF77CFF2246214608A8FFF7B3
:108AC00077FF08A908462246FFF772FF08A9084663
:108AD0002246FFF7B5FF08A908462246FFF7B0FF78
:108AE00008A908462246FFF7ABFF08A90846064B2F
:108AF000064A0AF043FB08A968460AF0D9FA10B002
:108B000070BD4FF0FF30FAE7E87805008478050083
:108B1000F0B5384E99B004460D4608A811461746E0
:108B2000FFF746FF334608AA214668460AF026FBAF
:108B300008AA214610A8FFF783FF10AA694608A8D3
:108B4000FFF736FF08AA3346114668460AF016FBBF
:108B5000334608AA694668460AF010FB2A462946A9
:108B600010A8FFF725FF10AA3346114610460AF059
:108B700005FB10AA214608A8FFF71AFF08AA3346EA
:108B8000114610460AF0FAFA10AA11461046FFF7ED
:108B90000FFF10AA3346114610460AF0EFFA6A4654
:108BA00069462046FFF704FF08AA21462046FFF742
:108BB00047FF08AA21462046FFF742FF3A462946CA
:108BC0003846FFF7F5FE33463A46394638460AF04E
:108BD000D5FA224608A92846FFF732FF6A462946F9
:108BE0002846FFF7E5FE10AA29462846FFF728FF8A
:108BF00019B0F0BDE87805002DE9F04FA3B00C46A0
:108C00002C9E31490546924602A8324699460AF002
:108C100027FAD6F800B031460BF0010202A80DF198
:108C200048080AF034FA002140460AF0FDF94A46A5
:108C300041460AA8FFF704FF0122514628460AF0E0
:108C400026FA0122494620460AF021FA1F4A01214C
:108C50001AA80AF0FDFA6FEA0B0202F001020AA953
:108C600020460AF014FAFF277B0922AA02EB8303AD
:108C700007F01F0253F8806CD64086EA0B06F243D9
:108C800002F00102494640460AF001FA06F00102EC
:108C90000AA940460AF0FBF91AAA21462846FFF71E
:108CA00037FFCDF8008053461AAA214628460AF01D
:108CB0001CFB013FD8D11AAA21462846FFF77EFEA9
:108CC00023B0BDE8F08F00BFA4780500E878050068
:108CD0002DE9F74306460D46174698464FF005091D
:108CE000B9F1010905D14FF0FF34204603B0BDE8CA
:108CF000F083202130460AF059FB0028F3D1314699
:108D00002846FFF77DFE04460028E9D1034B044ABC
:108D1000009541463846FFF76FFFE6E744780500C7
:108D20006478050030B599B00D4610AB694608AAC5
:108D3000FFF7CEFF202104466846FFF7E3F96CB940
:108D4000084A08A928460AF0BEFA064A10A905F101
:108D500020000AF0B8FA204619B030BD4FF0FF34B9
:108D6000F9E700BFE878050070B5AAB002AD064685
:108D700028461446FFF744FEC8B9224612A90AA89D
:108D8000FFF772FE0446A8B90AAA22A91AA80095FC
:108D900012ABFFF731FF094A1AA930460AF093FADD
:108DA00028462021FFF7AEF920462AB070BD6FF0AB
:108DB0000204F5E76FF00104F2E700BFE878050070
:108DC00070B59AB002AE05463046FFF719FE04466C
:108DD000C0B90E4B0E4A009612A90AA8FFF70CFF65
:108DE00020213046FFF78EF90A4A0AA928460AF0E0
:108DF0006AFA084A12A905F120000AF064FA20462E
:108E00001AB070BD6FF00204F9E700BF44780500A6
:108E100064780500E87805002DE9F04104694668AA
:108E2000236823B96FF012052846BDE8F081706809
:108E30000AF06BFB0028F5D07068317A7389D0F89E
:108E400010C0D0F808E0DCF80050DA0754BF43F453
:108E5000B01383F4D013012723F480128F40DB0773
:108E60004CBF3D43BD43CCF80050DEF8003098477E
:108E700005460028D8D10146142204F10C000BF05D
:108E800086F804F1200262610222A2610123042219
:108E900062772361A3773378074A0133C4E9012558
:108EA000214663720C23237751F8040B8368BDE8D5
:108EB000F0411B68184700BF000428402DE9F74324
:108EC0002B3989B215290669476848D8254B0B41CB
:108ED00013F0010543D107F10408012140460AF0CF
:108EE000BBFA0446002836D100214FF4A4700AF0E2
:108EF000E1FE314651F80C0B83685B689847B57703
:108F0000044608BB3368358C9B6830791B8996F81A
:108F10001C906B4301A90193F9F73AFA10B9019D2E
:108F200045FA09F53969FA684FEAE57CA1FB0505C0
:108F300001FB0C510023DEF7E3F8054600B20AF00E
:108F400078FA758486F82400002140460AF084FAF5
:108F5000002818BF0446204603B0BDE8F0836FF038
:108F60008504F8E7DEFFDFFF034A044B02609B1A2B
:108F70001820B3FBF0F0704758480500104B05006F
:108F800070B5044688B10378C3B10D4D0D4EB5429E
:108F900001D3002409E02968A14208D128460AF03B
:108FA000B4FA002814BF2C460024204670BD204689
:108FB000DEF7C0F80028F1D01835E8E71C46F4E7E2
:108FC00058480500104B050038B5EFF311852023F4
:108FD00083F31288BFF36F8F064B9C680AF0A8FAE0
:108FE00085F31188BFF36F8F2046BDE83840E2F764
:108FF00001BD00BFB04D002038B5094B53F82040EB
:10900000013053F82050A54200D838BD636823B121
:1090100020460AF090FA0834F5E723689847FAE703
:109020005C79050070B52B4B2B4C2C4D012286B082
:1090300003201A70FFF7E0FF01F06AFC0AF097FACC
:109040000420FFF7D9FF2646AE4204F1300410D3C6
:1090500000F0E8FF204C224EAC4226D300F0F6FF91
:1090600003F071F91F4A137B23F00103137306B059
:1090700070BD54F80C3C059354F8103C049354F81C
:10908000143C039354F8183C029354F81C3C01938D
:1090900054F8203C009354E90A2354E90C0100F0F1
:1090A000CFFD54F8303C5E65CDE7D4E90A23B3F137
:1090B000FF3F08BFB2F1FF3F05D052EA030120682D
:1090C00003D101F0A1F83034C6E73146183001F081
:1090D00047FAF8E7564F0020904C0500C04C0500B9
:1090E000493C0500281B002008B50348034A00211D
:1090F000121A0AF038FA08BD980D0020584F0020C7
:1091000070B5154E154D1649C82386B003FB006691
:1091100001220023CDE904230F22CDE9023201937D
:10912000182303FB0055044601EB40210D4B00952D
:109130004FF4C072304600F083FD737B0A4AEE6044
:1091400023F0040373734FF4086304FB03331344E5
:109150002C746B6006B070BD601A0020B04D00200A
:10916000007E0020DF36050080750020BFB500209E
:10917000FFF742FF294B83F30888294C294F636985
:1091800043F4007363610025E02384F82230E5771F
:1091900025766576A57684F82050636A43F4E0234B
:1091A000636284F82350E2F7E5FBE2F7BFFD4FF07E
:1091B000FF33A362E362E2F785FEE2F7DBFD1A48C4
:1091C0001A4C00F0B5FD0AF09FF90120FFF714FFDB
:1091D0000220FFF711FF00F06DFF154B15499C6150
:1091E000154B05930123CDE903534FF480623B46B1
:1091F000CDE901550095204600F022FD627B064630
:1092000022F00402204662730AF0E1FC2846FFF7D0
:1092100077FF3A4631462046E2F75CFD007E0020AB
:1092200000ED00E025900400D81C0020281B002041
:10923000B04D0020008000206787050038B5064C3F
:10924000064DAC4201D3002038BDD4E901122046BE
:109250000AF08EF91434F4E7D00A0020D00A002076
:1092600038B5064C064D0020AC4200D338BD204630
:109270000AF0E4F90028F9DB1C34F5E7600A002065
:10928000D00A002073B50C46EFF31181202585F339
:109290001288BFF36F8FC5685DB125602B68C3600E
:1092A000836901338361002081F31188BFF36F8FDD
:1092B00011E052EA030603D125606FF00B00F3E7DB
:1092C000CDE900230246083000F00AFE18B9034B2E
:1092D0009B685B69236002B070BD00BFB04D002089
:1092E0002DE9F34104460E4600F10808EFF311871B
:1092F000202181F31288BFF36F8F006AE1688842F2
:1093000037D22568AC4217D0B5B128460AF0F2F939
:1093100005F118000AF022FDA268686931460AF0DA
:109320000EFE0023EB6728460AF051FC4046394602
:1093300000F052FE002029E0A268E06931460AF000
:10934000FEFDE369A26813446269E361934204BFCE
:109350002369E361236A01332362102104F12400AD
:109360000AF0C7FD0028E1D187F31188BFF36F8FA2
:109370000CE052EA03010CD00749896840464E616F
:10938000CDE900233946224600F0AAFD02B0BDE82F
:10939000F0816FF02200E7E7B04D0020F7B50446FA
:1093A00004F108070846EFF31186202181F31288A3
:1093B000BFF36F8F216A002939D0A268A1690AF032
:1093C000BEFDA369A268256813446269A361934244
:1093D00004BF2369A361236AAC4203F1FF33236214
:1093E00033D02846002D31D00AF084F905F1180059
:1093F0000AF0B4FCA2686969E0690AF0A0FDE369BB
:10940000A26813446269E361934204BF2369E36184
:10941000236A0133236200242846EC670AF0D7FB55
:109420003846314600F0D8FD204603B0F0BD52EA80
:10943000030110D0094989684861CDE9002331460C
:109440002246384600F04CFDEFE7002086F31188F5
:10945000BFF36F8FE9E76FF02200F7E7B04D002010
:109460002DE9F341044617461E46EFF311882023E9
:1094700083F31288BFF36F8FC368334A7BB1806870
:109480009168884219D057EA060318D188F31188E9
:10949000BFF36F8F6FF00F0002B0BDE8F0819168ED
:1094A00091F90E1021610133E3609368A36088F3A2
:1094B0001188BFF36F8F0020EEE72169F2E791F981
:1094C0000E1090F90E309942A8BF19466FF07E0237
:1094D0009142B8BF11468B422DDD0AF018F90546BE
:1094E000CDE9007619482246414600F0F9FC0028F3
:1094F000E1D0EFF31186202383F31288BFF36F8F3F
:10950000A068D0B1236821699C420AD04BB193F97D
:109510000E309942A8BF19466FF07E039942B8BF3A
:1095200019460AF0F4F840B10848314600F054FDFD
:109530006FF00A00B0E70025D2E7002DF4D186F3E2
:109540001188BFF36F8FF3E7B04D0020574F002015
:10955000F8B583680546002B3FD0234A92689342B2
:109560003ED1C368012B03D9013BC3600020F8BD85
:10957000EFF31187202383F31288BFF36F8F016904
:1095800080680AF0C4F82C68A54207D10023C5E919
:10959000023387F31188BFF36F8FE7E7002CF5D014
:1095A000D4E9003213605A60637B002623F0020383
:1095B0006373C4E90066A66004F118000AF0CEFBEC
:1095C000AC6094F90E302B612046E6670AF0FFFA92
:1095D0000648394600F000FDC8E76FF01500C6E701
:1095E0004FF0FF30C3E700BFB04D0020574F0020C1
:1095F00037B51146EFF31185202282F31288BFF3AD
:109600006F8F04689CB12368426823F0030394427F
:10961000036008BF4360012120460AF006F90446B2
:1096200085F31188BFF36F8F204603B030BD51EA38
:109630000302F5D000F10802CDE9001310462946D7
:1096400000F04EFC0028EFD1014B9B685C69EBE712
:10965000B04D002070B5EFF31186202383F31288FC
:10966000BFF36F8F0468A0421AD0CCB1D4E90032A6
:1096700013605A60637B002523F00203C4E90055A0
:109680006373A56004F118000AF068FBE5672046E3
:109690000AF09DFA31460B48BDE8704000F09CBCD2
:1096A000D0E902329A4218BF0133836002211030A0
:1096B0000AF01FFC0028EDD186F31188BFF36F8FED
:1096C00070BD00BF574F002013B5EFF31181202468
:1096D00084F31288BFF36F8F846844B1013C8460C7
:1096E00081F31188BFF36F8F002002B010BD52EAE2
:1096F000030406D181F31188BFF36F8F6FF00F0061
:10970000F3E7CDE900230246014800F0E9FBECE76E
:10971000574F00202DE9F8430546EFF31188202329
:1097200083F31288BFF36F8F002637466FF00A0964
:109730002C68A54216D0ACB1D4E9003213605A604F
:10974000637BA76023F002036373C4E9007704F12D
:1097500018000AF003FBC4F87C9020460AF037FAA0
:109760000126E5E70023AB60022105F110000AF0B5
:10977000C0FB30B92EB988F31188BFF36F8FBDE8F5
:10978000F88341460248BDE8F84300F025BC00BF1D
:10979000574F00201FB5094A92E8030002AB83E847
:1097A00003004FF400620093054906484FF0FF3371
:1097B00000F06AF9002005B05DF804FBF44E0500E6
:1097C00080840020F01B00202DE9FF414F4E04460D
:1097D0002027EFF3118887F31288BFF36F8FD4F837
:1097E000C850F5B9022104F1E0000AF091F8002810
:1097F00068D004F1D8050022012128460AF073FA46
:109800000028F8D1002302934FF0FF324FF0FF33CE
:10981000CDE90023414604F1D0023D4800F0BEFDF1
:10982000D7E7D4F8CC202B68C4F8C830954208BFDD
:10983000C4F8CC30D4F8E03043F00203C4F8E03090
:10984000EB6823F0040343F00103EB606B6888F3DB
:109850001188BFF36F8F28469847EFF3118887F37D
:109860001288BFF36F8FEB68D80623F0010236D45D
:10987000EA60EB689A0716D5306823F00203EB60C4
:1098800088B10368002170B14268954235D1036800
:1098900069BB72683360824200D17360002340F874
:1098A000083BFFF7D7FED4F8E03023F00203C4F8FA
:1098B000E03088F31188BFF36F8FDB0589D400F0A7
:1098C00001FC86E7D4F8E030D9069BD5C4F8E00067
:1098D00088F31188BFF36F8F04B0BDE8F08123F0E7
:1098E0001103EB6005F11000FFF7B4FEC1E70B6058
:1098F0007368834208BF7160D0E723B11A680146DC
:1099000018461346BFE71A46F9E700BFD84D0020B6
:10991000574F002070B5C368C3F340069B07054648
:109920000C460DD50122002104F1080009F0E0FFEA
:1099300000232360054B65605A681AB9C3E90044E7
:10994000304670BD14605C60FAE700BFD84D00205F
:10995000F8B5C3689A0704460F46C3F340062CD4F3
:109960005B071AD40B680BB983680B60E368DD07EB
:1099700044BFA3683B603D684CBF02260126002D12
:109980003AD01F4B9B68AB420AD0D5F8E030D807DD
:10999000C3F3800214D46FF0120600233B6025E06D
:1099A0000AF0D2F8D5F8E0300028F0D1D907C3F397
:1099B000C002F0D552B15B0708D46FF00F06ECE798
:1099C000002AFAD1C3F3C003002BF6D10023236091
:1099D000D5F8CC3063B9C5E93244284609F0B3FF65
:1099E000E36843F00403E3603B68A3603046F8BDDE
:1099F0001C60C5F8CC40F0E76FF01506CDE700BF5E
:109A0000B04D0020F8B5C36803F00503002B0646EF
:109A10000C4614BF012700271CD0856801220021B5
:109A200004F1100009F064FF1349204609F0E3FF38
:109A3000E36843F01003E360F3685B0712D5336813
:109A400023606BB9D5F8CC3033B9C5E93244284628
:109A500009F079FF3846F8BD1C60C5F8CC40F6E740
:109A60003460F4E7D5F8C8302360D5F8CC30C5F8B9
:109A7000C840002BEBD1F0E727390500014601482B
:109A800009F0D5BFF01B0020F0B589B004460020D6
:109A9000C4E932000E9D04F1D000C4E9340004F1A1
:109AA000D800C4E936004DB32879002840F20110EF
:109AB00008BF0120C4F8E00000204FF0FF364FF04F
:109AC000FF37CDE90330CDE90100CDE906670C4B46
:109AD0000094204600F000F955B1296811B12046E4
:109AE0000AF038F86B791BB1237B43F00103237331
:109AF000204609B0BDE8F04000F086BB0120D9E760
:109B0000C997040037B501900846EFF3118420216E
:109B100081F31288BFF36F8FC16811F01E0F16D149
:109B200053EA020508D101A9FFF712FF84F3118857
:109B3000BFF36F8F03B030BD41F00801C1600199E0
:109B400081621030034900F00BFD0120EEE7002098
:109B5000ECE700BFBB39050001460148FFF7D2BF63
:109B6000F01B0020F7B50C46019016461D46EFF39A
:109B70001187202383F31288BFF36F8F084609F003
:109B8000D3FE55EA060309D101A92046FFF7E0FEFE
:109B900087F31188BFF36F8F03B0F0BDE368074907
:109BA00043F00803E360019BA36204F11000324616
:109BB0002B4600F0D5FC0120EAE700BFBB390500C9
:109BC00001460148FFF7CEBFF01B00202DE9F04110
:109BD0000546EFF31187202383F31288BFF36F8FBD
:109BE0000468A04223D014B3204609F0A0FF04F17A
:109BF00018000AF0B3F80026B046C4F87C8020466E
:109C000009F0E5FF2C68A54206F1010608D03CB139
:109C1000204609F08CFF04F118000AF09FF8ECE7E9
:109C20000648394600F0D8F93046BDE8F08187F3A0
:109C30001188BFF36F8F0026F6E700BF574F002053
:109C40002DE9F043073285B022F007020E461F4689
:109C50001099017300F15803FF32C0E9163304462E
:109C6000002322F07F020421836041737F2A0F9832
:109C7000A073C4E90633E37306F18009A2F18008FA
:109C800005D883F31188BFF36F8F084602DFB5183C
:109C900029462046E1F700FD07300E9B20F0070023
:109CA000E066C4E9199802930D9B01932D1A0C9B51
:109CB00000932A463B4631462046E1F787FF0023C2
:109CC0006365044B9B6803B11B6F2367284605B08F
:109CD000BDE8F083B04D0020F0B587B000250595B4
:109CE000109D04950F9D03950E9D0295DDE912765A
:109CF0000D9D01950C9D00950446FFF7A1FFB6F15F
:109D0000FF3F08BFB7F1FF3F05D056EA070305D173
:109D1000204600F079FA204607B0F0BD03493A46E4
:109D2000334604F1180000F01BFCF4E7493C050041
:109D300040F2011383810023C0E919330367014B0B
:109D400098607047B04D0020094A93686FF00A018F
:109D5000D967084998674B6843F080534B600023EC
:109D600083F31188BFF36F8F9368D86F704700BF7C
:109D7000B04D002000ED00E070B590F90D20437B60
:109D8000002A36DBD90634D11B4C63F07F03224610
:109D9000437352F81C3F216A934207D1C0E9002166
:109DA0000860206211E09942F8D01B68002BF5D0C2
:109DB00090F90E5093F90E60B542F4D0AE42F2DD48
:109DC0005968C0E9003108605860E569954200D0E3
:109DD00005B9E568A3685A7BD20604D1DA897F2ADF
:109DE00001D9AA6932B1AB4202D0284600F016FB75
:109DF000A56170BDA361FCE7B04D002038B590F9B6
:109E00000D20437B002A014604DA03F07F034373ED
:109E100009F0A3FE0D4D2A46AB6852F81C4F944240
:109E200000D004B9EC688B4207D05A7BD20604D12B
:109E3000DA897F2A01D9A2692AB1A34202D0204639
:109E400000F0ECFA2346AB6138BD00BFB04D0020F6
:109E500070B590F90D20437B002A014604DA03F027
:109E60007F03437309F079FE4B7B1C4C63F07F0347
:109E700022464B7352F81C3F206A934207D1C1E936
:109E800000200160216211E09842F8D01B68002B8D
:109E9000F5D091F90E5093F90E60B542F4D0AE4270
:109EA000F2DD5868C1E9003001605960E569A368D6
:109EB000954200D005B9E5688B4207D05A7BD2069F
:109EC00004D1DA897F2A01D9AA692AB1AB4202D02A
:109ED000284600F0A3FA2B46A36170BDB04D0020C8
:109EE000F8B5124B0C461146114A98681060DDE92E
:109EF0000676EFF31182202282F31288BFF36F8F70
:109F00009D68284609F03BFEB6F1FF3F08BFB7F158
:109F1000FF3F06D007493A46334605F1180000F0E6
:109F20001FFB2046BDE8F840FFF70EBFB04D0020F4
:109F3000E04D0020493C0500F8B50446EFF31187D9
:109F4000202383F31288BFF36F8F437B03F01F023C
:109F5000002A0CBF0126002649B239D103F07F0345
:109F6000437309F0FAFD1B4D437B817363F07F035C
:109F70002A46437352F81C3F934227D1286AC4E90A
:109F8000002004602C620FE08342F8D01B68002B95
:109F9000F5D093F90EC06145F6D08C45F4DD5968D3
:109FA000C4E900310C605C60EC69944200D004B9F3
:109FB000EC68AB689C4202D0204600F02FFAAC61FE
:109FC00087F31188BFF36F8F3046F8BD286ADEE74C
:109FD0008173F5E7B04D002049B9EFF3058030B942
:109FE000054B9A699B689A4201D0FFF7ADBE81F399
:109FF0001188BFF36F8F7047B04D0020034648B9FA
:10A00000EFF3058232B9064A91699268914201D014
:10A01000FFF79ABE83F31188BFF36F8F704700BFBD
:10A02000B04D0020EFF31181202383F31288BFF39A
:10A030006F8F054B9A68D37B013BD37381F31188F3
:10A04000BFF36F8F704700BFB04D002070B5EFF3C6
:10A050001186202383F31288BFF36F8F144DAB68F2
:10A06000DA7B0132DA732A4652F81C4F944200D050
:10A0700004B9EC685A7BD20604D1DA897F2A01D967
:10A08000A2692AB1A34202D0204600F0C7F92346B4
:10A09000AB6186F31188BFF36F8FEFF3118020233C
:10A0A00083F31288BFF36F8FBDE87040FFF7A6BF40
:10A0B000B04D0020024B03F11C02C3E90722704798
:10A0C000B04D002070B5EFF31186202383F3128882
:10A0D000BFF36F8F1B4CA168206A0B68814214BFCD
:10A0E0001A46002249680B605960A368216A2AB9A0
:10A0F000154AC3E900210B6023620CE093F90E00BE
:10A1000092F90E50A84218D0854216DD5168C3E975
:10A1100000210B605360E5690B4B9D4200D005B9EF
:10A12000E568A3689D4202D0284600F077F9A56152
:10A130003046BDE87040FFF707BE8A42D8D01268AB
:10A14000D5E700BFB04D0020CC4D002050EA010300
:10A150002DE9F04105460E4604D1FFF7B3FF00207C
:10A16000BDE8F081831C71F1FF3324DB09F017FE99
:10A170004419EFF31188202383F31288BFF36F8F04
:10A180000F4F104BB8681860FFF738FEB8680E49DB
:10A190002A463346183000F0E3F9BA68537B43F09F
:10A1A000040353734046FFF7CFFD09F0F8FD201A72
:10A1B00020EAE070D4E76FF00104241AD9E700BF69
:10A1C000B04D0020E04D0020493C05000C490D4AEF
:10A1D00038B500244FF400458C462146C0FB05C12C
:10A1E00000236046DCF78CFFC117FFF7AFFF054A7D
:10A1F00047F6FF73C0FB0234DB0B43EA444038BD33
:10A200003F420F0040420F0038B50446EFF311857E
:10A21000202383F31288BFF36F8F437B5B070FD537
:10A22000183009F09BFD637B23F004032046637321
:10A23000FFF7A2FD29460548BDE83840FFF7CCBE30
:10A2400085F31188BFF36F8F38BD00BF574F0020D3
:10A25000014B9868704700BFB04D00202DE9F843CE
:10A260000446077BEFF31185202383F31288BFF3A5
:10A270006F8F437B190705D585F31188BFF36F8F67
:10A28000BDE8F883D90943F008025DD14273A368A1
:10A2900013B1204609F069FC04F1180009F05EFDD5
:10A2A000A66D04F15808B04511D04FF0000976B101
:10A2B000304609F05AFC06F1180009F04FFDC6F8C7
:10A2C0007C903046FFF758FDA66DB045EFD1DFF822
:10A2D000C880D8F808309C423ED1EFF30589B9F127
:10A2E000000918BF4FF00109D8F81C60284A9642AF
:10A2F00000D00EB9D8F80C60B34202D0304600F05E
:10A300008DF82046C8F81860E1F7C0FCB9F1000FDD
:10A3100002D02048FFF70CFDD8F808309C4231D11C
:10A32000EFF3058373BB227BD20718D42846FFF7CF
:10A330000BFDFB07A4D5002383F31188BFF36F8FB8
:10A340000423184602DF9BE703F07F0343F0080372
:10A35000437309F002FC9AE74FF00009C4E785F364
:10A360001188BFF36F8F83F31188BFF36F8F0423BE
:10A37000184602DFEFF31180202383F31288BFF326
:10A380006F8FD4E785F31188BFF36F8FD1E700BFDC
:10A39000CC4D0020D81C0020B04D0020D3B5DDE905
:10A3A0000667089CCDE90067FFF79AFD1CB1034BD7
:10A3B0009B685B69236002B0D0BD00BFB04D002038
:10A3C000044BC01A044BC0105843044B01221A54CA
:10A3D000704700BFA01D0020ABAAAAAA574F0020BB
:10A3E000C3897F2B12D80A4B1B6863B1094B90F9C4
:10A3F0000E201B689A4209DB437BDB0606D1064B25
:10A40000C31A18BF012303F0010070470023FAE7C5
:10A41000E84D0020E44D0020601A002070B50E4B7E
:10A420000E4C1E7C06EB460304EBC3040546204697
:10A4300009F094FC0A4B002228469A55FFF7D0FFFA
:10A4400048B1084B08491A68013A2046D317BDE8BD
:10A45000704000F085B870BDB04D0020A01D0020F8
:10A46000574F0020E84D0020C1A3040038B5EFF39A
:10A470001185202383F31288BFF36F8F104B114A8D
:10A480009C681068A04206D1FFF7C8FF85F31188C9
:10A49000BFF36F8F38BD00211B7C11600A4AD35C6B
:10A4A000002BF3D02046FFF79BFF0028EED0637B04
:10A4B000DB0602D12046FFF7CBFC2046E4E700BFD5
:10A4C000B04D0020E04D0020574F00200748084ABB
:10A4D000084908B5121A09F048F80748074A084918
:10A4E000BDE80840121A09F040B800BF0000002083
:10A4F000950D0020048805000000002000000020C9
:10A5000004880500024B1868984208BF0020704775
:10A5100088090020034B1B680BB9FAF793BB002096
:10A52000704700BFEC4D002030B570B10B4B5B683D
:10A5300098420AD0036843B1D3E90421D0E9044525
:10A54000121941EB0501C3E90421D0E9003213607F
:10A550005A600023C0E9003330BD00BF88090020E5
:10A56000B3F1FF3F08BFB2F1FF3FF8B504461D4607
:10A5700016465AD08160EFF31187202383F31288A7
:10A58000BFF36F8F013275F1FF3321DA2C49D1E926
:10A5900000206FF001039B1A4FF0FF3262EB0000C6
:10A5A0009E1B60EB0500012E70F1000301DA01260D
:10A5B0000020C4E90460FFF7A5FF224E84467068BE
:10A5C000BCF1000F0DD1C4E90060046074601CE0B0
:10A5D000FFF7A0FF013645F10005361845EBE070A6
:10A5E000E7E7DCE90425D4E90431934271EB050E79
:10A5F0001CDAD21ADCF8043065EB0105CCE904253D
:10A60000C4E900C31C60CCF80440FFF77BFF844220
:10A6100007D10D4B1C6824B909F087FB2146FAF7D6
:10A62000E3FA87F31188BFF36F8FF8BD9B1A61EBD4
:10A6300005018445C4E90431C5D0DCF800C0BFE79A
:10A64000B81D002088090020EC4D00202DE9F047BE
:10A65000EFF31185202383F31288BFF36F8F254F0B
:10A66000254E3860FFF74EFF4FF000084FF000090D
:10A670003B68D6E9001E4FEAE37C50B1D0E90442C2
:10A68000A3427CEB020A18DAE41A62EB0C02C0E97E
:10A6900004425B184EEB0C020024C6E900323C6019
:10A6A00009F043FB2146FAF79FFA85F31188BFF3BF
:10A6B0006F8FBDE8F047FFF7D9BE61184EEBE4732A
:10A6C000C0E90489C6E90013FFF72EFF85F311885E
:10A6D000BFF36F8F83689847EFF31185202383F3CF
:10A6E0001288BFF36F8F3B681B1B3B60FFF70AFFAD
:10A6F000BEE700BFEC4D0020B81D002010B5EFF301
:10A700001184202383F31288BFF36F8FFFF702FFBA
:10A71000054A0346D2E90001181841EBE37184F3BE
:10A720001188BFF36F8F10BDB81D0020F8B5044627
:10A73000EFF31187202383F31288BFF36F8F026832
:10A7400022B187F31188BFF36F8FF8BDD0E90A36C5
:10A75000581C46F10001022871F1000127D3012B9A
:10A7600076F10001BCBF012316465D1E46F1FF369F
:10A7700009F019FB013041F10001401946EB0101DC
:10A78000012871F1000139DB09F00DFB013041F1C5
:10A7900000016FF00102401946EB0103121A4FF05D
:10A7A000FF3161EB030318492046FFF7D9FE236B05
:10A7B00001332363236A6BB187F31188BFF36F8F73
:10A7C000236A20469847EFF31187202383F31288EA
:10A7D000BFF36F8F54F8185FA542B2D0002DB0D0F0
:10A7E000284609F003FA0023EB6787F31188BFF3CB
:10A7F0006F8F2846BDE8F84009F0E9B96FF0010213
:10A800004FF0FF33CFE700BF2DA704002DE9F04143
:10A8100005461C4690461F46EFF31186202383F31E
:10A820001288BFF36F8FB4F1FF3F08BFB2F1FF3F53
:10A8300005D186F31188BFF36F8FBDE8F081531CFB
:10A8400074F1FF3309DB012A74F10003BCBF01225C
:10A85000002412F1FF3844F1FF37284609F07EFA50
:10A86000DDE90623C5E90A2300232B630349424699
:10A870003B462846FFF774FEDBE700BF2DA7040028
:10A8800038B50346EFF31185202282F31288BFF317
:10A890006F8FC160012181600068834206D185F31A
:10A8A0001188BFF36F8F0024204638BDD0E90032F5
:10A8B00013605A600023C0E9003309F0D7FA294633
:10A8C00004460248FFF788FBEEE700BF584F002020
:10A8D00073B506460D4609F037F978B90B4B9B68FE
:10A8E0001C6F7CB12A1D09D200200021CDE9000196
:10A8F00046F00401204608F044FE08B9002401E0B7
:10A900000460041D204602B070BD00BFB04D0020A1
:10A91000014801F0ECBE00BF758705000CB430B5EE
:10A9200089B005460C461C22002101A809F02FFB26
:10A9300002238DF806300E4B0293059523462CB169
:10A94000B4F1004F28BF4FF00043013B1D440DAA56
:10A950000C99069501A8009200F00EF914B1059B20
:10A9600000221A7009B0BDE8304002B0704700BF45
:10A97000B5460500242AF0B5044601D8012A40D185
:10A9800009F0A0FE2D4B16221A5001B10C600020D8
:10A99000F0BD2F463D4615F8010B2028F9D0A0F157
:10A9A0000906042E0346F4D92B282CD02D282CD1AF
:10A9B00001267B78BD1C302B2DD1287840F020005B
:10A9C000782824D132F0100021D16B782C46102247
:10A9D00002350020392B82BF03F1FF3343F02003FF
:10A9E000263B303B9A421AD9A0FB02040CB9C0188E
:10A9F00001D346F002062F462C4617F8013B3D4690
:10AA0000E8E70746C6E70026D3E70026D3E7002A93
:10AA100008BF0822DDE7002A08BF0A22D9E701B1F2
:10AA20000C60F20748BF4042B307B1D509F04AFEB7
:10AA3000024B22221A504FF0FF30A9E70C00000011
:10AA40002DE9F04101260746B24201DCBDE8F08164
:10AA50003B461F4613F8014B002CF7D0252CF8D1AC
:10AA60001C78252C07F10207F2D00023DFF80481BF
:10AA70009C461D461F2D18D8A4F1200EBEF1100FC4
:10AA800009D9A4F1300EBEF1090F1ED80A2404FB27
:10AA900003E3202504E028FA0EFE1EF0010F06D085
:10AAA00017F8014B002CE5D128E07F2D1CD8A4F12C
:10AAB000300EBEF1090FE9D9242C10D1BCF1000FE2
:10AAC00046D0B34246D00023EAE724F0040EBEF19C
:10AAD0002A0FF8D06C2C09D145F08005E0E724F06E
:10AAE000040EBEF12A0FEED06C2C22D06C2C1BD899
:10AAF000682C23D06A2C28D04C2C26D0BCF1000F17
:10AB0000A4D0B445A0D144F02007A7F1650CBCF156
:10AB1000020F0B6801D9612F1ED1073323F0070301
:10AB200008330B6001368EE7742CB9D07A2CB7D07D
:10AB3000E4E72C0648BF45F40075CDE7EC0548BFB7
:10AB400045F4007545F48075AAE745F42075A7E73C
:10AB50009C46B8E76324D6E7692C02D007D8632C5B
:10AB600003D02F0601D5AC05D7D40433D9E7732C15
:10AB7000F6E700BF892801002DE9F04F93B0436844
:10AB80000193837880469807CDE9061217D50B927A
:10AB90000B4600251F78A7B1252F16D0013305934A
:10ABA000019B414638469847002805F1010580F28F
:10ABB000528498F8023043F0040388F802304FF0D2
:10ABC000FF35284613B0BDE8F08F5F789A1C252F1B
:10ABD0000592E5D000242646A246A346BBF11F0FEE
:10ABE00032D8A7F12003102B0AD8DFE803F024099C
:10ABF000092A0909091B0909092209270909190054
:10AC0000A7F13003092B2DD92A2F39D154B90B9B29
:10AC10001BF0400F53F8042B0B9329D0164601E08C
:10AC20004BF0010B059B13F8017B0593002FD5D149
:10AC30005BE04BF0020B4BF0040BF3E74BF0080B1F
:10AC4000F0E74BF0100BEDE7BBF17F0F3FD8A7F11A
:10AC50003003092BD8D81BF0400F03D00A2202FB87
:10AC60000636DFE70A2202FB0A3A4BF0200BD9E74F
:10AC7000B2F1000AF9DACAF1000A4BF0280BD1E769
:10AC80002E2F05D11BF0400F9BD14BF0400BC9E795
:10AC9000242F1CD1002C00F04381079B0B931BF049
:10ACA000400F0AD1524606980BA9FFF7C9FE0B9B2D
:10ACB0001A1DD3F800A00B92B4E7324606980BA9F0
:10ACC000FFF7BEFE0B9B1A1D1E680B92AAE76C2FA6
:10ACD00000F0138100F20A81682F00F016816A2FBC
:10ACE00000F01B814C2F00F0188134B1079B0698AF
:10ACF0000B9322460BA9FFF7A3FE002E47F020037B
:10AD0000B8BF2BF0400B0293A3F16503BCBF1FFA41
:10AD10008BFB0026022B40F20881029B612B40F046
:10AD20008382FF4307F0200304930B9B073323F038
:10AD3000070303F108021BF0400F93ED000B0B9289
:10AD400018BF3146049A08BF4FF0FF310CA809F034
:10AD5000F1FB431CDBB24BF4C0540393DDF830909D
:10AD600070230646A3460127029309F10903122B1B
:10AD70000CD909F16303C62B40F2118109F2E733C4
:10AD800040F2CE72934294BF032704279DF83420EB
:10AD900002F00C0312F0010240F01C811BF0020FC4
:10ADA00040F015811BF0040400F0FB80002B40F004
:10ADB000148120231BF4405F21D1039A4832002ED6
:10ADC0006A4408BF0126133A039921B112F8011D04
:10ADD000302900F039811BF0100F039A18BF32465A
:10ADE00019F1040FC0F23581B14580F232814A4534
:10ADF0004BF4005B40F32F8109F10106961B1BF415
:10AE00000052089200F0298129EAE974013403B163
:10AE10000134002E00F02881721C1444A245CCBFDE
:10AE2000AAEB040400241BF0090F04D12C44A54212
:10AE300040F01F81002443B118464146019B9847CA
:10AE4000002805F10105FFF6B4AE1BF4006F13D026
:10AE5000019B4146302098470028FFF6AAAE049B8C
:10AE6000C3F178004146019B00F0F80098470028A4
:10AE700005F10205FFF69DAE1BF0080F05D12C442D
:10AE8000AC4240F0028125460024089B002B00F0D4
:10AE90002C8129EAE97AA9EB0A027642039B029205
:10AEA000934284BF0CABD3180AF1FF3A8CBF587998
:10AEB0003020564505F1010700F3F180019B414622
:10AEC0009847029A002802F10102FFF672AEBAF129
:10AED000FF3F09D1019B029241462E20984700284E
:10AEE000FFF667AE029AAF1C3D46D7E7742F3FF4DA
:10AEF00099AE7A2F3FF496AEF7E61BF0800F18BF9D
:10AF00004BF4007B4BF0800B8CE61BF4807F18BF6A
:10AF10004BF4007B4BF4807B84E64BF4207B81E692
:10AF20002646B3465446B2467CE6FF4307F020036C
:10AF300004930B9B073323F0070303F1080293EDFF
:10AF4000000B029B0B921BF0400F08BF0626652BDF
:10AF500011D1711C0022C9B24BF4805B1346112938
:10AF600028BF11210CA800F015FBC3B2DDF830900A
:10AF700003930227F9E6029B662B05D14BF4005B95
:10AF8000334601221121EAE7F1B201294FF0000214
:10AF90004FF0650038BF012113460290DFE702271A
:10AFA000F4E6002B3FF406AFBAF1030F3BDC9DF84B
:10AFB00034309B4E13F0080F9A4B08BF1E46B14623
:10AFC0004F4619F8010BB0BBAE1B374488E033BBCA
:10AFD0002B23EFE62BBB2D23ECE62022BAF1040F46
:10AFE00013DD1BF0080FAAF104040FD12C44019BC0
:10AFF0000292414620209847002805F10105FFF6FE
:10B00000D8ADA542029AF2D19AB10024019B4146E3
:10B0100010469847002805F10105C8DAC9E52B223A
:10B02000DCE72D22DAE71BF0080FAAF10304BED1FA
:10B03000DCE71446BBE7049BC01A4146019BC0B243
:10B0400098470028BCDAB4E503990139C9B20391E5
:10B05000BAE6561ED3E60026D1E61BF4006F0CBFFD
:10B06000032405243C44D2E61BF0100F18BF013422
:10B07000D4E609934146019B202098470028099B6C
:10B0800005F10105BFF6D3AE93E5019B41463020A3
:10B090009847002805F10105BFF6F2AE89E5D145D4
:10B0A0000AD19DF83530352B1DD805D19DF83430A7
:10B0B00013F0100F08BF3120019B4146984700282C
:10B0C000FFF677AD1BF0100F0AD0BAF1FF3F07D1A2
:10B0D000AF1C41462E20019B98470028FFF669AD22
:10B0E0003D463C443EE23120E6E79DF835003128FC
:10B0F0001EBF9DF8343023F010038DF834304146E4
:10B10000019B98470028FFF654AD002E6BDD019B94
:10B1100041462E2098470028FFF64BAD4FF0010A1C
:10B12000039B9A45BBBF0CAB534430205879019B1D
:10B13000414698470028D346FFF63BAD0AF1010A85
:10B140005645EDDA02355D44029B049A981A414651
:10B15000019BC0B298470028FFF62BADB9F1000F54
:10B1600004DB4ED19DF83430DB064AD5C9F1000925
:10B170002D20019B414698470028FFF61AAD042F69
:10B1800041D14FF47A7799FBF7F606F13000019B35
:10B190004146C0B29847002805F10305FFF609AD06
:10B1A00007FB1699642799FBF7F606F13000019B1F
:10B1B0004146C0B29847002805F10105FFF6F9ACF9
:10B1C00007FB16990A2799FBF7F606F13000019B59
:10B1D0004146C0B29847002805F10105FFF6E9ACE9
:10B1E00007FB169915E01BF0100F01D10135ABE7F5
:10B1F000019B41462E209847002805F10205A3DA5D
:10B20000D7E42B20B5E7032F05F10205CAD0012FA3
:10B21000D8D109F130006F1C4146C0B25BE700BFD6
:10B22000A7870500A3870500A7F16303122B00F28F
:10B23000FB80DFE813F013005300F900F900F90078
:10B24000F9005300F900F900F900F900F9001301C1
:10B25000F400F900F9002800F900B5000B9B1A1D55
:10B260001B680B928DF8303001240CAF1BF0080FD7
:10B270002AD007EB04093E464E4527D1EF1B374441
:10B28000AAEB04042CE70B9B1A1D0B921F68AB4B17
:10B29000002F08BF1F461BF0400F14BF31464FF070
:10B2A000FF31384609F01BF80446DFE7019B4146B1
:10B2B000202098470028FFF67CAC013EB442F5D32D
:10B2C0005544AD1BB246D4E75646F7E716F8010BD6
:10B2D000019B414698470028CEDA6AE41BF0800FB4
:10B2E0000B9B35D01BF4007F2DD0073323F00703D1
:10B2F000D3E9000103F108020B922BF01009002999
:10B300001FFA89F936DA404261EB410149F480695C
:10B310000DF1300B0A235A4608F0EDFF19F0400FEB
:10B32000A0EB0B0B65D029F001025E4592B240F311
:10B33000B280002F00F0A98019F010033446914626
:10B3400026D002345CE01A1D18680B92C117D4E7AE
:10B350001A1D1BF4807F19680B9201D10846F5E78E
:10B360001BF4007F15BF48B208B241F3C01141F38E
:10B37000C031C2E750EA0103CAD11BF0400FC7D069
:10B38000002EC5D12BF0110B1FFA8BF93446B346B2
:10B3900040F2064319EA03031CBF013400232FE0E7
:10B3A0002BF0100B1FFA8BFB0A231BF080040B9A67
:10B3B00057D01BF400711DBF073222F0070202F1C3
:10B3C0000801101D19BF0B91D2E900010B90106804
:10B3D00050EA010252D12BF016091BF0400F1FFA60
:10B3E00089F94FD0002E4DD12BF0170B1FFA8BF996
:10B3F000B34619F0100352D0002F4ED10BF10104C7
:10B4000019F0080F5ED119F0010F06D0A2456DDDCD
:10B41000AAEB040404EB0B06544622464DE04BF025
:10B42000100B10237827C0E7029B782B04D1C7F1BB
:10B43000780343F01003B8E7019B41462520984765
:10B440000028FFF6B6AB019B4146384698470028D6
:10B45000FFF6AFAB0235059BFFF79CBB0823002727
:10B46000A3E7111D0B911BF480711068B0D01BF481
:10B4700000711ABFC0B2214680B2A9E72BF0060BBB
:10B480001FFA8BF90DF1300B45E729F011091FFA6E
:10B4900089F934467CE79146ABE75C4651E75C4668
:10B4A00076E7CDE902234146019B202098470028FA
:10B4B000FFF67FAB029A039B01329245F1DC2C1B15
:10B4C000A5181446EBB1019B41463020984700284F
:10B4D000FFF66FAB67B901352F462E44F31B5B4572
:10B4E00021DC5D460CAE5DBB5F44C9E65E4694E779
:10B4F000023541463846019B98470028ECDAFFF7B1
:10B5000058BB40F2064319EA030FE5D019F0020FC9
:10B5100014BF2B20202019F4806F05F1010541464E
:10B5200018BF2D20E7E7019B4146302098470028AF
:10B5300007F10107D2DAFFF73CBB00BFAB8705007C
:10B54000013D019B705D414698470028CBDAFFF72B
:10B5500030BB019B414620209847002805F101059A
:10B56000FFF627AB631B002BF3DC74E71FB502ABC0
:10B570000093074A4FF0CC3308F0A2FFDDE9020147
:10B58000C00840EA4170C90805B05DF804FB00BF7F
:10B59000CDCCCCCC2DE9F04F55EC104B9DB0CDE986
:10B5A0000B122A460D93290DC5F31303D20FC5F3D1
:10B5B0000A5507908DED050A0A9275B922461A437D
:10B5C0001BD1302343710A9B056043F002030371D2
:10B5D000012738461DB0BDE8F08F40F2FF7295425A
:10B5E0004DD1059A13430A9B079A14BF43F00803F1
:10B5F00043F0040313710027EBE7059AB24D02F004
:10B6000001020992059A4FEA830848EA9278970066
:10B6100001229A461646C5F1000B5846089200F0E2
:10B6200015FAB5F1FF3FACBF8146A0F10109ABEBC4
:10B63000090B09EB05035846069300F00DFA18A90B
:10B64000A0F17D05584600F027FA14AB089A019343
:10B65000A9EB050512AB0292009305982B4618AA98
:10B66000514608F070FEB9F1010F04460D4600F294
:10B67000D880099B002B40F0CB8001276FE0059A12
:10B6800002F001020992059A43F4801A4FEA8A08EF
:10B690001343A5F2354548EA92784FEA82074BD129
:10B6A00040F2FE7319420CBF01260026002D3246DF
:10B6B000B1DB284600F0C4F90346032DC8BF013BA7
:10B6C0001846069300F0C8F9069B7C305D1B0544C4
:10B6D00018A9184600F054FA14AB019312AB00936A
:10B6E000059802962B4618AA514608F02CFE069B98
:10B6F000152B04460D4600F2888016AB734A009362
:10B7000038464FF0CC33414608F0DAFE169B179AC4
:10B710009B0843EA827303EB8303BB42DDE9129A81
:10B720000CD13846414600F09FF9069B83428CBFFE
:10B7300000270127002612E00126B7E7099B002B0E
:10B7400053D1013F48F1FF31B81B61F1000100F016
:10B750008BF9069B099F83428CBF002601260C9B18
:10B76000002B40F09280DDF82CB04FF00008CDF8AF
:10B770002080CDF814804FF00A0ADDE91201FFF7AE
:10B78000F5FE149B1093CDE90E0118461599FFF7AD
:10B79000EDFE0E9B0F9A119198420B469341814604
:10B7A00080F08D8020462946FFF7E0FE109A0AFBC4
:10B7B00009F3934214BF002606F001060E9B129374
:10B7C0000F9BCDE91339119B1593089BB8F1000F1E
:10B7D00014BF002707F0010701330AFB10485FFA86
:10B7E00088F8089304460D46C7E7B81C48F10001E5
:10B7F00000F03AF9069B83428CBF00200120B9EB90
:10B8000000006AF10002CDE9120200273E46A6E7D9
:10B81000129B139A013B42F1FF32CDE9123201270C
:10B8200088E7B9F13E0FF0D84FF0FF33A9F12000BF
:10B8300003FA09F203FA00F0C9F1200123FA01F139
:10B8400002430A4303FA09F327EA030728EA020836
:10B8500057EA08070CBF012700276BE700FB02FC33
:10B86000A1FB0012013362448C4275EB020CF5D24D
:10B87000069A13440D9A1344012B0B9AB8BF012367
:10B880009A42A8BF1A4693466FE70A210022012375
:10B890000846E9E70AFB03F0A2FB0A23013103444F
:10B8A000944275EB0300F5D2594511DDBBF1000F51
:10B8B00002D154EA05030BD00123059372E70A2253
:10B8C00000230121ECE700BFCCFBFFFFCDCCCCCCAB
:10B8D0007EB34FF00A0A149B15990F931846FFF791
:10B8E00045FE0F9B0E910AFB00F29A42814620D141
:10B8F000DDE91201FFF73AFE10900F91204629462C
:10B90000FFF734FE0F9B109A1292CDE913390E9B6C
:10B910001593089BB8F1000F14BF002707F001072B
:10B9200001330AFB10485FFA88F8089304460D4675
:10B93000D1E7069B089A13449946002F58D0B8F1D6
:10B94000050F55D114F0010348D1059A32B9DDE94C
:10B9500014239D4208BF94425DD0059B18194FF0F7
:10B960000A0445F10001002201262546A04271EBA0
:10B97000020753D2E3B1B3451ADA0C9B63B10D9AB7
:10B9800006EB09031A4422EAE2730B9A9A42A8BF13
:10B990001A46964293460BDD05304FF00A024FF0EF
:10B9A000000341F10001DBF7ABFB09F10109013EA6
:10B9B0005E45A8BF5E4637B20FFA89F9079B09FAC0
:10B9C00086F607F10508013E98444FF00009B94595
:10B9D0002BDB079B0A9A1E601A71FAE5059B2BB9AF
:10B9E000DDE914239D4208BF944209D00123B5E745
:10B9F000059B53B9DDE914239D4208BF944204D14D
:10BA0000099B002BF2D1002EF0D0B8F1040F94BFA7
:10BA100000230123A2E74FF00408F1E705FB02F73A
:10BA2000A4FB054201363A44A0E70A220023DBF7D3
:10BA300067FB303208F8012D09F10109C7E700BFA3
:10BA4000014B5843800C704741340100014B58436F
:10BA5000000D7047FB2E0B00024B5843C00C013009
:10BA6000704700BF4F9312000A4A70B503464FF06B
:10BA7000CC3600204FF0333506FB03F402FB0144C3
:10BA8000A3FB023121449D4275EB010401D3013037
:10BA9000F2E770BDCDCCCCCC2DE9F04F1A23354E5A
:10BAA000B0FBF3FA03FB1A0389B004460D4606EB1C
:10BAB0000A1653B9D6E90023C1E90023D6E90201E9
:10BAC000C5E9020109B0BDE8F08F2B4A02EBC303C0
:10BAD000D3E9008904AB0093D6E9022340464946E6
:10BAE00008F0EEFC06AB0093D6E9002383460F4630
:10BAF0004046494608F0E4FCDDE9066216EB0B0619
:10BB000052EB07084FF0000328BF0123814633B1F1
:10BB1000049B059A013342F10002CDE9043220462C
:10BB20000391FFF799FF07461A2000FB0AF0FFF781
:10BB300093FF3F1A3246434603990097484608F060
:10BB4000DAFC4FEA141C0D4A640004F01E0352F89C
:10BB50002C40DC4004F00304241841F10001C5E945
:10BB60000041DDE9042300973046414608F0C3FC5C
:10BB7000A6E700BF28500500584F0500747905005E
:10BB80002DE9F04F1A27DFF8ECA000F11905B5FBFD
:10BB9000F7F56F433A1A4FEA051B89B004460E4683
:10BBA0000AEB05150AD1D5E90023C1E90023D5E93F
:10BBB0000201C6E9020109B0BDE8F08F2B4B03EB8F
:10BBC000C203D3E9008904AB0093D5E902234046C0
:10BBD000494608F075FC5AF80B206B68013ACDE92C
:10BBE000020106A963F1000300914046494608F0AE
:10BBF00067FCDDE906528A4602996D18039952EBFB
:10BC000001084FF0000328BF0123814633B1049B94
:10BC1000059A013342F10002CDE904323846FFF7BC
:10BC20001BFF07462046FFF717FF3F1A2A464346E9
:10BC300000974846514608F05EFC4FEA141C0C4A37
:10BC4000640004F01E0352F82C40DC4004F00304AE
:10BC50000134241841F10001C6E90041DDE9042363
:10BC600000972846414608F046FCA2E7584F0500D9
:10BC7000C8790500F850050070470020704782B071
:10BC80008DE80C00002002B0704782B08DE80C00F7
:10BC9000002002B0704701207047F8B506460846FC
:10BCA0000F461446DBF758FA054654B1013C84426E
:10BCB0002246394628BF0246304608F040F90023A4
:10BCC00033552846F8BDDDF7D9B9DDF7D7B9DDF72B
:10BCD000F1B982B02DE9F0418CB012A981E80C00D5
:10BCE0009DF8603007460DF118082BB30D460FCDB7
:10BCF0006C460FC495E8030084E803006E460FCE3F
:10BD000045460FC594E8030085E803003868DDF771
:10BD1000D1F940B383689D6865B30CAB13E90F009C
:10BD200014AC84E80F0098E80C00384629460CB0A3
:10BD3000BDE8F04102B0084712AC0FCC6D460FC50C
:10BD400094E8030085E803006C460FCC46460FC616
:10BD500095E8030086E803003868DDF7ABF910B119
:10BD60008368DD68D8E76FF015000CB0BDE8F041DE
:10BD700002B070476FF08500F7E782B02DE9F0411F
:10BD800096B01CA981E80C0007C807AF87E8070038
:10BD9000DDF790F98046002836D01CAD0FCD0AACF7
:10BDA0000FC495E8030084E803000AAE0FCE10AD7F
:10BDB0000FC594E8030085E803000798DDF77AF9DA
:10BDC00083685C6810AD4CB116AB13E90F008DE8C9
:10BDD0000F00384695E80C00A04780B9D8F8083025
:10BDE0001B78022B12D89DF8883004931EAB0FCB22
:10BDF0008DE80F001CAB0CCB3846FFF76AFF16B07E
:10BE0000BDE8F04102B070470120F8E76FF085000F
:10BE1000F5E710B5837A04681A44C37A1944437A63
:10BE200014B901FB032010BD13FB01F31344426856
:10BE30009BB2934204D254F8230008B10138F2E7D0
:10BE40006FF01500EFE7084307D1824201D10020CF
:10BE5000704743F820000130F7E76FF01500704796
:10BE60000021DDF75FBA82B008B502A9006881E859
:10BE70000C00FFF72CFF43681878F4F76BFE0028DE
:10BE80004FF0000001DBDDF791FFBDE8084002B094
:10BE9000704783681B6803B118476FF085007047CF
:10BEA00083685B6803B118476FF08500704783684B
:10BEB0009B6803B118476FF08500704782B08DE82A
:10BEC0000C00002002B0704710B5034600209042DD
:10BED00002D16FF0120010BD31F810409C42FAD030
:10BEE0000130F4E72DE9F041456816462B7A4A798E
:10BEF0009A420C4624D1F1070DD5B4F80680EF68BC
:10BF00002A6839464046FFF7DFFF002829691ADB17
:10BF100031F81030E380B20706D52A68E968E08876
:10BF2000FFF7D2FF002808DA730709D56A68296984
:10BF3000E088FFF7C9FF002802DBA3685B42A3602B
:10BF40000020BDE8F0816A684046FFF7BDFF002889
:10BF5000E1DB37F81030DDE700207047F0B514461C
:10BF600042684D791078059E854222D1951D526810
:10BF7000002090421DD035F802CFCF88BC451AD1A1
:10BF80008A6812FB04F290B21DB212B21EB992FB83
:10BF9000F5F212B20CE07668002EF8D03288104428
:10BFA00004B294FBF5F422B213FB04F4001B3080BE
:10BFB0008A600020F0BD0130DBE770B54368487946
:10BFC0001A7890420FD15A6803F1080450080022F1
:10BFD000824208D034F82260CD88AE4205D103EB0E
:10BFE00082035B89CB80002070BD0132F0E7002026
:10BFF0007047F0B545684A792B899A428DB00F4653
:10C0000003D16B6800249C4201D1002039E0EA682A
:10C0100032F81410FA88914235D106AE1822002168
:10C02000304607F0B4FF129B29781A78032329328F
:10C0300013FB0123079307F0B6FE4FF47A73A0FBBE
:10C04000030203FB0122FF238DF82830C00BBB68DD
:10C050002D6940EA4240D20B003BCDE9080218BFEF
:10C06000012304930CAB13E90F008DE80F000C20A3
:10C0700096E80C0000FB0450FFF77FFE0028A8BFE5
:10C0800001200DB0F0BD0134BDE71FB50223ADF8AE
:10C0900000308388ADF80230C388ADF8053083687E
:10C0A000CDF809306846DDF7CDFD05B05DF804FB3D
:10C0B00070471FB501240294CC680194BDF8184064
:10C0C000009403F00DFE04B010BD2DE9F04186B0E0
:10C0D00005460E4617469846DDF77CF8041E12DB2F
:10C0E000012302930DF117030193BDF83030009343
:10C0F0003A464346314628468DF8174003F0F0FD96
:10C1000006B0BDE8F0816FF01200F9E7F0B591B02C
:10C110001D46BDF85830EE180C46B6B2142EE46831
:10C1200011463DD814202A4600FB034007F007FFC4
:10C130000B2E32D9264416F8011C71BB20220DF1BA
:10C140001D0007F024FF01238DF81C30D4F80330C4
:10C15000CDF82D30D4F80730CDF831302378CDF834
:10C160003530A3788DF83A3004F10B0110220DF12F
:10C170001D00FFF792FDDDF7F7FC0AAE84460FCEF7
:10C180006C460FC496E8030044F8040B07AF217017
:10C1900097E80E00604600F01FF8284611B0F0BD89
:10C1A0006FF00600FAE7704708607047002070479C
:10C1B00000B589B002F008FC6946DDF727FC09B03C
:10C1C0005DF804FB00B589B002F0FEFB6946DDF7BF
:10C1D0001DFC09B05DF804FB84B02DE9F0419AB074
:10C1E00021A880E80E009DF88430012B04D0022B9A
:10C1F00071D06FF085004BE00DF185030593DDF8FC
:10C20000953006931822DDF899300793002108A88D
:10C2100007F0BDFEDDF89D7007F0C5FD4FF47A73A1
:10C22000A0FB030C03FB01CCC40B9DF8A23044EA35
:10C230004C444FEADC3CCDE909740DF15008CDF8CF
:10C240002CC053B308AE0FCE0EAD0FC596E8030059
:10C2500085E80300CDE90F74CDF844C00EAE0FCED3
:10C2600044460FC495E8030084E803000598FFF7EF
:10C270002EFD00282CD083689C68002CB9D01AAB06
:10C2800013E90F008DE80F0005A898E80C00A047FF
:10C290001AB0BDE8F04104B0704708AD0FCD0EAE46
:10C2A0000FC695E8030086E80300CDE90F74CDF8CA
:10C2B00044C00EAC0FCC45460FC596E8030085E898
:10C2C00003000598FFF703FD10B18368DC68D4E72D
:10C2D0006FF01500DCE79DF88500DCF7C9FFD7E7B4
:10C2E00030B585B00546DDF7C5F8044668B10D22C6
:10C2F0000021684607F04BFE63688DF80130237A11
:10C300008DF802306846DDF79DFC2846DDF728F9F8
:10C3100078B10023CDF80130CDF80530CDF80930E3
:10C3200003238DF8003003788DF801306846DDF77F
:10C3300089FC002005B030BD08B5DDF79DFCBDE8E7
:10C340000840DDF7A1B808B5DFF7E4F801F00FF811
:10C35000002008BD00EBC100408840087047F8B5D8
:10C360000346FFF7F7FFB0FA80F0C0F11F0003EBC0
:10C37000800CCA00DCF81060171D0C4606328DB226
:10C3800056B9012101FA00F0D9680143D960CCF80F
:10C390001040DD539D52F8BDF1000431585AD85376
:10C3A00003EBC0009E52C5805D52F4E710B500EB70
:10C3B000C104E388994202F104010AD1012303FA7E
:10C3C00002F2C36823EA0203C360002340F821306D
:10C3D00010BDA28840F8213000EBC20100EBC30081
:10C3E000CB808280F4E708B50346FFF7B3FFB0FACD
:10C3F00080F2C2F11F021846BDE80840FFF7D6BF21
:10C400002DE9F843B1FA81F5C5F11F0900EB890860
:10C410000346D8F810200E46C2B10327D8F81040C2
:10C4200018462146FFF796FFB04206D34A46184603
:10C43000FFF7BCFF2046BDE8F88303EBC404013FCF
:10C44000E088C8F8100001D08242E7D1C5F120028F
:10C450004FF0FF349440DA681440EBD094FAA4F221
:10C46000B2FA82F2111D53F821402146DFE738B5B8
:10C470000346FFF76FFF0D46044611461846FFF7C7
:10C4800069FF03EBC5050444600068801846FFF7A8
:10C4900061FF014423F8314038BD38B50346FFF74A
:10C4A00059FF0C46A51A511A03EBC4040544480071
:10C4B000608003EBC2006C00448023F83210184601
:10C4C0001146FFF747FF014423F8315038BD38B516
:10C4D0000546FFF73FFF0C46014405EBC1035B88AF
:10C4E000DA070AD42846FFF77EFF21462846FFF7E1
:10C4F00031FF22182846FFF7BAFF35F83410611AC9
:10C5000005EBC1035B88DB070CD42846FFF76BFF04
:10C5100035F834102246611A2846FFF7A8FF35F88F
:10C520003430E41A21462846BDE83840FFF717BFEB
:10C5300061B100680439091A21F007030344C908EE
:10C540005A8822F001025A80FFF7C1BF704770B5C8
:10C55000056809B9002070BDAB68B3EBD10FF9D9FC
:10C560000B31CC0821462846FFF74AFF0646002833
:10C57000F0D001462846FFF7EDFEA04207D9321958
:10C580002846FFF78AFF11462846FFF7E8FE05EB2D
:10C59000C6021046538843F0010353800430DAE7A3
:10C5A0002DE9F84301F1FF3919EA010906680F4640
:10C5B00014460CD04B420B40042B1A464F4628BF62
:10C5C0000422994664B900252846BDE8F883042969
:10C5D00004D8BDE8F8431146FFF7B9BF0422F1E7DC
:10C5E000B368B3EBD40FEED904F10B013944891AC7
:10C5F000C9083046FFF704FF80460028E3D009F160
:10C60000040505EBC0057B1E35441D44B5FBF7F55D
:10C610007D43A5EB09052C442B1F07349B1B24F0FD
:10C620000704A41BB0EBD30F4FEAD3074FEAE4048F
:10C6300008D201463A463046FFF72FFF41463046C2
:10C64000FFF78DFE39463046FFF784FE38448442BA
:10C6500007D230462246FFF720FF21463046FFF73B
:10C660007EFE06EBC706738843F001037380ABE7D9
:10C67000043A2DE9F041CC1D114424F0070421F0C7
:10C6800007010E1BF708B7FA87F2C2F12405AD00C7
:10C690004FF000080735C2F12002ED080460414662
:10C6A000A760C4F80C80920004F1100007F06FFC42
:10C6B0006B0043F00103638004EBC5027B1B590050
:10C6C000A4F800805180A21924F83550A2F8028005
:10C6D000A35304EBC70329465A8842F001025A804B
:10C6E0002046BDE8F041FFF73ABE002070470FB486
:10C6F00007B504A951F8040B0191DDF725FB03B040
:10C700005DF804EB04B070470FB407B504A951F805
:10C71000040B0191DDF718FB03B05DF804EB04B0E6
:10C72000704708B5EFF31183202383F31288BFF31A
:10C730006F8F01F05DF8F0B56423054604260020F4
:10C740000A2769B9F0BD9A42B2FBF3F40CD2012B6F
:10C750000AD048B903FB1422D2B20A24B3FBF4F383
:10C76000013EF0D12E70EDE7303405F8014BB2FBFD
:10C77000F3F4013903FB14220130B3FBF7F3C9B220
:10C78000C0B2D2B2DBB2DCE7A0F13003DBB2092BDE
:10C7900002D80B7000207047A0F16103052B02D86E
:10C7A0005738C3B2F5E7A0F14103052B01D837385C
:10C7B000F7E76FF015007047F7B5054601F0010087
:10C7C00000EB51069E424FEA510703D9002630463E
:10C7D00003B0F0BD58B128780DF10701FFF7D4FF81
:10C7E0000028F3DB9DF8073002F8013B01350135E5
:10C7F0001744BA42EBD015F8010C0DF10701FFF711
:10C80000C3FF0028E2DB9DF807402401E4B2147066
:10C8100015F8020BFFF7B8FF0028D7DB9DF80730AB
:10C820001C4402F8014BE4E7036800220BB91846E8
:10C8300070478B4210D10B6842B942680360914245
:10C8400000D1436000230B600120704713604368F0
:10C85000994208BF4260F5E71A461B68E6E7038B7A
:10C8600013F0070305D10368002B0CBF0020032041
:10C870007047022B05D1408BB0FA80F04009800050
:10C880007047012B05D10368002B0CBF0020052049
:10C8900070470020704710B50C4600B111B96FF019
:10C8A000150010BD081D00F0D3F80028F9D1A368C9
:10C8B000032BF6D9F3E72DE9F0410D46074619465B
:10C8C000281D90461E4600F0D7F8044638B133467E
:10C8D000424629463846A446BDE8F0416047BDE8D7
:10C8E000F08110B4EFF31182202484F31288BFF397
:10C8F0006F8F41615DF8044B0121DDF76DBA38B5EA
:10C900000C46054658B151B10B6843B14B6833B181
:10C910001C22002107F03BFB2C61002038BD6FF08A
:10C920001500FBE770B505460E46FFF7B4FF041E81
:10C9300014DBEFF31182202383F31288BFF36F8F90
:10C940006B8B2C8B4FF6FF718B4204F0070407D1E1
:10C9500082F31188BFF36F8F6FF00A04204670BD19
:10C96000022C0CD101336B8382F31188BFF36F8FDC
:10C970000023224631462846FFF79DFFEEE7062CAE
:10C9800014D8DFE804F004131313041A040000237E
:10C9900033606B683BB9C5E90066ACB90221284633
:10C9A000DDF71AFADAE71E606E60F6E782F31188A7
:10C9B000BFF36F8F6FF00404D0E782F31188BFF3E9
:10C9C0006F8F6FF08504C9E782F31188BFF36F8F13
:10C9D000C4E710B5EFF31182202383F31288BFF36D
:10C9E0006F8F048B04F00704022C0AD0012C0CBFBB
:10C9F0006FF004006FF0850082F31188BFF36F8F32
:10CA000008E0438B013B9BB2438323B92146DDF70A
:10CA1000E3F9204610BD2046EEE738B5A8B1A1B134
:10CA2000EFF31185202282F31288BFF36F8F048BFE
:10CA3000FFF7FAFE30B104F0070085F31188BFF369
:10CA40006F8F38BD6FF07700F7E76FF01500F8E7EC
:10CA5000034640B1426802F00302022A06D0032ACC
:10CA600004D0012A05D06FF0150070471A68002A1B
:10CA7000F9D000209860704710B54268816002F0DC
:10CA80000302022A03464FF0000407D0032A02D013
:10CA90005C60002001E018685C6010BD18685C6094
:10CAA0000028F6D0FDF7ECFEF3E7704770B4066897
:10CAB0008489806A0D0C16FA81F105FB04118468E3
:10CAC0002468A44670BC60472DE9F0431C46C36A45
:10CAD0001D686D4289B006468846174605F0200558
:10CAE0001CB9204609B0BDE8F083AC42A14628BF7E
:10CAF000A9464B466A4641463046FFF7D7FF002815
:10CB0000F0D16B46484502D1241A8044E8E713F877
:10CB1000012BBA4201D10130F4E70120E2E70B68B2
:10CB200003F580330B60C0891A0CB0EB134F04BFC0
:10CB3000A3EB02430B60704738B5828903680D0C84
:10CB4000090C04462D04806A02FB013100F03FFD10
:10CB500050B9E26AA389527929462046FFF7B4FF0B
:10CB6000002818BF6FF0050038BD10B50146044617
:10CB70000722FF20DDF7CCF8E07110BD0368012B20
:10CB800081BFC91801F1FF315B4219400846704767
:10CB90002DE9F0410C4605460821C06AFFF7EEFF7B
:10CBA000072207462146FF206688B4F80480DDF797
:10CBB000AFF8E379834208D1A8894644C01BB0424C
:10CBC00094BF00200120BDE8F0810020FBE738B5CC
:10CBD00005460C46FFF7DCFFA0B1A08898B9228873
:10CBE0004FF6FF739A420DD1E86A0821FFF7C6FF9E
:10CBF0006288AB899B1AB3FBF0F202FB1030B0FAEB
:10CC000080F0400938BD0020FCE7F7B504460D462A
:10CC1000C06A0821FFF7B2FF2968074608232046AB
:10CC2000FFF744FF0646002836D12B683B442B60B3
:10CC3000A28999B2D21B91422ED11A0C03BFE2896C
:10CC400002F1FF3203EB0241A3F580312960082392
:10CC50006A462046FFF72AFFE8B9E36A5A796B462D
:10CC600013F8011B8A420CD101300828F8D16368FF
:10CC700005E02B68BDF802201B0C1B0413442B603D
:10CC80000AE069462046FFF7A2FF0028F1D12946B5
:10CC90002046DDF7AFF90646304603B0F0BD2DE97A
:10CCA000F043074689B090461E461BB9002009B0E4
:10CCB000BDE8F0833C688389080C14FA81F100FB1D
:10CCC0000314FB6A1D686D4235400CD0B86A836856
:10CCD0002146D3F804902B46C8470028E7D1761B9D
:10CCE000E4D02C44A84432464146684607F027F970
:10CCF000FD6A2A686979921B0DEB060007F047F977
:10CD0000B86A2B688268214655686A46A847CEE70C
:10CD100010B50A46082341680446FFF7C0FF082102
:10CD20000246E06AFFF72AFF63681B1A6360104639
:10CD300010BD13B54FF6FF7300220446ADF8003066
:10CD40008DF806308368ADF804206846ADF80230EF
:10CD5000FFF70BFF69462046FFF7DAFF02B010BD70
:10CD60002DE9F04F044695B0C06A0821FFF706FF91
:10CD700063681B0C1B04054603A920460393FFF7B9
:10CD8000CEFEDDF80CB0A6895E44761B06AA082309
:10CD9000314620460496FFF789FE021EC0F2A980A4
:10CDA000E36A06AA5979002312F8010B814240F088
:10CDB0008F800133082BF7D1A36862682B449A4215
:10CDC0007ED259462046FFF7B7FE024691E0BDF8F5
:10CDD0001A30360C36041E44049608AA04A92046CC
:10CDE000DDF810A0FFF711FF0246002840F0818017
:10CDF00008A92046FFF7CCFE18B9019B5345ECD19A
:10CE0000DAE7636805930AAA05A92046059EFFF79D
:10CE1000FCFE024600286CD1BDF82820BDF8203069
:10CE20009A4227D06268059B9A42ECD1B245E4D180
:10CE3000BDF82430002BE0D0BDF822704FEA1A4331
:10CE40001B041F4408A8A368ADF82230FFF78DFE2D
:10CE5000E36ABDF824901E68764206F02006B9F118
:10CE6000000F0ED108A92046FFF752FF0246002806
:10CE7000C3D03EE00AA92046FFF78AFE0028D1D0A1
:10CE8000D4E74E45B04628BFC8460CAA43463946AB
:10CE90002046FFF70BFE024658BB4346A1680CAA8A
:10CEA0002046FFF7FCFE41460246E06AFFF766FEB9
:10CEB000A3680344A360E2B9A9EB08094744CEE79D
:10CEC0002046FFF736FF024600283FF47AAF10E015
:10CED000731B06A920460193FFF779FE00287FF413
:10CEE00076AF04A92046DDF785F8024600283FF416
:10CEF00074AF104615B0BDE8F08F2DE9F04F1D4618
:10CF000091B0037C029104460092002B00F0BD809A
:10CF1000C26A08211046FFF731FE294601901046EB
:10CF2000FFF72CFEA389019AA3EB8203AB420746CD
:10CF3000C0F0AE801DB1009B002B00F0A98063689B
:10CF4000059306AA05A92046DDF814A0FFF75DFEAB
:10CF5000064600283DD1BDF81830029A934206D00B
:10CF60006268059B9A42ECD1002D38D131E006A9C8
:10CF70002046FFF70DFE0028F2D0BDF81A80BDF85C
:10CF80001C3055B39D422AD1E36ADDF800B01B681E
:10CF90004FEA1A4A5B424FEA0A4A03F02003D044A0
:10CFA0000393AA46039B534528BF534608AA41460C
:10CFB00020469946FFF77AFD00284DD14A4608A938
:10CFC000584607F06AF950B9BAEB090AC844CB448D
:10CFD000E8D1304611B0BDE8F08F002BF9D0002F1A
:10CFE0003DD1B84604F1140A4FF0FF324FF0FF3341
:10CFF0005046FCF735FAE3899E4243D0A168626847
:10D0000008EB01039A422FD3029BADF82030FF2397
:10D010008DF82630009AADF822102B462046ADF848
:10D020002450FFF73CFE29460746E06AFFF7A6FDBD
:10D03000A3680344A36057B908A8FFF796FD08A9A1
:10D040002046FFF765FE002814BF07462F465046CE
:10D05000FCF77EFA3E46BCE7C1DC0646B9E7019B19
:10D060001F441FFA87F8BDE72046DCF7F5FF0746A7
:10D070000028ECD12046FFF773FE07460028E6D1D2
:10D080000136B8E76FF01B07E1E76FF00C06A0E789
:10D090006FF015069DE700231A46FFF72EBF2DE916
:10D0A000FF471E46037CBDF8309004460F4690466D
:10D0B000002B4ED0C06A0821FFF760FDA389A3EBC7
:10D0C0004003B34248D3D4F804A0CDF804A000250F
:10D0D0004D455146DDF804A00BD96368534520D176
:10D0E000BDF80830BB421CD06FF0010004B0BDE8B1
:10D0F000F08702AA01A92046FFF787FD0028F5D195
:10D10000BDF80830BB4206D102A92046FFF740FD1A
:10D1100008B10135ADB26268019B9A42D8D151463F
:10D12000DEE7BDF80C30002BDED0A945DCD8BDF819
:10D130000A00090CB3424FEA014128BF33460144BB
:10D1400042462046FFF7B2FC0028CFD1BDF80C00C4
:10D15000CCE76FF00C00C9E76FF01500C6E713B518
:10D1600000240094FFF79BFF02B010BD406930B16E
:10D17000BFF35B8F0068BFF35B8F00F00100704767
:10D1800043695BB1BFF35B8F53E8001F41F00101BE
:10D1900043E80012002AF7D1BFF35B8F7047436961
:10D1A0005BB1BFF35B8F53E8001F21F0010143E83F
:10D1B0000012002AF7D1BFF35B8F704743690BB9A8
:10D1C00000207047BFF35B8F1A68BFF35B8F1007B7
:10D1D000F6D591B142F01001BFF35B8F53E8000F19
:10D1E000904204D143E8001CBCF1000FF6D1BFF31C
:10D1F0005B8F0CBF01200020704722F01001EBE78D
:10D20000406930B1BFF35B8F0068BFF35B8FC0F341
:10D2100000107047406930B1BFF35B8F0068BFF307
:10D220005B8FC0F3C000704743693BB1DB682BB133
:10D230005B691879B0FA80F04009704701207047A7
:10D2400070B5044642690D46FFF7EEFF10B903239F
:10D25000137170BD03212046A847002802DA10F19F
:10D26000860FF6D120462B460121BDE870401847B5
:10D27000704770B54C680368A34201D2012070BDAD
:10D280008A682244934201D30020F8E7D1E90325BC
:10D290004E69B54203D36FF00B038B61F4E71B1BA0
:10D2A00042F835304368086902EBC00253600B69ED
:10D2B00001330B61E2E737B50C46C0B201A9154650
:10D2C000DDF7AEF800280CDB019850B121462A4664
:10D2D000DDF7CCF804460198FFF7CAFF204603B0FB
:10D2E00030BD6FF01504F9E710F0700F08D100F0B1
:10D2F0007F0310F0800F18BF103301209840704753
:10D30000002070472DE9F84306460F46904699469F
:10D3100004254B46424639463046F4F78FF810F163
:10D320000B0F044603D1FCF7CDFE013DF1D12046A1
:10D33000BDE8F8832DE9FF41D1F80C800546404651
:10D340001F460C461646D9F707FFBDF82830009354
:10D3500080B2CDE901803B4632462146284602F0A4
:10D36000BFFC04B0BDE8F08170470020704700208A
:10D37000DDF78CBF00221146DDF74EBF0021DDF73F
:10D38000DBBF034610B508460AB10021116053B156
:10D39000D0B1411E11F8010F80B113F8014BA0422A
:10D3A00001D13D28F6D100200EE0013313600AE0E0
:10D3B0003D2808D0B0FA80F0400905E018782F2801
:10D3C000F6D1002AF1D1012010BD10B509B100231A
:10D3D0000B6058B103461A781C4601332AB13D2A26
:10D3E00003D02F2AF7D101B10B60201A10BD2DE90F
:10D3F000F341DDF82080019007460C4615461E4695
:10D40000B8F1000F07D0D8F8001081B9D8F804E0BF
:10D41000BEF1000F14D101A93846DDF7CFFF58B196
:10D42000C768019833462A462146B84704E001AA56
:10D43000FFF7A7FF0028E9D1002002B0BDE8F08186
:10D44000D8F80830019808932A4633462146F44616
:10D4500002B0BDE8F04160470830704710B5134690
:10D4600014460A4681880068FFF779FEA042A8BFEB
:10D47000204610BD2DE9F04F97B0044601929A4620
:10D48000894600297CD0DAB1BAFA8AF67609258F66
:10D490000135ADB2A84604F1080B6F1EBFB2B7F557
:10D4A000004F26D04A2303AA39465846FFF757FEB5
:10D4B000002807DA10F1020F08BFB8463D46ECE736
:10D4C0000126E4E700F158030DEB0300002300F808
:10D4D0004C3C03A94846D9F72DFE0028EED126B3CF
:10D4E00039465846FFF7D7FD002805DA17B0BDE8E2
:10D4F000F08FBEB30020F9E705F57F513F3189B2C7
:10D500005846FFF7C8FD0028F0DB238FBB42F1D15E
:10D510002246013B22F8383F4FF40041022358468F
:10D52000FFF7EBFC00EAE070E0E7B846B8F5404FE3
:10D5300029D0238F434504F1080515D308F5804110
:10D54000019A534689B22846FFF7D7FC0028CDDB65
:10D55000002ECFD04846D9F7FFFD4A460346414644
:10D560002846DDE70126E1E72246022322F8388F2C
:10D570004FF400412846FFF7C0FC0028DEDAB5E78B
:10D580006FF01500B2E76FF00B00AFE773B5C36B38
:10D5900003630446C3B100F108063046DCF788FD9A
:10D5A000054670B902230DF106024FF400413046E2
:10D5B000FFF7D5FD0028ACBFBDF806304FF400439F
:10D5C0002387284602B070BD6FF01205F9E72DE9F8
:10D5D000F0418768FB6804460D4616469847BB68CD
:10D5E0002BB1324629462046BDE8F04118476FF07E
:10D5F0005700BDE8F081012801D1EFF30583FBF767
:10D60000E3BC01460068FFF7F6BF08B5DEF740F857
:10D61000BDE80840DEF760B800210120FFF7EBBF4E
:10D6200061B662B680F31188BFF36F8F704772B630
:10D63000002383F31188BFF36F8FBFF34F8F30BF89
:10D6400062B6BFF36F8F704772B6002383F3118801
:10D65000BFF36F8FBFF34F8F20BF80F31188BFF3ED
:10D660006F8F62B67047202809D9B0F1004F08D8F3
:10D670000138B0FA80F0C0F11F0040007047082068
:10D6800070473E2070477047002303824369C360A0
:10D690007047416A8968DEF773BDEFF3118220237A
:10D6A00083F31288BFF36F8F00230B60436833B995
:10D6B000C0E9001182F31188BFF36F8F70471960C2
:10D6C0004160F7E710B50346EFF31181202282F3A2
:10D6D0001288BFF36F8F006828B15C6802681A6017
:10D6E000A04208BF5A6081F31188BFF36F8F10BD4D
:10D6F000027A013202727047034618465B68002BBB
:10D70000FBD17047426810B52AB10B461C465B68D6
:10D71000002BFBD16260416010BD10B5044620B9FA
:10D720000B7A01330B72084610BD034618465B683E
:10D73000002BFBD1FFF7E6FF2046F5E710B508B157
:10D740004B6843604C68002308464B60DEF796FD4B
:10D75000204610BD83680B440360704703680B606C
:10D7600043684B6083688B60704783880268194404
:10D770008180D018704730B484880568A3188380EE
:10D78000281930BC06F0DBBB10B5838802685C1C2E
:10D790008480D154D01810BD034600689A88401A7E
:10D7A00011441860998070478288521A034682801B
:10D7B0000068084418607047034600689A88521A47
:10D7C00001449A801960704710B503681C880221D3
:10D7D000FFF7EAFF204610BD02688068101A704704
:10D7E0008388C2888168D21A03685B1AD01A70478E
:10D7F00008B500224FF480214FF00050F7F7D8FD14
:10D800004FF080430122C3F80025BFF34F8F20BFA4
:10D81000FDE730B585B014460A888B78ADF8002056
:10D8200005460D2200210DF103008DF8023006F0AF
:10D83000AEFB6A4669462846F0F700F928B9BDF8FC
:10D8400000209DF802302280A37005B030BD13B5D2
:10D850000C4601AA0331FFF7DCFF48B9032201A9F6
:10D86000204606F01AFDB0FA80F0400902B010BD63
:10D870000020FBE770B5CE1C05460C463046032160
:10D88000F0F7DAF860B9637903F03F0343F040033F
:10D890006371224631462846BDE87040FFF7B9BFA4
:10D8A00070BD70B50D4600210446FFF78EFD0D28B2
:10D8B00018D1237B302B13D0312B13D1012305F842
:10D8C000063B04F10C062A462046012302210234BD
:10D8D000FEF772FFB44205F1FF35F4D1002070BDB0
:10D8E0000023ECE76FF01500F9E7DDF713BE002029
:10D8F000704710B50C46017822788A428AB00FD062
:10D900006946DEF7D7FE05A92046DEF7D3FE1022D2
:10D910000DF115010DF1010006F0BFFC0AB010BDBC
:10D92000012A06D0022A07D072B940886388C01A3B
:10D93000F4E740686368FAE71022611C01300AB01E
:10D94000BDE8104006F0A9BC6FF01500E6E7042A18
:10D950000AD0102A0DD0022A4FF0000315D103700F
:10D960000B88438001207047012303700B684360DC
:10D97000F8E7022300F8013B01F1100351F8042BF2
:10D9800040F8042B9942F9D1ECE71846704701237F
:10D9900010B50621044600F8013BF0F74DF818B920
:10D9A000A37963F03F03A37110BD0B6803608B88FC
:10D9B00083808B798371037823F0020303707047AF
:10D9C0000078C0F34000704738B50446807ADEF72F
:10D9D000ADFB6169054649B1637ADB0704D4436A4C
:10D9E0001B6820469B6898470023636121462846B0
:10D9F000BDE8384005F06EBF2DE9F04101F10C089B
:10DA00000C46054600F10C01404617461E46FFF73E
:10DA1000A5FE4046FFF7E0FE012310FA87F068827A
:10DA20006B722F8239464046FFF7BEFEE368736093
:10DA3000628A0023E3607281638234602846BDE815
:10DA4000F08138B5D1E90032DA600B684A895A8230
:10DA50000C4605460868DEF711FC2046102200211E
:10DA600006F095FA2846BDE83840FFF7ADBF438A77
:10DA700023B9C068B0FA80F04009704700207047B1
:10DA80007047D0F89C3083B15A7BD1070DD5D206B0
:10DA90000DD51B7B102B14BF032304234372807A04
:10DAA00098428CBF0020012070470223F6E7032331
:10DAB000F4E70F2807D80D280BD8052808BF032046
:10DAC00018BF02207047132803D01A2808BF01206E
:10DAD000F6E70120704710B50346BFF35B8F53E8AC
:10DAE000000F40EA010243E80024002CF7D1BFF305
:10DAF0005B8F10BD38B5C3681D78B3F8010065B9F8
:10DB00000F21E0F71FFE044638B12946E0F796FDE5
:10DB10002046BDE83840E0F767BD38BD08B5C368AA
:10DB200001211888E0F70EFE18B1BDE80840E0F7C3
:10DB30005BBD08BD01210C30FFF73EBE37B5C5689F
:10DB40000121B5F80100E0F7FDFD044670B32B7824
:10DB50001A2B19D1C378012B24D14FF48041043002
:10DB6000FFF7B9FF43040FD4D4F888300093694617
:10DB7000D4F8903001932046E1F76AFA204603B0CA
:10DB8000BDE83040E0F730BD2B785BB9B5F8033025
:10DB9000A4F88630B5F80530A4F88C30B5F8073015
:10DBA000A4F88E302046E0F71FFFE7E703B030BD52
:10DBB00038B5C5680121B5F80100E0F7C3FD04469A
:10DBC00098B12B783BB9D5F80330C0F89430D5F82C
:10DBD0000730C0F89830201D4FF48031FFF77BFFED
:10DBE0002046BDE83840E0F7FFBC38BD30B402EB5A
:10DBF000C303044608469A4201D130BC704711461F
:10DC000011F8085BA54206D1018A53789942F4D3F2
:10DC100030BC536818470A46EDE7BFF35B8F50E806
:10DC2000003F0B4040E80032002AF8D1BFF35B8F81
:10DC3000704710B5DFF7DAFE6FF080011030FFF7A4
:10DC4000ECFF0020DEF7D8FD044648B13C23037307
:10DC50000021E0F7F3FC2046BDE81040E0F7C4BC2B
:10DC600010BDC0F307231070000E5370D070002356
:10DC7000C1F30720090E9370137150719371D17124
:10DC800070472DE9F843C7683A78012303EB820314
:10DC9000028A93423FD9BDE8F88307EB85030F2141
:10DCA000B3F80100B3F80360E0F74CFD044660B13F
:10DCB00000F1C00836B12046E0F794FBFBF7CAFC40
:10DCC00063693BB92046E0F78FFC01353B789D4204
:10DCD000E3DBE0E7A1691A6862618B4208BFA261D9
:10DCE000C3F80090226A9AB9C4E90733BFF35B8F87
:10DCF00058E8003F013B48E80032002AF8D1BFF362
:10DD00005B8F00212046013EE0F778FBB6B2D1E7F9
:10DD100013602362EAE70025A946D7E70120704790
:10DD200081767047704738B5C5680121B5F80100A4
:10DD3000E0F708FD044688B1E878DEF7D9FE84F8FC
:10DD4000A0002879DEF7D4FE84F8A1002046E0F791
:10DD500095FE2046BDE83840E0F746BC38BD10B51A
:10DD600003884288934219D8052B17D9B2F5486F1A
:10DD700014D88388B3F5FA7F10D2C088A0F10A01C5
:10DD800089B240F67644A14208D801339BB253438E
:10DD9000B3EB800F34BF0120002010BD0020FCE752
:10DDA00038B5C3680F21B3F801001D78E0F7CAFC4D
:10DDB000044620B365B12846DEF7A4FE2946024694
:10DDC0002046E0F7EDFE2046BDE83840E0F70CBC09
:10DDD0008378012BEFD102F03EFD2046FFF751FE84
:10DDE0000028E8D10520DEF78DFE052102462046F9
:10DDF000E0F7D6FE0521204600F03BFDE3E738BD05
:10DE000070B5C6680F21B6F801003578E0F79AFCC6
:10DE1000044688B34DB12846DEF774FE2946024613
:10DE20002046E0F7BDFE204603E0F378C27A9A422E
:10DE300003D1BDE87040E0F7D7BB8278C372012AF6
:10DE400005D00020DEF75EFE00210246E8E70BB1B8
:10DE500002F001FD2046FFF714FE0028F1D1052055
:10DE6000DEF750FE052102462046E0F799FE052127
:10DE7000204600F0FEFCD6E770BD40F2C13070478E
:10DE800008B5E4F771F818B1C089003818BF01204F
:10DE900008BDF0B5C5682F8887B00121B8B2E0F79A
:10DEA00051FC064658B302ACD5F80220D5F806302E
:10DEB00001946989009102F065FB10B3122142F2CE
:10DEC0001A00DEF7D9FD0546B0B112210C30FFF77C
:10DED0004CFC0346224623F8027B06AF144603CCD3
:10DEE000BC4218605960224603F10803F6D1294666
:10DEF00042F21A00DEF7C2FE3046E0F775FB07B0CB
:10DF0000F0BD022142F21B00DEF7B6FD04460028F8
:10DF1000F2D002210C30FFF728FC2146078042F2A4
:10DF20001B00E7E770B506460D4642F221000321CB
:10DF3000DEF7A2FD044660B103210C30FFF715FCAB
:10DF400006808570214642F22100BDE87040DEF770
:10DF500095BE70BD73B5C368D9789A781E8842EAB9
:10DF60000122ADF8002059791A7942EA0122ADF870
:10DF70000220D9799A7942EA0122ADF804201A7A6E
:10DF80005B7AB4B242EA032301212046ADF80630A1
:10DF9000E0F7D8FB054628B902212046FFF7C2FF6B
:10DFA00002B070BD6946E0F78FFD38B91E212046EA
:10DFB000FFF7B8FF2846E0F717FBF1E70E2142F222
:10DFC0002000DEF759FD04460028F3D00E210C3066
:10DFD000FFF7CBFB00230680C0F80A30BDF8003005
:10DFE0004380BDF802308380BDF80430C380BDF8A3
:10DFF00006300381214642F22000DEF73FFED9E7DA
:10E0000073B506460D4601AA002142F22F00DEF745
:10E01000B1FE044648B90198C368B3F801203280C4
:10E02000B3F803302B80DEF729F9204602B070BD2B
:10E0300070B506460D4640F206400321DEF71CFD92
:10E04000044668B103210C30FFF78FFB0680857012
:10E0500021460022BDE8704040F20640DEF78ABE4D
:10E060006FF0680070BDC06803781BB13C2B03D112
:10E07000FFF7DFBDDEF7CABF704738B5022105469E
:10E0800042F21600DEF7F8FC044668B102210C30BB
:10E09000FFF76BFB2B88038021460022BDE8384048
:10E0A00042F21600DEF766BE6FF0680038BDF8B5C4
:10E0B00007460E4642F2220006211546DEF7DCFC3A
:10E0C000044678B106210C30FFF74FFB3B880380F4
:10E0D0004680858021460022BDE8F84042F22200B9
:10E0E000DEF748BE6FF06800F8BD2DE9F0478146C5
:10E0F000884642F2320007219DF820A017461E46AE
:10E10000DEF7BAFC0546A0B107210C30FFF72DFB66
:10E11000B9F80030038080F80280C7700671A0F85B
:10E1200005A029460022BDE8F04742F23200DEF7A2
:10E1300021BE6FF06800BDE8F08708B5002000211F
:10E14000DEF7C0FD18B1BDE80840DEF791BDBDE8BF
:10E150000840E0F76BBB033138B5C9B205460E2065
:10E16000DFF790F8032104460C30FFF7FEFA012395
:10E170000370A0F80150204638BD70B505460E4624
:10E180000F200421DFF77EF8042104460C30FFF74E
:10E19000ECFA0122067042704580204670BD08B539
:10E1A000072206F07AF8B0FA80F0400908BD0B6843
:10E1B00003608B8883808B7983717047BFF35B8F9B
:10E1C0000068BFF35B8F7047F8B50F46144630BB4D
:10E1D000272142F22700DEF74FFC054610B3272126
:10E1E0000C30FFF7C2FA3946FFF7E1FF0646224638
:10E1F000C31D04F1100152F8040B43F8040B8A42CA
:10E20000F9D11022002106F1170005F0C0FE2946C1
:10E210000022BDE8F84042F22700DEF7ABBD6FF008
:10E220001500F8BD6FF06800FBE7037A5B07024654
:10E2300005D501462A3211F8010BFFF7C5BF70471B
:10E2400038B50121054642F22D00DEF715FC0446E3
:10E2500058B129460C30FFF797FA21460022BDE855
:10E26000384042F22D00DEF785BD6FF0680038BD02
:10E2700010B400F11003BFF35B8F53E8002F22F4BA
:10E28000004143E80014002CF7D1BFF35B8F130467
:10E2900004D55DF8044B012100F0D3B95DF8044BBF
:10E2A00070472DE9F041D1F8048086B004460D4650
:10E2B000B8F1000F1DD1037A5B071AD50E68411C17
:10E2C000701CFFF76CFF2A36162241460746684647
:10E2D00005F05DFE10226946304605F0DEFF30B1E4
:10E2E000102204F12A01304605F0D7FF00B107B132
:10E2F0006C6006B0BDE8F08100F1100208B503467D
:10E300001046FFF75BFF010611D5BFF35B8F52E8A4
:10E31000000F40F4004042E800010029F7D1BFF3AC
:10E320005B8F18460021BDE8084000F08AB908BD9F
:10E3300010B50C4630B919B1E3F7D4FD00B1441C57
:10E34000204610BD0024FBE718B111B10846DFF7E5
:10E3500011B86FF01500704713B5044680B106215F
:10E360006846EFF769FB48B99DF80530694603F048
:10E370003F0320468DF80530FFF7E6FF02B010BDE1
:10E380006FF01500FAE7003818BF01207047037AD4
:10E39000D90704D523F001030372DFF741B89907C9
:10E3A00004D523F002030372DFF7D0B870470020D2
:10E3B0007047034610F4004F0CBF07200620DA0315
:10E3C00048BF00F005009B0348BF00F0FB0070470A
:10E3D000BFF35B8F0068BFF35B8F704710B50346D8
:10E3E000BFF35B8F53E8000F00EA010243E800240B
:10E3F000002CF7D1BFF35B8F10BD2DE9F74F0C4612
:10E40000202100909246DEF737FB0546002850D0C9
:10E4100020210C30FFF7A9F920220021814605F0C8
:10E42000B6FD09F1010B04EBCA0A0026D4F80080FE
:10E430000023626893420CD30834A245F6D10098B9
:10E4400089F800600022294603B0BDE8F04FDEF7EE
:10E4500091BC98F8012098F800C0B01C11181F2931
:10E4600008D9BCF1090FC0F11F021AD1002A18DD2A
:10E470004FF0080CD7B2791C0BF80610711CC9B20A
:10E480005BFA80F00BF801C0D8F804100193023752
:10E4900005F055FD019B3744FEB2013308F1080831
:10E4A000C7E72846DDF7EAFE6FF0150003B0BDE8C8
:10E4B000F08F6FF06800F9E7012310B403FA01F15F
:10E4C00004466AB1BFF35B8F54E8003F0B4344E856
:10E4D0000032002AF8D1BFF35B8F5DF8044B704720
:10E4E0005DF8044BC943FFF779BF2DE9F04F87B0C2
:10E4F00005469DF84860DDF840909DF844A00C4624
:10E5000090460021102202A81F4605F040FDEEB9FA
:10E51000CDE90248012202A942F20800FFF76DFF8F
:10E52000044678B9BAF1000F3ED11035BFF35B8FC6
:10E5300055E8003F43F0040345E80032002AF7D1D4
:10E54000BFF35B8F204607B0BDE8F08FDEF78CFB92
:10E550008346E4B937BB5846D8F7FEFD0923012EA0
:10E56000CDE901B48DF800308DF80100CDF80C80B4
:10E57000D0D1CDF810D005960222CCE714F8332084
:10E58000083A012A25D901339845F7D1E2E700235B
:10E59000FAE717F83320083A012A1AD901339945C6
:10E5A000F7D1D8E70023FAE7022E4FF0010208BFA7
:10E5B000059202A908BF324642F2090008BFCDF811
:10E5C00010D0CDE90279FFF718FF0028ADD004463E
:10E5D000B8E76FF01504B5E7436813F008000AD0F8
:10E5E0005A0307D403F4C063B3F5806F14BF02204D
:10E5F000012070470120704770B5064686B00D4671
:10E6000042F20A000121DEF737FA0446B0B10C30BD
:10E6100095B10121FFF7B8F806F1100203A92046D1
:10E6200000950723DEF716FA0022214642F20A007F
:10E63000DEF7A0FB06B070BD2946EBE76FF068007F
:10E64000F8E7FFF7D9BF183005F02EBADFF736BB71
:10E650000368D90444BF43F48063036003689A04E9
:10E6600044BF43F400630360704701F120030138A5
:10E6700013F8012D00F8012F8B42F9D170470023C8
:10E680000B60436813B9C0E900117047196041601D
:10E690007047D0F8B000003818BF01207047084616
:10E6A00089691160C2691A60C27A0021183005F0C8
:10E6B0006EBCBFF35B8F0068BFF35B8F704773B5B1
:10E6C0000446CDE900320D4622B9D0F8A8606B4669
:10E6D00001AAB0472846DDF7D1FD019B23B100997F
:10E6E0006FF06D022046984702B070BD2438DFF706
:10E6F00001BE036800220BB9184670478B4210D147
:10E700000B6842B942680360914200D14360002324
:10E710000B600120704713604368994208BF426054
:10E72000F5E71A461B68E6E710B50446006918B11C
:10E73000DDF7A4FD0023236110BD70B50D46012156
:10E7400016460446DFF75AFE00212846FFF7E8FA8E
:10E75000012E16D0022E16D1236913B12046FFF7E1
:10E76000E3FF2846FEF7C4FF20612269138A012BCC
:10E7700028D82088FFF7D6FA01212846FFF7D0FADB
:10E7800007E0206918B92046FFF7CEFF01E02E8A86
:10E7900026B92846BDE87040DDF770BD0C30FFF7A4
:10E7A0001FF8864207D921690022204600F08DFA21
:10E7B00000232361EDE720692A8AE9680C30FEF71F
:10E7C000DAFFD2E7D26816880436B6B2B342D0D3A5
:10E7D0002846DDF753FD21690B8AB34204D9204650
:10E7E000BDE87040FFF7A0BF00232361204601224F
:10E7F000BDE8704000F069BA10B5034600F1C802E8
:10E800001046FFF756FF80B1BFF35B8F411C52E803
:10E81000004F844204D142E8001CBCF1000FF6D145
:10E82000BFF35B8FECD1184610BD0346FBE72DE923
:10E83000F84307460E46904600244FF0D009B442F4
:10E8400003D100231846BDE8F88309FB0470FFF7E5
:10E85000D3FF034658B1457B012D02D0073D012D62
:10E8600003D81A884245EDD01846DFF7BDFE0134C3
:10E87000E5E710B5437B023B0446062B16D8DFE8DC
:10E8800003F009041515150B09000173002120463A
:10E89000DFF7D4FE002010BD0088FFF7C9FB002879
:10E8A000F9D1637B072BF5D10821F0E76FF07F00EA
:10E8B000F1E710B50446D0F89C0028B9207A04F19D
:10E8C0007001E3F751FB38B1E278C3892AB913F03C
:10E8D000210F14BF0120002010BD13F0240FF8E712
:10E8E00038B5037A8B420446154615D100F1700104
:10E8F0000722284605F0D1FC80B1E378072243B90E
:10E9000004F17E01284605F0C8FCB0FA80F0400909
:10E9100038BD04F17701F5E70020F9E70120F7E7BA
:10E9200008B5E0F7A5F910B1DFF75EFE012008BDDC
:10E9300020B18378194214BF01200020704710B520
:10E940000A4603210446FFF7F3FF78B3637B072BE6
:10E950002FD102F07F03120613D5BFF35B8F221D68
:10E9600052E8000F40F4004042E800010029F7D1CE
:10E97000BFF35B8F2046A372E2F764FF98B90020D3
:10E9800010BD627A9A42FAD2A27A9A42F7D2BFF3C3
:10E990005B8F221D52E8000F20F4004042E8000186
:10E9A0000029E5D0F6E7637AA372E9E76FF0150076
:10E9B000E6E76FF07F00E3E708B503210246FFF7C3
:10E9C000B7FF00B1507A08BD08B501210246FFF734
:10E9D000AFFF08B102F1700008BDF8B507460D465B
:10E9E00042F213000E21DEF747F80646D0B10E21A1
:10E9F0000C30FEF7BAFE0E220446002105F0C7FADD
:10EA00003B8823802B8863806B88A380AB88E3805E
:10EA1000EB88238131460022BDE8F84042F2130022
:10EA2000DEF7A8B96FF06800F8BD7047704710B402
:10EA300000F14C030122BFF35B8F53E8001F43E852
:10EA40000024002CF9D1BFF35B8F41B9034653F882
:10EA5000482B8164D2F8B41031B9C2E92C33006874
:10EA60005DF8044BDFF71EBD0B60C2F8B430F6E76B
:10EA700010B50368D3F8B02042B1D3F8B4401168A0
:10EA8000C3F8B010A24208BFC3F8B4104C30002342
:10EA9000BFF35B8F50E8002F40E800310029F9D127
:10EAA000BFF35B8F10BD70B5D0E9003504464BB3A2
:10EAB000D3F8B020483000216AB1904234D1A26C22
:10EAC00051BBD3F8B410C3F8B020884201D1C3F8C9
:10EAD000B4200023A36404F14C030022BFF35B8F36
:10EAE00053E8001F43E800200028F9D1BFF35B8FF3
:10EAF00004F13006236BD3B96B680BB120469847FD
:10EB000000232360E3680BB1204698472B6AB3B11A
:10EB10002046BDE8704018470A60D3F8B420904200
:10EB200008BFC3F8B410D4E711461268C4E7002246
:10EB300000233046FAF75CFDDDF7A0FBDAE770BD95
:10EB400038B5406B30B150F8084904B1083CFFF7C4
:10EB5000AAFF04B938BDA5682DB12046083DFFF7CE
:10EB6000A2FF2C46F7E72046BDE83840FFF79BBFE1
:10EB700038B5436B0D46BBB1184650F8084904B18F
:10EB8000083C53F8043C9B680BB1294698475CB19C
:10EB90002046A468436824B19B68083C002BF4D14C
:10EBA000F6E79B68002BF0D138BDF8B50E46002182
:10EBB0000746154600234FF480320846E0F7CAF9AD
:10EBC000044630B104210C30FEF7CFFD07704670CB
:10EBD00045802046F8BD38B50546006898B1407BB1
:10EBE000072810D1087A012810D1C87A07280DD932
:10EBF0008A61CB6105F1300004F061FE2846FFF721
:10EC000016FF002038BD6FF07F00FBE76FF01500A6
:10EC1000F8E7406B30B1838B8B42A0F1080001D044
:10EC20008068F7E7704710B54AB989B2FFF7F1FF7E
:10EC300028B143689B6913B1BDE81040184710BD67
:10EC400038B50D460521FFF7E4FF00231A46294693
:10EC5000FFF7C1FF044610B12846DDF70FFB204641
:10EC600038BD38B50B8A032B05460C4621D9042143
:10EC700004F10C00FEF7A0FD238A42889A4218D1C5
:10EC80004178B1B10378012B13D0132B11D002229C
:10EC900001202D68FFF789FF044650B102210C3096
:10ECA000FEF763FD00230370437021462846FFF7FB
:10ECB000C7FF002038BD406B30B183898B42A0F183
:10ECC000080001D08068F7E7704738B50B8A032B3E
:10ECD00005460C4604D82046BDE83840DDF7CEBADC
:10ECE000042104F10C00FEF767FD41882846FFF778
:10ECF000E2FF0028EFD0436821465B699847EAE7C6
:10ED000070470346006828B1596802681A60884253
:10ED100008BF5A6070470346002003B970471A8A3B
:10ED20005B681044F9E710B5D4682378023113B951
:10ED30002170012010BD8B42FBD0038A023B03826D
:10ED400000201061F6E70620704773B514460146AF
:10ED500005464FF49572206801F051F8207500BB0C
:10ED6000237A2068ABB1A3F11802534253419B00B0
:10ED70000193638A0093AE68238AE2682946B0470C
:10ED8000002808DB238A83420ED10023237501204B
:10ED900008E00223ECE710F1FF0F05D34042C0B2B8
:10EDA0002075002002B070BD0E20F9E71FB5CDE937
:10EDB0000123002300931A46E1F754FC05B05DF8E7
:10EDC00004FB2DE9F04F91B0166880460F460025F0
:10EDD00042F601030068D6F804908DF82C500BA978
:10EDE0001446ADF82E30FEF784FD002800F089802F
:10EDF0004FF42053D8F800008DF82C500BA9ADF833
:10EE00002E30FEF776FD38B1A3681BB15A88BA429E
:10EE100000D25F8001200EE061680846FFF77BFFAB
:10EE2000728B738D9A4294BFC0EB0200C0EB03005B
:10EE3000032803D8002011B0BDE8F08F0846FEF784
:10EE40005BFC05466068FFF766FF728D738B05F10A
:10EE50000C0B9A4294BFC0EB020AC0EB030A58465F
:10EE6000FEF7BEFC824544D26068FFF754FF728D06
:10EE7000738B9A4294BFC0EB0200C0EB030070B9E1
:10EE80006368987ADDF752F900220023FEF701FC4F
:10EE900005460028CED001466068FEF73EFC002300
:10EEA0000093D8F80460102302AA41464846B047B0
:10EEB000061E26DB227CE068B2421ED001460BA86B
:10EEC000FEF745FDE8B1F2B202A906A8FEF73FFD44
:10EED000B8B106A90BA8FEF70CFD90B90023637426
:10EEE000042105F10C00FEF740FCA0600780A36838
:10EEF0008FE75846FEF774FCC1E702A905F0CDF98B
:10EF0000EBE70023A36085E7F8B59368166805462C
:10EF10000F46144663B9506801210C30FEF725FCFA
:10EF2000A0602B681B78002B14BF02230123037001
:10EF3000A3681B78012B03D0022B1FD000201CE0FC
:10EF40002B681B78002BF9D1606804210C30FEF788
:10EF50000CFCE06007802A68E36852885A80616888
:10EF6000728D738B088A9A4294BFC0EB0200C0EB8B
:10EF70000300042894BF00200120F8BD2B681B78F3
:10EF8000022BDBD1606812210C30FEF7EEFBE06053
:10EF900007802B68E268591C0232113351F8040BC8
:10EFA00042F8040B9942F9D16168728D738B088A1B
:10EFB0009A4294BFC0EB0200C0EB03001228D9E7CD
:10EFC00070B405686A6A52B3136803B1A83BA2F132
:10EFD000A8040022114600E0A83B844207D0668DB9
:10EFE000648BB14238BF3146A24238BF22461C462C
:10EFF0002BB1D3F8A830002BEED18442EFD1438D52
:10F00000408B8B4201D890420BD9824238BF0246D6
:10F010009942286838BF194670BCE1F76BBF1146AA
:10F02000EDE770BC7047D0680378043113B9017004
:10F03000012070478B42FBD091680B8A0020043B73
:10F040000B82106170472DE9F04F044685B01046E1
:10F0500090469946FFF75FFE638B628D934228BF0F
:10F06000134683428B4640F2938063680393404685
:10F07000FEF742FB4FF0000A06464046FFF74BFE04
:10F08000628B638D06F10C079A4294BFC0EB0205B8
:10F09000C0EB03053846FEF7A3FB854217D2404676
:10F0A000FFF739FE628B638D9A4294BFC0EB020575
:10F0B000C0EB03058DBB98F80A00DDF737F8002296
:10F0C0000023FEF7E6FA064630B9574636E03846E2
:10F0D000FEF786FB0546EDE701464046FEF71DFBC1
:10F0E0004046FFF718FE628D638B06F10C079A42CB
:10F0F00094BFC0EB0205C0EB03053846FEF770FB7A
:10F1000085421FD24046FFF706FE628D638B9A420E
:10F1100094BFC0EB0205C0EB0305F168328ACDF85D
:10F120000090DBF8047003980A44ABB25946B84724
:10F13000071E0CDABAF1000F18BF5746384605B063
:10F14000BDE8F08F3846FEF74BFB0546E5E70E9B22
:10F15000B3B9394606F10C00FEF707FB4046FFF74E
:10F16000DAFD638D628B934228BF1346B944834214
:10F17000BA441FFA89F9A8D9AF423FF47EAFA4E799
:10F180000F9A0E9B3946304698470028E1D19CE7FC
:10F190000027D3E70368002203B970478B420FD1E1
:10F1A0000B683AB942680360914200D14360002382
:10F1B0000B60704713604368994208BF4260F6E7EE
:10F1C0001A461B68E8E706207047BFF35B8F50E8DC
:10F1D000003F43F0080240E800210029F7D1BFF3C7
:10F1E0005B8FC3F3C000704773B5166805460023F4
:10F1F0007068137314462946952200F000FE2073B0
:10F2000080B9CDE900002946A388A2683046FFF7FF
:10F210001AFF002809DA10F1FF0F26BF4042C0B2E2
:10F220000E202073002002B070BD0120FBE72DE905
:10F23000F341166807460023706813731446394675
:10F24000952200F0DCFD0546207308BBA068718B99
:10F25000728D038A914294BFC3EB0103C3EB020397
:10F26000012B15DD02210C30FEF77FFACDE90055A8
:10F270008046A388A26839463046FFF7E4FE031EA5
:10F280000ADA13F1FF0F26BF5B42DBB20E232373B2
:10F29000002002B0BDE8F081A8F800300120F8E7B6
:10F2A0002DE9F04104468868FFF735FD638B628DD8
:10F2B000934228BF134683420D461DD3E165D1F822
:10F2C000088000278F60FAF7ADFE41462046E0F740
:10F2D000E3F8064638B1C5F80880E765FAF7B6FEE8
:10F2E0003046BDE8F081618D638B994228BF194695
:10F2F000284600F01BFFF1E76FF07906F0E738B51C
:10F30000BFF35B8F0B68BFF35B8FDB07054617D539
:10F3100050F8040CA0B1AB6D93B90430FFF7F1FCC9
:10F32000044668B10146281FFFF7BAFF002807DA34
:10F3300055F8043C5A6822609A685C6002B99C6087
:10F3400038BD2DE9F041446A07463CB354F8A8693A
:10F3500006B1A83E00231D4607F1040801E034462B
:10F360001646E26D9AB905B98BB94046FFF7C9FC5C
:10F37000054658B101462046FFF792FF00280DDAF6
:10F380007B682B60BB687D6003B9BD6023462EB1EE
:10F39000D6F8A820002AE2D0A83AE0E7BDE8F0813C
:10F3A00070B504460E46002200230846FAF720F9FD
:10F3B000054658B101462046E0F76EF8044618B1FC
:10F3C0002946304604F086FA204670BD6FF00104ED
:10F3D000FAE7F8B50546071F00F1540350F8044C4E
:10F3E000BFF35B8F53E8001F21F0040143E80012D4
:10F3F000002AF7D1BFF35B8F04B3AB6D8BB96368A1
:10F400007BB1201DFFF77DFC014606463846FFF71D
:10F4100047FF002812DA63683360A368666003B9A7
:10F42000A66005F15C013846FFF7BAFF30B104F180
:10F430000C013846BDE8F840FFF7B2BFF8BD38B55B
:10F4400004460D46E0F728F830B1294604F1600083
:10F45000BDE8384004F033BA38BD2DE9F0418846A4
:10F4600017460121042205461E46DFF753FE0446D7
:10F4700070B104210C30FEF778F980F80080A0F814
:10F480000170C67021462846BDE8F041FFF7D7BF9E
:10F49000BDE8F08137B50C46054601F10C00FEF7DA
:10F4A00093F9228A0192E268009203461322122104
:10F4B0002846E0F7FBF803B030BD37B50C460546EB
:10F4C00001F10C00FEF780F9228A0192E2680092B5
:10F4D0000022034611462846E0F7E8F803B030BDA5
:10F4E00008B5437B072B01D0002008BD0421FFF79E
:10F4F000E2FB0028F8D0BFF35B8F436DBFF35B8F57
:10F50000DB07F1D550F8040CEFE770B50E46154651
:10F51000FFF7E6FF78B1436A6BB1184650F8A83997
:10F5200003B1A83B691C428D448BA24228BF2246EE
:10F53000914202D93BB9002070BD2A463146BDE850
:10F540007040DFF7E7BDD3F8A84004B1A83C1846E7
:10F550002346E8E707B5CA681388528800920C2151
:10F560000D22E0F73BFA03B05DF804FB07B5CB686A
:10F5700000221B8800920A210B22E0F72FFA03B029
:10F580005DF804FB2DE9F041CB681F88BBB2162B58
:10F5900005461BD90321E0F7E9F80646C0B1022170
:10F5A0000C30FEF7E2F800244FF0410880F80080AC
:10F5B000447031462846FFF742FF2846A5F81A80D6
:10F5C0006F85FFF7FDFC2046BDE8F0810420FBE7D6
:10F5D0000E20F9E7E0F7C2BF0A8AC9680023E0F706
:10F5E0009DBB70B5054650F8043C55F804690446C7
:10F5F000002B32D031B1836D7BB31B7CDA072CD565
:10F6000005231DE03046E1F789FC737A012B24D0F5
:10F61000A46D14B3237CDB071FD5E368002BEFD068
:10F620006269617C2846DFF775FD064638B1D4E98A
:10F630000512E368984750B13046DCF71FFE0E23F1
:10F64000002228461146BDE87040E0F767BB31460E
:10F650002846DFF721FF0028EED170BD30B5054602
:10F6600089B055F8043B04461868FFF7ADF96946C0
:10F67000DFF7BEFD2846E0F78BFB60681321FFF73C
:10F68000F8F809B030BD10B5044688B054F8783D9C
:10F690001868FFF799F96946DFF7AAFD2046FFF7DA
:10F6A000DDFF08B010BD70B50E46FFF719FF044628
:10F6B00028B93046DCF7E2FD6FF07F0070BD00F145
:10F6C0000C052846314604F0FAF8606A38B150F863
:10F6D000A84904B1A83C2946FFF762FE20B90020E2
:10F6E000ECE71C466FF00100002CF8D0D4F8A830ED
:10F6F00023B90230F5D020461C46ECE7A83BF8E7DA
:10F7000038B505460C46FAF78DFC2846FFF7E8FEAB
:10F7100020B9FAF79BFC6FF07F0038BD002323600F
:10F7200083683BB9C0E90144FFF70BFEFAF78EFC92
:10F730000020F2E71C608460F6E70120704708B5FE
:10F74000FFF7CEFE98B1436A8BB1BFF35B8FA83B46
:10F7500003F1580252E8000F20F0080042E80001CF
:10F760000029F7D1BFF35B8FD3F8A830ECE708BDD1
:10F7700008B50421FFF79FFA30B1BFF35B8F406DEE
:10F78000BFF35B8FC0F3C00008BD1060002070475E
:10F7900010B5029CA36833B1B1F5807F28BF0E215C
:10F7A000CAB221469847A37DE268013BDBB2A3754C
:10F7B00022B11BB92046BDE81040104710BD1060B3
:10F7C000918000207047002070470B6803608B8891
:10F7D00083808B7983717047F0B589B00026BDF8BE
:10F7E0003850019617463146152202A81C4604F0EF
:10F7F000CEFB172D12D82544182D12DC224639468F
:10F8000001A804F09CFB04F120036B4401A803F859
:10F810001C6CDDF705FA204609B0F0BD6FF0060458
:10F82000F9E76FF00C04F6E708B5072204F035FDA0
:10F83000B0FA80F0400908BD10B503789342044641
:10F8400007D10130FFF7F0FF002814BF2046002049
:10F8500010BD0020FCE710B50346BFF35B8F53E8F3
:10F86000000F40EA010243E80024002CF7D1BFF367
:10F870005B8F10BD10B50346BFF35B8F53E8000FDD
:10F8800000EA010243E80024002CF7D1BFF35B8FAC
:10F8900010BDBFF35B8F0068BFF35B8F704770B51F
:10F8A0000D46064611F8010BDFF7E2F9044610B1E8
:10F8B0002C89DEF799FE6B89A34207D0EB686C8137
:10F8C00023B121463046BDE87040184770BD38B5B9
:10F8D000BDF81040A24215460CD84CB16BB1A21A2B
:10F8E0008A42A8BF0A4694B22246591904F027FB5F
:10F8F000204638BD6FF00600FBE76FF00D00F8E71B
:10F9000030B585B0C96814461D46E0F7B9FB00B1B3
:10F910000089ADF80E0002230093BDF820200DF100
:10F920000E0329462046FFF7D2FF05B030BD1FB5B4
:10F930000C461946E3681C781046BDF818203CB107
:10F9400010240133069404B0BDE81040FFF7BFBF98
:10F950005B88ADF80E30022300930DF10E03FFF724
:10F96000B6FF04B010BD30B585B01D460023144667
:10F970008DF80C30E0F756FB10B1037A8DF80C309F
:10F9800001230093BDF8202003AB29462046FFF752
:10F990009EFF05B030BD2DE9F04114461D46BDF86F
:10F9A0001870DDF761F90646D7F7D6FB80B20690EE
:10F9B00033463A4629462046BDE8F041FFF787BF67
:10F9C00030B585B014461D46FEF757FA0223ADF850
:10F9D0000E000093BDF820200DF10E0329462046AD
:10F9E000FFF775FF05B030BD10B5E0F795FA044696
:10F9F00040B1014611F8010BDCF796FD00232360AE
:10FA00006360A360002010BD70B500F1700605466C
:10FA10003146007AFEF734FA04463146287A1CB1A2
:10FA2000BDE87040FFF7E0BFE0F776FA10B1046080
:10FA30004460846070BD022A10B508D1002300F133
:10FA400070011A46007AE0F76FFB022010BDFFF745
:10FA5000DBFFFAE737B504460D46E0F71BFA02462E
:10FA600088B1037A8DF804300C30FFF712FF00F0F4
:10FA700001008DF80500022301AA29462046DCF783
:10FA80005BFD03B030BD0346F7E7F0B507683D788E
:10FA900089B0064614462DBB7B88B3F5245F04D09D
:10FAA0001AD8A3F52053032B1CD8ADF80A10022254
:10FAB0000DF10A01204603F019F848B97B88ADF82A
:10FAC0000A3002220DF10A01204603F00FF868B156
:10FAD0006FF01502A26506E003F55643FF339BB2B3
:10FAE000042B12D90125284609B0F0BD009003AAC5
:10FAF000776813233146B847021EEBDB03A9204683
:10FB000002F0F4FF0028EDD0E2E7ADF80A1002227F
:10FB10000DF10A01204602F0E9FF0028D8D17B88C8
:10FB2000ADF80A3002220DF10A01E8E708B50C3001
:10FB300029B10121FFF78FFEC043084008BD6FF0D7
:10FB40000101FFF797FE00F00100F7E710B504464A
:10FB5000FFF7ECFF38B121460122BDE8104011F853
:10FB6000010BE0F7A1BA10BD2DE9F0411F46BDF829
:10FB70001830012B064690462DD83B44012B3D46BC
:10FB80002CDCE0F74FFA044618B9E0F74BFA0446CC
:10FB900038B397B1217A98F80020002321FA03F0B6
:10FBA000C70703D522FA03F0C0071DD50133032B85
:10FBB000F4D102F007021143217206F17001601CBA
:10FBC000FFF703FE337A237001212046FFF7BEFFC3
:10FBD0002846BDE8F0816FF00605F9E76FF00C05E7
:10FBE000F6E76FF01005F3E76FF01205F0E770B578
:10FBF00004461546FFF7A1FD48B12046E0F712FA8A
:10FC000028B1037ADB0702D50121FFF79FFF85B9F1
:10FC1000207A04F17001E0F77FF9024648B101460D
:10FC20008560BDE8704011F8010B04230832DCF751
:10FC30006DBC70BD2DE9FF41884616461F4604463F
:10FC400028B96FF01505284604B0BDE8F08102A977
:10FC5000FDF727FE05460028F3D101A92046FDF750
:10FC6000B4FB0198D0B902A90020E0F713F90446CB
:10FC700048B9E0F7D7F9044678B3002300F8013B10
:10FC800002A9FFF7A2FDB8F1000F22D002226946B7
:10FC90003846B047002808DA0546D4E70A22294644
:10FCA000FAF768FE0028DED0CBE79DF8003023721B
:10FCB000022804D000212046FFF748FFC3E79DF843
:10FCC00001100129F6D801F001012046FFF72EFFAF
:10FCD000B9E72046E0F700FBB5E76FF00B05B2E7A8
:10FCE00038B5BDF81010BDF81840059DA14210466A
:10FCF0001A460CD84CB16DB1631A9A42A8BF1A4685
:10FD000094B22246294404F01AF9204638BD6FF017
:10FD10000600FBE76FF00D00F8E713B5044610B9D5
:10FD2000002002B010BD00238DF80430006842F6B8
:10FD3000030301A9ADF80630FDF7DBFD0028EFD184
:10FD4000E36898880028ECD12046E0F75BFC01309E
:10FD500080B2E6E770B5CC6888B008461E46A37945
:10FD60008DF80C301546FFF7D8FFADF80D0024686C
:10FD700023786BB96388ADF80F3005230093BDF885
:10FD8000302003AB31462846FFF7A1FD08B070BD17
:10FD9000631C0DF10F02113453F8041B42F8041BCD
:10FDA000A342F9D11323E9E71FB5CDE901230023CD
:10FDB00000931A46E0F756FC05B05DF804FBE0F747
:10FDC0003FBD1FB50C461946E36810461A788DF8FA
:10FDD000082093F901208DF809205A88ADF80A20EF
:10FDE0001A79DB88ADF80D3007238DF80C200093CD
:10FDF000BDF8182002ABFFF76AFD04B010BD38B59E
:10FE00004C8AD3070546C4F30E0404D514F0950FAD
:10FE10002AD04B6843B3900704D514F4957F25D0BE
:10FE20008B681BB3144014F4DE7F0DD0EB7A2BB932
:10FE30002846FEF73EFDD8B9052038BD14F0300F36
:10FE400004D114F4C07F07D10020F6E72846FEF75E
:10FE5000B3FD0228F5D8EFE7D5F89C30002BEBD0A6
:10FE60005B7BDB06E8D5EFE70220E6E70320E4E76B
:10FE70000F20E2E72DE9F041437B072B86B00546D2
:10FE80000C46174640F0848000238DF8143020681B
:10FE900042F6030305A9ADF81630FDF72AFD90B927
:10FEA0006668002E74D00090012304AA2146B04752
:10FEB00001286DD19DF8103013F0300F68D0204626
:10FEC000E0F754FD0446002320688DF8143005A99E
:10FED00042F60213ADF81630FDF70BFD18B12046BF
:10FEE000E0F744FD0446002642F6021820688DF82B
:10FEF000086002A9ADF80A80FDF7FBFCF0B9002309
:10FF000020688DF8143005A942F60213ADF81630BA
:10FF1000FDF7EFFC00283BD16668002E38D000903A
:10FF2000022305AA21462846B047022830D1BDF851
:10FF300014301F4214BF012000202AE020688DF8F1
:10FF40000C6042F6030303A9ADF80E30FDF7D1FCB7
:10FF50000028D4D020688DF810604FF4205304A9F5
:10FF6000ADF81230FDF7C5FC0028C8D020688DF828
:10FF7000146042F6010305A9ADF81630FDF7B9FC8F
:10FF80000028BCD02046E0F7F1FC04460028ADD1A3
:10FF9000002006B0BDE8F081F8B514460F46942263
:10FFA00061680646FFF72BFF20BB616801223046DF
:10FFB000FFF760FF08B3A2891B2102323046FFF72A
:10FFC000A4FA0546E0B1A1890C300231FDF7CDFB62
:10FFD00020F8027BA289A16803F0B1FFD4E90412E2
:10FFE00028460123DFF738FF29463046BDE8F840B0
:10FFF000FFF759BB4FF0FF30F8BD6FF01500FBE77E
:020000025000AC
:100000006FF00B00F8E72DE9F04105468846E0F770
:1000100009F80446E0B1037ADB0719D500F10C07B3
:100020003846FFF736FC10F0010611D1B8F1000F89
:100030000FD06FF002013846FFF71CFC10F0020FE2
:10004000284609D0FFF77BFB01212046FFF77EFD04
:1000500001263046BDE8F081FFF76FFB0028F8D09D
:100060002846FFF785FB0028F3D06FF002013846E1
:10007000FFF700FC2846E5E7F8B506460F46DFF730
:1000800029FF394604463046FDF7FAFE68B364B3EB
:1000900004F108056FF001012846FFF7EBFBC207EA
:1000A00003D539463046E0F751FF6FF0020128468C
:1000B000FFF7E0FB830703D539463046FFF7CAFC5C
:1000C0002846FFF7E6FB80B9234603F8010BC4F886
:1000D0000100C3F80300BFF35B8F55E8003F45E81C
:1000E0000002002AF9D1BFF35B8FF8BD10B50446BA
:1000F000A0F1170110F8180CFFF7BEFF14F80C0C54
:10010000A4F10B01BDE81040FFF7B6BF38B50446B7
:1001100059B100F170052946007AE0F717FF207AFF
:100120002946BDE83840FFF795BC38BD7047072029
:10013000704708B50621FEF7BEFD00B1EC3808BDDA
:10014000BFF35B8F0068BFF35B8F084100F00100D5
:10015000704710B50346D9B1C88910F0240F17D0E5
:100160001A7D5C7B097BA24228BF2246914201D9BD
:10017000002010BD820604D4187A003818BF012070
:10018000F7E70521181DFFF7DBFF0028F4D1EFE7A3
:100190000120EEE701238B40DB43BFF35B8F50E888
:1001A000002F1A4040E800210029F8D1BFF35B8FEF
:1001B000704707207047002370B51A460446EC309C
:1001C0000D46FEF708FD20B12846BDE87040DCF77B
:1001D00055B804F5A0704FF47022BDE870400023BC
:1001E000F9F7EEBC01238B40BFF35B8F50E8002F83
:1001F0001A4340E800210029F8D1BFF35B8F704714
:1002000008B50E21FFF7EEFF002008BD38B5054602
:100210000B4604300D21FFF793FFA0B1DC68D5F841
:10022000EC300220197A03F1700200F096FB80B1E5
:10023000224600F12A0304F1100152F8040B43F89E
:10024000040B8A42F9D128460921FFF7CBFF002091
:1002500038BD0820FCE770B5051D0E462846042170
:10026000FFF76EFF68B10022002100230846DEF789
:1002700071FE044640B904212846FFF7B3FF20462B
:1002800070BD4FF47022EFE701210C30FDF76DFADD
:100290000670F4E738B504210446FFF7DCFF054695
:1002A00098B110210C30FDF760FA04F1270304F136
:1002B000370253F8041B40F8041B9342F9D120463F
:1002C0002946FFF778FF002038BD0820FCE72DE91C
:1002D000F04790B004460CAD10220021284603F0F0
:1002E00056FE237A052B1ED8DFE803F0060303062B
:1002F0001D21D4F8D8300C93D4F8EC3004F1470227
:1003000004F1C707CDE9017204F1370803F17E0259
:1003100004F12709009277334A46414604F19700D9
:10032000E1F734FE98B1082010B0BDE8F087D4F8AA
:10033000E430002BE0D02E4603F11007186859680E
:10034000324603C20833BB421646F7D1D4E7D4F88D
:10035000EC3003F177027E3308AE019304F1110310
:100360000292009303962B4642464946384600F0D7
:10037000ABFB0028D7D1237A052B0FD1D4F8E0109E
:10038000002948D00B46AC4601F1100E1868596898
:10039000624603C2083373459446F7D1D4F8EC3073
:1003A00003F17E0277330DF1100A019304F10A0381
:1003B00002920093CDF80CA02B464A46414638469F
:1003C00000F082FB0028AED11022514604F1B700A4
:1003D00003F063FF20BB0D212046FFF73CFF0746DB
:1003E0000028A0D010210C30FDF7BFF9324603469B
:1003F000164603CEAE4218605960324603F1080338
:10040000F6D139462046FFF7D6FE201D0121FFF721
:10041000E9FE002088E71022284603F0B8FDBDE77A
:100420000B2081E770B5D0F8EC30DB78012B044667
:1004300019D1CD68061D10213046FFF7ABFE2B46C3
:1004400004F1B70205F1100153F8040B42F8040B54
:100450008B42F9D107213046FFF772FE28B10921FE
:100460003046FFF7BFFE002070BD0A213046FFF77F
:1004700067FE0028F3D12046BDE87040FFF727BF94
:1004800070B5061DCD6804460B213046FFF782FE8D
:100490002B4604F1170205F1100153F8040B42F842
:1004A000040B8B42F9D1237A012B09D0022B13D1F3
:1004B00020460421FFF796FEBDE87040E0F710BF2C
:1004C0000A213046FFF73CFE0028F1D030460021DB
:1004D000FFF788FE002070BD0820FCE7072070476A
:1004E000072070470720704730B5012303FA01F158
:1004F000CA43BFF35B8F50E8003F03EA020440E8C1
:100500000045002DF7D1BFF35B8F194214BF0120C6
:10051000002030BD70B500F1700604460D4607227C
:100520000968304603F0B9FE40B96B681A68226763
:100530009A88A4F874209B7984F8763070BD38B519
:100540000446031D0025BFF35B8F53E8002F43E8EB
:1005500000510029F9D1BFF35B8F04F5A07003F0BF
:10056000A3FA2572BFF35B8F54E8003F44E80052C2
:10057000002AF9D1BFF35B8F20460121BDE8384046
:10058000FFF730BE2DE9F84FDDF82C80BDF828903C
:10059000044692461F46FFF7CCFD054600285AD078
:1005A000061DB9F1000F27D15AEA070324D1032110
:1005B0003046FFF7C5FDD0B301213046FFF7C0FD3F
:1005C000A8B32C7D6B7B9C4228BF1C46224605F1BC
:1005D0004701404603F0B3FC0F2C06D8C4F11002CB
:1005E000002108EB040003F0D2FC30460121FFF7A4
:1005F000F9FD0120BDE8F88FD4F89C30F3B904F17F
:10060000700B217A5A462020E1F750FCC4F89C0078
:1006100030B9217A5A460120E1F748FCC4F89C0021
:10062000B9F1000F0AD15AEA070704D006E0D4F85E
:100630009C30002BE3D0D4F89C1071B90F213046C8
:10064000FFF77EFD20B1022206212046DEF7A8FA40
:100650002846FFF774FF0020CCE7CB899B06EDD539
:100660000C7B1A312246B4E76FF085007047F8B56D
:10067000031D06460F4618460221FFF761FD04469A
:1006800020B1B6F8E840B4FA84F4640903211846AE
:10069000FFF756FD58B139463046E1F797F9052185
:1006A00094B1D6F8EC00FEF7E4F80020F8BD012183
:1006B0001846FFF745FD0028EDD10F211846FFF73A
:1006C0003FFD0028E7D1EAE73046FFF7C4FD0546C5
:1006D00088B101210C30FDF748F823460770224607
:1006E000294606F1EC00FEF776FA0028DDD0284610
:1006F000DBF7C4FDD9E76FF06800D7E770B50446B3
:100700000820E0F7BDFC0546E0B1061D0821304693
:10071000FFF740FDBCB30721FFF73CFD234605F181
:10072000970204F1200153F8040B42F8040B8B42AA
:10073000F9D10A213046FFF703FD70B10921304697
:10074000FFF750FD0720E0F79BFC0446E8B1E0F717
:10075000E9FC0146C8B1204612E010213046FFF7FF
:10076000EFFC09210028EAD13046FFF7E9FC002818
:10077000E8D02846FFF7ABFD01460028E2D0284626
:10078000FFF775FFDEE70B21F9E770BD2DE9F041BA
:100790000E460446D0F8EC80E0F780FCF768261D92
:1007A00005460A213046FFF79FFE38B16DB9204655
:1007B0003978E1F70BF90020BDE8F0810B213046D4
:1007C000FFF792FE0028F1D1F1E76B69002BEED024
:1007D00040469847EBE770B50446A0F1EC0650F8A8
:1007E000543BE83CD3F89C5003F05EF903212046CB
:1007F000FFF7A6FCA0B108213046E1F7E7F83DB1CC
:10080000EB8913B16B7B9B0702D5284600F0B9F842
:1008100030464FF4BC72BDE87040002103F0B7BB16
:1008200001212046FFF78CFC0028E4D10F2120464F
:10083000FFF786FC0028DED1E1E710B50821044669
:10084000A0F5A070E1F7C2F8A4F59E700421BDE800
:100850001040FFF7C7BC70B50446FFF76AFC0546B9
:10086000002863D0061D03213046FFF769FC0028ED
:100870005CD0D4F89C0008B100F083F8207A04F131
:100880007001E1F7B1FAC4F89C0028B928460821A4
:10089000BDE87040FFF7EBBE0E213046FFF750FC7D
:1008A00028B1D4F89C20537B43F0020353732A7A77
:1008B000D4F89C10032A4B7B39D8002A3ED0D4F8B8
:1008C0009C20537B43F0010353732B7D697BD4F849
:1008D0009C208B4228BF0B46137305213046FFF73F
:1008E0002FFCD4F89C305A7B88B342F010025A7324
:1008F0000D213046FFF724FCC0B1D4F89C00202124
:1009000000F03BF8D4F89C3005F147021A33573514
:1009100052F8041B43F8041BAA42F9D1D4F89C20D6
:10092000002313615361D4F89C20138370BD053AF2
:10093000012A03D843F020034B73C0E723F02003C0
:100940004B73D4F89C20537B23F00103BCE722F0C7
:1009500010025A73EAE7DCF763BD70B504460D4632
:100960001646E1F7A3FA38B931462846E1F73CFAD2
:1009700010B1C3891C43C48170BDC3891943C181AF
:10098000704710B5037A5B07044601D5DCF7DEFD3E
:10099000214611F8010BDBF75DFE20464022BDE841
:1009A0001040002103F0F3BA70B5064690B014462B
:1009B000184626B3342203A9A047051E1FDB01A950
:1009C0003046FCF76EFF0446C8B969463046FCF76E
:1009D000FCFC009868B9ADB901AA29463F20E1F7AF
:1009E00065FA18B14022294603F0D1FA204610B02A
:1009F00070BD0A222146F9F7BDFF0028EBD06FF049
:100A00001504F3E701A90020E1F7EEF9034698B1D8
:100A1000342D02D0FFF7B5FFF1E703AA0C330FAE78
:100A2000154603CDB542186059602A4603F1080304
:100A3000F6D128681860D9E76FF00B04D6E70146B5
:100A40000246342311F8010B0C32DBF7F5BD531EBF
:100A50001944024411F8013900F8013B9042F9D1E0
:100A6000704710B5431E00F11002073013F8011F44
:100A700012F8014D1C7083421170F7D110BDF0B512
:100A800097B014460E462022014605A81D461C9F1D
:100A9000FFF7DDFF202231460DA8FFF7D8FF2146E2
:100AA000102201A88DF85450FFF7D1FF3B46412298
:100AB00005A901A8E1F700FB044610B93846FFF785
:100AC000D0FF204617B0F0BD2DE9F04397B00446A3
:100AD000164605A810221D46DDE91F98219FFFF745
:100AE000B6FF1022314609A8FFF7B1FF10222946B0
:100AF0000DA8FFF7ACFF1E99032211A8FFF7A7FF6F
:100B00004946D9F8010011F8013B8DF847301290A1
:100B10008B88ADF84C30062212A8FFF798FF4146AB
:100B2000062211F8013B8DF84E30D8F80130CDF88F
:100B30004F300DF14F008B88ADF85330FFF787FF32
:100B40002146102201A8FFF782FF3B46412205A95A
:100B500001A8E1F7B1FA044610B93846FFF781FF62
:100B6000204617B0BDE8F0832DE9F04106460D465A
:100B700017461C46ABB1D0F80880D8F8003098472B
:100B8000002D11DB84420FD8031BAB420CD3D8F8E5
:100B900008E023463A4629463046F446BDE8F0418F
:100BA00060471846BDE8F0816FF01500FAE743682A
:100BB000D3E90203C01A70472DE9F0410C4646689C
:100BC0000546006990461F46EFF7ACFF002C15DB89
:100BD000D6E90231E2195B1A9A420FD8D6E900032E
:100BE000E118737C19443B464246FFF7BDFF0446BB
:100BF0002869EFF7A5FF2046BDE8F0816FF01504E6
:100C0000F6E72DE9F8430D1ED0F80490064690460D
:100C10001C462DDBEA18D9E902315B1A9A4227D823
:100C20000069EFF77FFFD9E9007299F81130B4B18C
:100C3000D7F8089015441D443846D9F80030984735
:100C4000002D12DB844210D8031B9D420DD8234691
:100C5000D9F80490424629463846C84704463069C8
:100C6000EFF76EFF2046BDE8F8836FF01504F6E756
:100C70006FF01504F6E738B5456804460069EFF7EC
:100C800051FF2B8A2069002B0CBF6FF085050125D1
:100C9000EFF756FF284638BD38B544680569206827
:100CA00002F033FC78B1206883681B6898470028FD
:100CB00008DBD4E901321344834207D8281D02F02F
:100CC0002EFD002038BD6FF01200FBE76FF015001D
:100CD000F8E7F0B50569476885B01022002106469F
:100CE000684603F054F900242846EFF71BFF2C70E8
:100CF0002546BB68A34205D83069EFF721FF284697
:100D000005B0F0BDD7E9000121441B1B102B28BF03
:100D100010236A46FFF728FF051EEDDBBB681B1B8F
:100D2000102B94BFE4181034E3E710B50369C0E951
:100D300005330023C360837F044613B1407AF1F783
:100D40002BFA0123237700236377E377A37710BD82
:100D5000F8F786BBF8F7FCBB0378027903F00F01C4
:100D60001AB959B14FF0FF3070470829FAD8012A53
:100D700004D183F0080040F3C000704743F3C00083
:100D8000704738B50446EFF7F5FE054660B1037AC3
:100D90006BB120460024F1F783FA2846AC77FFF7C1
:100DA000C4FF2C72204638BD6FF01500FBE76FF0D2
:100DB0007700F8E770B504460E461546F0F7BAFB23
:100DC00030B906B925B12046BDE87040F0F7FABB4E
:100DD00070BDC343C3F3C01300F00F0000EB03105A
:100DE000704708B5F0F770FC818208BD08B5F0F7D0
:100DF0006BFCEFF31183202282F31288BFF36F8F15
:100E000002690A60027B2AB9807D83F31188BFF3EF
:100E10006F8F08BD0420F8E710B403460838BFF30D
:100E20005B8F50E8002F511C40E80014002CF8D1D3
:100E3000BFF35B8F1AB95DF8044BF1F7CDBA6FF0D1
:100E40000F025DF8044B9A6670470369C9B20C2221
:100E500001FB0233186C00F00700704770B5C9B28F
:100E60000369EFF31185202484F31288BFF36F8F99
:100E70000C2606FB0134246C14F0C00408D0A242F6
:100E800006D085F31188BFF36F8F4FF0FF3070BD30
:100E900006FB013301221A6485F31188BFF36F8FBB
:100EA000436803EBC1035B6898470020EFE78022AB
:100EB000FFF7D4BFF8B5069F0469C9B2EFF31186F6
:100EC000202585F31288BFF36F8F0C2505FB0144A5
:100ED000256C05F0070CBCF1010F0CD1276486F3DB
:100EE0001188BFF36F8FC4E90E23436853F8313084
:100EF00098470020F8BD05F0C005AF4286F3118881
:100F0000BFF36F8F0CBF6FF077004FF0FF30F1E74A
:100F100013B580240094FFF7CDFF02B010BD10B4CC
:100F20000069CBB21C2403FB040000215DF8044BD4
:100F300010470020F4F7CCBA002000F081BF104623
:100F4000F8F788BB0020704708461146DBF7CABF98
:100F50002DE9F3411C469046002382682360A3607C
:100F600053690D4601AA69469847019B5A1E019292
:100F700023B96FF0150002B0BDE8F0810098A268B7
:100F800047682168676085B9A8EB02030668B34229
:100F900028BF33461A4403FB07112160A260026890
:100FA0009A4206D808300090DFE76B1AB3FBF7F3DC
:100FB000ECE70020DFE713460022FFF7C9BF2DE969
:100FC000F047836886B05B698846914601A902AA0A
:100FD00098470024A2462546029BAB4202D806B0A1
:100FE000BDE8F087019F07EBC50700267B680493E7
:100FF0003A68B2420AEB060302D801359A46EBE79B
:1010000003940593494603A8C0470028E7D0049BF2
:1010100001361C44ECE74FF400120023C1E9002321
:101020000020704718B901F11800F8F713BB70479A
:1010300037B50D46416811B3D1E90013846804B394
:10104000D4E90024F4B1EBB19C421ED10133092B49
:101050001BD800788DF8013040F201138DF80000A4
:10106000ADF80230684600238DF804308DF8055045
:10107000F5F7D6F903B0BDE83040F1F7E7BE0B460F
:10108000DCE7224601332344E1E76FF0150003B0AB
:1010900030BD1FB5002188420CBF0623042301A8E0
:1010A000CDE9011103918DF80430FFF7C1FF00284D
:1010B00018BF6FF0040005B05DF804FB7FB5FF2298
:1010C00002288DF803200DF103020CBF3523052300
:1010D000002101920122CDE9022103A88DF80C30F4
:1010E00001AB04910593FFF7A3FF0028A8BF9DF86B
:1010F000030007B05DF804FB13B501AA044600F035
:1011000049FA002805DB019B226819791868F2F773
:10111000A7FD02B010BD4FF0FF324FF0FF33F8F7DC
:10112000D3BA38B50569BFF35B8F044605F13003C8
:1011300053E8001F013143E80012002AF8D1BFF341
:101140005B8F2069FFF7E7FF95F8343023B920461D
:10115000BDE83840FCF714B838BD10B50269BFF3DC
:101160005B8F044602F1300353E8001F013943E866
:1011700000100028F8D1BFF35B8F92F834302BB900
:1011800009B9F5F70DFA2046FCF709F82069BDE822
:101190001040F8F75FBA10B50C4600F0E7FE0023E8
:1011A000C4E90003184610BD38B505460C4600F0EA
:1011B000DDFE002D07DBA84205D9401B84428CBF11
:1011C0000020012038BD0020FCE770B50D46284600
:1011D000194616461C46FFF7E7FF38B124B12246F0
:1011E0002946304602F0ABFE002070BD6FF01500BE
:1011F000FBE743685B68D3F810350B60002070474D
:1012000043685B6802EA010021EA0201C3F80805AD
:10121000C3F80C150020704743685B680020C3F8D2
:101220000815704743685B680020C3F80C157047C9
:1012300043685A68D2F8043521EA03000B40C2F82B
:101240000805C2F80C350020704710B503695868CE
:10125000F8B1884219D19C6808685860A14200D151
:101260009860002008602AB15A680A609A6859603C
:1012700002B99960002010E0814206D10868206020
:1012800098688142EDD19C60EBE704460068002835
:10129000F2D1002AE8D16FF0150010BD13B54FF060
:1012A00080520829136E526E28BF082112BA00928C
:1012B0001BBA0C460A466946019302F040FE2046DE
:1012C00002B010BD70B50B680546006898420C4628
:1012D0000AD041F8040B066983685B68984740B9F7
:1012E00063683268534063602B796068D84000F0CF
:1012F000010070BD70B403460C46DA8800681979A5
:101300002243056986682B6801248C4012F0010F86
:1013100014BF2343A3432B60336870BC18470346B4
:101320000A4600681979012303FA01F103691B6871
:10133000194218BF82F0010212B18368DB681847B6
:1013400083681B69FBE7036911B1D960002070470E
:101350006FF015007047F8B505460E4600240C27BF
:101360006B68A34201D80020F8BD2868314607FB0E
:101370000400FFF7D4FF0028F6D10134F0E72DE98F
:10138000F04F0669446885B005464FF000094FF0FC
:101390000C0B63684B4537D84FF00009C8462369EA
:1013A0009945C0F093802869B8F1000F00F096804D
:1013B0006B689A69D0E91231D31841EBE271C0E948
:1013C0001231C90341EA534140F2E732DB0300F135
:1013D0001004981841F10001B0F57A7F71F1000313
:1013E00077D34FF47A720023D5F78AFE6FF00102AB
:1013F000121A4FF0FF3363EB01032046F8F7E0FBCE
:10140000002005B0BDE8F08F27680BFB09770121AC
:101410003846FFF784FF0028F3D1CDE9020004F13C
:10142000080382460193B368534508D80021384623
:10143000FFF775FF0028E4D109F10109A9E77068F9
:1014400094F820C0BA6821690BFB0A008368BCF1DC
:10145000000F13D101FB032802A9FFF733FF002877
:10146000CFDB306D019BA26914BF0121002100EB8D
:10147000480002F009F80AF1010AD4E701FB02383A
:10148000EAE7326D0AFB039302EB430B584602F086
:1014900033F840B1584602F02BF8F768034652463D
:1014A00049462846B847B8F1000F0DD1584602F01A
:1014B00017F800F001080AF1010AD4E90432524594
:1014C000DFD809F101096AE70120F2E74FF0000ACD
:1014D000F3E76FF001024FF0FF338EE74FF09861B2
:1014E000F2F7F0FA00288BD168680121FFF733FF8B
:1014F00086E750F8100CFFF742BF10B54FF400110B
:1015000004460069F2F7DEFA014620B96068BDE8DA
:101510001040FFF720BF10BD10B504460069103021
:1015200002F0C2FA2046BDE81040FFF7E6BF10B552
:1015300051F8043C1C692068FFF7DFFF02F033FC20
:101540004FF47A72A0FB020302FB0131C00B40EAA8
:101550004140C90BC4E91201002204F1100000232C
:10156000BDE81040F8F72CBB70B50446066902F0E0
:101570001AFC4FF47A75A0FB053205FB0121DB0B49
:1015800043EA4143C90BC6E912312046BDE8704029
:10159000FFF7F5BE30B543681360057A446804EB85
:1015A000C504A34202D36FF0010030BD5C798C42C8
:1015B00001D00833F0E70020F7E743685868704728
:1015C0004FF0FF324FF0FF33F7F74ABFF7F7C0BFD6
:1015D0002DE9F041D0F80480044600691F460E460C
:1015E0001546FFF7EDFFD8F800103A46314428467B
:1015F00002F0A5FC2069FFF7E9FF0020BDE8F081BB
:101600002DE9F041D0F80480044600691F460D46DC
:101610001646FFF7D5FFD8F800003A463146284471
:1016200002F08DFC2069FFF7D1FF0020BDE8F081BA
:1016300038B5456804460069FFF7C2FF6A68286844
:10164000002102F0A4FC2069FFF7C0FF002038BD94
:1016500008B5006902F063F8002008BD00220121EE
:101660002320DAF76DBA10B50B6813B9136018466A
:1016700005E003685C681CB114600368186810BD5D
:10168000083303600B68013B0B60EDE713B501AA5B
:101690000446FFF77FFF002805DB019B22681979CC
:1016A0001868F2F7DDFA02B010BD70B50C46066995
:1016B000456839B101290FD10021286ABDE8704081
:1016C000FFF7E4BF96F86D3023B12846F5F71CF913
:1016D00086F86D400121F0E76FF0850070BD03468C
:1016E0000A4600681979012303FA01F103691B68AE
:1016F000194218BF82F0010212B18368DB681847F3
:1017000083681B69FBE710B5036804464BB19A6810
:101710003AB1186901F0F4FE206800210830FFF7A3
:10172000DEFFA36933B9636004F11000BDE8104027
:10173000F7F790BF10BD10B5006903688B4206D162
:1017400090F86C4034B9FFF7DEFF204610BD6FF013
:101750001500FBE76FF00F00F8E72DE9F041446852
:101760000569206A0021FFF791FF00281DDB616AEF
:10177000481C11D1E3699847AC6801260834D5E9C3
:10178000023203EBC203A4F1080293420FD82846A9
:10179000FFF7B9FF002008E004F12800F2F7A8FDE8
:1017A00010F1130F01D0411DE4D1BDE8F08154F8D0
:1017B000080C01F0AAFE28B354F8080C14F8041C15
:1017C00034F8023CD0F810C0D0F80880DCF8007083
:1017D000DA0754BF43F4B01383F4D01323F4801218
:1017E00006FA01FEDB074CBF4EEA070727EA0E07A1
:1017F000CCF80070D8F800309847002804F10804AD
:10180000BDDAD2E76FF01200CFE738B503780C46A7
:1018100063B98D6E5DB94B6E1C696FF07303236401
:1018200004F12800F7F716FF84F86C5038BD8B6D73
:1018300093B19D4210D85B1B8B6543BB4B6C083347
:101840004B648B6C013B8B6401F1580204F1440042
:101850004831FFF708FF6065236E9BB19D4211D8A8
:101860005B1B2366CBB9E36C0833E364236D013B58
:10187000236504F1600204F1500104F14C00FFF70C
:10188000F2FEE065606EBDE83840F2F735BB4B6DA7
:10189000002BE1D02B444B65DEE7E36D002BF1D04C
:1018A0002B44E365EEE7F8B50C46054600F05BFB1C
:1018B0000022214606462846F4F74CF9032120462B
:1018C000F2F7F6FC00F026F907462B689B5953B156
:1018D00000262146284600F044FB20460121F2F76D
:1018E000E7FC3046F8BD00F015F9C01B0628ECD91E
:1018F0006FF07306EDE7002201210320DAF720B92B
:1019000010B50B6813B91360184605E003685C68EE
:101910001CB114600368186810BD083303600B68BD
:10192000013B0B60EDE713B501AA0446FFF732FE59
:10193000002805DB019B226819791868F2F790F9F5
:1019400002B010BD012970B50C4606D14368586B32
:101950000021FFF7E8FF002070BD61B90669456806
:1019600096F86D3023B12846F5F778FA86F86D4081
:10197000686B0121EDE76FF08500EDE703460A464D
:1019800000681979012303FA01F103691B68194200
:1019900018BF82F0010212B18368DB6818478368C0
:1019A0001B69FBE710B504460068D0B18368C3B17A
:1019B00049B101210830FFF7E1FF23681869BDE84C
:1019C000104001F09DBD12B98388DB0409D4006981
:1019D00001F096FD20680021BDE810400830FFF7B7
:1019E000CDBF10BD10B5012200210446FFF7DAFF7C
:1019F000A36933B9636004F11000BDE81040F7F744
:101A000029BE10BD10B5006903688B4206D190F85D
:101A10006C4034B9FFF7E6FF204610BD6FF01500AB
:101A2000FBE76FF00F00F8E738B505690446296455
:101A300005F12800F7F70EFE002285F86C202069DA
:101A40001146BDE83840FFF7ADBF38B50278034610
:101A5000002A52D10C69A26E32B9606E6FF0730128
:101A6000BDE83840FFF7E0BFE06D40B1216E31B115
:101A7000DB6823B1834202D0616F02F060FAA36D8C
:101A8000A56E9BB19D4211D85B1BA3654BBB636CDC
:101A900008336364A36C013BA36404F1580204F1AE
:101AA000480104F14400FFF72BFF6065236E9BB1F2
:101AB0009D4211D85B1B2366CBB9E36C0833E3640A
:101AC000236D013B236504F1600204F1500104F130
:101AD0004C00FFF715FFE065606EBDE83840F2F797
:101AE00097BC636D002BE1D02B446365DEE7E36DAB
:101AF000002BF1D02B44E365EEE738BD00F1500335
:101B00009B009BB203F1804303F5883300221A60E7
:101B10001B68704708B5F2F7FBFE08BD10B58CB026
:101B200002AC8DF807100DF1070102910121CDE9FA
:101B300004410024CDE90841CDE90A23039108AB13
:101B400001460693022351F8040B0793836804AA05
:101B50001C6806ABA0470CB010BD30B4034600298A
:101B60008069197F0CBF4FF400124FF098628368B0
:101B700005699C698CB1130208D52A6801238B4042
:101B800013420CBF4FF098624FF0307202F0C06306
:101B9000A44602F4C00230BC604730BC704710B5A8
:101BA00051F8083C0C4658680021FFF7D6FF04F1B5
:101BB0000C00BDE81040F7F761BF13B501230446E0
:101BC0000DF1060240682D21FFF7A8FFA8B99DF886
:101BD000063003F00F030F2B11D1012301460DF145
:101BE000070260688DF80730FFF798FF28B99DF865
:101BF00007303E2B18BF6FF0040002B010BD6FF02D
:101C00001500FAE710B586B001AB61F07F010293D1
:101C100002238DF804100393014602AB04930123C1
:101C200051F8040B8DF805200593836804AA1C68FD
:101C30000023A04706B010BD70B504460D461646F9
:101C40004121BA224068FFF7DDFF00210A2002F09F
:101C500031F8294660683246FFF7D4FF054620B9BF
:101C60006068B5224121FFF7CDFF284670BD10B452
:101C700040F6EC13A2F10A049C4207D80A235DF84F
:101C8000044BB2FBF3F2D2B2FFF7D6BF6FF01500F0
:101C90005DF8044B704773B5466896F828300446E3
:101CA0000D4613B9002002B070BD01230DF10702EB
:101CB00011213046FFF732FF0028F4D196F8292091
:101CC0009DF807306AB903F00F020DB142F0F0023F
:101CD0009A42E7D011212046FFF7AEFF0028E1D05D
:101CE000E1E70D22F1E700222D21FFF7A5BF13B593
:101CF00040291C46036935D193F85C30002B2ED067
:101D00004168062A2ED8DFE802F00410171A1D24B5
:101D1000270091F8233091F8222091F824100091A7
:101D20002168F3F7F3F802B010BD22681B2102B05E
:101D3000BDE81040F2F7DEBF22681D21F7E72268F8
:101D40001F21F4E722681C2102B0BDE81040FFF714
:101D50008EBF22681E21F7E722682021F4E76FF08A
:101D60000F00E0E76FF08500DDE77FB546680446C9
:101D70000225294601356068012303AAEDB2FFF769
:101D8000CDFE062D03D00028F3D004B070BD00288E
:101D9000FBD101212046FFF77EFF0028F5D196F800
:101DA000240096F8233096F82220318C00902046AB
:101DB000F3F7ACF80028E8D180221B212046F2F787
:101DC00099FF0028E1D141F288321D212046F2F727
:101DD00091FF0028D9D144F268221F212046F2F752
:101DE00089FF0028D1D104221C212046FFF724FFBF
:101DF0000028CAD10A221E212046FFF71DFF002815
:101E0000C3D132222021204604B0BDE87040FFF744
:101E100013BF08B55A223A214068FFF7F3FE00EAE3
:101E2000E07008BD004701F06BBB0001090400F140
:101E3000804012B1C0F804197047C0F80819704703
:101E4000F3F7BCBAF7B5019001A8DDE908471646DB
:101E50001D46F3F7C5FB019BB6F1000C18BF4FF010
:101E6000010C00EB83000B1E18BF0123002D43EA79
:101E70004C0314BF4FF00C0C4FF0000C002C43EA45
:101E80000C0314BF4FF4E06C4FF0000C002F43EA3A
:101E90000C03D0F8002714BF4FF4403C4FF0000C67
:101EA00043EA0C0322EA030301B109780EB1367844
:101EB000760019430DB12D78AD0031430CB1247873
:101EC000240229430FB13F783F040C433C43C0F840
:101ED000004703B0F0BD1FB50DF10F0301930023C0
:101EE0008DF80F1000931A461946FFF7ABFF05B0A7
:101EF0005DF804FB08B50146F3F7C4FB40B10846A2
:101F0000F3F7A8FB00B2800000F5807080B208BD36
:101F10004FF4BE70FBE738B5054608460C46F3F7AC
:101F2000B1FBB0B10846F3F7A1FB90B90846F3F74F
:101F300091FB2A6801238340C2F808332A6803B260
:101F400002EB8303D3F8102522F00302C3F8102517
:101F500038BD20460021BDE83840FFF7BCBFF3F78D
:101F600017BCFFF7D8BF0846FFF7C4BF4FF0805338
:101F70001A695869504370474FF080531869704789
:101F80004FF080535869704700F180431A68002A67
:101F90001FBF00221A601B68012008BF0020704785
:101FA0004FF080434FF46072C3F8042370474FF042
:101FB00080434FF46072C3F80823704708B5F3F705
:101FC00089FFBDE80840F3F7D7BA0021F4F79EB8BF
:101FD0000223F4F713B80323F4F710B8002102200A
:101FE000F4F7FABA07B5019001A8F4F78DFB019A4E
:101FF00001239340C0F8083503B05DF804FB07B532
:10200000019001A8F4F780FB019A01239340C0F8E6
:102010000C3503B05DF804FB37B5D0F818358A6984
:10202000DBB28DF807300B6A93423EBF4A699DF8D8
:102030000740D4540B6A91F824500C695A1C0A6268
:10204000023335B1A3428C6938BF0B619C4288BF13
:102050008B610D699D4205D9CA68D35CC0F81C35F7
:1020600001200AE08C699C4201D9CB7FF6E7AA42A5
:10207000F6D3A2422CBF0020012003B030BD70B5C2
:10208000A2F58074A408012606FA04F4054614EAB1
:10209000010008D0A85830B10021A950AA581A68E8
:1020A00022431A60304670BD2DE9F34100230446F7
:1020B0000D460193904601AB4FF4A672FFF7DFFF88
:1020C0004FF4827229462046FFF7D9FF4FF48C72F5
:1020D000074629462046FFF7D2FF064630B1B8F141
:1020E000000F1DD017B1D4F83C353E4601AB4FF47C
:1020F000887229462046FFF7C2FF30B1B8F1000FC1
:1021000003D016B90FB1D4F83C3501AB4FF490723F
:1021100029462046FFF7B3FF019802B0BDE8F081E1
:102120004646E3E707B5019001A8F4F7C3FC019A1E
:1021300001239340C0F8083503B05DF804FB07B5F0
:10214000019001A8F4F7B6FC019A01239340C0F86E
:102150000C3503B05DF804FB4FF48C72002101F0E4
:1021600016BF18B14FF48C71F5F7CCBF704710B49F
:102170000C46012C11461A4608D81CB95DF8044BD0
:10218000F5F794BA5DF8044BF5F7D2B86FF020007C
:102190005DF8044B70472DE9FF4701291E46804634
:1021A000DDE90C34154658D882B32A0758D10029E6
:1021B00049D10DF110091D44EC461A4603F1100AED
:1021C000674610685168E646AEE80300083252459B
:1021D000F446F6D1224619464046F5F767FAB0B9FB
:1021E000335822585340235004301028F8D1324637
:1021F0003B4603CB4B45106051601F4602F108027D
:10220000F6D1AA45534604F11004D5D1002004B0FC
:10221000BDE8F087C25851F803C082EA0C02E250D0
:102220000433102BF6D1224621464046F5F780F8BC
:102230000028ECD1103D04F11003214606D01C46C5
:102240000023781BE6E731465F19F9E754F8042BC1
:1022500046F8042B9C42F9D1D8E76FF02000D6E76E
:102260006FF02100D3E710B50446FFF77AFF204650
:10227000BDE81040F5F758BF10B54FF48C71012040
:10228000F5F74CFF044608B1FFF766FF204610BD86
:10229000F4F7CABFF4F7FCBEFFF77DBFFFF767BFD7
:1022A0004822002101F073BE10B5044608B1F5F7CD
:1022B00029FF2046BDE81040F5F736BF08B5F6F710
:1022C00077FA002818BF6FF0040008BD38B508463B
:1022D00014461D461146DAF725F808B92C6038BDBA
:1022E0006FF08300FBE730B587B01D460DF1170393
:1022F00003920024009303AA0DF116038DF81740F2
:10230000F5F718FF50B99DF8170005B128709DF832
:1023100016200399F5F788FB07B030BD2046FBE790
:1023200000230B606FF0860070472DE9F347476884
:102330003F0ADDE90A9A04460D461646984611D131
:10234000CDE9009A00F018FE10F1860F0CD143463B
:10235000324629462046CDE90A9A02B0BDE8F04748
:1023600000F094BA6FF0860002B0BDE8F087009BE1
:10237000F5F742BF009BF5F73FBF38B51C46036831
:10238000154623B1F5F7FCFE00B9256038BD6FF0A6
:102390008800FBE72DE9F04194B004460D461E4647
:1023A0004C22002101A8DDF86C801D9F01F0EFFD9B
:1023B000214633462A4601A8F5F71EFF044648B9D0
:1023C000B8F1000F0DD11C993A4601A8F5F7D8FED7
:1023D000044678B101A8F5F7F5FE204614B0BDE833
:1023E000F0811A99424601A8F5F746FF04460028F5
:1023F000E9D0EFE71E9B1F60ECE700F4E040B0F58A
:10240000805F04D0A0F50053584258417047012026
:1024100070473AB1002918BF0023D21A212118446D
:1024200001F0B5BD704738B513464FF480420D46F4
:10243000F6F7ACF8044640B9286843681B0A04D094
:1024400000F049FD2C606FF08504204638BD2DE971
:10245000F04F89B09B4600238DF81B30159BDDF8AB
:102460005080002B91460B460E460CBF4FF4006285
:102470004FF4806207A9DDE912A7F6F787F8044652
:1024800008BB079D0DF11B0229883046F6F7ECF8D2
:102490000446C0B99DF81B30BB4226D868686A6EF6
:1024A000000A05F1200123D1CDE90338CDE901BAB5
:1024B000CDF8009033462846FFF76CFF10F1860FE9
:1024C000044600D008B1C8F80070D8F800303A4689
:1024D00021465046FFF79DFF079800F0FCFC002CBA
:1024E00018BF204609B0BDE8F08F6FF08904EAE715
:1024F0006FF08604E7E72DE9F34100231360466897
:10250000D0F8148004460F463046114600F0E5FC32
:10251000054688B9304600F0E2FC054660B9F6B2DF
:1025200076B9B8F1000F05D1A06820F47F4020F003
:10253000030060B16FF08605284602B0BDE8F08167
:102540000146606900F0A1FC0028EDD1F2E7628845
:102550004FF6F8739A4219D894F80480B8F1000F36
:1025600000D101A83946F6F7B9F905460028E3D1AC
:102570000FCC3F683E460FC694E8030086E8030090
:10258000B8F1000FD8D1019B7B61D5E76FF08505CD
:10259000D2E7434213F07F0306D0722B24D0712B75
:1025A00058DD6FF08300704710F1720F1CD010F1EE
:1025B000710F1CDA10F5C44F3DD00BDC10F5C64F7F
:1025C0003CD010F5C54F42D010F5C74FE9D16FF0A0
:1025D0009600704710F5C34F33D0E2DB10F5C24FC1
:1025E00035D010F5C14FDCD16FF08500704710F188
:1025F0003B0F11DA10F13D0F26DA10F16E0FE6D025
:1026000010F1400F20D010F1700F08BF6FF0920052
:1026100018BF6FF083007047002820D0C1DC10F194
:10262000210F14D010F1200FDED010F1220F08BFBF
:102630006FF08500ECE76FF0950070476FF0940045
:1026400070476FF08C0070476FF0930070476FF029
:10265000860070473B2BC3F10000CBDCDFE77047FF
:1026600041F2052398421AD8B0F5905F09D241F2A1
:10267000010398420CD0B0F5885F09D06FF0850057
:102680007047A0F5905080B22923C340DB07F5D5F1
:1026900011F0070F0CBF00206FF086007047B0F5F7
:1026A000105FEBD121F04003802B06D0B1F5807F85
:1026B0000CBF00206FF08600704700207047F8B50F
:1026C00004460F4600881E46154692B1FFF795FE58
:1026D00078B1089BD10019602088FFF7C1FF04463C
:1026E00028B93946304601F02AFC079B1D60204678
:1026F000F8BD6FF08504FAE72DE9F04F476885B023
:102700003F0ADDE90E9ADDF840B004460D46164654
:10271000984615D1CDE901ABCDF8009000F0E6FB6D
:1027200010F1860F0ED14346324629462046CDE9A8
:102730000FABCDF8389005B0BDE8F04FFFF7BFBF45
:102740006FF0860005B0BDE8F08F10B5436E04460B
:102750001BB141212030F5F7D5FC0020606610BD8B
:1027600038B50546FFF7F1FF2B7E012B04460ED04E
:10277000023B012B0ED8EB69012B18BF6FF09604BA
:1027800068220021284601F002FC204638BDEB6992
:10279000002BF2E76FF09604F2E713B50446A0B100
:1027A00001A9F6F7E3F8044678B90198037E022BF5
:1027B0000ED1032303760379FF2B08BF6FF0840447
:1027C00000F074FB002818BF0446204602B010BD7C
:1027D0006FF09604F4E770B514460288049E104624
:1027E0001D46FFF70AFE68B922F4405044F2010387
:1027F000984207D002F44F42B2F5824F02D0B2F5B0
:10280000844F0ED1B4420FD82246284601F097FBE0
:10281000321B0021281901F0BAFB059B00201C6027
:1028200070BD6FF08500FBE76FF08900F8E72DE9D8
:10283000FF4188461F4616462AB300233B6001220B
:1028400003A9F5F7A3FE044658B9039D6B686A6EA9
:102850001B0A05F1200108D0284600F03CFB6FF070
:102860008604204604B0BDE8F0814346CDE9006708
:102870002846FFF7B0FF0446284600F02CFB002C4A
:1028800008BF0446EDE76FF08904EAE770B5144627
:102890000288049D02F4E040B0F5804F1CD122F480
:1028A000405644F20100864207D002F44F42B2F58E
:1028B000824F02D0B2F5844F0ED1AC420FD81846E9
:1028C000224601F03CFB2A1B0021204401F05FFB63
:1028D000059B00201C6070BD6FF08500FBE76FF06A
:1028E0008900F8E7F0B50F4685B01E46154612B3CD
:1028F000002333601A4603A9F5F748FE044638B9A9
:10290000039803885B0406D400F0E5FA6FF08604B0
:10291000204605B0F0BDCDE900563B46426E00F1C1
:102920002001FFF702FD0446039800F0D4FA002CC2
:1029300008BF0446ECE76FF08904E9E72DE9F041B0
:102940001F4688B00023CDE90533064688463B6024
:102950001546002A57D0B2F1005F57D206AA05A942
:10296000FFF7C9FD044638B9059A536E83B97368F9
:102970001B0A07D06FF08604059800283FD0FFF7A8
:10298000EFFE3CE0412D02D96FF08504F4E7556677
:102990005388079307AB029302F164030193536ECC
:1029A0000093414602F1200330462A46FFF7A4FE79
:1029B00004460028E0D10599079B4A88D2B94B808C
:1029C0000799059A4FF6F8739942DDD8338813B109
:1029D00011889942CED1738813B151889942C9D1D7
:1029E00053693B60137E012B07D000233B606FF0DF
:1029F0009604C1E79A42BDD1E2E70223137620464E
:102A000008B0BDE8F0816FF08604F8E76FF0850448
:102A1000F5E710B50446006868B101280CD104F14F
:102A20000800F5F7CFFB00232360A38823F4FF738E
:102A300023F00103A38010BD6FF08600F3E72DE9BA
:102A4000FF4105469846002303932B680846174626
:102A5000002B3CD1B8F1000F134603A914BF4FF46B
:102A600080624FF40062F5F791FD044688BB039E37
:102A70002A1D31883846F5F7F7FD044648BB6B79C7
:102A800068F300036B71736E716806F12002B8F190
:102A9000000F13D0090A23D10097314605F1080031
:102AA000FFF765FC0446A0B9012303982B6000F0F2
:102AB00012FA0446204604B0BDE8F081090A0FD19D
:102AC0000097314605F10800FFF754FCEAE76FF084
:102AD00088042846FFF79DFF039800F0FCF9E9E71A
:102AE0006FF08604F5E70123FFF7A9BF38B5054667
:102AF000006898B112B90024204638BD01280AD1D7
:102B000005F10800F5F7B8FB04460028F3D0284685
:102B1000FFF77FFFF0E76FF08604F8E76FF08804B7
:102B2000EAE72DE9F041054600680E46174698464B
:102B3000C8B16A79D20716D52A79A2B1BA4215D896
:102B4000012816D105F10800FFF717FC044698B1DB
:102B50000023C8F800702B71A6B92846FFF759FF6B
:102B60002046BDE8F0816FF08804F1E76FF089043A
:102B7000EEE76FF08604EBE726B92846BDE8F041A2
:102B8000FFF747BF2146D8F800303A463046FFF7F6
:102B900040FC2846FFF73DFF002C08BF0446DFE756
:102BA0001FB501240394089C0294079C0194069C81
:102BB0000094FFF74CFC04B010BD036819430CBF30
:102BC0000120002070472DE9F04786B007469A465D
:102BD0000023059307F0FE43B3F1106FDDE90E58B3
:102BE000109E084691460BD0002D46D135602846F0
:102BF00000F071F96FF08604204606B0BDE8F0875A
:102C00003A4605A9FFF70FFC044628B175BB3560AD
:102C1000059800F060F9EFE705990B8823F0FF03B2
:102C2000B3F5E24F02D0B3F5E44F0CD14B88073334
:102C3000B8EBD30F07D21DBB3560084600F04BF947
:102C40006FF08904D8E7CDE90186009553464A46DE
:102C50003846F5F75FFC04463DB90598356000F04D
:102C60003AF9002C08BF0446C6E760B14146284641
:102C7000F5F732FCC6F80080CAE76FF08604F5E786
:102C80006FF08904F2E7059800F025F90446B3E7F0
:102C9000F5F722BC08B50088DDE90221FFF7ADFB9E
:102CA00020B1BDE808401046F5F716BC6FF085006E
:102CB00008BD2DE9F04F8BB01F46DDF85080002392
:102CC000C8F80030CDE90733438805460E469146E3
:102CD000002B00F0D380038803F4E043B3F5804F6A
:102CE00000F0CC8039463046FFF767FF002800F03F
:102CF000C58008AA07A92846FFF7FDFB044628BBA4
:102D0000079A6B68526E002A3DD11A0A40F08980FA
:102D1000B5F800A069885046FFF76FFB78B15046C0
:102D2000FFF79EFC044688B90AF4E043B3F5805FE0
:102D300002D0B3F5005F10D10731CA081DE02AF0B8
:102D4000FF03B3F5E24F5FD06FF0850407980028CA
:102D500000F09080FFF704FD8CE00AF44F43B3F5D8
:102D6000844FE9D047F201039A4531D14908013136
:102D7000C90801EBC10101F13B020992099B079AC5
:102D8000412BE1D85366079B9A4603F1200B6B68F1
:102D90005AF8642F1B0A65D12B88590449D4CDE910
:102DA000012ACDF800B03B464A4631462846FFF797
:102DB00071FF0446079B002C56D15A69C8F80020C1
:102DC0001A7E012A54D0C8F800406FF09604BDE77F
:102DD00044F201039A4503D1C90801F11002CCE77E
:102DE00047F202039A4505D1C90801EB410101F1FF
:102DF0005A02C2E744F202039A4505D1C90801EB21
:102E0000410101F14A02B8E72AF0FF00B0F5E24FB4
:102E100092D0B0F5824F01BFCC1DE4086400621C63
:102E2000ABE709A92846FFF77BFA04460028A5D09E
:102E30008CE703F44F41B1F5824FB0D147F2121144
:102E40008B42ACD16B88B3F5807FA8D153465946ED
:102E50002846059200F0B7F810F1860F059A04464F
:102E6000A8D19CE76FF086040798FFF76EFC6DE72A
:102E700002221A7620460BB0BDE8F08F6FF0860470
:102E8000F8E71822002101F082B803466FF04042B3
:102E90000846591E914207D338B103F1404393428B
:102EA0008CBF00200120704701207047034668B1A5
:102EB000017E8A1E012A0BD80329C26903D1012A87
:102EC00001D1FFF74DBC1AB1013ADA610020704719
:102ED0006FF096007047FFF7E9BF00207047C0B25F
:102EE000002814BF6FF0850000207047F8B5089FD8
:102EF0001E463B680D46144663B1B3F5807F38D15A
:102F0000038844F21212934223D1412C09D06FF06E
:102F10008600F8BD038844F2121293420FD1412C6F
:102F200027D1681C00F04AFA0028F0D14FF48073D2
:102F30003B60069B9C4213D96FF08900E9E747F29A
:102F40001212934215D1202C13D1284600F044FAD6
:102F5000EAE747F2121293420BD1202CD7D1F4E7C3
:102F600022462946304600F0EAFF079B00201C60FD
:102F7000CFE76FF08500CCE770B504461846268889
:102F80006488B4F5807FDDE9043513D147F212146B
:102F9000A6420FD1202A10D1402B11D9042300F8CA
:102FA000013BF5F70DFF08B941232B60BDE87040E8
:102FB000F5F7F2BC6FF0850070BD6FF08600FBE79F
:102FC0006FF08900F8E730B5202A91B00846144622
:102FD0001D4609D16946F5F7A5FE00B92C6011B070
:102FE000BDE83040F5F7D8BC6FF0890011B030BDB6
:102FF00070B51446202CDDE90426DDE90603089DA2
:103000000CD1412E0AD11F2B0BD90132F5F7ACFEA2
:1030100000B92C60BDE87040F5F7BEBC6FF08600CB
:1030200070BD6FF08900FBE740F8041B1C220021F3
:1030300000F0ADBFF0B5002405462646204652F804
:10304000247051F82430DB1946EB06071B1845F8AD
:10305000243004F1010447F10000082CEFD1F0BD49
:10306000002370B50646184652F8235051F8234005
:10307000641B65EB0505241A46F8234003F10103A0
:1030800065F10005082BC5F10000EDD170BD70B5EC
:1030900004395642041F013A1C3054F8043F51F8D9
:1030A000045F134035402B4384422360F5D170BD4B
:1030B000002330B50446184654F8232051F8235015
:1030C00001336A40082B40EA0200F5D130BD70B5EB
:1030D00004460568166800200346E1FB6653256038
:1030E00056686568E1FB665365609668A568E1FB14
:1030F0006653A560D668E568E1FB6653E56016692E
:103100002569E1FB6653256156696569E1FB6653F4
:1031100065619669A569E1FB6653A561D569E269B8
:10312000E1FB6523E261226A9B182362404170BD86
:1031300010B50438A1F120024B7F0C7F1B0443EA39
:103140000463CC7F23438C7F043943EA04238A42FF
:1031500040F8043FF0D110BD0B1F1C3153F8042F71
:10316000120E02775A8842771A68120A82771A6812
:10317000C2778B42A0F10400F0D1704770B588B0DF
:103180001E460446FFF756FF32460546214668466E
:10319000FFF766FFC0F101022A4369462046FFF7A8
:1031A00076FF08B070BD2DE9F04F8BB00E46074694
:1031B00091460021242201A8D3F840A0984600F0AF
:1031C000E6FEA6F1040B1C36D9F800305BF8041FAC
:1031D000019D4A4601A803FB0155FFF778FF0AFB52
:1031E00005F504464246294601A8FFF770FF01AAEB
:1031F00004440823516842F8041B013BFAD15E45A0
:103200000994E1D1424601A93846FFF729FFC0F1F0
:1032100001022243C2F101023846FFF738FF0BB02A
:10322000BDE8F08F0B4601F120020146FFF7BBBF5E
:1032300030B589B004460D4668460121FFF7F4FE1B
:103240002B466A4621462046FFF7ADFF09B030BD48
:1032500038B504461546FFF7E7FE29462046BDE887
:103260003840FFF7DFBF2DE9F04389B0144606462A
:1032700001226846FFF70BFF224601213046FFF787
:10328000E7FF25682746023D04F11C094FF020089E
:10329000EB0705D523466A4631463046FFF783FFE4
:1032A00023466A4669466846FFF77DFFB8F1010884
:1032B0004FEA5505ECD14F4502D057F8045FE5E7DA
:1032C00009B0BDE8F08330B589B0044615466846BC
:1032D0000122FFF7DCFE29466846FFF7A9FF694691
:1032E0002046FFF739FF09B030BDF0B599B004466C
:1032F0000D461646114668461F46F5F759FB3246FD
:10330000694608A8F5F754FB3A4669466846F5F75A
:103310004FFB08A91E9A0846F5F74AFB2246694664
:103320006846F5F78DFB08A92A460846F5F788FB9D
:103330006A4631463046F5F73BFB6A46694610A8B7
:10334000F5F736FB6A4610A96846F5F731FB10A978
:1033500022460846F5F72CFB08AA11462046F5F749
:1033600027FB10AA21462046F5F76AFB10AA214642
:103370002046F5F765FB6A4621462046F5F760FBD7
:1033800010A922460846F5F75BFB10A908AA0846D3
:10339000F5F70EFB2A4669466846F5F709FB6A46CB
:1033A00010A92846F5F74CFB19B0F0BD08B5FFF79A
:1033B0006FFC003818BF0120404208BD00B591B035
:1033C000024608A96846F5F74FFB002818BF6FF0C2
:1033D000010011B05DF804FB10B588B001466846E5
:1033E000F5F70EFB202104466846F4F78BFE002C0F
:1033F0000CBF20466FF0020008B010BD2B2904D08E
:10340000302912D06FF0850070474FF47A714388ED
:10341000B3FBF1F313604388B3FBF1F001FB10330E
:103420009BB24B4353600020704703791360002325
:10343000F8E741F2670398420ADC40F67A53984273
:1034400008DD0F234000B0FBF3F03530C0B2704709
:10345000642070470020704703460A4600681979C7
:10346000012303FA01F103691B68194218BF82F0B6
:10347000010212B18368DB68184783681B69FBE7A8
:1034800000692030FFF7BABF70B504786FF34104CC
:10349000047004F0010504888D42C4F38D0609D13F
:1034A000B24203DD6FF38F04048070BDB61A66F379
:1034B0008F04F9E7D3E9001314F0010F18BF194680
:1034C0008E4208D21644B6F5804FF0D343F6FF7310
:1034D00063F38F04E8E785F0010444F00204E3E7B6
:1034E000008820F0020080B2003818BF0120704729
:1034F000007800F0010070470078C0F3400070478A
:1035000008B1D8F7F9BE7047704740B1C368587822
:1035100010F001001EBF1878B0FA80F04009704723
:10352000EFF31183202383F31288BFF36F8FFEE73D
:1035300008B5FFF7F5FF10B5D0E9003433B9002026
:10354000E268537843F00103537010BD204698475A
:103550000028F4D00028B8BF4042E368FF28A8BF85
:10356000FF201870ECE700F012BD00F0E8BC7047D7
:1035700010B400F10C04C0E903445DF8044BF9F702
:1035800077B82DE9F04F89B0DDE9126705463B4673
:10359000914606A83246059100F007FCDDE90634A5
:1035A00005F1140ACDE90234EFF311844FF020083D
:1035B00088F31288BFF36F8F05F10C0B05994A460B
:1035C0002846F8F7EDFF30B184F31188BFF36F8F11
:1035D00009B0BDE8F08F3E43F6D0DDE9022306A82E
:1035E00000F007FCDDE906675A46CDE90067214691
:1035F0005046F6F775FCEFF3118488F31288BFF399
:103600006F8FDBE738B50446EFF31185202383F392
:103610001288BFF36F8FF8F78BFF04F10C0000F0F6
:1036200035FB30B1294604F11400BDE83840F6F707
:10363000D3BC85F31188BFF36F8F38BD41698368B0
:1036400043EA010212F003020FD1C2600269013A9B
:1036500001FB023382689A4201D900207047C26898
:103660001A604269C3609B1AF4E76FF01500704757
:103670002DE9F04105460F46EFF31188202383F32F
:103680001288BFF36F8FC668F6B90468A0421BD0DA
:10369000D4B1D4E9003213605A60637BA66023F092
:1036A00002036373C4E9006604F1180000F056FBDE
:1036B0002046E667676100F08AFA414605F1080096
:1036C000BDE8F041F6F788BC3E60AB69EF60013BB6
:1036D000AB6188F31188BFF36F8FBDE8F08108B547
:1036E0002024EFF3118384F31288BFF36F8FF9F76F
:1036F0009EFFF6E7D0E9003213605A60427B002358
:1037000022F00202C0E9003342738360704790F9EF
:103710000E308B4201D0F6F70FBC002070470346F5
:103720000020C3E90200C3E900337047D0E900324A
:1037300013605A60427B002322F00202C0E900338A
:103740004273836070472DE9F843914604469DF823
:1037500020200D4600F10807EFF31186202181F3A8
:103760001288BFF36F8F02B14568D4F808804745CF
:1037700018D0B8F1000F15D04046FFF7D7FF08F179
:10378000180000F0EBFA0023C8F87C30C8F8149059
:10379000404600F01CFA38463146F6F71DFC002082
:1037A000BDE8F883ABB108210020F7F791F80028B5
:1037B00038D00122C0F804900260016801F00301D2
:1037C0005DB922680A430260626820606AB960607D
:1037D0000BE0C9F800304846EFE72A68032A16D8FC
:1037E0000160616869B9C4E90000042104F11000B6
:1037F00000F07FFB0028CED186F31188BFF36F8FD6
:10380000CEE70A6802F0030202430A60DFE722F013
:1038100003020A4302602A6802F0030240EA02033C
:103820002B60E2E76FF00B00E6E710B5044630B11D
:103830000268930703D0446809B100F079FB204681
:1038400010BD0023C0E9003300F10803C0E90233D2
:1038500000F11003C0E904337047F8B500F1080621
:10386000EFF31187202383F31288BFF36F8F8568EE
:10387000AE4200F1100417D0B5B12846FFF756FF4D
:1038800005F1180000F06AFA00232846EB676B6127
:1038900000F09DF90821204600F02BFB3946304608
:1038A000BDE8F840F6F798BB0821204600F021FB60
:1038B0000028F3D187F31188BFF36F8FF8BD07B5E8
:1038C0000123009300230A461946FFF73CFF03B08B
:1038D0005DF804FB07B500230A4600931946FFF77D
:1038E00032FF03B05DF804FB00680021FFF79DBFC5
:1038F0005AB18A4209D300F11003C0E90212C0E9AB
:103900000000C0E90433002070476FF015007047D5
:10391000026801238B4022EA0303036022FA01F0CC
:1039200000F001007047704710B5032104460C30C9
:10393000FFF7EEFF30B104F1100000F00FFAB0FA1B
:1039400080F0400910BD20B100221146D03000F0B7
:10395000CAB9704770B5C368C3F340069B070446F5
:1039600016D4856802210C30FFF7D2FF80B1D5F85C
:10397000C8206AB194421DD122689EB9D5F8CC30D6
:10398000C5F8C8209C4201D1C5F8CC200023236093
:10399000E36813F01F001EBF43F00203E36040F032
:1039A000020070BD3260D5F8CC20944208BFC5F843
:1039B000CC60EBE716461268DBE773B50446EFF31D
:1039C0001185202383F31288BFF36F8F0023A0F1AA
:1039D0001006032104380193FFF79AFF28B1A36969
:1039E000019301A93046F5F7B3FF85F31188BFF3C2
:1039F0006F8F02B070BD38B504460D46102200210D
:103A000000F0C5FA656038BD13B501900846EFF3C4
:103A10001184202383F31288BFF36F8F01A9F5F778
:103A200097FF84F31188BFF36F8F02B010BD10B5FC
:103A3000FFF7EAFF041E08DDEFF31180202383F374
:103A40001288BFF36F8FF6F7D9FA204610BD70B514
:103A50000D46EFF31186202383F31288BFF36F8F97
:103A6000F5F7D0FF044686F31188BFF36F8F38B1A6
:103A70004FF0FF324FF0FF3305F11000F5F724FE51
:103A8000204670BD08B5E822002100F080FA08BD8C
:103A900038B5302204460D46002100F078FA4FF484
:103AA00080736560E36038BD38B50446EFF3118577
:103AB000202383F31288BFF36F8FFFF735FF204673
:103AC000FFF748FF85F31188BFF36F8F38BDF8B556
:103AD00004460D46EFF31186202383F31288BFF3CB
:103AE0006F8FC36803F01F03002B14BF012700274B
:103AF00005D186F31188BFF36F8F3846F8BDFFF705
:103B000013FF2046FFF726FF29462046F5F702FF60
:103B100086F31188BFF36F8F0028EED04FF0FF328D
:103B20004FF0FF3305F10800F5F7CEFDE5E7D0E9EA
:103B3000003213605A60427B002322F00202C0E987
:103B40000033427383607047EFF30580003818BF7D
:103B5000012070476FF057007047D0E900321360C2
:103B60005A600023C0E90033704708B5FFF7F5FF3E
:103B7000437B23F0020343730023836008BD38B501
:103B800004460D46F6F73AF9637B43F0020363738C
:103B9000E5B1A5602B689D4209D16B68C4E900536B
:103BA0001C606C6012E06A689A42F6D01B68002BB9
:103BB000F3D094F90E2093F90E108A42F3D091427B
:103BC000F1DD5A68C4E9003214605C6038BD10B59C
:103BD000EFF31184202383F31288BFF36F8FF6F77E
:103BE000CBF884F31188BFF36F8F10BD08B5EFF3E6
:103BF0001181202282F31288BFF36F8F83680BB18B
:103C0000FFF7B3FF81F31188BFF36F8F08BD10B5C5
:103C10000146EFF31184202383F31288BFF36F8FE3
:103C2000437B13F0280F0AD183680BB1FFF79DFF88
:103C30004B7B23F004034B730846F6F79DF884F39F
:103C40001188BFF36F8F10BD01211838FFF7DFBF58
:103C500008B50346EFF31181202282F31288BFF3E7
:103C60006F8F0068834207D008B1FFF77EFF81F3B2
:103C70001188BFF36F8F08BD0020F8E710B5FFF77C
:103C8000B5FFBDE81040183000F068B838B50468DA
:103C90000546AC424FF0000000D138BD002CFCD0EE
:103CA0002046FFF7EBFF2046FFF791FF2C6801202D
:103CB000A542F1E738B50C460546F6F747FAB4F1E8
:103CC000FF3F08BFB5F1FF3F1FBF47F6FF7300225C
:103CD0004FF47A71C0FB01321ABFD80B40EA424060
:103CE0004FF0FF3038BD38B5EFF31185202383F353
:103CF0001288BFF36F8F0468A04212D09CB1E167B5
:103D000062612046FFF731FF04F1180000F026F849
:103D10002046F6F731F8012085F31188BFF36F8F45
:103D200038BD0020F8E72046F6E710B5F6F7EAFBC5
:103D30000446F6F7EFFB74B1D4E904321B1A62EBC8
:103D4000E072B3F1004F72F1000104DA002AACBF57
:103D50001846002010BD6FF00040FBE738B5024662
:103D6000EFF31185202383F31288BFF36F8F03686D
:103D700093B1F6F7C7FB04461046F6F7D5FB84422D
:103D800004D1FFF7D2FF0021F0F72EFF002085F3CA
:103D90001188BFF36F8F38BD6FF01500F7E708B5D6
:103DA000F6F7ACFC08BDF6F7A9BCB3F1FF3F08BFBE
:103DB000B2F1FF3F70B504461D46164613D01A43B4
:103DC00015D06FF00102921B4FF0FF3363EB05013A
:103DD000002904DAF6F792FC821941EB0501C4E9E7
:103DE0000021204670BD4FF0FF321146F7E7002258
:103DF000FBE7B3F1FF3F08BFB2F1FF3FF8B507465D
:103E000016461C4610D054EA020311D0F6F776FC91
:103E1000B0420A46A14103460AD2F31A64EB0204F7
:103E2000C7E900343846F8BD4FF0FF331C46F7E7CA
:103E30000023FBE710B50446FFF790FFA8B9636ABB
:103E40000BB12046984704F11800FFF701FF60B15D
:103E5000FFF7BDFEEFF31180202383F31288BFF339
:103E60006F8FBDE81040F6F7C9B810BD2DE9F041DD
:103E7000846805460E46D4B16378012B22D114F82C
:103E8000533C9A0711D5A4F160073846FFF7F6FEB8
:103E9000082E0CBF6FF003030023E36114F8533CBA
:103EA000DB0602D13846FFF792FE00232370EB6851
:103EB000C3F386321643002066F39433A860EB60A8
:103EC000BDE8F081022BF0D12378002BEDD054F81F
:103ED000048CB8F1000FE8D004F11400FFF73EFFA6
:103EE000A4F114070023E36239464046FFF78CFD36
:103EF000DBE738B5EFF31185202383F31288BFF396
:103F00006F8F0468A04211D0D4E9003213605A6068
:103F10000023C4E900332046FFF7A8FF85F311888A
:103F2000BFF36F8F201E18BF012038BD0024F5E7B6
:103F300020B1011F50F8040CFFF764BB70470A441E
:103F4000914200F1FF3300D1704710B511F8014BD9
:103F500003F8014F9142F9D110BD884210B501EB31
:103F6000020402D98442234607D8431EA14208D046
:103F700011F8012B03F8012FF8E7024401468A42A9
:103F800000D110BD13F8014D02F8014DF7E70244CE
:103F90000346934200D1704703F8011BF9E7022B57
:103FA00010B509D0920803680C6840F8044B013A38
:103FB00041F8043BF7D110BD02440C78037800F8B7
:103FC000014B904201F8013BF7D1F4E7F8B50F46F9
:103FD000164604461D4698470028314638460CDAF6
:103FE000A847002802DA3C462046F8BD3146204664
:103FF000A8470028F8DA3446F6E7A8470028F2DC9C
:1040000031462046A8470028F5DAEDE72DE9F04FC4
:1040100095B00646009340EA02039B07144618D168
:10402000B2F1040818BF4FF001080023019304FB0C
:1040300001F7F319062906EB040B029328D8029B1B
:104040009B4510D3019B002B40F0178115B0BDE8B4
:10405000F08F4FF00208E8E74346224639462846EB
:10406000FFF79DFF0FE05D460EE02F1B009B2946EA
:1040700038469847002809DDB8F1000FECD12B68CD
:104080003A682A603B603D46AE42EED3A344D6E791
:104090004FEA51093F1B072904FB0969374421D026
:1040A000282944D9CD086543009B06EB45027119C8
:1040B0003046FFF78BFF494609EB0502009B82461D
:1040C000481BFFF783FF3A46009B8146791BA7EB0D
:1040D0004500FFF77BFF02464946009B5046FFF72D
:1040E00075FF8146B8F1000F24D13368D9F800205C
:1040F0003260C9F80030D946BA465D460023B9455A
:1041000057D803933146009B484698470028039BA5
:104110002CDC0AD1B8F1000F13D12B68D9F800209C
:104120002A60C9F8003025440123A144E7E73A4654
:10413000B246D1E74346224649463046FFF72FFFB5
:10414000D9E74346224649462846FFF728FFEAE7D3
:104150000BD1B8F1000F1ED13B68DAF800203A60AD
:10416000CAF80030AAEB040A01233F1BB94520D846
:1041700003933146009B384698470028039BE7DAB3
:10418000B8F1000F0ED1D9F800303A68C9F8002014
:104190003B603F1BC8E74346224651463846FFF77F
:1041A000FEFEDFE74346224639464846FFF7F7FE64
:1041B000EFE7FBB9029B9B45BFF444AF5D4615E0BA
:1041C0004346224639462846FFF7E9FE0DE02F1BFD
:1041D000009B294638469847002809DDB8F1000FB2
:1041E000EED12B683A682A603B603D46AE42EED382
:1041F000A344DFE7A9EB050BAA1B5A45A8BF5A4603
:104200002AB14346A9EB02013046FFF7C8FE029BE4
:10421000A3EB0A02AAEB0705121BAA4228BF2A46F3
:104220002AB102994346891A4846FFF7B8FE029B15
:104230005D455F46A3EB050004D933462F4606468D
:104240005D461846A54221D9B5FBF4F1019B072B29
:104250000DD8B7FBF4F714AA02EBC30343F8406C84
:1042600043F83C7C019B013301930646DFE6009B4B
:104270002246FFF7CBFEA7420BD8019B14AA013BB5
:10428000019302EBC30353E91001EEE7A7427FF667
:10429000D9AEB7FBF4F13046E7E710B50139024477
:1042A000904201D1002005E0037811F8014FA342AC
:1042B00001D0181B10BD0130F2E710B56AB1013909
:1042C000841810F8012B11F8013F9A4203D1A04243
:1042D00001D0002AF5D1D01A10BD1046FCE710B568
:1042E000024601448A42134603D01C780132002C56
:1042F000F8D1181A10BD2DE9F047C3F13709074668
:1043000088465FFA89F903F01F0516464FF0000A48
:10431000384641462A465346D2F7F2FED4B2092C1B
:1043200088BF4C443A46434688BFE4B2AA4204F1EF
:10433000300473EB0A0306F8014B07468846E7D2C0
:104340003046BDE8F0872DE9F04F89B00618994650
:1043500004AB41EB0104009315463046D2E900233B
:104360002146DDF84CB000F0ABF806AB0093D5E980
:104370000223074688463046214600F0A1F8DDE9D1
:104380000463841951EB0306069BD5E900014FF045
:10439000000228BF0122D218079B43F100033818FE
:1043A00048EB0101B84271EB0801E9680391A96883
:1043B00034BF0120002014EB010C039946EB0101EE
:1043C00010EB0C0041F10001A04271EB060C34BF70
:1043D0004FF0010C4FF0000CCDE90623A9F1410A82
:1043E0001CEB020243F10003CDF800A000F083F8BB
:1043F000129BC3E90001149B012BDDE9062329D19F
:10440000D5E90201D5E900C5201A66EB010167452F
:1044100078EB050534BF01250025401B61F1000143
:10442000844276EB010534BF01250025521BCDF8EF
:1044300000A063F1000300F05EF8DDE90623CBE99C
:104440000001CDF800A02046314600F054F809B034
:10445000BDE8F08F17EB070E48EB080C201946EB70
:104460000601BE457CEB080834BF01270027C719A9
:1044700041F10008D5E9000186457CEB010CD5E946
:10448000021534BF01200020381A68F1000C401AD0
:104490006CEB050192185B41A74278EB060534BF2F
:1044A00001250025521943F10003874278EB0108EA
:1044B00034BF01250025521BA9F140050095B8E73E
:1044C000F0B50F460446A0FB0201A7FB02524919B2
:1044D000A3FB044542F10002A7FB0373611845F1F9
:1044E0000004D219059E43F10003121943F10003A1
:1044F000C6E90023F0BDF0B5059CC4F14007C4F146
:10450000200602FA06F6A4F12005BB4022FA05F5C2
:104510003343C4F120062B4301FA06F6A4F120052B
:10452000E04021FA05F53043BA402843E14010430A
:104530001943F0BD2DE9F04F55EC104BA446C5F3DF
:104540000A54034644EA0C0708462946C5F31305F6
:10455000302657EA05085E71E146AE4673D1002465
:10456000A1421C716DDA01211971A0424FF00004C3
:104570001ADA204603F112060D25C2F157024FF058
:10458000300C07F00F013F0947EA0E774FEA2E1E65
:10459000002940F08680A84201DB86F800C0013D7A
:1045A00006F1FF36EDD175E00C2867DCC0F10D0196
:1045B0008900012601F1FF3EA1F12108C1F1210787
:1045C00026FA07F706FA08F806FA0EF648EA070888
:1045D00016EB060A48EB080BDAF100076BEB4B0E03
:1045E0001AF1FF3A4BF1FF3B0AEA0C0A0BEA050B02
:1045F000564578EB0B0B10DBC1F1200BB1F1200A13
:1046000005FA0BFB2CFA01F141EA0B015CBF45FAFC
:104610000AFA41EA0A01C90724D51CEB060C45EB4E
:104620000805B5F5801FE1461CDB5979B4F5806FAC
:1046300001F10101597127D007EA0C070EEA050EB6
:1046400098E7002892E75CB13126C90F0028A4F250
:10465000FF345E7119710FDB0C28A7DD0D2005E01A
:104660000124F2E707EA09090EEA0505B4F5806FAF
:1046700006D04F46AE467DE70020F7E70D2079E7EC
:1046800059EA05051A7908D01A7942F008021A7118
:104690004FF480641C60BDE8F08F42F004021A7190
:1046A000F8E70929D4BF30318918A8423170B8BF62
:1046B000284674E7D1E9043293421EBF5A1C0A61AE
:1046C000187070470148006870470000C42000203F
:0846D000642AFD7F01000000D7
:1046D800B5C2020000000000C128040070480500AF
:1046E8003D920400000000006192040000000000F8
:1046F80059380400A04805005938040088480500C6
:10470800450F0500D0480500692D0400B84805008C
:10471800854A0400000000000DC3020000000000EC
:1047280000000000584805002DC0020000000000ED
:1047380000000000604905000000000078490500FD
:10474800000000009049050059BF040048490500D1
:10475800EFBF0400A849050000000000304905002B
:1047680000000000004905007BBC0400E848050083
:10477800000000001849050051160500C049050051
:1047880051160500D8490500E19C02000000000010
:10479800BD220500000000009597040000000000FD
:1047A800912F0400F049050051430400684A0500B0
:1047B800BD260400204A05005B170500504A050085
:1047C800AD340400384A050000000000084A05001E
:1047D80065C6020000000000010C04000000000093
:1047E800990C0500804A0500990C0500984A0500B7
:1047F8009D3A0400B04A0500A94F0400E04A0500AC
:10480800198E0400F84A0500B93E0400C84A05009C
:10481800119C020000000000F19602000000000058
:104828001999020000000000BD8F0200000000007E
:10483800E59202000000000031960200000000002E
:104848006BD3040000000000619C0200000000001F
:104858004E7D05000000000000520500B40900204C
:104868000000000000000000C3830500206D050063
:10487800784D0500CE090020F84400200000000013
:1048880015840500CC6D05000C4D0500D8090020E5
:10489800C04500200000000023840500E46D0500E9
:1048A8000C4D0500DA090020CC450020000000006E
:1048B800D283050000000000D44C0500D009002078
:1048C8004C45002000000000E283050000000000C5
:1048D800CC4C0500D20900200000000000000000B8
:1048E800467D050090090020E8510500B209002026
:1048F8000000000000000000057E0500177E05008E
:10490800EC520500B609002000000000000000007D
:104918000E7E0500187E0500EC520500B80900203F
:104928000000000000000000237E050000000000D9
:1049380004530500BA090020000000000000000030
:104948002C7E05001C530500C8020020BC0900206D
:1049580000000000000000003D7E05003053050007
:10496800CC020020BE09002000000000000000006A
:104978004F7E05003C530500CC020020C0090020F2
:1049880000000000000000005D7E0500485305009F
:10499800D0020020C2090020000000000000000032
:1049A800757E050058530500D4020020C409002074
:1049B80000000000000000003F8405002C6E050088
:1049C800304D0500DE0900201846002000000000D8
:1049D80052840500346E0500304D0500E0090020C2
:1049E8002C46002000000000F1830500386D05000A
:1049F800F44C0500D409002010070020000700200F
:104A0800B05C0500000000006C4D0500C6090020E0
:104A1800F02D002000000000B68305000000000013
:104A2800C04C0500CC09002000000000F006002062
:104A3800FB83050000000000DC4C0500D6090020BF
:104A48000000000000000000738405003C6E0500B3
:104A58005C4D0500E4090020D4070020C4070020AD
:104A680080840500A86E0500644D0500E609002055
:104A780054080020440800206B830500CC6C050016
:104A8800FC6C0500C8090020283A0020000000003E
:104A98006B830500E46C0500FC6C0500CA09002066
:104AA800403A00200000000031840500FC6D05003C
:104AB800206E0500DC090020500200204807002075
:104AC8006584050000000000404D0500E209002053
:104AD8004046002000000000918405002C6F05006E
:104AE800586F0500E8090020F819002000000000B0
:104AF800618705002C79050040790500EA09002046
:084B080060090020000000001C
:104B1000BD1F0500251E05000000000019D6040079
:104B20000000000019D604003D700400251E050099
:104B30000000000019D604000000000019D604008F
:104B4000055C0400251E0500204A0500112704000D
:104B50000000000019D604000000000019D604006F
:104B60000000000019D6040000000000C1DB0300B3
:104B7000C84A0500293E04004C450020D92D0400F8
:104B800000000000D50904000000000019D6040050
:104B90000000000019D6040000000000154B0400BE
:104BA0000000000019D604000000000019D604001F
:104BB0000000000019D604000000000019D604000F
:104BC0000000000019D604000000000019D60400FF
:104BD00000000000F1DB03000000000019D6040013
:104BE0000000000019D604000000000019D60400DF
:104BF0000000000019D604000000000019D60400CF
:104C00000000000019D604000000000019D60400BE
:104C10000000000019D604000000000019D60400AE
:104C20000000000019D60400756A0400251E050066
:104C30000000000019D604000000000019D604008E
:104C40000000000019D60400FD1A0400251E05000E
:104C50000000000019D6040075660400251E05003A
:104C60000000000019D604000000000019D604005E
:104C70000000000019D604000000000019D604004E
:104C80000000000019D604000000000019D604003E
:104C900018180020806C002000040000890A04001D
:104CA0000000000000000000000000000000000004
:104CB0000000000065830500000000000000000007
:0C4CC000F5230400292504005802000020
:104CCC00490F050000000000112D0400692C0400A0
:104CDC00CB110500DD360400C1350400A5340400F9
:104CEC009711050095340400593204004931040031
:104CFC0095330400792E040017100500692E04006A
:104D0C00ED380400F311050001120500191205001D
:104D1C002512050031120500593704004B1205000D
:044D2C000000000083
:104D3000BB150500D115050001160500311605004B
:104D4000000000000000000000000000413E0400E0
:0C4D5000FD3D0400000000000000000019
:104D5C00693F040037170500E1440400051A0500FB
:0C4D6C00C1500300414F030059520300E6
:104D780019290400AF0E0500110F050000000000FE
:0C4D88004B0E05000000000000000000C1
:104D94000500000091EE0200000000000600000083
:104DA4005D100300000000000400000021F3020075
:044DB40000000000FB
:104DB800EC570500080000008C58050007000000AB
:104DC800B055050005000000245505000700000047
:084DD800A85305000D000000C6
:104DE0001E810500000000000000000045C3020015
:104DF000B9C5020000000000F982050001000000B2
:104E000000000000C7F704000000000000000000E0
:104E100008830500010000000000000035FC0400CC
:104E200000000000000000000083050001000000F9
:104E3000000000007DFE0200BD080300000000002D
:104E40004D8305000100000000000000A9090500D5
:104E5000991E0300000000000E8305000100000001
:104E60000000000095010300AD02030000000000F7
:104E7000647D050000000000000000009592020023
:084E800000000000000000002A
:104E880000000000B18F020000000000E04A0500A9
:084E98008BC0040000000000C3
:104EA0000000000003000000A0000000F00000006F
:104EB00000000000000106020100000000010201E4
:104EC00004040404FF000000FF000000FF000000D5
:104ED000FF000000FF000000FF000000FF000000D6
:104EE000FF000000FF000000FF000000FF000000C6
:104EF000FF0000006C87050000010000022A48C284
:104F0000B1CFC567C9077196000600000001030014
:104F100062746C65000000000000000000000000EA
:104F20000000000000000000000000000000000081
:104F30000000000000000000000000000000000071
:104F40000000010000000000000000000000000060
:104F50000338FDD870470000010000000000000089
:104F60000500000000000000190000000000000023
:104F70007D00000000000000710200000000000041
:104F8000350C000000000000093D0000000000009A
:104F90002D31010000000000E1F5050000000000D7
:104FA00065CD1D0000000000F90295000000000022
:104FB000DD0EE90200000000514A8D0E00000000E5
:104FC0009573C24800000000E941CC6B010000006D
:104FD0008D49FD1A07000000C16FF2862300000012
:104FE000C52EBCA2B1000000D9E9AC2D78030000A9
:104FF0003D9160E45811000031D6E275BC560000C6
:10500000F52E6E4DAEB10100C9EA2683677808001F
:10501000ED95C28F055A2A00A1EDCCCE1BC2D3005C
:1050200025A4000A8BCA2204000000000000000032
:105030000000000000000010000000000000000060
:10504000B9340332B7F4AD1410DB1AB30892540E1E
:105050000D307D951447BA1A66088F4D26ADC66D82
:10506000F598BF85E2B74511CA96853D92BD1DEB07
:10507000FCA11860DCEF52163C92AE220BB8C1B412
:10508000839D2D5B0562DA1C304C7E8F4E8BB25BAC
:1050900016F4529F8B56A512FBD4827643ED8AF00C
:1050A0008FE7F9311565191850F19BD94A13EEB401
:1050B000284CF0A686C1251F035FC270CB9E4916FF
:1050C000E642889C44EB2014B0650836AD6EA58599
:1050D00085F0CA14E2FD031A0B899979D5B13D090F
:1050E000D8DA973A35EBCF10AC363F5E73BB38CF8A
:1050F0003E6752FA44AFBA150100000000000000FC
:105100000000000000000020345065C05FC9A652B6
:10511000BB13CBAEC440C21806C8DF7100D5A87C53
:10512000F56F0FDA58FC27136E4756357D2420653E
:1051300002C7E768E48CA41DE9E60268D7CD3961AF
:105140007977FCC2405BEF16798CDE43FFA751F9FB
:1051500091F3B278F5BDBE11E857E9D6E8BEE87B19
:10516000B054AC8F848D751BEA23A499E9F9D38BD5
:10517000B7A3714061DA3E15CEE33ECB73F9480820
:105180008C97B427D51B7010A2BFEFB9EB853215F1
:105190004DB44DB49BBB6F1996B6076CF8E7EEADF6
:1051A00036D9B4F59135AE13222218AF4E6A684D48
:1051B00091DAAA3D4F40741E9FBD9EE006A1C098A3
:1051C00057C2A7FDA40E90170E7D497173E3208F7F
:1051D000B220D87605143B12853D7434811343B058
:1051E000AD297A5F27F4351C0200000000000000A2
:1051F0007FBC04008BBC0400000000000000000025
:1052000097BC04006D8F02003D8F0200318F0200B9
:10521000C7BC04002052050028000000040A00005A
:105220000100000002000000030000000400000074
:105230000500000006000000070000000800000054
:10524000090000000A0000000B0000000C00000034
:105250000D0000000E0000000F0000001000000014
:1052600011000000120000001300000014000000F4
:1052700015000000160000001700000018000000D4
:10528000190000001A0000001B0000001C000000B4
:105290001D0000001E0000001F0000002000000094
:1052A0002100000022000000230000002400000074
:1052B0002600000025000000270000002800000054
:1052C000757D050014520500B04A0500000000007D
:1052D0001C7A0500280000007D7D0500A37D0500E7
:1052E000BE7D0500D97D0500EA7D050001000000B6
:1052F0000000000067BE0400000000000000000085
:10530000000000000200000001950200A9940200C4
:10531000BDBE04000000000000000000010000000D
:1053200001000000020000004E7C05004C7C0500DE
:105330000200000002000000080006000200000059
:105340000200000000000100020000000400000054
:10535000010008000000060000000000030000003B
:1053600001000000507C05006C5305008A7E05009A
:1053700000000000000000008A7E05000000000020
:10538000000000008A7E0500000000000000000010
:105390008F7E0500B47E0500B5950200CE7E050027
:1053A000F27E050000000000767C05002FF9040065
:1053B000000000009E7F050000000100727C0500D7
:1053C00055FD040000000000400300200000010023
:1053D0007C7F05009D96020000000000594E0020D1
:1053E000000004006E7C050001F90400A503030021
:1053F0002803002000000C006A7C050055FD040015
:105400000000000020030020000001005A7F05007A
:10541000000000000DC10400454E002000000800FF
:10542000667C0500B3C00400000000009409002061
:1054300000000100627C050055FD04000000000032
:105440001803002000000100387F05000000000064
:105450000000000000000000000004005E7C050069
:1054600001F90400A50303000003002000000C0064
:105470005A7C05006D96020000000000000000004C
:1054800000000100567C050055FD040000000000EE
:10549000F802002000000100167F0500CBC00400C8
:1054A000B99602000000000000000C00AD97020059
:1054B0008D990200AD980200A19802000101000040
:1054C000A709002002020000A50900200710000023
:1054D00095090020E1C204000A80050000000000D8
:1054E0000400000000000000000000000070020046
:1054F000384A0500010000000070020000500C0056
:10550000384A05000200000000C00E0000800000C4
:10551000384A05000300000000400F0000C00000F2
:10552000384A0500A27C05002FF9040000000000A5
:105530009E7C0500000001009A7C050055FD0400DA
:1055400000000000F003002000000100927C050034
:1055500035D3040000000000748005000000010045
:105560008E7C050055FD040000000000E8030020CB
:1055700000000100867C050035D304000000000017
:105580008480050000000100827C050055FD0400B8
:1055900000000000E0030020000001007A7C05000C
:1055A00079B1020000000000A909002000000100FC
:1055B000BE7C05002FF9040000000000BA7C050045
:1055C00000000100B67C050055FD0400000000004D
:1055D0001004002000000100AE7C050095B102001F
:1055E000000000000000000000000100AA7C05008F
:1055F00001F90400A5030300F803002000000300E4
:10560000A67C0500C3FD040000000000C27C05006C
:1056100000000100000000200000000000000B0658
:1056200002000000285605000000000090800500E0
:1056300026000202000000209880050022000B11C5
:105640005DC102000000000087D60400405605003E
:10565000585605004A000000808E00204056050084
:10566000685605002E000000789300204056050083
:105670007856050002010000589400200E03000037
:1056800019D202000F04000055D202001A010000D6
:1056900081DA040005040000ADC702001301000018
:1056A00083DC0400FF01000025C802003E01000069
:1056B00045C8020005040000F5DA040008040000F3
:1056C00001DE040030030000A1DD04001001000031
:1056D00035DB04000112000099D102000A1E00000F
:1056E00067E00400030900003DDB0400040B000038
:1056F000B1DB0400060A000055DF0400070A0000C1
:105700001DDB04000C05000027DD0400050C000073
:1057100093DE0400405605002057050047000000B6
:105720007895002040560500305705000000000025
:10573000A496002040560500405705004A0000008E
:10574000CC9600202BEA04002DEA040000000000A3
:10575000000000000000000063EC040000000000F6
:105760000000000000000000000000000202010034
:1057700085F504000404010041FC02000606010056
:1057800081FB0200080401006DFA02000A02010018
:105790006DF504000C04010055F504000E04010031
:1057A00041F9020020040100A5F8020010040100E4
:1057B000B5F702001202010095F40400160401007E
:1057C00047ED040018010100C7F104001E000400A9
:1057D000D9F5040052020000BBF404004056050055
:1057E000E85705004C00000024980020F67C0500D6
:1057F0002FF9040000000000F27C05000000010009
:10580000EE7C050055FD0400000000002C05002082
:1058100000000100E67C0500000000000000000020
:105820000000000000000000E27C050001F9040017
:10583000A50303003405002000000300DE7C050002
:1058400055FD0400000000002405002000000100B8
:10585000D67C050067F9040069FB04000000000025
:1058600000000300D27C050055FD0400000000008C
:105870001C05002000000100CA7C0500C9070300C8
:10588000000000000000000000000100227D050073
:105890002FF90400000000001E7D0500000001003B
:1058A0001A7D050055FD0400000000005C05002085
:1058B00000000100127D050097F90400D9F70400EB
:1058C00070010020000009000E7D050055FD040058
:1058D000000000005405002000000100067D0500C6
:1058E000C1F90400000000000000000000000100F9
:1058F000027D050055FD0400000000004C0500205D
:1059000000000100FA7C05002102030000000000F5
:10591000000000000000010051150300D70705003A
:10592000E11C03000000000000000000491B030010
:105930000000000000000000000000000000000067
:1059400000000000000000000D160300060000002B
:10595000E1040500060000008104050010000000BD
:1059600089110300100000008D07050001000000F0
:105970002F01050010000000DD0405000A000000F2
:105980000D02050010000000CD1B03000700000001
:10599000E504050010000000B3010500010000004F
:1059A000A9140300400000002504050010000000B9
:1059B0000102050001000000574553545F544F5049
:1059C0004449522F7A65706879722F7375627379C2
:1059D000732F626C7565746F6F74682F636F6E746C
:1059E000726F6C6C65722F7469636B65722F74696A
:1059F000636B65722E6300007469636B65725F721E
:105A00006573636865642D3E7469636B735F746F5F
:105A10005F657870697265203D3D2030550000005B
:105A2000415353455254494F4E204641494C205B07
:105A300025735D20402025733A25640A000000008C
:105A400028287469636B65725F7265736368656447
:105A5000292D3E6578745F646174612026262028B4
:105A6000287469636B65725F726573636865642926
:105A70002D3E6578745F646174612D3E7469636B5B
:105A8000735F736C6F745F77696E646F7720213D0D
:105A90002030552929000000574553545F544F507A
:105AA0004449522F7A65706879722F7375627379E1
:105AB000732F626C7565746F6F74682F636F6E748B
:105AC000726F6C6C65722F6C6C5F73772F756C6C7A
:105AD0002E630000216572720000000072780000E1
:105AE000756C6C5F7265665F67657428756C6C5F5A
:105AF00068647229000000003000000072656C6567
:105B0000617365203D3D20646F6E65002172657490
:105B100076616C0064656C7461203C3D2030207CB3
:105B20007C206D656D5F6C696E6B5F72782E717530
:105B30006F74615F706475203C20282833202B200F
:105B400030202B203129202B202832202A202831D8
:105B500029292900636F6E6E5F6C6C6C0000000079
:105B600021636F6E6E5F6C6C6C2D3E6C696E6B5F4B
:105B700074785F66726565006D656D715F6C696EE6
:105B80006B00000072782D3E6864722E7479706527
:105B900020213D204E4F44455F52585F5459504597
:105BA0005F4E4F4E450000002163632D3E737461CC
:105BB0007475730072785F667265652D3E686472F5
:105BC0002E7479706520213D204E4F44455F525818
:105BD0005F545950455F4E4F4E45000021636F6E34
:105BE0006E2D3E6C6C6C2E6C696E6B5F74785F66AC
:105BF0007265650021726574000000006C6F6F7043
:105C000000000000574553545F544F504449522FF1
:105C10007A65706879722F7375627379732F626C0D
:105C20007565746F6F74682F636F6E74726F6C6CD0
:105C300065722F6C6C5F73772F6C6C6C5F636F6D2C
:105C40006D6F6E2E6300000021657272207C7C20D7
:105C5000657272203D3D202D313139005745535436
:105C60005F544F504449522F7A65706879722F7390
:105C700075627379732F626C7565746F6F74682FBA
:105C8000636F6E74726F6C6C65722F6863692F68D6
:105C900063695F6472697665722E630042542052B4
:105CA00058207072690000004254205258000000D1
:105CB00062745F6863695F636F6E74726F6C6C654A
:105CC000720000005A6570687972204F5320763454
:105CD0002E312E3000000000574553545F544F5072
:105CE0004449522F7A65706879722F73756273799F
:105CF000732F626C7565746F6F74682F636F6E7449
:105D0000726F6C6C65722F6863692F6863692E63AC
:105D1000000000002828282875696E747074725F6E
:105D200074296E6F6465292025205F5F616C696747
:105D30006E6F6628737472756374206E6F64655F2E
:105D400072785F63632929203D3D203029000000DF
:105D50002828282875696E747074725F74296E6FB4
:105D60006465292025205F5F616C69676E6F662816
:105D7000737472756374206E6F64655F72785F63AD
:105D8000752929203D3D20302900000057455354F6
:105D90005F544F504449522F7A65706879722F735F
:105DA00075627379732F626C7565746F6F74682F89
:105DB000636F6E74726F6C6C65722F6C6C5F73774F
:105DC0002F756C6C5F6164762E63000068616E6491
:105DD0006C65203C2031000028726574203D3D2018
:105DE0003029207C7C2028726574203D3D2032299A
:105DF000000000006164762D3E6C696E6B5F63632A
:105E00005F667265650000006164762D3E6E6F64AA
:105E1000655F72785F63635F6672656500000000AE
:105E2000216864722D3E64697361626C65645F63AE
:105E300062000000737461747573203D3D20302052
:105E40007C7C20706172616D203D3D20756C6C5FC3
:105E500064697361626C655F6D61726B5F676574C5
:105E60002829207C7C2028636F6E6E6563746162D4
:105E70006C6520262620216164762D3E6C6C6C2E8C
:105E8000636F6E6E29207C7C20300000216C6C6C6E
:105E90002D3E6C696E6B5F74785F6672656500009D
:105EA0006D61726B203D3D206164760021657272E8
:105EB000207C7C2028657272203D3D202D313230BF
:105EC000290000007265660028726574203D3D203F
:105ED0003029207C7C2028726574203D3D203229A9
:105EE000207C7C202866705F6F705F66756E632013
:105EF0003D3D202828766F6964202A293029290011
:105F00007064752D3E6C656E203E3D205F5F62754E
:105F1000696C74696E5F6F66667365746F6620285E
:105F2000737472756374207064755F6164765F6109
:105F300064765F696E642C206461746129000000DE
:105F4000574553545F544F504449522F7A657068F7
:105F500079722F7375627379732F626C7565746FC4
:105F60006F74682F636F6E74726F6C6C65722F6CD8
:105F70006C5F73772F756C6C5F636F6E6E2E630052
:105F800074785F627566000072782D3E6864722EC8
:105F90006C696E6B00000000737461747573203D52
:105FA0003D203000737461747573203D3D203020B6
:105FB0007C7C20706172616D203D3D20756C6C5F52
:105FC0007570646174655F6D61726B5F676574287D
:105FD00029207C7C20706172616D203D3D20756CB4
:105FE0006C5F64697361626C655F6D61726B5F6742
:105FF000657428290000000070203D3D207061720A
:10600000616D0000287469636B65725F73746174FD
:106010007573203D3D203029207C7C2028746963E5
:106020006B65725F737461747573203D3D20322916
:1060300000000000657272203D3D2030207C7C20F5
:10604000657272203D3D202D313230000970617241
:10605000616D313A20257520706172616D323A2090
:1060600025750A00636F6E6E2D3E6C6C6C2E686138
:106070006E646C6520213D2030784646464600001F
:10608000287469636B65725F737461747573203D06
:106090003D203029207C7C20287469636B65725F09
:1060A000737461747573203D3D203229207C7C20FF
:1060B0002828766F6964202A29636F6E6E5F6C6C86
:1060C000203D3D20756C6C5F64697361626C655F37
:1060D0006D61726B5F676574282929006C6C6C5F59
:1060E000747800007064755F74782D3E6C656E0086
:1060F000216C696E6B2D3E6E657874005745535464
:106100005F544F504449522F7A65706879722F73EB
:1061100075627379732F626C7565746F6F74682F15
:10612000636F6E74726F6C6C65722F6C6C5F7377DB
:106130002F756C6C5F6C6C63705F656E632E6300B3
:106140006E746600574553545F544F504449522F64
:106150007A65706879722F7375627379732F626CC8
:106160007565746F6F74682F636F6E74726F6C6C8B
:1061700065722F6C6C5F73772F756C6C5F6C6C63E2
:10618000705F7068792E63006E74662D3E6864726D
:106190002E74797065203D3D204E4F44455F525826
:1061A0005F545950455F52455441494E000000002C
:1061B0006374782D3E6E6F64655F7265662E7478C9
:1061C000000000006374782D3E646174612E707568
:1061D0002E6E74665F646C655F6E6F6465000000B0
:1061E000636F6E6E2D3E6C6C6C2E726F6C65203D15
:1061F0003D20307830310000574553545F544F50A4
:106200004449522F7A65706879722F737562737979
:10621000732F626C7565746F6F74682F636F6E7423
:10622000726F6C6C65722F6C6C5F73772F756C6C12
:106230005F6C6C63702E63006374782D3E6F776EB5
:10624000657200006374782D3E6E6F64655F7265E1
:10625000662E727800000000637478006593030076
:1062600075930300859303009593030000000000DD
:1062700000000000A59303004D940300B5930300B4
:10628000000000005D94030000000000C5930300BF
:106290006D94030000000000D59303007D9403007B
:1062A000E59303008D9403009D940300AD940300D7
:1062B000BD940300CD940300DD940300F593030027
:1062C00000000000000000000000000000000000CE
:1062D000000000003D940300574553545F544F5055
:1062E0004449522F7A65706879722F737562737999
:1062F000732F626C7565746F6F74682F636F6E7443
:10630000726F6C6C65722F6C6C5F73772F756C6C31
:106310005F6C6C63705F636F6D6D6F6E2E630000FA
:106320006374782D3E70726F63203D3D2050524F54
:10633000435F5445524D494E415445006374782D96
:106340003E70726F63203D3D2050524F435F444189
:1063500054415F4C454E4754485F55504441544565
:1063600000000000574553545F544F504449522F8A
:106370007A65706879722F7375627379732F626CA6
:106380007565746F6F74682F636F6E74726F6C6C69
:1063900065722F6C6C5F73772F756C6C5F6C6C63C0
:1063A000705F6C6F63616C2E630000006374782013
:1063B000213D202828766F6964202A293029000091
:1063C0006374785F686561646572203D3D20637425
:1063D000780000006374782D3E6E6F64655F7265AF
:1063E000662E7278203D3D202828766F6964202A29
:1063F000293029207C7C206374782D3E6E6F646583
:106400005F7265662E72782D3E6864722E747970A4
:106410006520213D204E4F44455F52585F545950EE
:10642000455F52455441494E0000000057455354C2
:106430005F544F504449522F7A65706879722F73B8
:1064400075627379732F626C7565746F6F74682FE2
:10645000636F6E74726F6C6C65722F6C6C5F7377A8
:106460002F756C6C5F6C6C63705F636F6E6E5F75C5
:1064700070642E63000000006374782D3E6E6F64BC
:10648000655F7265662E7278203D3D202828766F04
:106490006964202A29302900574553545F544F50CE
:1064A0004449522F7A65706879722F7375627379D7
:1064B000732F626C7565746F6F74682F636F6E7481
:1064C000726F6C6C65722F6C6C5F73772F756C6C70
:1064D0005F6C6C63705F63686D752E630000000015
:1064E000574553545F544F504449522F7A65706852
:1064F00079722F7375627379732F626C7565746F1F
:106500006F74682F636F6E74726F6C6C65722F6C32
:106510006C5F73772F756C6C5F6C6C63705F72650A
:106520006D6F74652E63000008020B020A030502FA
:10653000000000000000000002020000060200004F
:106540000403000000000903000000000103000034
:106550000C03000007030000000000000000000022
:10656000574553545F544F504449522F7A657068D1
:1065700079722F7375627379732F626C7565746F9E
:106580006F74682F636F6E74726F6C6C65722F6CB2
:106590006C5F73772F756C6C5F706572697068657E
:1065A00072616C2E630000007469636B65725F73C7
:1065B0007461747573203D3D203000007374617404
:1065C000757320213D2031207C7C20706172616DCB
:1065D000203D3D20756C6C5F64697361626C655F22
:1065E0006D61726B5F6765742829000057455354CD
:1065F0005F544F504449522F7A65706879722F73F7
:1066000075627379732F626C7565746F6F74682F20
:10661000636F6E74726F6C6C65722F6C6C5F7377E6
:106620002F756C6C5F66696C7465722E6300000078
:10663000726C5F696478203C20380000726C5B7279
:106640006C5F6964785D2E74616B656E000000009C
:10665000726C5B726C5F6964785D2E727061735FDF
:1066600072656164790000006465766D61746368C9
:106670005F6964203C20282873697A655F7429204B
:10668000282828696E74292073697A656F662863E3
:106690006861725B31202D2032202A202128215F61
:1066A0005F6275696C74696E5F74797065735F633E
:1066B0006F6D70617469626C655F70285F5F74797B
:1066C00070656F665F5F2866616C292C205F5F7460
:1066D0007970656F665F5F28262866616C295B307C
:1066E0005D2929295D29202D203129202B2028737F
:1066F000697A656F662866616C29202F2073697A34
:10670000656F66282866616C295B305D2929292917
:106710000000000066616C5B6465766D617463689F
:106720005F69645D2E74616B656E00006465766DF3
:10673000617463685F6964203C20282873697A6506
:106740005F742920282828696E74292073697A6566
:106750006F6628636861725B31202D2032202A2009
:106760002128215F5F6275696C74696E5F7479704E
:1067700065735F636F6D70617469626C655F7028CB
:106780005F5F747970656F665F5F28726C292C207B
:106790005F5F747970656F665F5F282628726C2969
:1067A0005B305D2929295D29202D203129202B20CE
:1067B0002873697A656F6628726C29202F207369A7
:1067C0007A656F662828726C295B305D2929292932
:1067D00000000000726C5B695D2E74616B656E0079
:1067E00069726B6D617463685F6964203C207065D9
:1067F00065725F69726B5F636F756E740000000095
:1068000069203C2038000000574553545F544F50D6
:106810004449522F7A65706879722F737562737963
:10682000732F626C7565746F6F74682F636F6E740D
:10683000726F6C6C65722F6C6C5F73772F6E6F72FA
:106840006469632F6C6C6C2F6C6C6C2E63000000A1
:10685000707265656D70745F726571203D3D20706A
:106860007265656D70745F61636B00007072656561
:106870006D70745F73746172745F72657120213D15
:1068800020707265656D70745F73746172745F619E
:10689000636B0000707265656D70745F73746F7008
:1068A0005F72657120213D20707265656D70745F47
:1068B00073746F705F61636B0000000070726565D8
:1068C0006D70745F72657120213D20707265656D19
:1068D00070745F61636B0000707265656D70745FEA
:1068E00061636B20213D20707265656D70745F720D
:1068F0006571000072656164792D3E70726570612A
:1069000072655F706172616D2E706172616D203DA4
:106910003D20706172616D00697465720000000055
:10692000657272203D3D202D31343000217061723E
:10693000616D000021706172616D207C7C206E654C
:10694000787400006576656E742E637572722E61C0
:10695000626F72745F6362006576646F6E650000DB
:10696000657272203E3D2030000000006E65787434
:1069700000000000217265616479207C7C20267211
:10698000656164792D3E707265706172655F7061DA
:1069900072616D203D3D20707265706172655F703F
:1069A0006172616D00000000F401FA00960064005D
:1069B0004B0032001E001400574553545F544F5093
:1069C0004449522F7A65706879722F7375627379B2
:1069D000732F626C7565746F6F74682F636F6E745C
:1069E000726F6C6C65722F6C6C5F73772F6E6F7249
:1069F0006469632F6C6C6C2F6C6C6C5F6164762EB9
:106A0000630000006E6F64655F72780021726164DC
:106A1000696F5F69735F726561647928290000009E
:106A2000700000006368616E000000007064750013
:106A30007363616E5F706475000000000925733A2E
:106A40002041637475616C204556454E545F4F5626
:106A50004552484541445F53544152545F55532079
:106A60003D2025750A000000707265706172655FD7
:106A700063620000574553545F544F504449522FAE
:106A80007A65706879722F7375627379732F626C8F
:106A90007565746F6F74682F636F6E74726F6C6C52
:106AA00065722F6C6C5F73772F6E6F726469632FE2
:106AB0006C6C6C2F6C6C6C5F636F6E6E2E63000081
:106AC00021726164696F5F69735F61646472657389
:106AD00073282900646F6E65000000006C6C6C2DDB
:106AE0003E68616E646C6520213D203078464646E4
:106AF00046000000574553545F544F504449522FAD
:106B00007A65706879722F7375627379732F626C0E
:106B10007565746F6F74682F636F6E74726F6C6CD1
:106B200065722F6C6C5F73772F6E6F726469632F61
:106B30006C6C6C2F6C6C6C5F7065726970686572E0
:106B4000616C2E6300000000707265706172655F99
:106B500063620000574553545F544F504449522FCD
:106B60007A65706879722F7375627379732F626CAE
:106B70007565746F6F74682F636F6E74726F6C6C71
:106B800065722F6C6C5F73772F6E6F726469632F01
:106B900068616C2F6E7266352F636E74722E63009F
:106BA0005F726566636F756E7400000057455354DD
:106BB0005F544F504449522F7A65706879722F7331
:106BC00075627379732F626C7565746F6F74682F5B
:106BD000636F6E74726F6C6C65722F6C6C5F737721
:106BE0002F6E6F726469632F68616C2F6E726635E9
:106BF0002F6D6179666C792E630000005745535400
:106C00005F544F504449522F7A65706879722F73E0
:106C100075627379732F626C7565746F6F74682F0A
:106C2000636F6E74726F6C6C65722F6C6C5F7377D0
:106C30002F6E6F726469632F68616C2F6E72663598
:106C40002F7469636B65722E630000007573657243
:106C50005F6964203C2073697A656F662863616CA4
:106C60006C65725F69645F6C7574290063616C6C3C
:106C700065725F696420213D203000000103040536
:106C8000574553545F544F504449522F7A657068AA
:106C900079722F7375627379732F626C7565746F77
:106CA0006F74682F636F6E74726F6C6C65722F6C8B
:106CB0006C5F73772F6E6F726469632F68616C2FDE
:106CC0006E7266352F6563622E63000058480500BA
:106CD00000000000010000000000000000000000B3
:106CE00000000000D849050000000000010000007D
:106CF000000000000000000000000000AF0B0500D5
:106D0000770C0500030C0500B90B0500D30C05003A
:106D1000790D04004928040019280400000000002F
:106D2000A12904008D280400330F0500390F050048
:106D30000400000000FF0000000000000000000050
:106D40000000000000000000000000000000000043
:106D5000000000000000000000000000F40100003E
:106D6000000101000000200085601500706D050025
:106D7000009002407C6D050002000000A46D05003B
:106D8000060000008C6D0500060100001580001D46
:106D90001480001F18800020168000211780002218
:106DA0001986001E1500001D1400001F1800002089
:106DB00016000021170000221900001E200000000C
:106DC000000001000400000000FF0000FFFF0000C1
:106DD00000030050000000000100000000600040BF
:106DE00000000000FFFFFFFF000000500000000057
:106DF0000000000000600040000000005807002074
:106E0000050000000500000005000000040000006F
:106E100005000000010000000A0000000100000061
:106E200047130500191505006915050020050040E8
:106E3000010000001C05004001000000003002407D
:106E400000000000000000FF00FF00000000000044
:106E500000000001010000005D1605006C6E0500D9
:106E6000FFFFFFFF000000000000000000300240B4
:106E7000786E050002000000946E0500030000001B
:106E8000886E0500030100002D8000042F8000059E
:106E90002E8000062D0000042F0000052E000006A5
:106EA0000000000000000000003000400000000072
:106EB00000127A0000000000000000000000000046
:106EC000FFFFFFFF0000FF000000000000000001C6
:106ED00001000000F7180500FFFF0000EC6E050040
:106EE000FFFFFFFF00000000000000000030004036
:106EF000F86E050002000000146F0500030000009A
:106F0000086F0500030100000580000404800005EF
:106F100004800006050000040400000504000006CB
:106F2000A048050009000100494D0400684A050019
:106F300080841E0006010000A04805000900010031
:106F400000000000A04805000200110090010000B0
:106F50000002000101000000EF1C0500000000001D
:106F60000000000000000000000000000000000021
:106F700000000000131E0500E71C0500BB1B0500F8
:106F80006B1D05000A000000C80000003200000070
:106F900000000000010000000200000004000000EA
:106FA0000800000010000000200000004000000069
:106FB000800000001B0000003600000051F4A750C4
:106FC0007E4165531A17A4C33A275E963BAB6BCB41
:106FD0001F9D45F1ACFA58AB4BE303932030FA55B3
:106FE000AD766DF688CC7691F5024C254FE5D7FC51
:106FF000C52ACBD726354480B562A38FDEB15A4966
:1070000025BA1B6745EA0E985DFEC0E1C32F7502E5
:10701000814CF0128D4697A36BD3F9C6038F5FE7BF
:1070200015929C95BF6D7AEB955259DAD4BE832D9B
:10703000587421D349E069298EC9C84475C2896A48
:10704000F48E797899583E6B27B971DDBEE14FB661
:10705000F088AD17C920AC667DCE3AB463DF4A181C
:10706000E51A31829751336062537F45B16477E00E
:10707000BB6BAE84FE81A01CF9082B947048685845
:107080008F45FD1994DE6C87527BF8B7AB73D32321
:10709000724B02E2E31F8F576655AB2AB2EB28070B
:1070A0002FB5C20386C57B9AD33708A5302887F24F
:1070B00023BFA5B202036ABAED16825C8ACF1C2BED
:1070C000A779B492F307F2F04E69E2A165DAF4CD44
:1070D0000605BED5D134621FC4A6FE8A342E539D48
:1070E000A2F355A0058AE132A4F6EB750B83EC39C7
:1070F0004060EFAA5E719F06BD6E10513E218AF975
:1071000096DD063DDD3E05AE4DE6BD4691548DB59E
:1071100071C45D050406D46F605015FF1998FB24F7
:10712000D6BDE997894043CC67D99E77B0E842BD88
:1071300007898B88E7195B3879C8EEDBA17C0A47A1
:107140007C420FE9F8841EC9000000000980868394
:10715000322BED481E1170AC6C5A724EFD0EFFFBC7
:107160000F8538563DAED51E362D39270A0FD96406
:10717000685CA6219B5B54D124362E3A0C0A67B179
:107180009357E70FB4EE96D21B9B919E80C0C54FDC
:1071900061DC20A25A774B691C121A16E293BA0AD4
:1071A000C0A02AE53C22E043121B171D0E090D0B5F
:1071B000F28BC7AD2DB6A8B9141EA9C857F1198511
:1071C000AF75074CEE99DDBBA37F60FDF701269FED
:1071D0005C72F5BC44663BC55BFB7E348B43297611
:1071E000CB23C6DCB6EDFC68B8E4F163D731DCCA6A
:1071F000426385101397224084C61120854A247D5E
:10720000D2BB3DF8AEF93211C729A16D1D9E2F4B9F
:10721000DCB230F30D8652EC77C1E3D02BB3166CA1
:10722000A970B999119448FA47E96422A8FC8CC462
:10723000A0F03F1A567D2CD8223390EF87494EC7D5
:10724000D938D1C18CCAA2FE98D40B36A6F581CF0D
:10725000A57ADE28DAB78E263FADBFA42C3A9DE48E
:107260005078920D6A5FCC9B547E4662F68D13C2B5
:1072700090D8B8E82E39F75E82C3AFF59F5D80BE27
:1072800069D0937C6FD52DA9CF2512B3C8AC993B9B
:1072900010187DA7E89C636EDB3BBB7BCD2678098D
:1072A0006E5918F4EC9AB701834F9AA8E6956E656B
:1072B000AAFFE67E21BCCF08EF15E8E6BAE79BD926
:1072C0004A6F36CEEA9F09D429B07CD631A4B2AF3A
:1072D0002A3F2331C6A5943035A266C0744EBC3710
:1072E000FC82CAA6E090D0B033A7D815F104984A22
:1072F00041ECDAF77FCD500E1791F62F764DD68DF3
:1073000043EFB04DCCAA4D54E49604DF9ED1B5E3D3
:107310004C6A881BC12C1FB84665517F9D5EEA04EC
:10732000018C355DFA877473FB0B412EB3671D5AD0
:1073300092DBD252E91056336DD647139AD7618C3F
:1073400037A10C7A59F8148EEB133C89CEA927EE9D
:10735000B761C935E11CE5ED7A47B13C9CD2DF59F4
:1073600055F2733F1814CE7973C737BF53F7CDEA80
:107370005FFDAA5BDF3D6F147844DB86CAAFF38103
:10738000B968C43E3824342CC2A3405F161DC372B2
:10739000BCE2250C283C498BFF0D954139A80171B1
:1073A000080CB3DED8B4E49C6456C1907BCB8461F6
:1073B000D532B670486C5C74D0B85742C66363A5CA
:1073C000F87C7C84EE777799F67B7B8DFFF2F20D6B
:1073D000D66B6BBDDE6F6FB191C5C5546030305058
:1073E00002010103CE6767A9562B2B7DE7FEFE192C
:1073F000B5D7D7624DABABE6EC76769A8FCACA4565
:107400001F82829D89C9C940FA7D7D87EFFAFA15EE
:10741000B25959EB8E4747C9FBF0F00B41ADADECCB
:10742000B3D4D4675FA2A2FD45AFAFEA239C9CBF53
:1074300053A4A4F7E47272969BC0C05B75B7B7C241
:10744000E1FDFD1C3D9393AE4C26266A6C36365A00
:107450007E3F3F41F5F7F70283CCCC4F6834345C74
:1074600051A5A5F4D1E5E534F9F1F108E271719384
:10747000ABD8D873623131532A15153F0804040C78
:1074800095C7C752462323659DC3C35E301818288D
:10749000379696A10A05050F2F9A9AB50E07070988
:1074A000241212361B80809BDFE2E23DCDEBEB26FF
:1074B0004E2727697FB2B2CDEA75759F1209091B65
:1074C0001D83839E582C2C74341A1A2E361B1B2DA8
:1074D000DC6E6EB2B45A5AEE5BA0A0FBA45252F618
:1074E000763B3B4DB7D6D6617DB3B3CE5229297BCF
:1074F000DDE3E33E5E2F2F7113848497A65353F58B
:10750000B9D1D16800000000C1EDED2C4020206011
:10751000E3FCFC1F79B1B1C8B65B5BEDD46A6ABE0F
:107520008DCBCB4667BEBED97239394B944A4ADE01
:10753000984C4CD4B05858E885CFCF4ABBD0D06BCC
:10754000C5EFEF2A4FAAAAE5EDFBFB16864343C51C
:107550009A4D4DD766333355118585948A4545CF6D
:10756000E9F9F91004020206FE7F7F81A05050F075
:10757000783C3C44259F9FBA4BA8A8E3A25151F305
:107580005DA3A3FE804040C0058F8F8A3F9292ADDD
:10759000219D9DBC70383848F1F5F50463BCBCDF13
:1075A00077B6B6C1AFDADA75422121632010103008
:1075B000E5FFFF1AFDF3F30EBFD2D26D81CDCD4CA6
:1075C000180C0C1426131335C3ECEC2FBE5F5FE1CF
:1075D000359797A2884444CC2E17173993C4C457C3
:1075E00055A7A7F2FC7E7E827A3D3D47C86464AC15
:1075F000BA5D5DE73219192BE6737395C06060A020
:10760000198181989E4F4FD1A3DCDC7F44222266F2
:10761000542A2A7E3B9090AB0B8888838C4646CABE
:10762000C7EEEE296BB8B8D32814143CA7DEDE7978
:10763000BC5E5EE2160B0B1DADDBDB76DBE0E03BF8
:1076400064323256743A3A4E140A0A1E924949DBA1
:107650000C06060A4824246CB85C5CE49FC2C25D38
:10766000BDD3D36E43ACACEFC46262A6399191A88E
:10767000319595A4D3E4E437F279798BD5E7E732F5
:107680008BC8C8436E373759DA6D6DB7018D8D8C55
:10769000B1D5D5649C4E4ED249A9A9E0D86C6CB442
:1076A000AC5656FAF3F4F407CFEAEA25CA6565AF9B
:1076B000F47A7A8E47AEAEE9100808186FBABAD5D8
:1076C000F07878884A25256F5C2E2E72381C1C2491
:1076D00057A6A6F173B4B4C797C6C651CBE8E82342
:1076E000A1DDDD7CE874749C3E1F1F21964B4BDDB1
:1076F00061BDBDDC0D8B8B860F8A8A85E070709032
:107700007C3E3E4271B5B5C4CC6666AA904848D866
:1077100006030305F7F6F6011C0E0E12C26161A303
:107720006A35355FAE5757F969B9B9D01786869172
:1077300099C1C1583A1D1D27279E9EB9D9E1E1384C
:10774000EBF8F8132B9898B322111133D26969BB67
:10775000A9D9D970078E8E89339494A72D9B9BB697
:107760003C1E1E2215878792C9E9E92087CECE49A3
:10777000AA5555FF50282878A5DFDF7A038C8C8F17
:1077800059A1A1F8098989801A0D0D1765BFBFDAC3
:10779000D7E6E631844242C6D06868B8824141C328
:1077A000299999B05A2D2D771E0F0F117BB0B0CBB0
:1077B000A85454FC6DBBBBD62C16163A0200000030
:1077C0001C78050003000000147805000400000088
:1077D0000C78050005000000047805000600000094
:1077E000FC77050007000000F477050000000000AA
:1077F0000000000009870500902407001587050098
:107800009023060021870500902205002D870500A2
:107810001014040039870500101303004587050084
:1078200010120200020000009D22050099220500AE
:1078300095220500912205007922050067220500A6
:10784000000000000A5695CE5753F2DD5CE419BAE9
:10785000E4B84A8B25F321DD8886E8D2855D88254A
:1078600018FF71853C14A918D430E77901B6ED5F93
:10787000FC95BA75102562772B73FB79C65537A531
:10788000765F9018DFBDC42962DF9CD89030847881
:10789000CD05F0ACD62E21F7AB20A2E53448870405
:1078A0001D0630DC512563FCC2CAB9F3849E17A7BC
:1078B000ADFAE6BCFFFFFFFFFFFFFFFF0000000087
:1078C000FFFFFFFFA2EE79BE954C2483A66FBD4952
:1078D0009C79994659EC6B2B39B245282056D9F33F
:1078E000942DE1664FBC00EEFFFFFFFFFFFFFFFF9F
:1078F000FFFFFFFF0000000000000000000000008C
:1079000001000000FFFFFFFF030000000000000077
:10791000FFFFFFFFFBFFFFFFFEFFFFFFFFFFFFFF7C
:10792000FDFFFFFF04000000010000000700000051
:10793000A04805000E00070030C80700700A1700B5
:10794000000000000000000000000000BD8E0400E8
:10795000813405000000000000000000D84605004A
:10796000D8460500184705002847050018480500B7
:107970005848050000000000000000000000000062
:1079800000000000000000409559695955555455B4
:10799000155555560405154110545540455155444B
:1079A00040455044505555450040004040044496E1
:1079B00065555655454045545141154055915555CD
:1079C0005555405105010000544554544555050492
:1079D00000100410140440000000014055551541EA
:1079E0005404000044000100000000404100004435
:1079F0005044455054005555545565510040004081
:107A00000100000100050100115451515455550564
:107A1000000000000000000000000000640064009E
:107A200000006400000000000000640064006400C6
:107A3000640000000000000064006400C8006400EE
:107A4000000000000000640064002C0164000000DD
:107A50000000000064006400900164000000000069
:107A600000006400640020036400000000000000C7
:107A700064006400840364000000000000006400EF
:107A80006400E8036400000000000000640064007B
:107A90004C04640000000000000064006400B004B6
:107AA0006400000000000000640064000000C800E2
:107AB000000000000000640064006400C8000000D2
:107AC0000000000064006400C800C800000000005E
:107AD0000000640064002C01C800000000000000E9
:107AE000640064009001C800000000000000640011
:107AF00064002003C800000000000000640064006F
:107B00008403C80000000000000064006400E80373
:107B1000C800000000000000640064004C04C800BD
:107B200000000000000064006400B004C800000011
:107B3000000000006400640000002C010000000050
:107B400000006400640064002C01000000000000DC
:107B500064006400C8002C01000000000000640004
:107B600064002C012C01000000000000640064008F
:107B700090012C010000000000006400640020035C
:107B80002C010000000000006400640084032C014C
:107B900000000000000064006400E8032C01000005
:107BA00000000000640064004C042C010000000090
:107BB000000064006400B0042C010000000000001C
:107BC00064006400000090010000000000006400F8
:107BD0006400640090010000000000006400640084
:107BE000F4012C0100000000000064006400F401B6
:107BF000900100000000000064006400900190010A
:107C0000000000000000640064004C0490010000CB
:107C10000000000064006400BC029001000000004D
:107C2000000064006400BC022C01000000000000A1
:107C30006400640020039001000000000000640064
:107C40006400B0049001000000000000010000008A
:107C500000010101020100000328000004290000C6
:107C60000229000003280000092900000328000061
:107C7000022900000328000000280000502A00000C
:107C8000502A000003280000292A0000292A0000A9
:107C900003280000242A0000242A000003280000F2
:107CA0000A18000000280000042900000229000032
:107CB000192A0000192A0000032800000F180000EC
:107CC00000280400AD270100060100002A2B000057
:107CD0002A2B000003280000292B0000292B00007C
:107CE0000328000002290000052A0000052A0000E0
:107CF000032800000118000000280000042A0000EA
:107D0000042A000003280000012A0000012A0000C4
:107D100003280000002A0000002A000003280000B9
:107D20000018000000280000F0FFF0FFF0FFEAFF5D
:107D300074FFF0FFF0FFF0FFF0FFEAFF6BFF79FF49
:107D400079FF7CFF0000696E645F626174006D61A1
:107D50006769635F6D61707065720073656C656300
:107D600074656400706879736963616C5F6C6179D4
:107D70006F7574730044656661756C74007A6D6B21
:107D80005F706879736963616C5F6C61796F75743A
:107D90005F73656C656374696F6E5F6368616E675E
:107DA0006564007A6D6B5F61637469766974795F8D
:107DB00073746174655F6368616E676564007A6D92
:107DC0006B5F706F736974696F6E5F7374617465F4
:107DD0005F6368616E676564007A6D6B5F73656E83
:107DE000736F725F6576656E74007A6D6B5F757325
:107DF000625F636F6E6E5F73746174655F63686109
:107E00006E67656400626F6F746C6F616400737994
:107E10007372657365740001004558545F504F5785
:107E2000455200657874706F776572007A69705F8B
:107E300078795F7472616E73666F726D007A6970C3
:107E40005F7363726F6C6C5F7363616C6572007AF1
:107E500069705F78795F7363616C6572007A6970CD
:107E60005F78795F746F5F7363726F6C6C5F6D6165
:107E700070706572007A69705F627574746F6E5F9E
:107E80006265686176696F7273006E6F6E65007A05
:107E90006D6B5F7065726970686572616C5F62615D
:107EA00074746572795F73746174655F6368616E21
:107EB000676564007A6D6B5F626174746572795F87
:107EC00073746174655F6368616E676564007A6D81
:107ED0006B5F73706C69745F7065726970686572EE
:107EE000616C5F7374617475735F6368616E6765FD
:107EF000640053706C6974205065726970686572B3
:107F0000616C204E6F74696669636174696F6E207D
:107F1000517565756500022A48C2B1CFC567C907AA
:107F200071960005000000022A48C2B1CFC567C99A
:107F30000771960005000000022A48C2B1CFC5674C
:107F4000C90771960006000000022A48C2B1CFC5D9
:107F500067C90771960006000000022A48C2B1CF27
:107F6000C567C90771960002000000022A48C2B125
:107F7000CFC567C90771960002000000022A48C2F7
:107F8000B1CFC567C90771960001000000022A48F9
:107F9000C2B1CFC567C90771960001000000022A6F
:107FA00048C2B1CFC567C9077196000000000070D4
:107FB00075626C69630072616E646F6D00707562EA
:107FC0006C69632D69640072616E646F6D2D696404
:107FD0000030782530327800253032583A2530325A
:107FE000583A253032583A253032583A25303258EE
:107FF0003A25303258202825732900626C655F705D
:1080000065726970686572616C004C6F77205072A0
:10801000696F7269747920576F726B20517565753D
:10802000650000070E091C1B1215383F363124234A
:108030002A2D4661696C656420746F207265626FD9
:108040006F743A207370696E6E696E6720656E6436
:108050006C6573736C792E2E2E0A000001010301EA
:108060000003013031323334353637383941424339
:108070004445460041726F756E64466F7274795460
:10808000425F4C005A4D4B2050726F6A656374001A
:10809000464C4153485F30005352414D5F30000021
:1080A000000100000000FFFFFFFFFFFF00000000D5
:1080B000000000FFFFFFFFFFFF0000000000006E58
:1080C000616D650062742F25732F2530327825305D
:1080D00032782530327825303278253032782530A4
:1080E000327825752F25730062742F25732F253064
:1080F0003278253032782530327825303278253084
:1081000032782530327825750062742F257300414E
:10811000726F756E64466F7274792D54420062748A
:10812000004254204C572057510002FB349B5F8083
:108130000000800010000000000000574553545F0D
:10814000544F504449522F7A65706879722F737575
:10815000627379732F626C7565746F6F74682F68C2
:108160006F73742F6863695F636F72652E6300625B
:10817000745F6863695F6576745F6765745F666C7A
:10818000616773286864722D3E6576742920262005
:108190002831554C203C3C2028312929004153539B
:1081A000455254494F4E204641494C205B25735D52
:1081B00020402025733A25640A006576745F666C5A
:1081C0006167732026202831554C203C3C20283004
:1081D000292900627566007375636365737300090E
:1081E000636F6D6D616E64206F70636F64652030C6
:1081F00078253034782074696D656F75740A006570
:108200007272203D3D20300009436F6E74726F6CB6
:108210006C657220756E726573706F6E73697665CA
:108220002C20636F6D6D616E64206F70636F646589
:10823000203078253034782074696D656F7574202E
:1082400077697468206572722025640A00425420A0
:10825000525820575100000909090901020909096A
:108260000909090909090909070909090909060983
:108270000909090909090909090909090909090572
:10828000010204574553545F544F504449522F7ACA
:1082900065706879722F7375627379732F626C756C
:1082A00065746F6F74682F686F73742F6863695F8C
:1082B000636F6D6D6F6E2E6300E69D350E48010392
:1082C000CCDBFDF4AC1191F4EFB9A5F9E9A7832C4F
:1082D0005E2CBE97F2D203B0208BD28915D08E1CB3
:1082E000742430ED8FC24563765C15525ABF9A32C2
:1082F000636DEB2A65499C80DC62742F63636300C5
:1083000062742F686173680062742F636600627420
:108310002F7363000005061F1F29181203080203AC
:1083200005080A0008010304010504050906070100
:10833000010606080000010001000301000302021B
:108340000100020000000000020301000362742F1C
:108350006B657973006C888391AAF5A53860370B3B
:10836000DB5A6083BE696E70757400726574656EE9
:1083700074696F6E403000757362645F776F726B03
:108380007100010002030001010101010601050164
:1083900004010702030105020201030205040101B1
:1083A00001020103010401060108010C011001187A
:1083B0000120014001806164634034303030373047
:1083C000303000636C6F636B4034303030303030AD
:1083D000300072616E646F6D403430303064303024
:1083E0003000656E74726F70795F62745F68636984
:1083F0000070323571313668403000666C617368E8
:108400002D636F6E74726F6C6C65724034303031F6
:1084100065303030006770696F4035303030303350
:108420003030006770696F40353030303030303078
:10843000004B5343414E0000010203040506076749
:108440007072656772657432403430303030353266
:108450003000677072656772657431403430303057
:10846000303531630074656D7040343030306330C6
:108470003030007370694034303032333030300087
:10848000737069403430303033303030007F857F56
:1084900000747261636B62616C6C5F4C4030000011
:1084A00000000000010100000000000010011102A6
:1084B0001203130414051506160717080808080800
:1084C000080808181818181818181828282828280C
:1084D00028282838383838383838384848484848FC
:1084E0004848485858585858585858002030303044
:1084F000303030303030303030303000010000016A
:1085000000000001000000000052096AD53036A5C5
:1085100038BF40A39E81F3D7FB7CE339829B2FFFBA
:1085200087348E4344C4DEE9CB547B9432A6C22305
:108530003DEE4C950B42FAC34E082EA16628D92475
:10854000B2765BA2496D8BD12572F8F66486689885
:1085500016D4A45CCC5D65B6926C704850FDEDB944
:10856000DA5E154657A78D9D8490D8AB008CBCD39E
:108570000AF7E45805B8B34506D02C1E8FCA3F0F42
:1085800002C1AFBD0301138A6B3A9111414F67DC01
:10859000EA97F2CFCEF0B4E67396AC7422E7AD352D
:1085A00085E2F937E81C75DF6E47F11A711D29C5A0
:1085B000896FB7620EAA18BE1BFC563E4BC6D27915
:1085C000209ADBC0FE78CD5AF41FDDA8338807C798
:1085D00031B11210592780EC5F60517FA919B54A5B
:1085E0000D2DE57A9F93C99CEFA0E03B4DAE2AF597
:1085F000B0C8EBBB3C83539961172B047EBA77D686
:1086000026E169146355210C7D637C777BF26B6FE7
:10861000C53001672BFED7AB76CA82C97DFA5947B0
:10862000F0ADD4A2AF9CA472C0B7FD9326363FF73D
:10863000CC34A5E5F171D8311504C723C3189605CC
:108640009A071280E2EB27B27509832C1A1B6E5A27
:10865000A0523BD6B329E32F8453D100ED20FCB1C7
:108660005B6ACBBE394A4C58CFD0EFAAFB434D339F
:108670008545F9027F503C9FA851A3408F929D38B9
:10868000F5BCB6DA2110FFF3D2CD0C13EC5F9744A2
:1086900017C4A77E3D645D197360814FDC222A9068
:1086A0008846EEB814DE5E0BDBE0323A0A49062457
:1086B0005CC2D3AC629195E479E7C8376D8DD54E35
:1086C000A96C56F4EA657AAE08BA78252E1CA6B4D1
:1086D000C6E8DD741F4BBD8B8A703EB5664803F655
:1086E0000E613557B986C11D9EE1F8981169D98E82
:1086F000949B1E87E9CE5528DF8CA1890DBFE642E9
:108700006841992D0FB054BB164145532D32353673
:108710002D434243004145532D3139322D434243CD
:10872000004145532D3132382D43424300414553DA
:108730002D3235362D454342004145532D313932D6
:108740002D454342004145532D3132382D4543429A
:1087500000141400001C2030401C2000001C20309D
:10876000407662617474006D61696E00737973772D
:108770006F726B71002A2A2A20426F6F74696E67CC
:10878000205A6570687972204F53206275696C6455
:1087900020656333363531363939306434202A2A3E
:1087A0002A0A00696E66006E616E00286E756C6C38
:1087B00029000000D8520500DC520500E0520500F7
:1087C000E4520500E852050090530500945305005B
:1087D0009C530500E452050010520500E0520500CC
:1087E00010520500DC520500985305009453050013
:1087F000D4540500E0520500D4540500DC520500B5
:04880000286F0500D8
:108804000000000000000000000000000000000064
:108814000000000000000000000000000000000054
:108824000000000000000000000000000000000044
:108834000000000000000000000000000000000034
:108844000000000000000000000000000000000024
:108854000000000000000000000000000000000014
:108864000000000000000000000000000000000004
:1088740000000000000000000000000000000000F4
:1088840000000000000000000000000000000000E4
:1088940000000000000000000000000000000000D4
:1088A40000000000000000000000000000000000C4
:1088B40000000000000000000000000000000000B4
:1088C40000000000000000003DCF02000000000096
:1088D4000000000000000000000000000000000094
:1088E4000000000000000000000000000000000084
:1088F4000000000000000000000000000000000074
:108904000000000000000000000000000000000063
:108914000000000000000000000000000000000053
:108924000000000000000000000000000000000043
:108934000000000000000000000000000000000033
:108944000000000000000000000000000000000023
:108954000000000000000000000000000000000013
:10896400000000000000000000000000084A0500AC
:1089740000000000000000000000000000000000F3
:1089840000000000000000000000000000000000E3
:108994001F00000000000000FFFFFFFFFF1F00009A
:1089A40000000000000000000000000000000000C3
:1089B4002DA70400000000000000000000000000DB
:1089C400C0010020C0010020190E050000000000B5
:1089D4000000000000000000000000000000000093
:1089E400E0010020E0010020000000000100000080
:1089F400F0010020F0010020F8010020F80100201F
:108A0400000000000100000008020020080200200D
:108A14000000000000000000000000000000000052
:108A24000000000000000000000000000000000042
:108A34000000000000000000000000000000000032
:108A44000000000000000000000000000000000022
:108A54000000000094070020040000000000000053
:108A64000000000000000000000000000000000002
:108A740000000000000000000000000000000000F2
:108A840000000000000000000000000000000000E2
:108A9400D845002000000000000000000000000095
:108AA4001A4E00200000000000000000CBBC0400AF
:108AB4000000000000000000000000001D90020003
:108AC4000000000000000000E5BE04005DBF0400DB
:108AD400BBBF0400F3BF040000000000E5950200E2
:108AE40000000000000000000000000019970200D0
:108AF4000000000000000000277F050000000A00BD
:108B0400000000000000000000000000A7C10400F5
:108B14000000000000000000497F05000000100074
:108B24006B7F05000000040000000000000000004E
:108B340000000000B1C004000000000000000000BC
:108B44008D7F05000000120000000000E596020081
:108B54000000000000000000FB7F05000000000092
:108B640000000000ADC104003599020000000000BF
:108B74000000000000000000DD980200000000007A
:108B840000000000959802000000000000000000B2
:108B940000000000CD990200859A02006D99020040
:108BA40000000000C5C1040000000000B1C10400C1
:108BB400000000000000000000000000A99A02006C
:108BC40000000000000000000000000039C30400A1
:108BD4000000000000000000EBC60400E45405009F
:108BE4007E7C0500000002008A7C05000000020073
:108BF400967C050000000200000000000000000058
:108C04000000000069D30400000000000000000020
:108C1400B27C05000000120051B502000000000003
:108C240075D404000000000059D404002C04002072
:108C34002C04002000000000000000000E000000D2
:108C4400000000009DC402000000000000000000BD
:108C5400000000003BE104000000000000000000F0
:108C64000000000065C802000000000000000000D1
:108C74000000000021DF02000000000000000000EE
:108C84000000000009DE02000000000000000000F7
:108C9400000000009DE7020000000000000000004A
:108CA40000000000A1E2020000000000000000003B
:108CB400B0040020B0040020000000000000000008
:108CC400B1F1020091FD0200E3F504000000000090
:108CD4000000000021F60200D3F30400FFF20400B8
:108CE400A5F10200000000000000000000000000E8
:108CF400000000000000000000000000890F0300D5
:108D04000000000000000000000000000D0105004C
:108D1400000000000000000000000000CE7C050000
:108D240000000200DA7C050000000A00EA7C05006D
:108D3400000020000000000000000000000000000F
:108D44000000000037FA040000000000FE7C05006B
:108D5400000002000A7D050000000200167D0500E7
:108D640000000A00640500206405002000000000E3
:108D7400000000000E0000007805002078050020A7
:108D8400ED1A030000000000000000002824002069
:108D940000000000F14E0300000000003024002019
:108DA40000000000293F03000000000038240020D8
:108DB400000000001DE20300000000004024002029
:108DC400000000001DE20300000000004824002011
:108DD40000000000953B030000000000282E002046
:108DE4000000000091EE030000000000402E00206F
:108DF400000000001DE2030000000000482E0020D7
:108E040000000000C966030000000000D02E00200E
:108E1400000000001571030000000000D82E00209F
:108E2400000000001DE2030000000000E02E00200E
:108E340000000000AD72030000000000E82E0020D6
:108E4400000000002D7D0300000000000C30002015
:108E5400000000005C300020000000003C320020D4
:108E640000000000EC3200200000000089FB030039
:108E740000000000D8350020000000001DDF0300C2
:108E84000000000004360020000000001DE2030082
:108E940000000000203A002000000000892C03009C
:108EA40000000000183A002000000000892C030094
:108EB40000000000103A002000000000FD2803001C
:108EC40000000000083A002000000000892C030084
:108ED40000000000003A002000000000FD2803000C
:108EE40000000000F839002000000000892C030075
:108EF4008001000000000000BD2304000000000009
:108F04000000000000000000A13004000000000088
:108F140010070020100700200100000001000000DD
:108F24002007002020070020280700202807002011
:108F3400000000000100000038070020380700206E
:108F4400000000000000000000000000000000001D
:108F5400353B040000000000884805000F000000B5
:108F640000000000884805000E0000000100000019
:108F7400884805000D000000020000008848050034
:108F84000C00000003000000A04805000A000000D7
:108F940004000000A04805000300200000000000B9
:108FA400A04805001C00200001000000A0480500A6
:108FB4001D00200002000000884805000B0020006E
:108FC400030000000000000000000000AB160500D4
:108FD400000000000000000000000000A06E05007A
:108FE40000000000E4070020E40700200000000067
:108FF40001000000F4070020F4070020FC07002013
:10900400FC07002000000000010000000C08002004
:109014000C08002000000000000000000000000018
:10902400000000000000000000000000000000003C
:109034000000000000000000504A0500000000008D
:1090440000000000000000000000000045190500B9
:10905400000000000000000000000000206F050078
:1090640001000000640800206408002000000000E3
:109074000100000074080020740800207C0800200F
:109084007C08002000000000010000008C08002083
:109094008C08002000000000000000000000000018
:1090A40000000000000000000000000000000000BC
:1090B4000000000000000000684A050000000000F5
:1090C400000000004C4F0020444F0020000000002E
:1090D400000000000000000000000000000000008C
:1090E400000000000000000000000000000000007C
:1090F400000000000000000000000000000000006C
:10910400000000000000000000000000000000005B
:10911400000000000000000000000000000000004B
:10912400000000000000000000000000000000003B
:109134000000000000000000000000000800000023
:10914400FF00000000000000030000000000000019
:10915400247805008F3F0500A5C00200C1C00200AD
:10916400204A05000000000000000000000000008C
:1091740000000000000000000000000000000000EB
:109184000000000000000000880900208809002079
:10919400010000FF282A48C2B1CFC567C9077196EC
:1091A40000000000000F18060B01501D5E61010055
:0291B400640154
:1091B60000000000000000000000000000000000A9
:1091C6000000000000000000000000000000000099
:1091D6000000000000000000000000000000000089
:0A91E600000000000000000000007F
:1091F40000000000000000002DA704000000000093
:109204000000000000000000080A0020080A0020F6
:10921400A58F020000000000000000000000000014
:10922400000000000000000000000000000000003A
:109234002DA7040000000000000000000000000052
:10924400400A0020400A002075950200000000003A
:10925400000000000000000000000000000000000A
:10926400600A0020600A00208099002000000000AD
:10927400010000002C000000000000007C0A002017
:109284007C0A0020008D0020000000000100000086
:10929400B000000000000000980A0020980A002096
:1092A400C09A00200000000020000000140000000C
:1092B40000000000B40A0020B40A0020AC99002089
:1092C40000000000030000001C000000000000007B
:1092D400D00A0020D00A0020000000000000000096
:1092E4000E000000E40A0020E40A00200000000050
:0892F400000000000E00000064
:1092FC00F80A0020F80A00200C0000001000000002
:10930C00009A0020C09A0020009A0020009A0020A9
:10931C00000000001C0B00201C0B002000000000B3
:10932C00280B0020280B00200C000000040000007B
:10933C00B08D0020E08D0020B08D0020B08D00207D
:10934C00000000004C0B00204C0B00200000000023
:10935C00580B0020580B0020100000000A000000E1
:10936C00E08D0020808E0020E08D0020E08D00201C
:10937C00000000007C0B00207C0B00200000000093
:10938C00880B0020880B0020010000000100000069
:10939C00980B0020980B0020A00B0020A00B0020A5
:1093AC0000000000FFFFFFFFB00B0020B00B0020FF
:1093BC000000000000000000C00B0020C00B0020CB
:1093CC00C80B0020C80B00200000000000000000AB
:1093DC00D80B0020D80B0020E00B0020E00B002065
:1093EC000000000000000000F00B0020F00B00203B
:1093FC00F80B0020F80B0020030003001000000005
:10940C000000000034570500AC970020000000005D
:10941C00000000001C0C00201C0C0020240C002060
:10942C00240C0020030003001000000045F502008E
:10943C00DC57050008990020000000000000000027
:10944C00480C0020480C0020500C0020500C002030
:10945C000300030001000000000000005C56050042
:10946C00049400200000000000000000740C002098
:10947C00740C00207C0C00207C0C002001000100EE
:10948C00100000001DE2020024570500A4960020E5
:10949C000000000000000000A00C0020A00C002028
:1094AC00A80C0020A80C0020030003000100000001
:1094BC00000000001457050050960020000000002A
:1094CC0000000000CC0C0020CC0C0020D40C0020A0
:1094DC00D40C00200C000C00060000002DC702006C
:1094EC004C560500F8910020000000000000000020
:1094FC00F80C0020F80C0020000D0020000D0020BE
:10950C000100010001000000000000006C56050085
:04951C005C9500203A
:109520001201000200000040501D5E6101040102B2
:10953000030109020000000100E0320403090418DD
:10954000035A4D4B2050726F6A656374000000002F
:10955000000000000000001E0341726F756E64463B
:109560006F7274792D54420000000000000000006A
:1095700000000000002203303132333435363738F2
:10958000394142434445460000000000000000000D
:09959000000000000000000000D2
:10959C003049050000490500E84805001849050058
:0495AC00AC540500B6
:0495B00015E015E0CD
:040000032000B9A17F
:00000001FF
